film_ref	own_community	n_cross_pairs	n_other_communities	max_similarity	mean_similarity	other_communities
(filmRef)16178	3	696	20	0.6054	0.5456	0,8,9,14,32,46,47,50,60,62,68,86,122,130,136,171,216,219,377,465
(filmRef)20239	26	692	10	0.5875	0.538	0,21,30,31,57,59,199,236,492,496
(filmRef)20237	26	691	11	0.5879	0.5399	0,21,30,31,32,57,199,236,293,492,496
(filmRef)20236	26	690	9	0.5921	0.5394	0,21,30,31,57,199,236,492,496
(filmRef)20235	26	689	11	0.5824	0.5392	0,21,30,31,57,59,199,236,293,492,496
(filmRef)14362	30	689	12	0.6494	0.5899	0,3,21,26,31,33,69,171,236,284,290,496
(filmRef)14361	30	678	10	0.6392	0.5777	0,21,26,31,33,69,171,236,284,496
(filmRef)16179	3	675	21	0.6132	0.5667	0,8,14,32,46,47,50,60,62,77,86,122,130,136,153,176,216,219,377,465,496
(filmRef)16188	3	675	18	0.6197	0.5688	0,8,14,46,47,60,62,77,86,122,130,136,216,219,377,391,465,496
(filmRef)16177	3	673	18	0.6226	0.5691	0,8,14,46,47,60,62,77,86,122,130,136,216,219,377,391,465,496
(filmRef)16186	3	672	18	0.6197	0.5677	0,8,14,46,47,60,62,77,86,122,130,136,216,219,377,391,465,496
(filmRef)16180	3	671	17	0.6132	0.5668	0,8,14,32,46,47,60,62,77,86,122,130,136,216,219,377,465
(filmRef)16187	3	671	17	0.6197	0.5675	0,8,14,46,47,60,62,77,86,122,130,136,216,219,377,391,465
(filmRef)16890	3	671	16	0.6132	0.5668	0,8,14,46,47,60,62,77,86,122,130,136,190,216,219,465
(filmRef)16891	3	670	16	0.6132	0.5669	0,8,14,46,47,60,62,77,86,122,130,136,190,216,219,465
(filmRef)16183	3	670	17	0.6132	0.5666	0,8,14,46,47,60,62,77,86,122,130,136,216,219,377,391,465
(filmRef)16892	3	669	16	0.6132	0.567	0,8,14,46,47,60,62,77,86,122,130,136,190,216,219,465
(filmRef)16181	3	669	16	0.6132	0.5669	0,8,14,46,47,60,62,77,86,122,130,136,216,219,377,465
(filmRef)14364	30	669	7	0.6306	0.5734	0,21,26,31,33,69,236
(filmRef)16185	3	669	16	0.6132	0.5667	0,8,14,46,47,60,62,77,86,122,130,136,216,219,377,465
(filmRef)16184	3	669	16	0.6132	0.5667	0,8,14,46,47,60,62,77,86,122,130,136,216,219,377,465
(filmRef)16182	3	668	16	0.6132	0.567	0,8,14,46,47,60,62,77,86,122,130,136,216,219,377,465
(filmRef)14278	30	667	8	0.6486	0.5609	0,21,26,31,33,236,284,496
(filmRef)14279	30	667	8	0.6486	0.5609	0,21,26,31,33,236,284,496
(filmRef)14167	33	663	13	0.6392	0.5585	0,5,26,30,34,42,45,59,69,165,171,220,236
(filmRef)16556	3	661	16	0.5856	0.5259	0,8,14,47,59,60,77,122,140,143,211,219,284,377,383,391
(filmRef)14357	30	660	8	0.6369	0.5788	0,26,31,33,69,171,236,496
(filmRef)14356	30	660	8	0.6343	0.5819	0,26,31,33,69,171,236,496
(filmRef)14164	33	660	13	0.6333	0.5541	0,5,26,30,34,42,45,59,69,165,171,220,236
(filmRef)14155	33	659	14	0.649	0.5506	0,5,26,30,34,42,45,59,69,165,171,220,236,345
(filmRef)14346	30	659	7	0.6375	0.5715	0,21,26,31,33,236,284
(filmRef)14195	33	658	12	0.6421	0.5553	0,5,30,34,42,45,59,69,165,171,220,236
(filmRef)20238	26	658	15	0.611	0.5551	0,5,21,30,31,32,49,57,119,129,199,236,291,293,492
(filmRef)14160	33	658	13	0.6486	0.5508	0,5,26,30,34,42,45,59,69,165,171,220,236
(filmRef)16555	3	657	14	0.5856	0.5271	0,8,14,59,60,77,122,140,143,219,284,377,383,391
(filmRef)14161	33	657	12	0.6337	0.5492	0,5,26,30,34,42,45,69,165,171,220,236
(filmRef)20687	26	656	9	0.6135	0.5634	0,12,21,30,32,119,129,199,236
(filmRef)14158	33	656	13	0.6438	0.548	0,5,26,30,34,42,45,69,165,171,220,236,345
(filmRef)14363	30	655	7	0.6438	0.5674	0,5,21,26,33,236,345
(filmRef)14166	33	655	11	0.6369	0.5476	0,5,30,34,42,45,69,165,171,220,236
(filmRef)14194	33	655	12	0.6382	0.5478	0,5,30,34,42,45,69,165,171,220,236,345
(filmRef)14171	33	655	12	0.6403	0.5492	0,5,30,34,42,45,69,165,171,220,236,345
(filmRef)14359	30	654	6	0.6246	0.5703	0,21,26,33,236,284
(filmRef)20677	26	654	8	0.6081	0.5496	0,12,21,30,32,129,199,236
(filmRef)14169	33	654	13	0.6271	0.5491	0,26,30,34,42,45,59,69,165,171,220,236,345
(filmRef)14367	30	654	7	0.648	0.5761	0,21,26,33,236,284,496
(filmRef)14156	33	654	12	0.6295	0.5461	0,5,26,30,34,42,45,69,165,171,220,236
(filmRef)16557	3	654	15	0.5856	0.5248	0,8,14,47,59,60,77,122,140,143,219,284,377,383,391
(filmRef)14170	33	653	13	0.6358	0.5508	0,5,26,30,34,42,45,59,69,165,171,220,236
(filmRef)16893	3	653	14	0.5856	0.5246	0,8,14,59,60,77,122,140,143,219,284,377,383,391
(filmRef)14193	33	653	12	0.6271	0.5489	0,5,30,34,42,59,69,165,171,220,236,345
(filmRef)14168	33	653	10	0.6361	0.5459	0,30,34,42,45,69,165,171,220,236
(filmRef)20167	236	652	7	0.58	0.5577	0,26,30,33,93,290,496
(filmRef)20169	236	652	7	0.58	0.5576	0,26,30,33,93,290,496
(filmRef)14366	30	652	5	0.6192	0.5711	0,21,26,33,236
(filmRef)16894	3	651	14	0.5967	0.5247	0,8,14,59,60,77,122,140,143,219,284,377,383,391
(filmRef)14368	30	651	6	0.6378	0.5706	0,21,26,31,33,236
(filmRef)14157	33	650	12	0.6375	0.5437	0,5,26,30,34,42,45,69,171,220,236,345
(filmRef)20170	236	649	6	0.5781	0.5563	0,26,30,33,290,496
(filmRef)14191	33	648	12	0.6494	0.5418	0,5,26,30,34,42,45,69,171,220,236,290
(filmRef)14186	33	648	11	0.6392	0.54	0,5,26,30,34,45,69,171,220,236,345
(filmRef)14358	30	648	8	0.6286	0.5763	0,26,31,32,33,171,236,284
(filmRef)16899	60	647	14	0.5878	0.5196	0,3,16,19,51,62,122,136,141,147,165,190,219,465
(filmRef)20686	26	647	7	0.6209	0.546	0,12,30,32,129,199,236
(filmRef)14188	33	646	11	0.6438	0.5439	0,5,26,30,34,42,45,69,171,220,236
(filmRef)14187	33	646	11	0.6384	0.5433	0,5,26,30,34,42,45,69,171,220,236
(filmRef)20682	26	646	6	0.5994	0.5359	0,12,30,32,199,236
(filmRef)14360	30	646	9	0.6266	0.5778	0,26,31,33,69,171,236,284,496
(filmRef)14189	33	645	9	0.6289	0.5366	0,5,26,30,34,45,69,220,236
(filmRef)14285	3	645	17	0.6202	0.5484	0,5,8,32,35,54,59,60,62,86,122,136,141,145,219,347,465
(filmRef)14192	33	645	10	0.625	0.5384	0,5,26,30,34,69,171,236,290,345
(filmRef)20680	26	644	7	0.6242	0.5516	0,12,30,32,129,199,236
(filmRef)14154	33	644	10	0.6397	0.5499	0,5,30,34,42,45,69,171,220,236
(filmRef)20205	26	644	8	0.5792	0.5274	0,5,30,31,32,57,129,492
(filmRef)14162	33	644	10	0.6291	0.542	0,30,34,42,69,171,220,236,290,345
(filmRef)15775	3	643	15	0.6254	0.5384	0,8,19,47,60,84,122,145,147,176,183,216,219,357,465
(filmRef)14190	33	643	10	0.6384	0.5434	0,5,30,34,42,45,69,171,220,236
(filmRef)14159	33	643	10	0.648	0.5424	0,5,30,34,42,45,69,171,220,236
(filmRef)14365	30	642	9	0.6332	0.5766	0,21,26,31,33,129,236,284,496
(filmRef)14286	3	642	22	0.6374	0.5177	0,5,8,32,35,38,54,59,60,62,86,122,136,141,176,211,216,219,377,383,465,491
(filmRef)14282	3	642	17	0.6312	0.5257	0,5,8,30,35,54,59,60,62,86,122,136,141,181,219,377,465
(filmRef)15778	3	642	15	0.6254	0.5365	0,8,19,47,60,86,122,130,145,147,176,183,216,219,357
(filmRef)20684	26	641	7	0.5957	0.5328	0,12,30,32,199,236,293
(filmRef)20678	26	641	6	0.6052	0.527	0,12,30,32,199,236
(filmRef)20679	26	641	7	0.596	0.5256	0,12,30,32,129,199,236
(filmRef)15776	3	640	16	0.6254	0.5377	0,8,19,46,47,60,84,122,145,147,176,183,216,219,357,465
(filmRef)15779	3	639	14	0.6254	0.5363	0,8,19,47,60,84,122,145,147,176,183,216,219,357
(filmRef)15777	3	638	13	0.6254	0.5366	0,8,19,47,60,122,145,147,176,183,216,219,357
(filmRef)15990	122	637	9	0.6326	0.6139	0,3,8,46,60,136,176,219,465
(filmRef)15780	3	637	13	0.6254	0.5364	0,8,19,47,60,122,145,147,176,183,216,219,357
(filmRef)14348	30	636	9	0.6329	0.5746	0,21,26,31,33,69,171,236,284
(filmRef)14352	30	633	7	0.622	0.5628	0,21,26,32,33,236,284
(filmRef)20202	26	633	5	0.5814	0.516	0,30,31,33,492
(filmRef)14349	30	632	7	0.6231	0.5606	0,21,26,33,69,236,284
(filmRef)14355	30	631	7	0.6316	0.5707	0,21,26,33,69,236,284
(filmRef)14350	30	631	6	0.6149	0.5522	0,4,21,26,33,236
(filmRef)14281	3	631	16	0.6069	0.5187	0,5,8,30,35,45,54,60,62,86,122,136,141,219,377,465
(filmRef)14353	30	630	5	0.6242	0.5581	0,21,26,33,236
(filmRef)14351	30	629	5	0.6182	0.5531	0,21,26,33,236
(filmRef)14347	30	629	5	0.6149	0.5502	0,21,26,33,236
(filmRef)14344	30	629	5	0.6121	0.559	0,21,26,33,236
(filmRef)14354	30	628	6	0.625	0.5675	0,21,26,33,236,284
(filmRef)14343	30	628	4	0.6053	0.5491	0,26,33,236
(filmRef)14345	30	628	5	0.6095	0.5457	0,21,26,33,236
(filmRef)20206	26	626	6	0.5889	0.537	0,5,30,32,129,492
(filmRef)20203	26	621	6	0.5785	0.5294	0,30,32,57,129,492
(filmRef)20683	26	621	6	0.6067	0.5124	0,12,30,32,199,236
(filmRef)15989	122	617	5	0.563	0.5487	0,3,60,147,165
(filmRef)14163	33	615	8	0.614	0.5116	0,5,30,34,45,69,171,236
(filmRef)20685	26	615	5	0.5843	0.5115	0,12,30,32,199
(filmRef)14395	34	606	3	0.6154	0.5243	0,33,59
(filmRef)14852	347	604	8	0.5882	0.577	0,3,21,69,122,147,176,219
(filmRef)14853	347	602	6	0.5864	0.5755	0,3,69,147,176,219
(filmRef)15994	122	599	5	0.5634	0.5515	0,3,60,147,347
(filmRef)15993	122	595	3	0.5892	0.5731	0,3,46
(filmRef)15975	3	594	4	0.5679	0.5306	0,59,183,384
(filmRef)19157	180	584	2	0.6425	0.6175	0,483
(filmRef)19154	180	583	1	0.6329	0.6031	0
(filmRef)19273	180	582	1	0.5974	0.5601	0
(filmRef)19279	483	581	2	0.6474	0.623	0,180
(filmRef)19140	180	581	1	0.6441	0.5779	0
(filmRef)14293	16	580	2	0.5575	0.5487	0,60
(filmRef)19278	180	580	1	0.59	0.5617	0
(filmRef)19280	483	580	2	0.6438	0.6232	0,180
(filmRef)15327	59	492	6	0.5503	0.5152	0,3,33,134,284,492
(filmRef)15569	59	471	10	0.5514	0.5083	0,3,5,21,33,34,62,134,255,345
(filmRef)15959	3	438	14	0.5591	0.5097	0,8,50,60,84,122,136,138,176,216,219,224,391,465
(filmRef)15992	122	393	2	0.5652	0.5584	0,60
(filmRef)16227	3	296	21	0.6009	0.5142	0,8,21,46,47,60,62,86,122,136,147,171,176,216,218,219,344,347,391,465,496
(filmRef)16226	3	290	16	0.5833	0.509	0,8,46,47,60,62,122,136,176,216,218,219,344,347,465,496
(filmRef)16228	3	283	14	0.5741	0.507	0,8,46,47,60,62,86,122,136,138,176,218,219,344
(filmRef)15968	3	280	10	0.5729	0.5023	0,8,60,84,122,136,176,216,219,347
(filmRef)20702	496	212	16	0.6328	0.531	0,3,26,30,31,34,41,47,59,62,86,93,155,236,290,474
(filmRef)20701	496	211	16	0.64	0.5345	0,3,26,30,31,34,41,47,59,62,86,93,155,236,290,474
(filmRef)20057	291	173	5	0.5959	0.5351	0,26,165,290,492
(filmRef)20058	291	172	5	0.5959	0.5341	0,26,165,290,492
(filmRef)14374	171	165	26	0.608	0.5234	2,3,4,5,9,22,30,32,33,42,46,49,64,68,69,76,91,124,129,138,146,165,181,216,217,224
(filmRef)15476	219	158	27	0.6197	0.5464	0,3,8,9,60,68,84,86,114,122,130,135,136,138,141,142,147,149,176,183,211,216,218,224,347,357,380
(filmRef)15475	219	155	28	0.6226	0.5475	0,3,8,9,28,60,68,84,86,114,122,130,135,136,138,141,142,147,149,176,183,211,216,218,224,347,357,380
(filmRef)20204	26	153	2	0.5373	0.5147	0,492
(filmRef)20256	40	150	1	0.5287	0.5139	0
(filmRef)20255	40	149	1	0.5287	0.514	0
(filmRef)20257	40	149	1	0.53	0.514	0
(filmRef)20258	40	149	1	0.5287	0.5141	0
(filmRef)20254	40	149	1	0.53	0.5153	0
(filmRef)17062	0	146	15	0.5923	0.5293	3,8,16,26,30,31,33,34,59,122,180,236,347,483,492
(filmRef)14261	32	143	13	0.6326	0.5557	3,5,13,21,25,26,41,47,57,62,69,86,345
(filmRef)20641	0	140	17	0.6241	0.5514	3,16,26,30,33,34,40,59,60,122,180,219,236,291,347,483,496
(filmRef)20586	0	140	17	0.6241	0.5514	3,16,26,30,33,34,40,59,60,122,180,219,236,291,347,483,496
(filmRef)20557	0	140	17	0.6241	0.5514	3,16,26,30,33,34,40,59,60,122,180,219,236,291,347,483,496
(filmRef)20469	0	139	16	0.6262	0.5508	3,16,26,30,33,34,40,59,60,122,180,219,236,291,347,483
(filmRef)20558	0	139	16	0.6262	0.5508	3,16,26,30,33,34,40,59,60,122,180,219,236,291,347,483
(filmRef)20587	0	139	16	0.6262	0.5508	3,16,26,30,33,34,40,59,60,122,180,219,236,291,347,483
(filmRef)20643	0	139	16	0.6262	0.5508	3,16,26,30,33,34,40,59,60,122,180,219,236,291,347,483
(filmRef)20421	0	139	16	0.6262	0.5508	3,16,26,30,33,34,40,59,60,122,180,219,236,291,347,483
(filmRef)20334	0	138	16	0.6229	0.5512	3,16,26,30,33,34,40,59,60,122,180,236,291,347,483,496
(filmRef)20333	0	138	15	0.6229	0.5506	3,16,26,30,33,34,40,59,60,122,180,236,291,347,483
(filmRef)20336	0	138	15	0.6229	0.551	3,16,26,30,33,34,40,59,60,122,180,236,291,347,483
(filmRef)20640	0	138	15	0.6242	0.5501	3,16,26,30,33,34,40,59,60,122,180,236,291,347,483
(filmRef)20642	0	138	15	0.6203	0.5509	3,16,26,30,33,34,40,59,60,122,180,236,291,347,483
(filmRef)20645	0	138	15	0.6241	0.5508	3,16,26,30,33,34,40,59,60,122,180,236,291,347,483
(filmRef)20639	0	138	15	0.6266	0.55	3,16,26,30,33,34,40,59,60,122,180,236,291,347,483
(filmRef)20439	0	138	16	0.6266	0.5498	3,16,26,30,33,34,40,59,60,122,180,236,291,347,483,496
(filmRef)20341	0	138	16	0.6266	0.5498	3,16,26,30,33,34,40,59,60,122,180,236,291,347,483,496
(filmRef)20425	0	138	15	0.6203	0.5509	3,16,26,30,33,34,40,59,60,122,180,236,291,347,483
(filmRef)20628	0	138	16	0.6266	0.5498	3,16,26,30,33,34,40,59,60,122,180,236,291,347,483,496
(filmRef)20666	0	138	15	0.6242	0.5501	3,16,26,30,33,34,40,59,60,122,180,236,291,347,483
(filmRef)20332	0	138	16	0.6229	0.5506	3,16,26,30,33,34,40,59,60,122,180,236,291,347,483,496
(filmRef)20665	0	138	15	0.6266	0.55	3,16,26,30,33,34,40,59,60,122,180,236,291,347,483
(filmRef)20660	0	138	16	0.6266	0.5498	3,16,26,30,33,34,40,59,60,122,180,236,291,347,483,496
(filmRef)20562	0	138	15	0.6203	0.5509	3,16,26,30,33,34,40,59,60,122,180,236,291,347,483
(filmRef)20653	0	138	16	0.6229	0.5512	3,16,26,30,33,34,40,59,60,122,180,236,291,347,483,496
(filmRef)20655	0	138	15	0.6229	0.5509	3,16,26,30,33,34,40,59,60,122,180,236,291,347,483
(filmRef)20566	0	138	16	0.6229	0.5506	3,16,26,30,33,34,40,59,60,122,180,236,291,347,483,496
(filmRef)20567	0	138	15	0.6229	0.5506	3,16,26,30,33,34,40,59,60,122,180,236,291,347,483
(filmRef)20568	0	138	16	0.6242	0.5512	3,16,26,30,33,34,40,59,60,122,180,236,291,347,483,496
(filmRef)20569	0	138	16	0.6229	0.5512	3,16,26,30,33,34,40,59,60,122,180,236,291,347,483,496
(filmRef)20656	0	138	15	0.6229	0.551	3,16,26,30,33,34,40,59,60,122,180,236,291,347,483
(filmRef)20571	0	138	15	0.6229	0.5509	3,16,26,30,33,34,40,59,60,122,180,236,291,347,483
(filmRef)20572	0	138	15	0.6229	0.551	3,16,26,30,33,34,40,59,60,122,180,236,291,347,483
(filmRef)20576	0	138	16	0.6266	0.5498	3,16,26,30,33,34,40,59,60,122,180,236,291,347,483,496
(filmRef)20578	0	138	15	0.6266	0.5497	3,16,26,30,33,34,40,59,60,122,180,236,291,347,483
(filmRef)20581	0	138	15	0.6266	0.55	3,16,26,30,33,34,40,59,60,122,180,236,291,347,483
(filmRef)20582	0	138	15	0.6242	0.5501	3,16,26,30,33,34,40,59,60,122,180,236,291,347,483
(filmRef)20594	0	138	15	0.6203	0.5509	3,16,26,30,33,34,40,59,60,122,180,236,291,347,483
(filmRef)20601	0	138	16	0.6229	0.5506	3,16,26,30,33,34,40,59,60,122,180,236,291,347,483,496
(filmRef)20604	0	138	15	0.6229	0.5506	3,16,26,30,33,34,40,59,60,122,180,236,291,347,483
(filmRef)20605	0	138	16	0.6242	0.5512	3,16,26,30,33,34,40,59,60,122,180,236,291,347,483,496
(filmRef)20607	0	138	16	0.6229	0.5512	3,16,26,30,33,34,40,59,60,122,180,236,291,347,483,496
(filmRef)20610	0	138	15	0.6229	0.5509	3,16,26,30,33,34,40,59,60,122,180,236,291,347,483
(filmRef)20611	0	138	15	0.6229	0.551	3,16,26,30,33,34,40,59,60,122,180,236,291,347,483
(filmRef)20441	0	138	15	0.6266	0.5497	3,16,26,30,33,34,40,59,60,122,180,236,291,347,483
(filmRef)20561	0	138	15	0.6241	0.5508	3,16,26,30,33,34,40,59,60,122,180,236,291,347,483
(filmRef)20538	0	138	15	0.6242	0.5501	3,16,26,30,33,34,40,59,60,122,180,236,291,347,483
(filmRef)20491	0	138	15	0.6229	0.5509	3,16,26,30,33,34,40,59,60,122,180,236,291,347,483
(filmRef)20444	0	138	15	0.6266	0.55	3,16,26,30,33,34,40,59,60,122,180,236,291,347,483
(filmRef)20445	0	138	15	0.6242	0.5501	3,16,26,30,33,34,40,59,60,122,180,236,291,347,483
(filmRef)20662	0	138	15	0.6266	0.5497	3,16,26,30,33,34,40,59,60,122,180,236,291,347,483
(filmRef)20472	0	138	15	0.6241	0.5508	3,16,26,30,33,34,40,59,60,122,180,236,291,347,483
(filmRef)20473	0	138	15	0.6203	0.5509	3,16,26,30,33,34,40,59,60,122,180,236,291,347,483
(filmRef)20329	0	138	15	0.6203	0.5509	3,16,26,30,33,34,40,59,60,122,180,236,291,347,483
(filmRef)20633	0	138	15	0.6266	0.5497	3,16,26,30,33,34,40,59,60,122,180,236,291,347,483
(filmRef)20477	0	138	16	0.6229	0.5506	3,16,26,30,33,34,40,59,60,122,180,236,291,347,483,496
(filmRef)20652	0	138	16	0.6242	0.5512	3,16,26,30,33,34,40,59,60,122,180,236,291,347,483,496
(filmRef)20480	0	138	16	0.6229	0.5512	3,16,26,30,33,34,40,59,60,122,180,236,291,347,483,496
(filmRef)20492	0	138	15	0.6229	0.551	3,16,26,30,33,34,40,59,60,122,180,236,291,347,483
(filmRef)20496	0	138	16	0.6266	0.5498	3,16,26,30,33,34,40,59,60,122,180,236,291,347,483,496
(filmRef)20498	0	138	15	0.6266	0.5497	3,16,26,30,33,34,40,59,60,122,180,236,291,347,483
(filmRef)20650	0	138	16	0.6229	0.5506	3,16,26,30,33,34,40,59,60,122,180,236,291,347,483,496
(filmRef)20651	0	138	15	0.6229	0.5506	3,16,26,30,33,34,40,59,60,122,180,236,291,347,483
(filmRef)20501	0	138	15	0.6266	0.55	3,16,26,30,33,34,40,59,60,122,180,236,291,347,483
(filmRef)20502	0	138	15	0.6242	0.5501	3,16,26,30,33,34,40,59,60,122,180,236,291,347,483
(filmRef)20661	0	137	15	0.6266	0.5513	3,16,26,30,33,34,40,59,60,122,180,236,291,347,483
(filmRef)20648	0	137	15	0.6203	0.5509	3,16,26,30,33,34,40,59,60,122,180,236,291,347,483
(filmRef)20659	0	137	15	0.6229	0.5511	3,16,26,30,33,34,40,59,60,122,180,236,291,347,483
(filmRef)20654	0	137	15	0.6229	0.5514	3,16,26,30,33,34,40,59,60,122,180,236,291,347,483
(filmRef)20663	0	137	15	0.6242	0.5506	3,16,26,30,33,34,40,59,60,122,180,236,291,347,483
(filmRef)20664	0	137	15	0.6266	0.5505	3,16,26,30,33,34,40,59,60,122,180,236,291,347,483
(filmRef)20657	0	137	15	0.6266	0.5513	3,16,26,30,33,34,40,59,60,122,180,236,291,347,483
(filmRef)20630	0	137	15	0.6266	0.5513	3,16,26,30,33,34,40,59,60,122,180,236,291,347,483
(filmRef)20658	0	137	15	0.6229	0.551	3,16,26,30,33,34,40,59,60,122,180,236,291,347,483
(filmRef)20637	0	137	15	0.6266	0.5505	3,16,26,30,33,34,40,59,60,122,180,236,291,347,483
(filmRef)20499	0	137	15	0.6242	0.5506	3,16,26,30,33,34,40,59,60,122,180,236,291,347,483
(filmRef)20475	0	137	15	0.6203	0.5509	3,16,26,30,33,34,40,59,60,122,180,236,291,347,483
(filmRef)20574	0	137	15	0.6229	0.551	3,16,26,30,33,34,40,59,60,122,180,236,291,347,483
(filmRef)20573	0	137	15	0.6266	0.5513	3,16,26,30,33,34,40,59,60,122,180,236,291,347,483
(filmRef)20497	0	137	15	0.6266	0.5513	3,16,26,30,33,34,40,59,60,122,180,236,291,347,483
(filmRef)20635	0	137	15	0.6242	0.5506	3,16,26,30,33,34,40,59,60,122,180,236,291,347,483
(filmRef)20436	0	137	15	0.6266	0.5513	3,16,26,30,33,34,40,59,60,122,180,236,291,347,483
(filmRef)20437	0	137	15	0.6229	0.551	3,16,26,30,33,34,40,59,60,122,180,236,291,347,483
(filmRef)20570	0	137	15	0.6229	0.5514	3,16,26,30,33,34,40,59,60,122,180,236,291,347,483
(filmRef)20564	0	137	15	0.6203	0.5509	3,16,26,30,33,34,40,59,60,122,180,236,291,347,483
(filmRef)20438	0	137	15	0.6229	0.5511	3,16,26,30,33,34,40,59,60,122,180,236,291,347,483
(filmRef)20440	0	137	15	0.6266	0.5513	3,16,26,30,33,34,40,59,60,122,180,236,291,347,483
(filmRef)20442	0	137	15	0.6242	0.5506	3,16,26,30,33,34,40,59,60,122,180,236,291,347,483
(filmRef)20443	0	137	15	0.6266	0.5505	3,16,26,30,33,34,40,59,60,122,180,236,291,347,483
(filmRef)20559	0	137	16	0.6203	0.5515	3,16,26,30,33,34,40,59,60,122,180,236,291,347,483,496
(filmRef)20537	0	137	15	0.6266	0.5513	3,16,26,30,33,34,40,59,60,122,180,236,291,347,483
(filmRef)20500	0	137	15	0.6266	0.5505	3,16,26,30,33,34,40,59,60,122,180,236,291,347,483
(filmRef)20470	0	137	16	0.6203	0.5515	3,16,26,30,33,34,40,59,60,122,180,236,291,347,483,496
(filmRef)20427	0	137	15	0.6203	0.5509	3,16,26,30,33,34,40,59,60,122,180,236,291,347,483
(filmRef)20331	0	137	15	0.6203	0.5509	3,16,26,30,33,34,40,59,60,122,180,236,291,347,483
(filmRef)20644	0	137	16	0.6203	0.5515	3,16,26,30,33,34,40,59,60,122,180,236,291,347,483,496
(filmRef)20481	0	137	15	0.6229	0.5514	3,16,26,30,33,34,40,59,60,122,180,236,291,347,483
(filmRef)20335	0	137	15	0.6229	0.5514	3,16,26,30,33,34,40,59,60,122,180,236,291,347,483
(filmRef)20626	0	137	15	0.6229	0.5511	3,16,26,30,33,34,40,59,60,122,180,236,291,347,483
(filmRef)20625	0	137	15	0.6229	0.551	3,16,26,30,33,34,40,59,60,122,180,236,291,347,483
(filmRef)20339	0	137	15	0.6229	0.551	3,16,26,30,33,34,40,59,60,122,180,236,291,347,483
(filmRef)20495	0	137	15	0.6229	0.5511	3,16,26,30,33,34,40,59,60,122,180,236,291,347,483
(filmRef)20612	0	137	15	0.6266	0.5513	3,16,26,30,33,34,40,59,60,122,180,236,291,347,483
(filmRef)20609	0	137	15	0.6229	0.5514	3,16,26,30,33,34,40,59,60,122,180,236,291,347,483
(filmRef)20340	0	137	15	0.6229	0.5511	3,16,26,30,33,34,40,59,60,122,180,236,291,347,483
(filmRef)20342	0	137	15	0.6266	0.5513	3,16,26,30,33,34,40,59,60,122,180,236,291,347,483
(filmRef)20494	0	137	15	0.6229	0.551	3,16,26,30,33,34,40,59,60,122,180,236,291,347,483
(filmRef)20596	0	137	15	0.6203	0.5509	3,16,26,30,33,34,40,59,60,122,180,236,291,347,483
(filmRef)20493	0	137	15	0.6266	0.5513	3,16,26,30,33,34,40,59,60,122,180,236,291,347,483
(filmRef)20588	0	137	16	0.6203	0.5515	3,16,26,30,33,34,40,59,60,122,180,236,291,347,483,496
(filmRef)20579	0	137	15	0.6242	0.5506	3,16,26,30,33,34,40,59,60,122,180,236,291,347,483
(filmRef)20577	0	137	15	0.6266	0.5513	3,16,26,30,33,34,40,59,60,122,180,236,291,347,483
(filmRef)20575	0	137	15	0.6229	0.5511	3,16,26,30,33,34,40,59,60,122,180,236,291,347,483
(filmRef)20422	0	137	16	0.6203	0.5515	3,16,26,30,33,34,40,59,60,122,180,236,291,347,483,496
(filmRef)20474	0	136	15	0.6241	0.5516	3,16,26,30,33,34,40,59,60,122,180,236,291,347,483
(filmRef)20649	0	136	15	0.6229	0.5514	3,16,26,30,33,34,40,59,60,122,180,236,291,347,483
(filmRef)20476	0	136	15	0.6229	0.5514	3,16,26,30,33,34,40,59,60,122,180,236,291,347,483
(filmRef)20330	0	136	15	0.6229	0.5514	3,16,26,30,33,34,40,59,60,122,180,236,291,347,483
(filmRef)20563	0	136	15	0.6241	0.5516	3,16,26,30,33,34,40,59,60,122,180,236,291,347,483
(filmRef)20565	0	136	15	0.6229	0.5514	3,16,26,30,33,34,40,59,60,122,180,236,291,347,483
(filmRef)20428	0	136	15	0.6229	0.5514	3,16,26,30,33,34,40,59,60,122,180,236,291,347,483
(filmRef)20426	0	136	15	0.6241	0.5516	3,16,26,30,33,34,40,59,60,122,180,236,291,347,483
(filmRef)20423	0	136	15	0.6241	0.5517	3,16,26,30,33,34,40,59,60,122,180,236,291,347,483
(filmRef)20595	0	136	15	0.6241	0.5516	3,16,26,30,33,34,40,59,60,122,180,236,291,347,483
(filmRef)20599	0	136	15	0.6229	0.5514	3,16,26,30,33,34,40,59,60,122,180,236,291,347,483
(filmRef)20327	0	136	15	0.6241	0.5517	3,16,26,30,33,34,40,59,60,122,180,236,291,347,483
(filmRef)20647	0	136	15	0.6241	0.5516	3,16,26,30,33,34,40,59,60,122,180,236,291,347,483
(filmRef)20471	0	135	16	0.6296	0.5475	3,12,16,26,30,33,34,40,59,60,122,180,236,291,347,483
(filmRef)16787	32	135	15	0.6293	0.5536	3,5,12,13,21,26,40,57,62,64,68,83,86,146,171
(filmRef)14510	0	134	14	0.6262	0.5511	3,16,26,30,33,34,60,122,136,180,236,347,483,496
(filmRef)14729	0	134	14	0.6262	0.5511	3,16,26,30,33,34,60,122,136,180,236,347,483,496
(filmRef)20328	0	134	15	0.6394	0.5466	3,16,26,30,33,34,40,59,60,122,180,236,291,347,483
(filmRef)20337	0	134	15	0.6419	0.5468	3,16,26,30,33,34,40,59,60,122,180,236,291,347,483
(filmRef)14733	0	134	13	0.6262	0.5509	3,16,26,30,33,34,60,122,136,180,236,347,483
(filmRef)20325	0	134	15	0.6394	0.547	3,16,26,30,33,34,40,59,60,122,180,236,291,347,483
(filmRef)20324	0	134	15	0.6394	0.5479	3,16,26,30,33,34,40,59,60,122,180,236,291,347,483
(filmRef)14520	0	134	13	0.6262	0.551	3,16,26,30,33,34,60,122,136,180,236,347,483
(filmRef)14745	0	134	13	0.6262	0.551	3,16,26,30,33,34,60,122,136,180,236,347,483
(filmRef)14511	0	134	13	0.6262	0.551	3,16,26,30,33,34,60,122,136,180,236,347,483
(filmRef)14748	0	134	14	0.6262	0.5509	3,16,26,30,33,34,59,60,122,136,180,236,347,483
(filmRef)14558	0	134	14	0.6262	0.5509	3,16,26,30,33,34,59,60,122,136,180,236,347,483
(filmRef)20420	0	134	15	0.6394	0.5479	3,16,26,30,33,34,40,59,60,122,180,236,291,347,483
(filmRef)14096	32	134	11	0.6184	0.5521	3,5,12,21,25,26,57,62,64,86,146
(filmRef)14507	0	134	13	0.6326	0.5513	3,16,26,30,33,34,60,122,136,180,236,347,483
(filmRef)20154	0	134	16	0.6241	0.5524	3,16,26,30,33,34,59,60,122,180,219,236,291,347,483,496
(filmRef)14505	0	134	14	0.6262	0.5523	3,16,26,30,33,34,60,122,136,180,236,347,483,496
(filmRef)14728	0	134	13	0.6326	0.5513	3,16,26,30,33,34,60,122,136,180,236,347,483
(filmRef)14719	0	134	14	0.6262	0.5523	3,16,26,30,33,34,60,122,136,180,236,347,483,496
(filmRef)16100	0	134	14	0.6262	0.5511	3,16,26,30,33,34,59,60,122,180,219,236,347,483
(filmRef)20468	0	134	15	0.6394	0.5479	3,16,26,30,33,34,40,59,60,122,180,236,291,347,483
(filmRef)16104	0	133	13	0.6203	0.5512	3,16,26,30,33,34,59,60,122,180,236,347,483
(filmRef)14570	0	133	13	0.6262	0.5511	3,16,26,30,33,34,60,122,136,180,236,347,483
(filmRef)14568	0	133	13	0.6262	0.551	3,16,26,30,33,34,60,122,136,180,236,347,483
(filmRef)16124	0	133	13	0.6266	0.5504	3,16,26,30,33,34,59,60,122,180,236,347,483
(filmRef)16110	0	133	13	0.6229	0.551	3,16,26,30,33,34,59,60,122,180,236,347,483
(filmRef)16125	0	133	13	0.6266	0.5503	3,16,26,30,33,34,59,60,122,180,236,347,483
(filmRef)16109	0	133	14	0.6229	0.551	3,16,26,30,33,34,59,60,122,180,236,347,483,496
(filmRef)16103	0	133	13	0.6241	0.5511	3,16,26,30,33,34,59,60,122,180,236,347,483
(filmRef)16126	0	133	13	0.6242	0.5504	3,16,26,30,33,34,59,60,122,180,236,347,483
(filmRef)16122	0	133	13	0.6266	0.55	3,16,26,30,33,34,59,60,122,180,236,347,483
(filmRef)14749	0	133	13	0.6262	0.551	3,16,26,30,33,34,60,122,136,180,236,347,483
(filmRef)20155	0	133	15	0.6262	0.5518	3,16,26,30,33,34,59,60,122,180,219,236,291,347,483
(filmRef)16116	0	133	13	0.6229	0.5514	3,16,26,30,33,34,59,60,122,180,236,347,483
(filmRef)16111	0	133	13	0.6229	0.551	3,16,26,30,33,34,59,60,122,180,236,347,483
(filmRef)16113	0	133	14	0.6229	0.5516	3,16,26,30,33,34,59,60,122,180,236,347,483,496
(filmRef)16120	0	133	14	0.6266	0.5501	3,16,26,30,33,34,59,60,122,180,236,347,483,496
(filmRef)16112	0	133	14	0.6242	0.5516	3,16,26,30,33,34,59,60,122,180,236,347,483,496
(filmRef)20343	0	133	15	0.6419	0.5458	3,16,26,30,33,34,40,59,60,122,180,236,291,347,483
(filmRef)16114	0	133	13	0.6229	0.5514	3,16,26,30,33,34,59,60,122,180,236,347,483
(filmRef)16115	0	133	13	0.6229	0.5513	3,16,26,30,33,34,59,60,122,180,236,347,483
(filmRef)14750	0	133	13	0.6262	0.5511	3,16,26,30,33,34,60,122,136,180,236,347,483
(filmRef)16119	0	132	13	0.6229	0.5515	3,16,26,30,33,34,59,60,122,180,236,347,483
(filmRef)20158	0	132	14	0.6241	0.5518	3,16,26,30,33,34,59,60,122,180,236,291,347,483
(filmRef)16118	0	132	13	0.6229	0.5514	3,16,26,30,33,34,59,60,122,180,236,347,483
(filmRef)16121	0	132	13	0.6266	0.5517	3,16,26,30,33,34,59,60,122,180,236,347,483
(filmRef)20163	0	132	15	0.6229	0.5517	3,16,26,30,33,34,59,60,122,180,236,291,347,483,496
(filmRef)20165	0	132	15	0.6242	0.5523	3,16,26,30,33,34,59,60,122,180,236,291,347,483,496
(filmRef)20166	0	132	15	0.6229	0.5522	3,16,26,30,33,34,59,60,122,180,236,291,347,483,496
(filmRef)16117	0	132	13	0.6266	0.5517	3,16,26,30,33,34,59,60,122,180,236,347,483
(filmRef)20338	0	132	15	0.6382	0.5475	3,16,26,30,33,34,40,59,60,122,180,236,291,347,483
(filmRef)17915	0	132	15	0.6241	0.5527	3,16,26,30,33,34,59,60,122,180,219,236,347,483,496
(filmRef)20159	0	132	14	0.6203	0.5519	3,16,26,30,33,34,59,60,122,180,236,291,347,483
(filmRef)16101	0	132	14	0.6203	0.5518	3,16,26,30,33,34,59,60,122,180,236,347,483,496
(filmRef)16123	0	132	13	0.6242	0.5509	3,16,26,30,33,34,59,60,122,180,236,347,483
(filmRef)20432	0	132	15	0.6382	0.5477	3,16,26,30,33,34,40,59,60,122,180,236,291,347,483
(filmRef)20536	0	132	15	0.6382	0.5478	3,16,26,30,33,34,40,59,60,122,180,236,291,347,483
(filmRef)20479	0	132	15	0.6382	0.5478	3,16,26,30,33,34,40,59,60,122,180,236,291,347,483
(filmRef)20478	0	132	15	0.6382	0.5471	3,16,26,30,33,34,40,59,60,122,180,236,291,347,483
(filmRef)20435	0	132	15	0.6382	0.5476	3,16,26,30,33,34,40,59,60,122,180,236,291,347,483
(filmRef)20434	0	132	15	0.6382	0.5475	3,16,26,30,33,34,40,59,60,122,180,236,291,347,483
(filmRef)20433	0	132	15	0.6382	0.5475	3,16,26,30,33,34,40,59,60,122,180,236,291,347,483
(filmRef)20431	0	132	15	0.6382	0.5478	3,16,26,30,33,34,40,59,60,122,180,236,291,347,483
(filmRef)20344	0	132	15	0.6382	0.5468	3,16,26,30,33,34,40,59,60,122,180,236,291,347,483
(filmRef)20430	0	132	15	0.6382	0.5471	3,16,26,30,33,34,40,59,60,122,180,236,291,347,483
(filmRef)20429	0	132	15	0.6382	0.5472	3,16,26,30,33,34,40,59,60,122,180,236,291,347,483
(filmRef)14099	32	132	11	0.6144	0.5499	3,5,12,21,25,26,57,62,64,86,146
(filmRef)14100	32	132	10	0.6184	0.5545	3,5,12,21,25,26,57,62,86,146
(filmRef)20346	0	132	15	0.6419	0.5465	3,16,26,30,33,34,40,59,60,122,180,236,291,347,483
(filmRef)20345	0	132	15	0.6419	0.5466	3,16,26,30,33,34,40,59,60,122,180,236,291,347,483
(filmRef)17596	0	132	15	0.6241	0.5527	3,16,26,30,33,34,59,60,122,180,219,236,347,483,496
(filmRef)20164	0	132	14	0.6229	0.5517	3,16,26,30,33,34,59,60,122,180,236,291,347,483
(filmRef)18391	0	132	15	0.6241	0.5527	3,16,26,30,33,34,59,60,122,180,219,236,347,483,496
(filmRef)16131	0	132	13	0.6229	0.5515	3,16,26,30,33,34,59,60,122,180,236,347,483
(filmRef)16371	0	132	15	0.6241	0.5528	3,16,26,30,33,34,59,60,122,180,219,236,347,483,496
(filmRef)18861	0	132	15	0.6241	0.5527	3,16,26,30,33,34,59,60,122,180,219,236,347,483,496
(filmRef)16129	0	132	13	0.6242	0.5505	3,16,26,30,33,34,59,60,122,180,236,347,483
(filmRef)16128	0	132	13	0.6242	0.5504	3,16,26,30,33,34,59,60,122,180,236,347,483
(filmRef)16106	0	132	13	0.6203	0.5513	3,16,26,30,33,34,59,60,122,180,236,347,483
(filmRef)16107	0	132	13	0.6203	0.5513	3,16,26,30,33,34,59,60,122,180,236,347,483
(filmRef)16127	0	132	13	0.6266	0.5507	3,16,26,30,33,34,59,60,122,180,236,347,483
(filmRef)16102	0	132	13	0.6241	0.5517	3,16,26,30,33,34,59,60,122,180,236,347,483
(filmRef)16108	0	131	13	0.6229	0.5517	3,16,26,30,33,34,59,60,122,180,236,347,483
(filmRef)15622	0	131	15	0.6306	0.5529	3,16,19,26,30,33,34,59,60,122,180,236,347,483,496
(filmRef)15612	0	131	14	0.6326	0.5526	3,16,26,30,33,34,59,60,122,180,219,236,347,483
(filmRef)18862	0	131	14	0.6262	0.5521	3,16,26,30,33,34,59,60,122,180,219,236,347,483
(filmRef)20161	0	131	14	0.6203	0.552	3,16,26,30,33,34,59,60,122,180,236,291,347,483
(filmRef)18392	0	131	14	0.6262	0.5521	3,16,26,30,33,34,59,60,122,180,219,236,347,483
(filmRef)17916	0	131	14	0.6262	0.5521	3,16,26,30,33,34,59,60,122,180,219,236,347,483
(filmRef)16105	0	131	13	0.6241	0.552	3,16,26,30,33,34,59,60,122,180,236,347,483
(filmRef)20156	0	131	15	0.6203	0.5525	3,16,26,30,33,34,59,60,122,180,236,291,347,483,496
(filmRef)14590	0	131	15	0.6306	0.5528	3,16,19,26,30,33,34,60,122,136,180,236,347,483,496
(filmRef)16372	0	131	14	0.6262	0.5521	3,16,26,30,33,34,59,60,122,180,219,236,347,483
(filmRef)17052	0	131	14	0.6262	0.5521	3,16,26,30,33,34,59,60,122,180,219,236,347,483
(filmRef)16130	0	131	13	0.6229	0.5507	3,16,26,30,33,34,59,60,122,180,236,347,483
(filmRef)17060	0	130	14	0.6229	0.5521	3,16,26,30,33,34,59,60,122,180,236,347,483,496
(filmRef)17353	0	130	13	0.6203	0.5523	3,16,26,30,33,34,59,60,122,180,236,347,483
(filmRef)17065	0	130	13	0.6229	0.5523	3,16,26,30,33,34,59,60,122,180,236,347,483
(filmRef)17313	0	130	13	0.6266	0.551	3,16,26,30,33,34,59,60,122,180,236,347,483
(filmRef)17316	0	130	14	0.6229	0.5521	3,16,26,30,33,34,59,60,122,180,236,347,483,496
(filmRef)17066	0	130	13	0.6229	0.5525	3,16,26,30,33,34,59,60,122,180,236,347,483
(filmRef)17317	0	130	14	0.6229	0.5521	3,16,26,30,33,34,59,60,122,180,236,347,483,496
(filmRef)17321	0	130	14	0.6229	0.5521	3,16,26,30,33,34,59,60,122,180,236,347,483,496
(filmRef)17352	0	130	13	0.6241	0.5521	3,16,26,30,33,34,59,60,122,180,236,347,483
(filmRef)16382	0	130	14	0.6242	0.5526	3,16,26,30,33,34,59,60,122,180,236,347,483,496
(filmRef)17061	0	130	13	0.6229	0.552	3,16,26,30,33,34,59,60,122,180,236,347,483
(filmRef)16391	0	130	13	0.6266	0.551	3,16,26,30,33,34,59,60,122,180,236,347,483
(filmRef)17056	0	130	13	0.6203	0.5523	3,16,26,30,33,34,59,60,122,180,236,347,483
(filmRef)17319	0	130	13	0.6229	0.552	3,16,26,30,33,34,59,60,122,180,236,347,483
(filmRef)16389	0	130	14	0.6266	0.5511	3,16,26,30,33,34,59,60,122,180,236,347,483,496
(filmRef)17070	0	130	14	0.6266	0.5511	3,16,26,30,33,34,59,60,122,180,236,347,483,496
(filmRef)16383	0	130	14	0.6229	0.5526	3,16,26,30,33,34,59,60,122,180,236,347,483,496
(filmRef)17063	0	130	14	0.6229	0.5526	3,16,26,30,33,34,59,60,122,180,236,347,483,496
(filmRef)17055	0	130	13	0.6241	0.5521	3,16,26,30,33,34,59,60,122,180,236,347,483
(filmRef)16375	0	130	13	0.6241	0.5522	3,16,26,30,33,34,59,60,122,180,236,347,483
(filmRef)17357	0	130	14	0.6229	0.5521	3,16,26,30,33,34,59,60,122,180,236,347,483,496
(filmRef)18749	0	130	13	0.6229	0.552	3,16,26,30,33,34,59,60,122,180,236,347,483
(filmRef)15613	0	130	14	0.6262	0.5528	3,16,26,30,33,34,59,60,122,180,236,347,483,496
(filmRef)16376	0	130	13	0.6203	0.5523	3,16,26,30,33,34,59,60,122,180,236,347,483
(filmRef)15712	0	130	14	0.6306	0.5516	3,16,26,30,33,34,59,60,122,180,236,347,483,496
(filmRef)18806	0	130	13	0.6241	0.5521	3,16,26,30,33,34,59,60,122,180,236,347,483
(filmRef)15715	0	130	13	0.6306	0.5514	3,16,26,30,33,34,59,60,122,180,236,347,483
(filmRef)18754	0	130	13	0.6229	0.5525	3,16,26,30,33,34,59,60,122,180,236,347,483
(filmRef)18753	0	130	13	0.6229	0.5523	3,16,26,30,33,34,59,60,122,180,236,347,483
(filmRef)18751	0	130	14	0.6229	0.5526	3,16,26,30,33,34,59,60,122,180,236,347,483,496
(filmRef)18750	0	130	14	0.6242	0.5526	3,16,26,30,33,34,59,60,122,180,236,347,483,496
(filmRef)18748	0	130	14	0.6229	0.5521	3,16,26,30,33,34,59,60,122,180,236,347,483,496
(filmRef)18867	0	130	13	0.6229	0.552	3,16,26,30,33,34,59,60,122,180,236,347,483
(filmRef)15717	0	130	13	0.6306	0.5518	3,16,26,30,33,34,59,60,122,180,236,347,483
(filmRef)18744	0	130	13	0.6203	0.5523	3,16,26,30,33,34,59,60,122,180,236,347,483
(filmRef)18410	0	130	14	0.6266	0.5511	3,16,26,30,33,34,59,60,122,180,236,347,483,496
(filmRef)15718	0	130	13	0.6306	0.5518	3,16,26,30,33,34,59,60,122,180,236,347,483
(filmRef)15719	0	130	13	0.6306	0.5519	3,16,26,30,33,34,59,60,122,180,236,347,483
(filmRef)18406	0	130	13	0.6229	0.5525	3,16,26,30,33,34,59,60,122,180,236,347,483
(filmRef)18405	0	130	13	0.6229	0.5523	3,16,26,30,33,34,59,60,122,180,236,347,483
(filmRef)18403	0	130	14	0.6229	0.5526	3,16,26,30,33,34,59,60,122,180,236,347,483,496
(filmRef)18402	0	130	14	0.6242	0.5526	3,16,26,30,33,34,59,60,122,180,236,347,483,496
(filmRef)18866	0	130	14	0.6229	0.5521	3,16,26,30,33,34,59,60,122,180,236,347,483,496
(filmRef)18868	0	130	14	0.6242	0.5526	3,16,26,30,33,34,59,60,122,180,236,347,483,496
(filmRef)17358	0	130	13	0.6229	0.552	3,16,26,30,33,34,59,60,122,180,236,347,483
(filmRef)15620	0	130	14	0.6242	0.5525	3,16,26,30,33,34,59,60,122,180,236,347,483,496
(filmRef)14098	32	130	12	0.6177	0.55	3,5,12,21,25,26,57,62,64,68,86,146
(filmRef)20162	0	130	14	0.6229	0.5525	3,16,26,30,33,34,59,60,122,180,236,291,347,483
(filmRef)20160	0	130	14	0.6241	0.5528	3,16,26,30,33,34,59,60,122,180,236,291,347,483
(filmRef)20157	0	130	14	0.6241	0.5528	3,16,26,30,33,34,59,60,122,180,236,291,347,483
(filmRef)16384	0	130	13	0.6229	0.5524	3,16,26,30,33,34,59,60,122,180,236,347,483
(filmRef)15624	0	130	13	0.6242	0.5528	3,16,26,30,33,34,59,60,122,180,236,347,483
(filmRef)15623	0	130	14	0.6242	0.553	3,16,26,30,33,34,59,60,122,180,236,347,483,496
(filmRef)19044	0	130	13	0.6242	0.5514	3,16,26,30,33,34,59,60,122,180,236,347,483
(filmRef)19043	0	130	13	0.6266	0.5513	3,16,26,30,33,34,59,60,122,180,236,347,483
(filmRef)14768	0	130	13	0.6242	0.5528	3,16,26,30,33,34,60,122,136,180,236,347,483
(filmRef)18869	0	130	14	0.6229	0.5526	3,16,26,30,33,34,59,60,122,180,236,347,483,496
(filmRef)15618	0	130	13	0.6262	0.5524	3,16,26,30,33,34,59,60,122,180,236,347,483
(filmRef)14766	0	130	14	0.6242	0.5529	3,16,26,30,33,34,60,122,136,180,236,347,483,496
(filmRef)15616	0	130	13	0.6262	0.5527	3,16,26,30,33,34,59,60,122,180,236,347,483
(filmRef)18957	0	130	13	0.6229	0.5525	3,16,26,30,33,34,59,60,122,180,236,347,483
(filmRef)18956	0	130	13	0.6229	0.5523	3,16,26,30,33,34,59,60,122,180,236,347,483
(filmRef)15615	0	130	13	0.6262	0.5526	3,16,26,30,33,34,59,60,122,180,236,347,483
(filmRef)18954	0	130	13	0.6266	0.551	3,16,26,30,33,34,59,60,122,180,236,347,483
(filmRef)15614	0	130	13	0.6262	0.5527	3,16,26,30,33,34,59,60,122,180,236,347,483
(filmRef)18952	0	130	14	0.6266	0.5511	3,16,26,30,33,34,59,60,122,180,236,347,483,496
(filmRef)18401	0	130	13	0.6229	0.552	3,16,26,30,33,34,59,60,122,180,236,347,483
(filmRef)18400	0	130	14	0.6229	0.5521	3,16,26,30,33,34,59,60,122,180,236,347,483,496
(filmRef)18396	0	130	13	0.6203	0.5523	3,16,26,30,33,34,59,60,122,180,236,347,483
(filmRef)17600	0	130	13	0.6241	0.5521	3,16,26,30,33,34,59,60,122,180,236,347,483
(filmRef)15853	0	130	14	0.6242	0.5521	3,16,26,30,33,34,59,60,122,180,236,347,483,496
(filmRef)17704	0	130	13	0.6229	0.5525	3,16,26,30,33,34,59,60,122,180,236,347,483
(filmRef)17610	0	130	13	0.6229	0.5523	3,16,26,30,33,34,59,60,122,180,236,347,483
(filmRef)15854	0	130	13	0.6242	0.5519	3,16,26,30,33,34,59,60,122,180,236,347,483
(filmRef)17608	0	130	14	0.6229	0.5526	3,16,26,30,33,34,59,60,122,180,236,347,483,496
(filmRef)17607	0	130	14	0.6242	0.5526	3,16,26,30,33,34,59,60,122,180,236,347,483,496
(filmRef)17606	0	130	13	0.6229	0.552	3,16,26,30,33,34,59,60,122,180,236,347,483
(filmRef)17605	0	130	14	0.6229	0.5521	3,16,26,30,33,34,59,60,122,180,236,347,483,496
(filmRef)17601	0	130	13	0.6203	0.5523	3,16,26,30,33,34,59,60,122,180,236,347,483
(filmRef)15860	0	130	13	0.6306	0.5505	3,16,26,30,33,34,59,60,122,180,236,347,483
(filmRef)18395	0	130	13	0.6241	0.5521	3,16,26,30,33,34,59,60,122,180,236,347,483
(filmRef)17369	0	130	13	0.6266	0.551	3,16,26,30,33,34,59,60,122,180,236,347,483
(filmRef)17367	0	130	14	0.6266	0.5511	3,16,26,30,33,34,59,60,122,180,236,347,483,496
(filmRef)15862	0	130	13	0.6306	0.5509	3,16,26,30,33,34,59,60,122,180,236,347,483
(filmRef)15863	0	130	13	0.6306	0.5509	3,16,26,30,33,34,59,60,122,180,236,347,483
(filmRef)15864	0	130	13	0.6306	0.551	3,16,26,30,33,34,59,60,122,180,236,347,483
(filmRef)17363	0	130	13	0.6229	0.5525	3,16,26,30,33,34,59,60,122,180,236,347,483
(filmRef)17362	0	130	13	0.6229	0.5523	3,16,26,30,33,34,59,60,122,180,236,347,483
(filmRef)17360	0	130	14	0.6229	0.5526	3,16,26,30,33,34,59,60,122,180,236,347,483,496
(filmRef)17359	0	130	14	0.6242	0.5526	3,16,26,30,33,34,59,60,122,180,236,347,483,496
(filmRef)15852	0	130	14	0.6306	0.5522	3,16,26,30,33,34,59,60,122,180,236,347,483,496
(filmRef)16385	0	130	13	0.6229	0.5525	3,16,26,30,33,34,59,60,122,180,236,347,483
(filmRef)17708	0	130	14	0.6266	0.5511	3,16,26,30,33,34,59,60,122,180,236,347,483,496
(filmRef)16381	0	130	13	0.6229	0.552	3,16,26,30,33,34,59,60,122,180,236,347,483
(filmRef)15756	0	130	13	0.6262	0.5527	3,16,26,30,33,34,59,60,122,180,236,347,483
(filmRef)15834	0	130	14	0.6306	0.5506	3,16,26,30,33,34,59,60,122,180,236,347,483,496
(filmRef)18077	0	130	13	0.6266	0.551	3,16,26,30,33,34,59,60,122,180,236,347,483
(filmRef)18075	0	130	14	0.6266	0.5511	3,16,26,30,33,34,59,60,122,180,236,347,483,496
(filmRef)15404	0	130	15	0.6306	0.5532	3,16,19,26,30,33,34,59,60,122,180,236,347,483,496
(filmRef)16380	0	130	14	0.6229	0.5521	3,16,26,30,33,34,59,60,122,180,236,347,483,496
(filmRef)18071	0	130	13	0.6229	0.5525	3,16,26,30,33,34,59,60,122,180,236,347,483
(filmRef)18070	0	130	13	0.6229	0.5523	3,16,26,30,33,34,59,60,122,180,236,347,483
(filmRef)15847	0	130	14	0.6262	0.5519	3,16,26,30,33,34,59,60,122,180,236,347,483,496
(filmRef)17927	0	130	14	0.6229	0.5526	3,16,26,30,33,34,59,60,122,180,236,347,483,496
(filmRef)17926	0	130	14	0.6242	0.5526	3,16,26,30,33,34,59,60,122,180,236,347,483,496
(filmRef)17925	0	130	13	0.6229	0.552	3,16,26,30,33,34,59,60,122,180,236,347,483
(filmRef)17924	0	130	14	0.6229	0.5521	3,16,26,30,33,34,59,60,122,180,236,347,483,496
(filmRef)15848	0	130	13	0.6262	0.5518	3,16,26,30,33,34,59,60,122,180,236,347,483
(filmRef)15849	0	130	13	0.6262	0.5517	3,16,26,30,33,34,59,60,122,180,236,347,483
(filmRef)17920	0	130	13	0.6203	0.5523	3,16,26,30,33,34,59,60,122,180,236,347,483
(filmRef)17919	0	130	13	0.6241	0.5521	3,16,26,30,33,34,59,60,122,180,236,347,483
(filmRef)14595	0	130	13	0.6242	0.5528	3,16,26,30,33,34,60,122,136,180,236,347,483
(filmRef)14593	0	130	14	0.6242	0.5529	3,16,26,30,33,34,60,122,136,180,236,347,483,496
(filmRef)17710	0	130	13	0.6266	0.551	3,16,26,30,33,34,59,60,122,180,236,347,483
(filmRef)16373	0	129	14	0.6203	0.5528	3,16,26,30,33,34,59,60,122,180,236,347,483,496
(filmRef)14840	0	129	13	0.6306	0.5531	3,16,26,30,33,34,60,122,136,180,236,347,483
(filmRef)14995	0	129	14	0.6306	0.5535	3,16,19,26,30,33,34,60,122,180,236,347,483,496
(filmRef)15449	0	129	13	0.6306	0.5518	3,16,26,30,33,34,59,60,122,180,236,347,483
(filmRef)15214	0	129	14	0.6306	0.5535	3,16,19,26,30,33,34,60,122,180,236,347,483,496
(filmRef)15724	0	129	13	0.6306	0.5523	3,16,26,30,33,34,59,60,122,180,236,347,483
(filmRef)15444	0	129	14	0.6242	0.5534	3,16,26,30,33,34,59,60,122,180,236,347,483,496
(filmRef)15722	0	129	13	0.6242	0.5518	3,16,26,30,33,34,59,60,122,180,236,347,483
(filmRef)15721	0	129	13	0.6306	0.5519	3,16,26,30,33,34,59,60,122,180,236,347,483
(filmRef)15447	0	129	14	0.6306	0.5519	3,16,26,30,33,34,59,60,122,180,236,347,483,496
(filmRef)15720	0	129	13	0.6306	0.5523	3,16,26,30,33,34,59,60,122,180,236,347,483
(filmRef)15451	0	129	13	0.6306	0.5522	3,16,26,30,33,34,59,60,122,180,236,347,483
(filmRef)15452	0	129	13	0.6306	0.5521	3,16,26,30,33,34,59,60,122,180,236,347,483
(filmRef)15453	0	129	13	0.6306	0.5522	3,16,26,30,33,34,59,60,122,180,236,347,483
(filmRef)15716	0	129	13	0.6306	0.5523	3,16,26,30,33,34,59,60,122,180,236,347,483
(filmRef)15714	0	129	13	0.6306	0.5532	3,16,26,30,33,34,59,60,122,180,236,347,483
(filmRef)15713	0	129	13	0.6306	0.552	3,16,26,30,33,34,59,60,122,180,236,347,483
(filmRef)15711	0	129	13	0.6242	0.553	3,16,26,30,33,34,59,60,122,180,236,347,483
(filmRef)14821	0	129	14	0.6306	0.5518	3,16,26,30,33,34,60,122,136,180,236,347,483,496
(filmRef)15619	0	129	13	0.6262	0.5528	3,16,26,30,33,34,59,60,122,180,236,347,483
(filmRef)15621	0	129	13	0.6242	0.5528	3,16,26,30,33,34,59,60,122,180,236,347,483
(filmRef)15625	0	129	13	0.6242	0.5532	3,16,26,30,33,34,59,60,122,180,236,347,483
(filmRef)15710	0	129	13	0.6242	0.5529	3,16,26,30,33,34,59,60,122,180,236,347,483
(filmRef)15723	0	129	13	0.6242	0.553	3,16,26,30,33,34,59,60,122,180,236,347,483
(filmRef)15405	0	129	13	0.6242	0.5532	3,16,26,30,33,34,59,60,122,180,236,347,483
(filmRef)16099	0	129	12	0.6114	0.5528	3,12,16,26,30,33,60,122,180,236,347,483
(filmRef)15845	0	129	13	0.6306	0.5523	3,16,26,30,33,34,59,60,122,180,236,347,483
(filmRef)15867	0	129	13	0.6242	0.552	3,16,26,30,33,34,59,60,122,180,236,347,483
(filmRef)15866	0	129	13	0.6306	0.551	3,16,26,30,33,34,59,60,122,180,236,347,483
(filmRef)15865	0	129	13	0.6306	0.5513	3,16,26,30,33,34,59,60,122,180,236,347,483
(filmRef)15861	0	129	13	0.6306	0.5514	3,16,26,30,33,34,59,60,122,180,236,347,483
(filmRef)15859	0	129	13	0.6242	0.5521	3,16,26,30,33,34,59,60,122,180,236,347,483
(filmRef)15858	0	129	13	0.6242	0.552	3,16,26,30,33,34,59,60,122,180,236,347,483
(filmRef)15857	0	129	13	0.6266	0.5524	3,16,26,30,33,34,59,60,122,180,236,347,483
(filmRef)15856	0	129	13	0.6242	0.5524	3,16,26,30,33,34,59,60,122,180,236,347,483
(filmRef)15855	0	129	13	0.6242	0.5522	3,16,26,30,33,34,59,60,122,180,236,347,483
(filmRef)15851	0	129	13	0.6262	0.5519	3,16,26,30,33,34,59,60,122,180,236,347,483
(filmRef)15393	0	129	14	0.6262	0.5544	3,16,26,30,33,34,59,60,122,180,236,347,483,496
(filmRef)15394	0	129	13	0.6326	0.5533	3,16,26,30,33,34,59,60,122,180,236,347,483
(filmRef)15850	0	129	13	0.6262	0.5522	3,16,26,30,33,34,59,60,122,180,236,347,483
(filmRef)15396	0	129	13	0.6262	0.553	3,16,26,30,33,34,59,60,122,180,236,347,483
(filmRef)15397	0	129	13	0.6262	0.5529	3,16,26,30,33,34,59,60,122,180,236,347,483
(filmRef)15398	0	129	13	0.6262	0.553	3,16,26,30,33,34,59,60,122,180,236,347,483
(filmRef)15402	0	129	14	0.6242	0.5529	3,16,26,30,33,34,59,60,122,180,236,347,483,496
(filmRef)15617	0	129	13	0.6262	0.5531	3,16,26,30,33,34,59,60,122,180,236,347,483
(filmRef)18079	0	129	13	0.6266	0.5518	3,16,26,30,33,34,59,60,122,180,236,347,483
(filmRef)17609	0	129	13	0.6229	0.5529	3,16,26,30,33,34,59,60,122,180,236,347,483
(filmRef)17922	0	129	13	0.6203	0.5523	3,16,26,30,33,34,59,60,122,180,236,347,483
(filmRef)18398	0	129	13	0.6203	0.5523	3,16,26,30,33,34,59,60,122,180,236,347,483
(filmRef)18393	0	129	14	0.6203	0.5528	3,16,26,30,33,34,59,60,122,180,236,347,483,496
(filmRef)15709	0	129	13	0.6266	0.5533	3,16,26,30,33,34,59,60,122,180,236,347,483
(filmRef)18078	0	129	13	0.6242	0.5519	3,16,26,30,33,34,59,60,122,180,236,347,483
(filmRef)18076	0	129	13	0.6266	0.5527	3,16,26,30,33,34,59,60,122,180,236,347,483
(filmRef)18074	0	129	13	0.6229	0.5526	3,16,26,30,33,34,59,60,122,180,236,347,483
(filmRef)18073	0	129	13	0.6229	0.5525	3,16,26,30,33,34,59,60,122,180,236,347,483
(filmRef)18072	0	129	13	0.6266	0.5528	3,16,26,30,33,34,59,60,122,180,236,347,483
(filmRef)17928	0	129	13	0.6229	0.5529	3,16,26,30,33,34,59,60,122,180,236,347,483
(filmRef)17917	0	129	14	0.6203	0.5528	3,16,26,30,33,34,59,60,122,180,236,347,483,496
(filmRef)17368	0	129	13	0.6266	0.5527	3,16,26,30,33,34,59,60,122,180,236,347,483
(filmRef)17712	0	129	13	0.6266	0.5518	3,16,26,30,33,34,59,60,122,180,236,347,483
(filmRef)17711	0	129	13	0.6242	0.5519	3,16,26,30,33,34,59,60,122,180,236,347,483
(filmRef)17709	0	129	13	0.6266	0.5527	3,16,26,30,33,34,59,60,122,180,236,347,483
(filmRef)17707	0	129	13	0.6229	0.5526	3,16,26,30,33,34,59,60,122,180,236,347,483
(filmRef)17706	0	129	13	0.6229	0.5525	3,16,26,30,33,34,59,60,122,180,236,347,483
(filmRef)17705	0	129	13	0.6266	0.5528	3,16,26,30,33,34,59,60,122,180,236,347,483
(filmRef)14811	0	129	14	0.6266	0.5531	3,16,26,30,33,34,59,60,122,136,180,236,347,483
(filmRef)17603	0	129	13	0.6203	0.5523	3,16,26,30,33,34,59,60,122,180,236,347,483
(filmRef)17371	0	129	13	0.6266	0.5518	3,16,26,30,33,34,59,60,122,180,236,347,483
(filmRef)18404	0	129	13	0.6229	0.5529	3,16,26,30,33,34,59,60,122,180,236,347,483
(filmRef)18407	0	129	13	0.6266	0.5528	3,16,26,30,33,34,59,60,122,180,236,347,483
(filmRef)18408	0	129	13	0.6229	0.5525	3,16,26,30,33,34,59,60,122,180,236,347,483
(filmRef)18409	0	129	13	0.6229	0.5526	3,16,26,30,33,34,59,60,122,180,236,347,483
(filmRef)19068	0	129	13	0.6242	0.5519	3,16,26,30,33,34,59,60,122,180,236,347,483
(filmRef)19067	0	129	13	0.6229	0.5525	3,16,26,30,33,34,59,60,122,180,236,347,483
(filmRef)19065	0	129	13	0.6242	0.5515	3,16,26,30,33,34,59,60,122,180,236,347,483
(filmRef)19064	0	129	13	0.6242	0.5514	3,16,26,30,33,34,59,60,122,180,236,347,483
(filmRef)19063	0	129	13	0.6266	0.5518	3,16,26,30,33,34,59,60,122,180,236,347,483
(filmRef)19042	0	129	13	0.6266	0.5518	3,16,26,30,33,34,59,60,122,180,236,347,483
(filmRef)18980	0	129	13	0.6242	0.5519	3,16,26,30,33,34,59,60,122,180,236,347,483
(filmRef)18960	0	129	13	0.6229	0.5526	3,16,26,30,33,34,59,60,122,180,236,347,483
(filmRef)18959	0	129	13	0.6229	0.5525	3,16,26,30,33,34,59,60,122,180,236,347,483
(filmRef)18958	0	129	13	0.6266	0.5528	3,16,26,30,33,34,59,60,122,180,236,347,483
(filmRef)18955	0	129	13	0.6229	0.5529	3,16,26,30,33,34,59,60,122,180,236,347,483
(filmRef)18953	0	129	13	0.6266	0.5527	3,16,26,30,33,34,59,60,122,180,236,347,483
(filmRef)18864	0	129	13	0.6203	0.5523	3,16,26,30,33,34,59,60,122,180,236,347,483
(filmRef)18863	0	129	14	0.6203	0.5528	3,16,26,30,33,34,59,60,122,180,236,347,483,496
(filmRef)18756	0	129	13	0.6229	0.5525	3,16,26,30,33,34,59,60,122,180,236,347,483
(filmRef)18755	0	129	13	0.6266	0.5528	3,16,26,30,33,34,59,60,122,180,236,347,483
(filmRef)18752	0	129	13	0.6229	0.5529	3,16,26,30,33,34,59,60,122,180,236,347,483
(filmRef)18746	0	129	13	0.6203	0.5523	3,16,26,30,33,34,59,60,122,180,236,347,483
(filmRef)18411	0	129	13	0.6266	0.5527	3,16,26,30,33,34,59,60,122,180,236,347,483
(filmRef)17370	0	129	13	0.6242	0.5519	3,16,26,30,33,34,59,60,122,180,236,347,483
(filmRef)15708	0	129	13	0.6242	0.5533	3,16,26,30,33,34,59,60,122,180,236,347,483
(filmRef)17366	0	129	13	0.6229	0.5526	3,16,26,30,33,34,59,60,122,180,236,347,483
(filmRef)14571	0	129	14	0.6242	0.5528	3,16,26,30,33,34,60,122,136,180,236,347,483,496
(filmRef)17069	0	129	13	0.6229	0.5526	3,16,26,30,33,34,59,60,122,180,236,347,483
(filmRef)17068	0	129	13	0.6229	0.5525	3,16,26,30,33,34,59,60,122,180,236,347,483
(filmRef)17067	0	129	13	0.6266	0.5528	3,16,26,30,33,34,59,60,122,180,236,347,483
(filmRef)17064	0	129	13	0.6229	0.5529	3,16,26,30,33,34,59,60,122,180,236,347,483
(filmRef)14606	0	129	13	0.6242	0.5532	3,16,26,30,33,34,60,122,136,180,236,347,483
(filmRef)14603	0	129	13	0.6242	0.5531	3,16,26,30,33,34,60,122,136,180,236,347,483
(filmRef)17058	0	129	13	0.6203	0.5523	3,16,26,30,33,34,59,60,122,180,236,347,483
(filmRef)17365	0	129	13	0.6229	0.5525	3,16,26,30,33,34,59,60,122,180,236,347,483
(filmRef)17312	0	129	13	0.6242	0.5519	3,16,26,30,33,34,59,60,122,180,236,347,483
(filmRef)17053	0	129	14	0.6203	0.5528	3,16,26,30,33,34,59,60,122,180,236,347,483,496
(filmRef)14518	0	129	13	0.614	0.5493	3,16,26,30,33,34,60,76,122,180,236,347,483
(filmRef)16393	0	129	13	0.6266	0.5519	3,16,26,30,33,34,59,60,122,180,236,347,483
(filmRef)16386	0	129	13	0.6266	0.5528	3,16,26,30,33,34,59,60,122,180,236,347,483
(filmRef)16392	0	129	13	0.6242	0.5519	3,16,26,30,33,34,59,60,122,180,236,347,483
(filmRef)16390	0	129	13	0.6266	0.5528	3,16,26,30,33,34,59,60,122,180,236,347,483
(filmRef)16388	0	129	13	0.6229	0.5526	3,16,26,30,33,34,59,60,122,180,236,347,483
(filmRef)17310	0	129	13	0.6266	0.5528	3,16,26,30,33,34,59,60,122,180,236,347,483
(filmRef)17311	0	129	13	0.6266	0.5518	3,16,26,30,33,34,59,60,122,180,236,347,483
(filmRef)14754	0	129	14	0.6242	0.5528	3,16,26,30,33,34,60,122,136,180,236,347,483,496
(filmRef)16378	0	129	13	0.6203	0.5524	3,16,26,30,33,34,59,60,122,180,236,347,483
(filmRef)14808	0	129	13	0.6242	0.5532	3,16,26,30,33,34,60,122,136,180,236,347,483
(filmRef)14770	0	129	13	0.6242	0.5531	3,16,26,30,33,34,60,122,136,180,236,347,483
(filmRef)17364	0	129	13	0.6266	0.5528	3,16,26,30,33,34,59,60,122,180,236,347,483
(filmRef)17361	0	129	13	0.6229	0.5529	3,16,26,30,33,34,59,60,122,180,236,347,483
(filmRef)17355	0	129	13	0.6203	0.5523	3,16,26,30,33,34,59,60,122,180,236,347,483
(filmRef)17314	0	129	13	0.6266	0.5527	3,16,26,30,33,34,59,60,122,180,236,347,483
(filmRef)16387	0	129	13	0.6229	0.5525	3,16,26,30,33,34,59,60,122,180,236,347,483
(filmRef)17350	0	129	14	0.6203	0.5528	3,16,26,30,33,34,59,60,122,180,236,347,483,496
(filmRef)17320	0	129	13	0.6229	0.5525	3,16,26,30,33,34,59,60,122,180,236,347,483
(filmRef)17318	0	129	13	0.6203	0.5523	3,16,26,30,33,34,59,60,122,180,236,347,483
(filmRef)14616	0	129	13	0.6306	0.5531	3,16,26,30,33,34,60,122,136,180,236,347,483
(filmRef)14615	0	129	14	0.6306	0.5518	3,16,26,30,33,34,60,122,136,180,236,347,483,496
(filmRef)14609	0	129	14	0.6266	0.5531	3,16,26,30,33,34,59,60,122,136,180,236,347,483
(filmRef)18865	0	128	13	0.6229	0.5528	3,16,26,30,33,34,59,60,122,180,236,347,483
(filmRef)16377	0	128	13	0.6241	0.5531	3,16,26,30,33,34,59,60,122,180,236,347,483
(filmRef)19066	0	128	13	0.6229	0.5518	3,16,26,30,33,34,59,60,122,180,236,347,483
(filmRef)18810	0	128	13	0.6241	0.5531	3,16,26,30,33,34,59,60,122,180,236,347,483
(filmRef)16379	0	128	13	0.6229	0.5528	3,16,26,30,33,34,59,60,122,180,236,347,483
(filmRef)18805	0	128	13	0.6241	0.5531	3,16,26,30,33,34,59,60,122,180,236,347,483
(filmRef)17057	0	128	13	0.6241	0.5531	3,16,26,30,33,34,59,60,122,180,236,347,483
(filmRef)18747	0	128	13	0.6229	0.5528	3,16,26,30,33,34,59,60,122,180,236,347,483
(filmRef)18745	0	128	13	0.6241	0.5531	3,16,26,30,33,34,59,60,122,180,236,347,483
(filmRef)17599	0	128	13	0.6241	0.5531	3,16,26,30,33,34,59,60,122,180,236,347,483
(filmRef)17602	0	128	13	0.6241	0.5531	3,16,26,30,33,34,59,60,122,180,236,347,483
(filmRef)17604	0	128	13	0.6229	0.5528	3,16,26,30,33,34,59,60,122,180,236,347,483
(filmRef)17356	0	128	13	0.6229	0.5528	3,16,26,30,33,34,59,60,122,180,236,347,483
(filmRef)17354	0	128	13	0.6241	0.5531	3,16,26,30,33,34,59,60,122,180,236,347,483
(filmRef)17351	0	128	13	0.6241	0.5531	3,16,26,30,33,34,59,60,122,180,236,347,483
(filmRef)17918	0	128	13	0.6241	0.5531	3,16,26,30,33,34,59,60,122,180,236,347,483
(filmRef)17921	0	128	13	0.6241	0.5531	3,16,26,30,33,34,59,60,122,180,236,347,483
(filmRef)17315	0	128	13	0.6241	0.5531	3,16,26,30,33,34,59,60,122,180,236,347,483
(filmRef)17923	0	128	13	0.6229	0.5528	3,16,26,30,33,34,59,60,122,180,236,347,483
(filmRef)18394	0	128	13	0.6241	0.5531	3,16,26,30,33,34,59,60,122,180,236,347,483
(filmRef)18397	0	128	13	0.6241	0.5531	3,16,26,30,33,34,59,60,122,180,236,347,483
(filmRef)18399	0	128	13	0.6229	0.5528	3,16,26,30,33,34,59,60,122,180,236,347,483
(filmRef)17054	0	128	13	0.6241	0.5531	3,16,26,30,33,34,59,60,122,180,236,347,483
(filmRef)17051	0	128	12	0.6114	0.5531	3,12,16,26,30,33,60,122,180,236,347,483
(filmRef)16374	0	128	13	0.6241	0.5532	3,16,26,30,33,34,59,60,122,180,236,347,483
(filmRef)17059	0	128	13	0.6229	0.5528	3,16,26,30,33,34,59,60,122,180,236,347,483
(filmRef)15207	0	128	12	0.6262	0.5533	3,16,26,30,33,34,60,122,180,236,347,483
(filmRef)15202	0	128	12	0.6326	0.5536	3,16,26,30,33,34,60,122,180,236,347,483
(filmRef)14997	0	128	13	0.6242	0.5537	3,16,26,30,33,34,60,122,180,236,347,483,496
(filmRef)15000	0	128	12	0.6242	0.5535	3,16,26,30,33,34,60,122,180,236,347,483
(filmRef)15009	0	128	13	0.6266	0.5534	3,16,26,30,33,34,59,60,122,180,236,347,483
(filmRef)15033	0	128	13	0.6306	0.5522	3,16,26,30,33,34,60,122,180,236,347,483,496
(filmRef)15047	0	128	12	0.6306	0.552	3,16,26,30,33,34,60,122,180,236,347,483
(filmRef)15201	0	128	13	0.6262	0.5547	3,16,26,30,33,34,60,122,180,236,347,483,496
(filmRef)15203	0	128	13	0.6262	0.5534	3,16,26,30,33,34,60,122,180,236,347,483,496
(filmRef)15272	0	128	12	0.6306	0.552	3,16,26,30,33,34,60,122,180,236,347,483
(filmRef)15204	0	128	12	0.6262	0.5533	3,16,26,30,33,34,60,122,180,236,347,483
(filmRef)15206	0	128	12	0.6262	0.5533	3,16,26,30,33,34,60,122,180,236,347,483
(filmRef)16854	47	128	15	0.5907	0.5359	3,50,57,59,60,62,68,86,93,155,165,219,345,368,496
(filmRef)15210	0	128	13	0.6242	0.5532	3,16,26,30,33,34,60,122,180,236,347,483,496
(filmRef)15215	0	128	13	0.6242	0.5537	3,16,26,30,33,34,60,122,180,236,347,483,496
(filmRef)15219	0	128	13	0.6266	0.5534	3,16,26,30,33,34,59,60,122,180,236,347,483
(filmRef)14972	0	128	13	0.6242	0.5532	3,16,26,30,33,34,60,122,180,236,347,483,496
(filmRef)14941	0	128	13	0.6262	0.5533	3,16,26,30,33,34,59,60,122,180,236,347,483
(filmRef)14940	0	128	12	0.6262	0.5533	3,16,26,30,33,34,60,122,180,236,347,483
(filmRef)14937	0	128	12	0.6262	0.5532	3,16,26,30,33,34,60,122,180,236,347,483
(filmRef)14936	0	128	12	0.6262	0.5533	3,16,26,30,33,34,60,122,180,236,347,483
(filmRef)14935	0	128	13	0.6262	0.5534	3,16,26,30,33,34,60,122,180,236,347,483,496
(filmRef)14916	0	128	12	0.6326	0.5536	3,16,26,30,33,34,60,122,180,236,347,483
(filmRef)14908	0	128	13	0.6262	0.5547	3,16,26,30,33,34,60,122,180,236,347,483,496
(filmRef)14819	0	128	13	0.6242	0.5533	3,16,26,30,33,34,60,122,136,180,236,347,483
(filmRef)14816	0	128	13	0.6242	0.5532	3,16,26,30,33,34,60,122,136,180,236,347,483
(filmRef)14759	0	128	13	0.6242	0.5531	3,16,26,30,33,34,60,122,136,180,236,347,483
(filmRef)14612	0	128	13	0.6242	0.5533	3,16,26,30,33,34,60,122,136,180,236,347,483
(filmRef)14611	0	128	13	0.6242	0.5532	3,16,26,30,33,34,60,122,136,180,236,347,483
(filmRef)14588	0	128	13	0.6242	0.5531	3,16,26,30,33,34,60,122,136,180,236,347,483
(filmRef)14259	32	128	12	0.6326	0.5656	3,5,13,21,25,26,30,47,57,62,86,345
(filmRef)16856	47	128	15	0.5907	0.5349	3,50,57,59,60,62,68,86,93,155,165,219,345,368,496
(filmRef)14095	32	128	11	0.6109	0.5558	3,5,12,21,25,26,57,62,64,86,146
(filmRef)15222	0	128	13	0.6306	0.5522	3,16,26,30,33,34,60,122,180,236,347,483,496
(filmRef)16855	47	128	15	0.5907	0.535	3,50,57,59,60,62,68,86,93,155,165,219,345,368,496
(filmRef)15401	0	128	13	0.6262	0.5532	3,16,26,30,33,34,59,60,122,180,236,347,483
(filmRef)15277	0	128	13	0.6306	0.5524	3,16,26,30,33,34,59,60,122,180,236,347,483
(filmRef)15289	0	128	12	0.6242	0.5523	3,16,26,30,33,34,60,122,180,236,347,483
(filmRef)15403	0	128	13	0.6242	0.5532	3,16,26,30,33,34,59,60,122,180,236,347,483
(filmRef)15406	0	128	13	0.6242	0.5535	3,16,26,30,33,34,59,60,122,180,236,347,483
(filmRef)15407	0	128	13	0.6242	0.5537	3,16,26,30,33,34,59,60,122,180,236,347,483
(filmRef)15408	0	128	13	0.6266	0.5536	3,16,26,30,33,34,59,60,122,180,236,347,483
(filmRef)15468	0	128	13	0.6242	0.5518	3,16,26,30,33,34,59,60,122,180,236,347,483
(filmRef)15445	0	128	13	0.6242	0.5533	3,16,26,30,33,34,59,60,122,180,236,347,483
(filmRef)15446	0	128	13	0.6242	0.5534	3,16,26,30,33,34,59,60,122,180,236,347,483
(filmRef)15399	0	128	13	0.6262	0.5534	3,16,26,30,33,34,59,60,122,180,236,347,483
(filmRef)15448	0	128	13	0.6306	0.5536	3,16,26,30,33,34,59,60,122,180,236,347,483
(filmRef)15450	0	128	13	0.6306	0.5527	3,16,26,30,33,34,59,60,122,180,236,347,483
(filmRef)15454	0	128	13	0.6306	0.5526	3,16,26,30,33,34,59,60,122,180,236,347,483
(filmRef)15276	0	128	12	0.6306	0.5525	3,16,26,30,33,34,60,122,180,236,347,483
(filmRef)15455	0	128	13	0.6306	0.5523	3,16,26,30,33,34,59,60,122,180,236,347,483
(filmRef)15275	0	128	12	0.6306	0.5524	3,16,26,30,33,34,60,122,180,236,347,483
(filmRef)15456	0	128	13	0.6306	0.5523	3,16,26,30,33,34,59,60,122,180,236,347,483
(filmRef)15457	0	128	13	0.6242	0.5521	3,16,26,30,33,34,59,60,122,180,236,347,483
(filmRef)15274	0	128	12	0.6306	0.5525	3,16,26,30,33,34,60,122,180,236,347,483
(filmRef)15466	0	128	13	0.6242	0.5533	3,16,26,30,33,34,59,60,122,180,236,347,483
(filmRef)15467	0	128	13	0.6306	0.5527	3,16,26,30,33,34,59,60,122,180,236,347,483
(filmRef)14944	0	127	12	0.6262	0.5534	3,16,26,30,33,34,60,122,180,236,347,483
(filmRef)14945	0	127	12	0.6262	0.5535	3,16,26,30,33,34,60,122,180,236,347,483
(filmRef)15273	0	127	12	0.6306	0.553	3,16,26,30,33,34,60,122,180,236,347,483
(filmRef)14973	0	127	12	0.6242	0.5535	3,16,26,30,33,34,60,122,180,236,347,483
(filmRef)15271	0	127	12	0.6306	0.5539	3,16,26,30,33,34,60,122,180,236,347,483
(filmRef)15002	0	127	12	0.6242	0.5539	3,16,26,30,33,34,60,122,180,236,347,483
(filmRef)15285	0	127	12	0.6242	0.5524	3,16,26,30,33,34,60,122,180,236,347,483
(filmRef)15221	0	127	12	0.6242	0.5537	3,16,26,30,33,34,60,122,180,236,347,483
(filmRef)15220	0	127	12	0.6242	0.5536	3,16,26,30,33,34,60,122,180,236,347,483
(filmRef)15217	0	127	12	0.6242	0.5539	3,16,26,30,33,34,60,122,180,236,347,483
(filmRef)15216	0	127	12	0.6114	0.5511	3,16,26,30,33,34,60,122,180,236,347,483
(filmRef)15213	0	127	12	0.6242	0.5535	3,16,26,30,33,34,60,122,180,236,347,483
(filmRef)15209	0	127	12	0.6262	0.5535	3,16,26,30,33,34,60,122,180,236,347,483
(filmRef)15278	0	127	12	0.6306	0.5526	3,16,26,30,33,34,60,122,180,236,347,483
(filmRef)15279	0	127	12	0.6306	0.5526	3,16,26,30,33,34,60,122,180,236,347,483
(filmRef)15208	0	127	12	0.6262	0.5534	3,16,26,30,33,34,60,122,180,236,347,483
(filmRef)15286	0	127	12	0.6242	0.5536	3,16,26,30,33,34,60,122,180,236,347,483
(filmRef)15040	0	127	12	0.6306	0.5539	3,16,26,30,33,34,60,122,180,236,347,483
(filmRef)15287	0	127	12	0.6306	0.553	3,16,26,30,33,34,60,122,180,236,347,483
(filmRef)15005	0	127	12	0.6242	0.554	3,16,26,30,33,34,60,122,180,236,347,483
(filmRef)15017	0	127	12	0.6242	0.5536	3,16,26,30,33,34,60,122,180,236,347,483
(filmRef)15018	0	127	12	0.6242	0.5537	3,16,26,30,33,34,60,122,180,236,347,483
(filmRef)15288	0	127	12	0.6242	0.5521	3,16,26,30,33,34,60,122,180,236,347,483
(filmRef)17597	0	126	13	0.6333	0.5542	3,16,26,30,33,59,60,69,122,180,236,347,483
(filmRef)17598	0	126	12	0.6296	0.5539	3,16,26,30,33,59,60,122,180,236,347,483
(filmRef)14260	32	126	11	0.6431	0.5671	3,5,13,21,25,26,47,57,62,69,86
(filmRef)14731	0	125	13	0.6302	0.5445	3,16,19,26,30,33,34,60,122,180,236,347,483
(filmRef)20424	0	125	12	0.6425	0.546	3,16,26,30,33,34,122,180,236,291,347,483
(filmRef)15395	0	125	11	0.6193	0.5438	3,16,19,26,30,33,122,180,236,347,483
(filmRef)14097	32	125	12	0.6189	0.5587	5,12,21,25,26,30,57,62,64,86,146,345
(filmRef)16784	32	124	14	0.628	0.5563	3,5,12,21,26,40,57,62,64,68,83,86,146,171
(filmRef)15970	3	124	12	0.6111	0.5123	0,8,60,77,84,176,216,218,219,347,391,465
(filmRef)17348	0	122	11	0.6081	0.5514	3,16,26,30,33,34,122,180,236,347,483
(filmRef)16737	32	121	9	0.6346	0.5607	5,13,21,25,26,40,57,62,86
(filmRef)17349	0	121	10	0.6081	0.5511	3,16,26,30,33,122,180,236,347,483
(filmRef)16788	32	120	12	0.5994	0.5482	5,12,21,26,40,57,62,64,83,86,146,171
(filmRef)16599	32	120	9	0.6266	0.5603	5,12,13,21,25,26,57,62,86
(filmRef)18808	0	119	11	0.623	0.545	3,16,26,30,33,34,122,180,236,347,483
(filmRef)15707	0	119	12	0.6193	0.546	3,16,26,30,33,34,60,122,180,236,347,483
(filmRef)16994	47	118	15	0.5907	0.5357	3,50,57,59,60,62,68,86,93,155,165,219,345,368,496
(filmRef)18807	0	118	11	0.623	0.5454	3,16,26,30,33,34,122,180,236,347,483
(filmRef)16785	32	118	11	0.6159	0.5537	3,5,12,21,26,40,57,62,64,86,146
(filmRef)16600	32	118	9	0.6203	0.5607	5,12,21,25,26,30,57,62,86
(filmRef)16989	47	118	15	0.5907	0.5357	3,50,57,59,60,62,68,86,93,155,165,219,345,368,496
(filmRef)15205	0	117	10	0.6266	0.5462	3,16,26,30,33,122,180,236,347,483
(filmRef)14258	32	116	11	0.6289	0.562	3,5,12,13,21,25,26,57,62,86,345
(filmRef)14760	0	116	11	0.6149	0.55	3,16,19,26,30,33,122,180,236,347,483
(filmRef)14257	32	116	12	0.6037	0.5508	3,5,12,21,26,57,62,64,68,83,86,146
(filmRef)14216	45	115	9	0.6061	0.5231	4,6,9,22,57,129,146,290,574
(filmRef)16786	32	114	13	0.6154	0.556	5,12,13,21,26,30,40,57,62,64,83,86,146
(filmRef)20560	0	113	12	0.6474	0.5482	3,12,16,26,30,33,40,122,180,236,347,483
(filmRef)16601	32	113	9	0.6164	0.5587	5,12,13,21,25,26,57,62,86
(filmRef)16990	47	113	15	0.5907	0.5367	3,50,57,59,60,62,68,86,93,155,165,219,345,368,496
(filmRef)16996	47	113	15	0.5907	0.5366	3,50,57,59,60,62,68,86,93,155,165,219,345,368,496
(filmRef)16995	47	113	15	0.5907	0.5367	3,50,57,59,60,62,68,86,93,155,165,219,345,368,496
(filmRef)16993	47	113	15	0.5907	0.5356	3,50,57,59,60,62,68,86,93,155,165,219,345,368,496
(filmRef)16604	32	112	9	0.6126	0.5494	5,12,21,26,57,62,64,86,146
(filmRef)16992	47	112	15	0.5907	0.536	3,50,57,59,60,62,68,86,93,155,165,219,345,368,496
(filmRef)16997	47	112	15	0.5907	0.536	3,50,57,59,60,62,68,86,93,155,165,219,345,368,496
(filmRef)15400	0	112	10	0.6045	0.5453	3,16,19,26,30,33,122,180,236,483
(filmRef)15965	3	112	12	0.6193	0.5112	0,8,60,122,136,147,176,216,219,347,383,391
(filmRef)20580	0	111	11	0.6369	0.5429	3,16,26,30,33,88,122,180,236,291,347
(filmRef)16602	32	111	8	0.639	0.5594	5,21,25,26,41,57,62,86
(filmRef)14202	21	110	10	0.641	0.5565	5,25,26,30,32,57,59,69,290,345
(filmRef)14206	21	109	8	0.6387	0.5582	5,25,26,30,32,59,69,290
(filmRef)14198	21	109	9	0.6369	0.5548	5,25,26,30,32,57,59,69,290
(filmRef)15971	3	108	11	0.5921	0.5407	8,9,50,77,84,122,136,176,216,219,224
(filmRef)14898	136	107	16	0.6105	0.5288	0,3,60,84,114,122,141,142,177,190,211,216,218,219,357,380
(filmRef)15477	219	106	12	0.6347	0.5419	3,5,9,28,47,50,62,68,86,101,155,159
(filmRef)16991	47	106	13	0.5938	0.5317	3,50,57,59,62,68,86,93,165,219,345,368,496
(filmRef)16789	32	106	13	0.6149	0.5546	3,5,12,21,26,40,62,64,68,83,86,146,171
(filmRef)14484	21	105	9	0.641	0.5571	3,5,25,26,30,32,59,69,290
(filmRef)14492	21	105	8	0.6286	0.5515	5,25,26,30,32,59,69,290
(filmRef)14207	21	104	8	0.6329	0.5546	5,25,26,30,32,59,69,290
(filmRef)14487	21	104	8	0.639	0.5559	5,25,26,30,32,59,69,290
(filmRef)14489	21	104	8	0.6326	0.5565	5,25,26,30,32,59,69,290
(filmRef)14490	21	104	8	0.6346	0.5565	5,25,26,30,32,59,69,290
(filmRef)14499	216	103	12	0.6034	0.528	3,9,68,84,136,142,147,171,176,218,219,357
(filmRef)14491	21	102	8	0.6286	0.5538	5,25,26,30,32,59,69,290
(filmRef)14486	21	102	7	0.6431	0.5572	5,25,30,32,59,69,290
(filmRef)14500	216	102	12	0.6034	0.5269	3,9,68,84,136,142,147,171,176,218,219,357
(filmRef)15757	57	101	20	0.6081	0.5393	2,4,5,6,9,13,21,22,26,32,42,45,46,47,49,64,74,110,134,307
(filmRef)15674	57	101	20	0.6081	0.5393	2,4,5,6,9,13,21,22,26,32,42,45,46,47,49,64,74,110,134,307
(filmRef)14493	21	100	8	0.6246	0.5497	5,25,26,30,32,59,69,290
(filmRef)15478	219	100	12	0.6347	0.5436	3,5,9,28,47,50,62,68,86,101,155,159
(filmRef)15681	57	100	20	0.6154	0.5395	2,4,5,6,9,13,21,22,26,32,42,45,46,47,49,64,74,110,134,307
(filmRef)15244	69	100	11	0.608	0.5311	5,21,32,33,63,124,129,138,171,217,347
(filmRef)15759	57	100	20	0.6154	0.5395	2,4,5,6,9,13,21,22,26,32,42,45,46,47,49,64,74,110,134,307
(filmRef)14205	21	100	8	0.6289	0.5512	5,25,26,30,32,59,69,290
(filmRef)15691	57	99	19	0.6081	0.5392	2,4,5,6,13,21,22,26,32,42,45,46,47,49,64,74,110,134,307
(filmRef)14601	216	99	9	0.5974	0.5247	3,9,84,136,142,171,176,218,219
(filmRef)15431	86	99	12	0.6257	0.5347	3,32,47,54,60,62,68,93,143,219,345,496
(filmRef)15762	57	99	19	0.6081	0.5392	2,4,5,6,13,21,22,26,32,42,45,46,47,49,64,74,110,134,307
(filmRef)14483	21	99	8	0.6226	0.549	5,25,26,30,32,59,69,290
(filmRef)14209	21	99	7	0.6326	0.5565	5,25,26,32,59,69,290
(filmRef)15675	57	98	19	0.6081	0.5407	2,4,5,6,13,21,22,26,32,42,45,46,47,49,64,74,110,134,307
(filmRef)15690	57	98	19	0.6081	0.5399	2,4,5,6,13,21,22,26,32,42,45,46,47,49,64,74,110,134,307
(filmRef)15758	57	98	19	0.6081	0.5407	2,4,5,6,13,21,22,26,32,42,45,46,47,49,64,74,110,134,307
(filmRef)15243	69	98	12	0.6008	0.5319	5,21,32,33,63,124,129,138,171,174,217,347
(filmRef)15564	59	98	8	0.5744	0.5174	3,9,21,33,34,62,134,345
(filmRef)15692	57	98	18	0.6081	0.5394	2,4,5,6,13,21,22,26,32,42,45,46,47,49,64,74,110,307
(filmRef)15761	57	98	19	0.6081	0.5399	2,4,5,6,13,21,22,26,32,42,45,46,47,49,64,74,110,134,307
(filmRef)15763	57	98	18	0.6081	0.5394	2,4,5,6,13,21,22,26,32,42,45,46,47,49,64,74,110,307
(filmRef)15652	57	97	15	0.5979	0.5337	4,6,13,21,26,32,42,45,46,47,49,64,74,110,307
(filmRef)15493	86	97	11	0.6347	0.5359	3,32,47,50,55,62,68,93,143,219,496
(filmRef)15693	57	97	18	0.6081	0.5396	2,4,5,6,13,21,22,26,32,42,45,46,47,49,64,74,110,307
(filmRef)15764	57	97	18	0.6081	0.5396	2,4,5,6,13,21,22,26,32,42,45,46,47,49,64,74,110,307
(filmRef)16814	8	97	10	0.6087	0.5479	3,14,38,77,141,176,181,193,219,391
(filmRef)14204	21	97	8	0.627	0.5534	5,25,26,30,32,59,69,290
(filmRef)14763	62	97	9	0.569	0.5231	3,32,35,47,54,59,60,86,496
(filmRef)14203	21	97	7	0.6369	0.5569	5,25,30,32,59,69,290
(filmRef)15435	86	96	11	0.6022	0.5203	3,32,35,45,47,62,93,143,219,345,496
(filmRef)17189	8	96	9	0.6129	0.5471	3,14,38,77,141,176,181,219,391
(filmRef)17972	8	96	9	0.5938	0.5452	3,14,38,77,141,176,181,219,391
(filmRef)15246	69	96	13	0.5891	0.5292	5,21,30,33,63,124,129,138,139,171,174,217,347
(filmRef)14638	5	95	5	0.5966	0.5388	21,25,32,59,124
(filmRef)15651	57	95	15	0.6022	0.5357	4,13,21,26,32,42,45,46,47,49,64,74,110,134,307
(filmRef)20355	290	95	11	0.5617	0.5266	13,21,25,30,33,45,132,236,255,291,345
(filmRef)16229	3	95	15	0.6055	0.5175	0,8,28,47,60,62,122,136,138,176,216,218,344,347,465
(filmRef)14208	21	95	8	0.6309	0.5506	5,25,26,30,32,59,69,290
(filmRef)14765	62	94	8	0.5714	0.5241	3,32,47,54,59,60,86,496
(filmRef)17309	8	94	10	0.6096	0.5465	3,14,38,77,141,176,181,193,219,391
(filmRef)17191	8	94	10	0.6032	0.5477	3,14,38,77,141,176,181,193,219,391
(filmRef)14199	21	94	7	0.6266	0.5499	5,25,26,32,59,69,290
(filmRef)17973	8	94	10	0.5976	0.5457	3,14,38,77,141,176,181,193,219,391
(filmRef)14101	32	94	8	0.5956	0.5409	5,12,21,26,57,62,64,165
(filmRef)14262	32	94	9	0.6289	0.5639	3,5,13,21,41,57,62,86,345
(filmRef)14485	21	93	8	0.613	0.549	5,25,26,30,32,59,69,290
(filmRef)15218	0	93	9	0.5978	0.5357	3,16,26,30,33,122,180,347,483
(filmRef)15198	176	92	10	0.6193	0.531	3,8,9,68,122,147,216,218,219,347
(filmRef)14495	21	92	8	0.6092	0.5448	5,25,26,30,32,59,69,290
(filmRef)15760	57	91	17	0.6081	0.5404	2,4,5,6,13,21,22,26,32,42,45,46,47,74,110,134,307
(filmRef)14899	136	91	16	0.6105	0.5326	0,3,60,84,114,122,141,142,177,190,211,216,218,219,357,380
(filmRef)15568	59	91	8	0.567	0.5167	3,9,21,34,134,143,284,345
(filmRef)15245	69	91	10	0.6016	0.5315	5,12,19,21,30,33,63,124,138,171
(filmRef)14200	21	91	7	0.6246	0.5532	5,25,26,32,59,69,290
(filmRef)14567	5	90	6	0.5891	0.5495	21,25,32,59,124,220
(filmRef)15496	86	90	9	0.625	0.5323	3,32,47,62,93,130,143,219,496
(filmRef)15249	69	88	11	0.6008	0.532	5,21,33,63,124,129,138,171,174,217,347
(filmRef)14901	136	88	16	0.6105	0.533	0,3,60,84,114,122,141,142,177,190,211,216,218,219,357,380
(filmRef)14900	136	88	16	0.6175	0.5323	0,3,60,84,114,122,141,142,177,190,211,216,218,219,357,380
(filmRef)14494	21	87	7	0.6149	0.5495	5,25,26,32,59,69,290
(filmRef)14903	136	87	16	0.6175	0.5324	0,3,60,84,114,122,141,142,177,190,211,216,218,219,357,380
(filmRef)15479	62	87	11	0.5726	0.5257	3,32,35,47,54,59,60,86,219,386,496
(filmRef)14210	21	87	7	0.6207	0.553	5,25,26,32,59,69,290
(filmRef)14902	136	86	16	0.6105	0.533	0,3,60,84,114,122,141,142,177,190,211,216,218,219,357,380
(filmRef)14263	32	86	5	0.6081	0.5435	5,21,57,86,345
(filmRef)15492	86	86	11	0.6292	0.5306	3,32,45,47,51,62,68,93,143,219,496
(filmRef)15785	59	86	11	0.5699	0.5163	3,9,21,31,34,45,134,143,284,345,496
(filmRef)15432	86	85	9	0.6292	0.5314	3,32,35,45,47,62,93,219,496
(filmRef)14314	62	84	8	0.5574	0.5185	3,32,47,54,59,60,86,496
(filmRef)16603	32	84	6	0.6266	0.5711	5,13,21,57,62,86
(filmRef)15491	86	84	10	0.6196	0.5238	3,32,45,47,60,62,93,145,219,496
(filmRef)14924	50	83	10	0.6471	0.5721	3,9,47,85,86,101,112,155,159,219
(filmRef)14648	50	83	10	0.6471	0.5721	3,9,47,85,86,101,112,155,159,219
(filmRef)14882	25	82	6	0.6139	0.5449	5,8,21,32,165,290
(filmRef)14880	25	82	6	0.6139	0.5455	5,8,21,32,165,290
(filmRef)14885	25	82	6	0.6139	0.5444	5,8,21,32,165,290
(filmRef)14884	25	82	6	0.6139	0.5446	5,8,21,32,165,290
(filmRef)15482	62	82	7	0.5714	0.5272	3,32,47,59,60,86,496
(filmRef)14894	5	82	5	0.5923	0.5387	21,25,32,64,124
(filmRef)15653	57	82	9	0.6028	0.5364	4,6,13,32,42,47,74,110,307
(filmRef)14881	25	82	6	0.6139	0.5449	5,8,21,32,165,290
(filmRef)14883	25	82	6	0.6139	0.5446	5,8,21,32,165,290
(filmRef)14646	50	81	9	0.6471	0.5756	3,9,47,68,85,101,155,159,219
(filmRef)15328	59	81	10	0.5967	0.5187	3,9,21,34,143,173,284,345,390,496
(filmRef)15781	59	81	11	0.5789	0.5201	3,5,9,21,34,62,134,143,284,345,496
(filmRef)14201	21	81	5	0.6159	0.547	5,25,32,69,290
(filmRef)14834	5	81	6	0.5993	0.5509	21,25,32,64,124,345
(filmRef)14835	5	81	4	0.592	0.5369	21,25,32,124
(filmRef)14922	50	81	9	0.6471	0.5756	3,9,47,68,85,101,155,159,219
(filmRef)14488	21	80	7	0.6326	0.5557	5,25,26,32,59,69,290
(filmRef)14251	5	80	5	0.5833	0.529	21,25,32,59,124
(filmRef)17095	391	80	6	0.5792	0.5328	3,8,77,85,383,390
(filmRef)14678	25	80	6	0.6139	0.5476	5,8,21,32,165,290
(filmRef)14679	25	80	6	0.6139	0.547	5,8,21,32,165,290
(filmRef)14680	25	80	6	0.6139	0.5469	5,8,21,32,165,290
(filmRef)14681	25	80	6	0.6139	0.5467	5,8,21,32,165,290
(filmRef)14682	25	80	6	0.6139	0.5467	5,8,21,32,165,290
(filmRef)17040	68	80	10	0.6211	0.5542	3,9,28,32,47,62,176,216,219,368
(filmRef)14476	25	79	6	0.6139	0.5471	5,8,21,32,165,290
(filmRef)14701	21	79	6	0.5824	0.5332	5,6,25,30,32,69
(filmRef)14471	25	79	6	0.6139	0.5482	5,8,21,32,165,290
(filmRef)14472	25	79	6	0.6139	0.5476	5,8,21,32,165,290
(filmRef)14473	25	79	6	0.6139	0.5474	5,8,21,32,165,290
(filmRef)14474	25	79	6	0.6139	0.5472	5,8,21,32,165,290
(filmRef)14475	25	79	6	0.6139	0.5472	5,8,21,32,165,290
(filmRef)14696	21	78	5	0.5928	0.5368	5,25,32,69,290
(filmRef)14927	50	77	9	0.6471	0.5746	3,9,47,85,101,112,155,159,219
(filmRef)15567	59	77	10	0.5745	0.5142	3,4,9,21,34,105,134,143,284,345
(filmRef)14926	50	77	9	0.6471	0.5747	3,9,47,85,101,112,155,159,219
(filmRef)14650	50	77	9	0.6471	0.5747	3,9,47,85,101,112,155,159,219
(filmRef)14651	50	77	9	0.6471	0.5746	3,9,47,85,101,112,155,159,219
(filmRef)14315	62	76	7	0.5528	0.5191	3,32,47,54,60,86,496
(filmRef)14250	5	76	4	0.6139	0.5679	21,25,32,124
(filmRef)14699	21	74	6	0.5946	0.5461	5,25,26,30,32,69
(filmRef)14470	8	74	12	0.5575	0.5174	0,3,4,5,14,25,42,46,122,124,345,362
(filmRef)16338	47	74	12	0.5837	0.531	3,32,45,50,57,59,86,93,155,165,345,496
(filmRef)16589	124	74	7	0.6323	0.5395	5,8,42,69,171,217,362
(filmRef)16316	47	73	10	0.5837	0.5318	3,50,57,59,86,93,155,165,345,496
(filmRef)14693	21	73	5	0.5988	0.5388	5,25,26,32,69
(filmRef)16315	47	73	11	0.5837	0.532	3,50,57,59,68,86,93,155,165,345,496
(filmRef)15962	3	73	13	0.5918	0.525	8,84,122,136,138,147,176,216,219,347,391,465,496
(filmRef)16335	47	73	11	0.5837	0.532	3,50,57,59,68,86,93,155,165,345,496
(filmRef)16317	47	73	11	0.5837	0.5316	3,32,50,57,59,86,93,155,165,345,496
(filmRef)16337	47	73	11	0.5837	0.5316	3,32,50,57,59,86,93,155,165,345,496
(filmRef)15483	62	72	8	0.6054	0.5269	2,3,12,32,47,60,68,86
(filmRef)16339	47	72	10	0.5812	0.5299	3,32,57,59,86,93,155,165,345,496
(filmRef)15967	3	71	13	0.569	0.5329	8,60,77,84,136,138,147,176,216,219,224,344,465
(filmRef)15495	86	71	8	0.5946	0.5231	3,32,47,62,93,143,219,496
(filmRef)14683	25	71	4	0.5905	0.5371	5,21,32,165
(filmRef)15188	85	71	4	0.6034	0.5403	9,28,101,155
(filmRef)14698	21	71	6	0.5756	0.5281	5,25,26,30,32,69
(filmRef)16587	124	70	4	0.6498	0.5515	4,5,8,69
(filmRef)14513	5	69	5	0.5869	0.5391	21,25,30,32,124
(filmRef)14845	5	69	5	0.5714	0.5278	21,25,32,64,124
(filmRef)15494	86	69	8	0.6257	0.5363	3,32,47,62,68,93,219,496
(filmRef)14137	5	68	8	0.5763	0.5417	21,32,33,42,64,69,124,171
(filmRef)16449	14	68	3	0.623	0.539	3,8,273
(filmRef)16336	47	67	7	0.5865	0.5273	3,57,86,93,165,345,496
(filmRef)15784	59	67	10	0.5759	0.5223	3,5,9,21,31,34,90,134,345,496
(filmRef)14331	5	66	9	0.6498	0.5247	21,25,32,59,64,69,124,220,491
(filmRef)14396	34	66	5	0.5625	0.5262	31,33,59,220,496
(filmRef)14690	21	66	6	0.6018	0.5396	5,25,26,32,59,69
(filmRef)14398	34	66	5	0.5625	0.5262	31,33,59,220,496
(filmRef)20168	236	66	5	0.5724	0.5352	26,30,33,290,496
(filmRef)14399	34	66	5	0.5714	0.5263	31,33,59,220,496
(filmRef)14418	34	66	5	0.5625	0.5236	31,33,59,220,496
(filmRef)14401	34	66	5	0.5625	0.526	31,33,59,220,496
(filmRef)14402	34	66	5	0.5625	0.5263	31,33,59,220,496
(filmRef)14419	34	66	5	0.5714	0.5237	31,33,59,220,496
(filmRef)N0393	307	65	14	0.6471	0.5439	4,6,42,57,95,308,329,564,565,566,568,570,571,576
(filmRef)16790	345	65	11	0.6261	0.5461	3,4,8,21,30,33,45,47,59,165,290
(filmRef)15434	86	65	8	0.612	0.5228	3,32,41,47,62,93,143,219
(filmRef)19243	77	65	4	0.5744	0.5283	3,8,176,391
(filmRef)20348	165	64	13	0.5907	0.5167	5,25,32,33,47,59,60,122,132,171,217,291,345
(filmRef)17676	3	64	7	0.5876	0.5123	8,47,59,77,176,216,391
(filmRef)14397	34	64	5	0.5625	0.5265	31,33,59,220,496
(filmRef)17006	3	64	7	0.5773	0.5109	8,47,59,77,176,216,391
(filmRef)17005	3	64	7	0.5876	0.5114	8,47,59,77,176,216,391
(filmRef)14404	34	64	5	0.56	0.5247	31,33,59,220,496
(filmRef)17004	3	64	7	0.5773	0.5114	8,47,59,77,176,216,391
(filmRef)14405	34	64	5	0.56	0.5247	31,33,59,220,496
(filmRef)14411	34	64	5	0.56	0.5248	31,33,59,220,496
(filmRef)15964	3	64	9	0.5843	0.5502	8,50,77,84,122,155,176,219,391
(filmRef)14412	34	64	5	0.56	0.5251	31,33,59,220,496
(filmRef)20352	165	64	12	0.5959	0.5165	5,25,32,33,47,59,122,132,171,217,291,345
(filmRef)20351	165	64	12	0.5959	0.5165	5,25,32,33,47,59,122,132,171,217,291,345
(filmRef)20347	165	64	13	0.5907	0.5167	5,25,32,33,47,59,60,122,132,171,217,291,345
(filmRef)14415	34	64	5	0.56	0.525	31,33,59,220,496
(filmRef)14416	34	64	5	0.56	0.5248	31,33,59,220,496
(filmRef)14420	34	64	5	0.56	0.5251	31,33,59,220,496
(filmRef)17675	3	63	7	0.5876	0.5131	8,47,59,77,176,216,391
(filmRef)20350	165	63	12	0.5959	0.5168	5,25,32,33,47,59,122,132,171,217,291,345
(filmRef)20349	165	63	12	0.5959	0.5168	5,25,32,33,47,59,122,132,171,217,291,345
(filmRef)19242	77	63	3	0.5657	0.5197	3,8,391
(filmRef)14695	21	63	6	0.5706	0.5271	5,25,26,30,32,69
(filmRef)14694	21	63	4	0.5886	0.531	5,25,32,69
(filmRef)21097	505	63	4	0.6166	0.5557	6,24,42,107
(filmRef)17674	3	63	7	0.5876	0.5127	8,47,59,77,176,216,391
(filmRef)14407	34	62	5	0.56	0.5253	31,33,59,220,496
(filmRef)14417	34	62	5	0.56	0.5249	31,33,59,220,496
(filmRef)15972	3	61	14	0.5976	0.5356	8,77,84,122,136,141,176,183,216,218,219,391,465,496
(filmRef)14283	3	60	9	0.5613	0.5342	5,32,35,54,56,62,86,219,345
(filmRef)14249	5	60	8	0.6323	0.5465	3,25,32,54,69,124,165,362
(filmRef)15958	3	60	8	0.6066	0.5493	8,84,136,138,176,218,219,347
(filmRef)15570	59	59	6	0.5758	0.5222	0,3,26,34,134,345
(filmRef)14700	21	59	6	0.5706	0.5295	5,25,26,30,32,69
(filmRef)15186	85	59	2	0.6261	0.5621	9,50
(filmRef)17000	3	58	7	0.6087	0.5295	8,59,77,140,176,216,391
(filmRef)14136	5	57	7	0.5855	0.5225	3,25,32,69,124,171,492
(filmRef)14502	5	57	5	0.5776	0.5274	21,25,32,59,124
(filmRef)14316	62	56	7	0.5613	0.5218	3,32,47,54,60,86,496
(filmRef)14150	5	56	7	0.5767	0.5329	21,25,30,32,64,124,492
(filmRef)14639	5	56	4	0.627	0.5217	21,25,32,124
(filmRef)14691	21	56	5	0.569	0.5286	5,25,30,32,69
(filmRef)14448	5	56	6	0.5987	0.5561	21,25,32,64,124,492
(filmRef)17672	3	56	7	0.6032	0.521	8,59,77,140,176,216,391
(filmRef)17757	273	55	1	0.6387	0.5881	14
(filmRef)17758	273	55	1	0.6166	0.5681	14
(filmRef)15966	3	55	14	0.5492	0.5287	8,50,60,84,122,136,138,176,183,216,218,219,383,391
(filmRef)16999	3	55	7	0.5957	0.5224	8,59,77,140,176,216,391
(filmRef)17761	273	55	1	0.6218	0.5749	14
(filmRef)14093	21	55	7	0.5916	0.5328	5,32,57,68,69,146,347
(filmRef)14403	34	55	5	0.5766	0.5356	31,33,59,220,496
(filmRef)14697	21	55	4	0.5893	0.544	5,25,32,69
(filmRef)14317	62	55	5	0.5534	0.5204	3,32,54,60,86
(filmRef)14406	34	54	5	0.574	0.5346	31,33,59,220,496
(filmRef)16588	124	54	4	0.6226	0.5316	4,5,8,69
(filmRef)14836	5	54	6	0.5855	0.5186	25,32,69,124,171,492
(filmRef)17671	3	54	7	0.6129	0.5293	8,59,77,140,176,391,491
(filmRef)14414	34	54	5	0.574	0.5346	31,33,59,220,496
(filmRef)14409	34	53	5	0.574	0.5355	31,33,59,220,496
(filmRef)14410	34	53	5	0.574	0.5353	31,33,59,220,496
(filmRef)18107	3	53	6	0.5938	0.5187	8,59,77,176,216,391
(filmRef)14413	34	53	5	0.574	0.535	31,33,59,220,496
(filmRef)14313	62	53	6	0.5569	0.5217	3,32,54,60,86,496
(filmRef)14408	34	53	5	0.574	0.5353	31,33,59,220,496
(filmRef)17673	3	53	6	0.6096	0.5261	8,59,77,140,216,391
(filmRef)14252	5	52	5	0.6239	0.5284	21,25,32,59,124
(filmRef)15150	9	52	10	0.6286	0.55	3,28,45,50,59,68,76,85,171,216
(filmRef)N0455	4	52	21	0.6345	0.5285	11,42,45,57,95,171,307,308,329,345,548,549,564,565,566,568,569,570,571,573,576
(filmRef)16571	218	52	14	0.6013	0.555	3,84,114,136,137,139,141,142,176,177,186,211,216,219
(filmRef)14400	34	52	5	0.5561	0.5276	31,33,59,220,496
(filmRef)15147	9	51	9	0.6286	0.55	3,28,45,50,59,68,76,85,216
(filmRef)15140	9	51	10	0.6331	0.5496	3,28,45,50,59,68,76,85,171,216
(filmRef)15969	3	51	9	0.5641	0.5167	8,50,84,122,155,176,219,347,391
(filmRef)14917	5	51	5	0.586	0.5487	21,25,32,64,124
(filmRef)17001	3	51	7	0.5957	0.522	8,59,77,140,176,216,391
(filmRef)15770	147	51	14	0.6254	0.5346	3,8,60,68,122,176,183,186,216,219,347,357,377,465
(filmRef)14222	45	51	8	0.5703	0.5238	3,4,33,42,134,171,255,345
(filmRef)16998	3	51	6	0.5864	0.5177	8,59,77,176,216,391
(filmRef)15769	147	51	14	0.6254	0.5352	3,8,60,68,84,122,176,183,186,216,219,347,357,465
(filmRef)15148	9	50	9	0.6286	0.5515	3,28,45,50,59,68,76,85,216
(filmRef)15144	9	50	9	0.6286	0.5503	3,28,45,50,59,68,76,85,216
(filmRef)14911	9	50	9	0.6286	0.5507	3,28,45,50,59,68,76,85,216
(filmRef)15145	9	50	9	0.6286	0.5505	3,28,45,50,59,68,76,85,216
(filmRef)21033	6	50	8	0.5511	0.5121	4,9,45,57,68,76,134,505
(filmRef)15149	9	50	9	0.6286	0.5517	3,28,45,50,59,68,76,85,216
(filmRef)15152	9	50	9	0.6286	0.5506	3,28,45,50,59,68,76,85,216
(filmRef)15151	9	50	9	0.6286	0.5508	3,28,45,50,59,68,76,85,216
(filmRef)15296	9	50	9	0.6286	0.5512	3,28,45,50,59,68,76,85,216
(filmRef)21090	6	50	8	0.5511	0.5116	4,9,45,57,68,76,134,505
(filmRef)15146	9	49	9	0.6286	0.5511	3,28,45,50,59,68,76,85,216
(filmRef)15774	147	49	12	0.6254	0.5353	3,8,60,68,122,176,183,186,219,347,357,465
(filmRef)15961	3	49	9	0.5914	0.5161	8,99,138,147,176,216,219,347,465
(filmRef)15143	9	49	9	0.6286	0.5509	3,28,45,50,59,68,76,85,216
(filmRef)15142	9	49	9	0.6331	0.5503	3,28,45,50,59,68,76,85,216
(filmRef)15141	9	49	9	0.6331	0.5506	3,28,45,50,59,68,76,85,216
(filmRef)15139	9	49	9	0.6331	0.5515	3,28,45,50,59,68,76,85,216
(filmRef)15137	9	49	9	0.6331	0.5507	3,28,45,50,59,68,76,85,216
(filmRef)14914	9	49	9	0.6286	0.5487	3,28,45,50,59,68,76,85,216
(filmRef)16329	31	49	7	0.64	0.5423	0,26,30,34,59,491,496
(filmRef)16328	31	49	7	0.64	0.5423	0,26,30,34,59,491,496
(filmRef)14913	9	49	9	0.6286	0.547	3,28,45,50,59,68,76,85,216
(filmRef)16334	31	49	7	0.64	0.5423	0,26,30,34,59,491,496
(filmRef)16333	31	49	7	0.64	0.5423	0,26,30,34,59,491,496
(filmRef)14912	9	49	9	0.6286	0.5484	3,28,45,50,59,68,76,85,216
(filmRef)16332	31	49	7	0.64	0.5423	0,26,30,34,59,491,496
(filmRef)16331	31	49	7	0.64	0.5423	0,26,30,34,59,491,496
(filmRef)16330	31	49	7	0.64	0.5423	0,26,30,34,59,491,496
(filmRef)16327	31	49	7	0.64	0.5423	0,26,30,34,59,491,496
(filmRef)16326	31	49	7	0.64	0.5423	0,26,30,34,59,491,496
(filmRef)16325	31	49	7	0.64	0.5423	0,26,30,34,59,491,496
(filmRef)14915	9	49	9	0.6286	0.549	3,28,45,50,59,68,76,85,216
(filmRef)14910	9	49	9	0.6286	0.5475	3,28,45,50,59,68,76,85,216
(filmRef)17002	3	48	5	0.5895	0.5183	8,59,77,176,391
(filmRef)15960	3	48	4	0.5743	0.5421	8,77,84,219
(filmRef)11096	317	48	1	0.57	0.5506	7
(filmRef)14685	25	48	3	0.5897	0.5279	5,21,103
(filmRef)15773	147	48	12	0.6254	0.5358	3,8,60,68,122,176,183,186,219,347,357,465
(filmRef)15185	85	48	1	0.6422	0.5873	9
(filmRef)14211	45	48	7	0.567	0.5273	4,13,22,26,33,290,574
(filmRef)15772	147	48	13	0.6254	0.5362	3,8,60,68,84,122,176,183,186,219,347,357,465
(filmRef)15771	147	48	12	0.6254	0.536	3,8,60,68,122,176,183,186,219,347,357,465
(filmRef)11199	317	48	1	0.57	0.5506	7
(filmRef)14985	59	48	7	0.5714	0.5453	3,34,62,90,134,143,345
(filmRef)14684	25	47	3	0.6033	0.526	5,21,103
(filmRef)14886	25	47	3	0.6033	0.5275	5,21,103
(filmRef)14686	25	47	3	0.6033	0.5252	5,21,103
(filmRef)16676	13	47	6	0.6007	0.5459	26,32,42,45,57,290
(filmRef)16678	13	47	6	0.6007	0.5454	26,32,42,45,57,290
(filmRef)14482	25	46	3	0.5897	0.53	5,21,103
(filmRef)14253	5	46	3	0.5905	0.5589	25,32,124
(filmRef)16680	13	46	6	0.5928	0.5422	26,32,42,45,57,290
(filmRef)19798	69	46	8	0.5575	0.5178	5,12,21,33,63,124,171,381
(filmRef)14887	25	46	3	0.6033	0.5273	5,21,103
(filmRef)14213	45	46	9	0.6077	0.5483	4,6,13,22,33,57,129,171,290
(filmRef)14689	25	45	3	0.6033	0.5263	5,21,103
(filmRef)16246	31	45	7	0.6264	0.5175	0,26,30,34,59,491,496
(filmRef)14837	5	45	3	0.5714	0.5327	21,32,124
(filmRef)14687	25	45	3	0.6033	0.5262	5,21,103
(filmRef)16251	31	45	6	0.6237	0.5117	0,26,30,34,491,496
(filmRef)14688	25	45	3	0.6033	0.5263	5,21,103
(filmRef)18009	101	44	5	0.5867	0.5653	9,50,85,219,226
(filmRef)14478	25	44	3	0.6033	0.5284	5,21,103
(filmRef)18012	101	44	5	0.5867	0.5653	9,50,85,219,226
(filmRef)18011	101	44	5	0.5867	0.5653	9,50,85,219,226
(filmRef)18008	101	44	5	0.5867	0.5653	9,50,85,219,226
(filmRef)18010	101	44	5	0.5867	0.5653	9,50,85,219,226
(filmRef)14459	8	44	5	0.5667	0.516	3,14,38,147,377
(filmRef)14477	25	44	3	0.6033	0.5291	5,21,103
(filmRef)14460	8	44	5	0.5667	0.516	3,14,38,147,377
(filmRef)14461	8	44	5	0.5667	0.516	3,14,38,147,377
(filmRef)14462	8	44	5	0.5667	0.516	3,14,38,147,377
(filmRef)14463	8	44	5	0.5667	0.516	3,14,38,147,377
(filmRef)14466	8	44	5	0.5667	0.516	3,14,38,147,377
(filmRef)14465	8	44	5	0.5667	0.516	3,14,38,147,377
(filmRef)14464	8	44	5	0.5667	0.516	3,14,38,147,377
(filmRef)14175	8	44	5	0.5667	0.516	3,14,38,147,377
(filmRef)15416	218	44	14	0.6056	0.5511	3,84,114,136,137,139,141,142,176,177,190,211,216,219
(filmRef)14178	8	44	5	0.5667	0.516	3,14,38,147,377
(filmRef)18013	101	44	5	0.5867	0.5653	9,50,85,219,226
(filmRef)14184	8	44	5	0.5667	0.516	3,14,38,147,377
(filmRef)14183	8	44	5	0.5667	0.516	3,14,38,147,377
(filmRef)14182	8	44	5	0.5667	0.516	3,14,38,147,377
(filmRef)14181	8	44	5	0.5667	0.516	3,14,38,147,377
(filmRef)14180	8	44	5	0.5667	0.516	3,14,38,147,377
(filmRef)18015	101	44	5	0.5867	0.5653	9,50,85,219,226
(filmRef)14179	8	44	5	0.5667	0.516	3,14,38,147,377
(filmRef)14467	8	44	5	0.5667	0.516	3,14,38,147,377
(filmRef)18014	101	44	5	0.5867	0.5653	9,50,85,219,226
(filmRef)14177	8	44	5	0.5667	0.516	3,14,38,147,377
(filmRef)14176	8	44	5	0.5667	0.516	3,14,38,147,377
(filmRef)14469	8	44	5	0.5667	0.516	3,14,38,147,377
(filmRef)14468	8	44	5	0.5667	0.516	3,14,38,147,377
(filmRef)18659	38	43	3	0.5685	0.5295	3,8,10
(filmRef)16252	31	43	7	0.623	0.5156	0,26,30,34,59,491,496
(filmRef)15417	218	43	13	0.6187	0.5605	3,84,114,136,137,139,141,142,176,177,211,216,219
(filmRef)16451	377	43	4	0.5658	0.5097	3,8,147,193
(filmRef)15136	9	42	9	0.6331	0.5509	3,28,45,50,59,68,76,85,216
(filmRef)17227	155	42	8	0.6165	0.5508	3,6,8,47,50,68,85,219
(filmRef)15044	42	42	8	0.5815	0.5437	4,13,45,57,134,146,307,505
(filmRef)T0143	573	42	7	0.6295	0.5402	4,45,308,564,568,574,576
(filmRef)15418	218	42	12	0.6137	0.563	3,84,114,136,137,139,141,142,177,211,216,219
(filmRef)N0024	4	42	17	0.5714	0.5222	42,45,57,124,171,307,308,329,548,564,565,566,568,571,573,576,577
(filmRef)T0159	573	42	7	0.6255	0.5464	4,45,308,564,565,574,576
(filmRef)14225	45	42	10	0.6494	0.5275	4,22,33,42,59,76,125,290,573,574
(filmRef)14212	45	41	9	0.6322	0.5243	4,6,13,22,33,57,125,129,290
(filmRef)18729	465	41	6	0.5531	0.529	3,60,62,122,147,265
(filmRef)18728	465	41	6	0.5531	0.5291	3,60,62,122,147,265
(filmRef)14923	50	41	9	0.6471	0.5609	3,9,47,85,101,112,155,159,219
(filmRef)15138	9	41	9	0.6331	0.5502	3,28,45,50,59,68,76,176,216
(filmRef)14721	46	41	5	0.5373	0.5178	3,22,57,84,122
(filmRef)14647	50	41	9	0.6471	0.5609	3,9,47,85,101,112,155,159,219
(filmRef)18488	159	41	4	0.6	0.5573	9,50,68,219
(filmRef)N0394	307	41	11	0.6305	0.5415	4,42,57,95,564,565,566,568,569,570,571
(filmRef)16286	31	40	6	0.627	0.5144	0,26,30,34,491,496
(filmRef)14844	5	40	3	0.632	0.5381	21,32,124
(filmRef)14480	25	40	3	0.6	0.5275	5,21,103
(filmRef)21143	6	40	3	0.5745	0.537	24,102,505
(filmRef)15782	59	40	7	0.5481	0.5112	3,4,5,21,34,255,345
(filmRef)14918	5	39	4	0.6457	0.526	21,32,64,124
(filmRef)15786	59	39	7	0.5408	0.5203	3,34,62,134,284,345,492
(filmRef)14925	50	39	9	0.6471	0.5596	3,9,47,85,101,112,155,159,219
(filmRef)14649	50	39	9	0.6471	0.5596	3,9,47,85,101,112,155,159,219
(filmRef)14479	25	39	3	0.6	0.5243	5,21,103
(filmRef)N0390	4	38	12	0.6118	0.5355	42,57,171,307,308,345,564,565,566,571,573,576
(filmRef)15239	141	38	14	0.6374	0.5576	3,8,60,84,114,136,142,190,211,218,219,349,371,412
(filmRef)15236	141	38	14	0.6374	0.5585	3,8,60,84,114,136,142,190,211,218,219,349,371,412
(filmRef)17231	155	38	7	0.6087	0.5562	6,47,50,68,138,219,496
(filmRef)T0649	308	38	12	0.6462	0.5413	4,27,45,95,307,329,566,568,569,573,574,576
(filmRef)20353	4	38	13	0.6494	0.545	5,8,42,45,59,76,105,124,125,173,345,573,574
(filmRef)20039	64	37	3	0.5767	0.5198	5,32,49
(filmRef)14481	25	37	4	0.5955	0.5243	5,21,52,103
(filmRef)17096	391	37	4	0.5534	0.5142	3,8,77,204
(filmRef)16290	31	37	6	0.6237	0.5132	0,26,30,34,491,496
(filmRef)16591	8	36	3	0.5714	0.5172	3,14,38
(filmRef)16598	8	36	3	0.5714	0.5172	3,14,38
(filmRef)17230	155	36	6	0.5983	0.552	6,47,50,68,219,496
(filmRef)15373	42	36	7	0.5668	0.5354	4,45,57,125,134,307,505
(filmRef)16635	8	36	3	0.5714	0.5172	3,14,38
(filmRef)16634	8	36	3	0.5714	0.5172	3,14,38
(filmRef)T0105	4	36	18	0.6295	0.5364	11,27,45,124,134,214,307,308,329,549,564,565,566,571,573,574,576,577
(filmRef)T0979	576	36	6	0.5818	0.5303	4,11,307,308,569,573
(filmRef)16632	8	36	3	0.5714	0.5172	3,14,38
(filmRef)16631	8	36	3	0.5714	0.5172	3,14,38
(filmRef)14895	5	36	4	0.5461	0.5292	21,32,124,220
(filmRef)16593	8	36	3	0.5714	0.5172	3,14,38
(filmRef)16250	31	36	6	0.6264	0.5168	0,26,30,34,491,496
(filmRef)16597	8	36	3	0.5714	0.5172	3,14,38
(filmRef)21055	6	36	2	0.6166	0.5718	24,505
(filmRef)20704	220	36	3	0.5108	0.5068	5,33,34
(filmRef)16596	8	36	3	0.5714	0.5172	3,14,38
(filmRef)16595	8	36	3	0.5714	0.5172	3,14,38
(filmRef)16594	8	36	3	0.5714	0.5172	3,14,38
(filmRef)16592	8	36	3	0.5714	0.5172	3,14,38
(filmRef)21063	6	35	2	0.5876	0.5561	24,505
(filmRef)22936	529	35	13	0.5988	0.5418	58,104,106,202,297,299,301,517,518,525,526,531,536
(filmRef)14827	134	35	8	0.6349	0.5257	4,5,6,42,45,57,59,105
(filmRef)T0647	308	35	6	0.6301	0.553	4,27,307,566,573,574
(filmRef)19048	3	35	7	0.5946	0.533	5,28,56,62,68,141,219
(filmRef)14138	5	35	5	0.5759	0.536	25,33,64,69,124
(filmRef)16289	31	34	5	0.6237	0.5139	0,26,30,34,496
(filmRef)16244	31	34	6	0.623	0.5149	0,26,30,34,491,496
(filmRef)16282	31	34	6	0.623	0.516	0,26,30,34,491,496
(filmRef)15963	3	34	10	0.6064	0.5404	8,77,84,122,136,176,216,219,224,391
(filmRef)15135	9	34	8	0.6471	0.573	3,6,45,50,59,85,101,159
(filmRef)15281	9	34	8	0.6471	0.574	3,6,45,50,59,85,101,159
(filmRef)14824	134	34	8	0.6349	0.5279	4,5,6,42,45,57,59,105
(filmRef)14552	46	34	5	0.518	0.5065	3,22,57,84,122
(filmRef)19245	77	34	3	0.5463	0.5166	3,8,391
(filmRef)16478	62	34	6	0.6316	0.5451	3,45,53,86,219,465
(filmRef)20697	12	34	4	0.5938	0.5398	0,26,32,49
(filmRef)14974	76	34	9	0.6331	0.5984	4,5,6,9,45,105,125,171,368
(filmRef)15290	9	34	8	0.6471	0.5729	3,6,45,50,59,85,101,159
(filmRef)15241	69	34	8	0.5277	0.5097	0,5,21,33,63,124,171,217
(filmRef)15283	9	33	8	0.6471	0.5744	3,6,45,50,59,85,101,159
(filmRef)15300	9	33	7	0.6408	0.5733	3,45,50,59,85,101,159
(filmRef)16283	31	33	5	0.6162	0.5153	0,26,30,34,496
(filmRef)14825	134	33	8	0.6349	0.5272	4,5,6,42,45,57,59,105
(filmRef)14822	134	33	8	0.6349	0.5271	4,5,6,42,45,57,59,105
(filmRef)14823	134	33	8	0.6429	0.5275	4,5,6,42,45,57,59,105
(filmRef)15440	42	33	8	0.5392	0.5098	8,33,54,64,124,171,307,362
(filmRef)14860	9	33	8	0.6275	0.5727	3,6,45,50,59,85,101,159
(filmRef)15299	9	33	8	0.6408	0.573	3,6,45,50,59,85,101,159
(filmRef)14858	9	33	8	0.6471	0.5745	3,6,45,50,59,85,101,159
(filmRef)14856	9	33	8	0.6471	0.5733	3,6,45,50,59,85,101,159
(filmRef)14859	9	33	8	0.6275	0.5722	3,6,45,50,59,85,101,159
(filmRef)19241	77	33	3	0.5505	0.5174	3,8,391
(filmRef)14826	134	33	8	0.6349	0.5281	4,5,6,42,45,57,59,105
(filmRef)20690	12	33	5	0.5876	0.5434	0,26,32,49,62
(filmRef)16910	60	33	6	0.5415	0.5076	3,47,51,55,62,86
(filmRef)16044	84	33	9	0.578	0.5174	3,5,46,114,136,183,216,219,356
(filmRef)15291	9	33	8	0.6471	0.5756	3,6,45,50,59,85,101,159
(filmRef)15293	9	33	8	0.6275	0.5737	3,6,45,50,59,85,101,159
(filmRef)15294	9	33	8	0.6275	0.5728	3,6,45,50,59,85,101,159
(filmRef)15292	9	33	8	0.6275	0.5733	3,6,45,50,59,85,101,159
(filmRef)21093	6	33	8	0.5511	0.5171	4,9,45,57,68,76,134,505
(filmRef)16913	60	32	5	0.5415	0.5077	3,47,51,62,86
(filmRef)15087	211	32	9	0.5941	0.5478	3,114,135,136,141,142,218,219,352
(filmRef)15436	86	32	4	0.5969	0.5371	3,35,62,219
(filmRef)20073	491	32	4	0.5362	0.5188	3,5,31,54
(filmRef)15301	9	32	8	0.6408	0.5762	3,6,45,50,59,85,101,159
(filmRef)17200	93	32	4	0.5446	0.5252	47,86,236,496
(filmRef)20072	491	32	4	0.5362	0.5188	3,5,31,54
(filmRef)16248	31	31	6	0.6096	0.5133	0,26,30,34,491,496
(filmRef)15297	9	31	7	0.6408	0.5773	3,45,50,59,85,101,159
(filmRef)15303	9	31	7	0.6408	0.5768	3,45,50,59,85,101,159
(filmRef)15298	9	31	7	0.6408	0.5776	3,45,50,59,85,101,159
(filmRef)15302	9	31	7	0.6408	0.5764	3,45,50,59,85,101,159
(filmRef)16912	60	31	5	0.5415	0.5086	3,47,51,62,86
(filmRef)16908	60	31	7	0.5415	0.5074	3,47,51,55,62,86,90
(filmRef)16911	60	31	6	0.5415	0.5079	3,47,51,55,62,86
(filmRef)15295	9	31	7	0.6408	0.5759	3,45,50,59,85,101,159
(filmRef)16900	60	31	5	0.537	0.5079	3,47,51,62,86
(filmRef)14774	74	31	2	0.5648	0.5352	57,75
(filmRef)14783	74	31	2	0.5544	0.5266	57,75
(filmRef)N0590	568	31	11	0.6242	0.5358	4,95,307,308,329,564,565,569,570,571,573
(filmRef)17206	93	31	4	0.5357	0.5238	47,86,236,496
(filmRef)17205	93	31	4	0.5412	0.5243	47,86,236,496
(filmRef)17204	93	31	3	0.5446	0.5247	47,86,496
(filmRef)14771	74	31	2	0.5665	0.5389	57,75
(filmRef)15083	42	31	7	0.556	0.5361	4,13,45,57,125,307,505
(filmRef)14782	74	31	2	0.5552	0.5346	57,75
(filmRef)17203	93	31	3	0.5446	0.5255	47,86,496
(filmRef)19323	77	31	3	0.5308	0.5131	3,8,391
(filmRef)20219	492	31	7	0.6362	0.5387	0,2,5,26,59,163,291
(filmRef)N0435	4	31	13	0.6038	0.5347	42,45,95,105,171,307,345,564,565,566,569,571,573
(filmRef)20694	12	31	4	0.585	0.5425	0,26,32,49
(filmRef)14776	74	31	2	0.5673	0.5486	57,75
(filmRef)17207	93	30	3	0.5357	0.5246	47,86,496
(filmRef)14299	5	30	4	0.558	0.5137	21,32,64,124
(filmRef)17202	93	30	3	0.5446	0.5266	47,86,496
(filmRef)17201	93	30	3	0.5446	0.5269	47,86,496
(filmRef)17871	8	30	4	0.6091	0.5263	3,14,38,219
(filmRef)14779	74	30	2	0.5641	0.5293	57,75
(filmRef)17971	8	30	4	0.6091	0.5263	3,14,38,219
(filmRef)15538	146	30	8	0.5911	0.5315	6,21,32,42,45,68,129,171
(filmRef)15547	42	30	6	0.5417	0.5122	57,124,146,171,307,362
(filmRef)15916	28	30	5	0.5867	0.5592	3,9,68,85,219
(filmRef)17208	93	30	3	0.5357	0.5246	47,86,496
(filmRef)17209	93	30	3	0.5446	0.525	47,86,496
(filmRef)17049	68	30	6	0.5568	0.5389	9,62,146,171,219,368
(filmRef)15370	42	30	6	0.5654	0.5427	4,13,45,49,57,307
(filmRef)18487	159	30	4	0.5899	0.568	9,50,68,219
(filmRef)15311	142	30	9	0.5948	0.5312	135,136,137,141,176,211,216,218,219
(filmRef)16235	3	30	9	0.5614	0.5176	0,47,60,62,136,176,216,218,465
(filmRef)16909	60	29	5	0.5415	0.5078	3,47,51,62,86
(filmRef)14149	5	29	4	0.5875	0.5313	25,32,64,124
(filmRef)20699	12	29	4	0.5852	0.5417	0,26,32,49
(filmRef)20698	12	29	4	0.5909	0.545	26,32,49,62
(filmRef)16915	60	29	5	0.5415	0.5078	3,47,51,62,86
(filmRef)16041	84	29	9	0.6173	0.5313	3,46,135,136,183,218,219,356,357
(filmRef)16903	60	29	5	0.537	0.5084	3,47,51,62,86
(filmRef)18490	159	29	3	0.5899	0.5664	9,50,219
(filmRef)15284	9	29	9	0.6471	0.5613	3,6,45,50,59,85,101,155,159
(filmRef)17194	110	29	3	0.5469	0.528	6,26,57
(filmRef)14857	9	29	9	0.6471	0.5601	3,6,45,50,59,85,101,155,159
(filmRef)16249	31	29	5	0.6096	0.5133	0,26,30,34,496
(filmRef)18492	159	29	3	0.5899	0.5664	9,50,219
(filmRef)15542	146	29	8	0.5911	0.529	6,21,32,42,45,95,129,171
(filmRef)18491	159	29	3	0.5899	0.5659	9,50,219
(filmRef)18489	159	29	3	0.5899	0.5664	9,50,219
(filmRef)15566	59	29	2	0.5185	0.5097	3,34
(filmRef)15543	146	29	8	0.5992	0.5296	6,21,32,42,45,95,129,171
(filmRef)16901	60	29	5	0.537	0.5082	3,47,51,62,86
(filmRef)15539	146	28	8	0.5911	0.5307	6,21,32,42,45,95,129,171
(filmRef)21011	24	28	2	0.5815	0.5381	6,505
(filmRef)21010	24	28	2	0.5901	0.5369	6,505
(filmRef)17041	68	28	4	0.5978	0.5738	9,146,171,219
(filmRef)15460	357	28	9	0.5946	0.5431	3,84,114,136,147,177,183,216,219
(filmRef)21027	24	28	2	0.5961	0.5481	6,505
(filmRef)15471	143	28	5	0.5561	0.5164	3,35,59,86,284
(filmRef)15540	146	28	8	0.5911	0.5302	6,21,32,42,45,95,129,171
(filmRef)15915	28	28	5	0.5641	0.543	3,9,68,85,219
(filmRef)15381	55	28	4	0.5379	0.5142	41,51,86,129
(filmRef)15389	55	28	4	0.5338	0.5128	41,51,60,129
(filmRef)15461	357	28	9	0.5946	0.5431	3,84,114,136,147,177,183,216,219
(filmRef)15541	146	28	8	0.5911	0.5305	6,21,32,42,45,95,129,171
(filmRef)N0900	571	28	6	0.6345	0.5333	4,95,566,568,569,572
(filmRef)15702	28	28	4	0.5658	0.5462	9,68,85,219
(filmRef)21004	24	28	2	0.5789	0.5349	6,505
(filmRef)15699	28	28	4	0.5658	0.5452	9,68,85,219
(filmRef)14777	74	28	2	0.5622	0.5244	57,75
(filmRef)20987	24	28	2	0.5776	0.5432	6,505
(filmRef)14838	5	28	7	0.6349	0.529	4,21,32,69,76,124,173
(filmRef)16904	60	28	5	0.537	0.5086	3,47,51,62,86
(filmRef)16906	60	28	5	0.537	0.5078	3,47,51,62,86
(filmRef)T0303	574	28	5	0.6383	0.565	4,27,45,308,573
(filmRef)15667	28	28	4	0.585	0.5651	9,68,85,219
(filmRef)20989	24	28	2	0.5853	0.5291	6,505
(filmRef)20990	24	28	2	0.5782	0.5292	6,505
(filmRef)15697	28	28	4	0.585	0.5651	9,68,85,219
(filmRef)14780	74	28	2	0.5602	0.5246	57,75
(filmRef)T0542	4	28	12	0.6047	0.5356	27,45,307,308,314,329,564,565,568,573,574,576
(filmRef)15700	28	28	4	0.5658	0.5462	9,68,85,219
(filmRef)15701	28	28	4	0.5658	0.5452	9,68,85,219
(filmRef)20696	12	28	3	0.5778	0.5447	26,32,49
(filmRef)15472	143	28	5	0.5561	0.517	3,35,59,86,284
(filmRef)21110	6	27	1	0.5624	0.5408	24
(filmRef)15474	143	27	5	0.5561	0.5176	3,35,59,86,284
(filmRef)21105	6	27	1	0.5616	0.541	24
(filmRef)N0548	4	27	15	0.6255	0.5465	11,42,45,124,171,307,329,345,564,565,566,568,570,571,573
(filmRef)21111	6	27	1	0.5616	0.5408	24
(filmRef)21107	6	27	1	0.5616	0.541	24
(filmRef)15022	5	27	5	0.6081	0.5287	25,32,64,69,124
(filmRef)N0718	571	27	8	0.6109	0.5429	4,95,214,307,565,566,568,569
(filmRef)21109	6	27	1	0.5662	0.541	24
(filmRef)21106	6	27	1	0.5618	0.541	24
(filmRef)15387	55	27	4	0.5283	0.5139	3,41,51,60
(filmRef)21112	6	27	1	0.5616	0.5403	24
(filmRef)21108	6	27	1	0.5616	0.5412	24
(filmRef)15589	42	27	5	0.5435	0.5167	13,54,57,124,362
(filmRef)18092	429	27	13	0.5868	0.5323	270,271,277,408,409,411,430,431,432,433,434,435,437
(filmRef)21114	6	27	1	0.5604	0.5398	24
(filmRef)21006	24	27	2	0.5745	0.543	6,505
(filmRef)18797	284	27	5	0.5373	0.5167	3,8,30,59,143
(filmRef)19018	284	27	5	0.5393	0.5187	3,8,30,59,143
(filmRef)20988	24	27	2	0.5746	0.5379	6,505
(filmRef)20992	24	27	2	0.5659	0.5313	6,505
(filmRef)20995	24	27	2	0.5598	0.5279	6,505
(filmRef)19244	77	27	3	0.5359	0.5111	3,8,391
(filmRef)20996	24	27	2	0.5835	0.5428	6,505
(filmRef)21012	24	27	2	0.5708	0.5277	6,505
(filmRef)20997	24	27	2	0.5806	0.5335	6,505
(filmRef)21000	24	27	2	0.5516	0.5212	6,505
(filmRef)21008	24	27	2	0.5695	0.5314	6,505
(filmRef)21007	24	27	2	0.5647	0.5339	6,505
(filmRef)21003	24	27	2	0.5639	0.5387	6,505
(filmRef)15473	143	27	5	0.5561	0.5188	3,35,59,86,284
(filmRef)14855	9	27	8	0.6471	0.5625	3,6,45,50,59,85,101,159
(filmRef)15339	142	27	9	0.5844	0.5306	135,136,137,141,176,211,216,218,219
(filmRef)15282	9	27	8	0.6471	0.5638	3,6,45,50,59,85,101,159
(filmRef)15907	28	27	3	0.585	0.5652	9,68,219
(filmRef)15669	28	27	3	0.5658	0.5472	9,68,219
(filmRef)15909	28	27	3	0.5658	0.5498	9,68,219
(filmRef)14092	21	27	4	0.6105	0.5658	5,32,69,146
(filmRef)16043	84	27	9	0.5674	0.5254	3,5,114,136,147,183,216,218,219
(filmRef)15912	28	27	3	0.5677	0.5473	9,68,219
(filmRef)15913	28	27	4	0.5677	0.5492	3,9,68,219
(filmRef)15703	28	27	3	0.5658	0.5472	9,68,219
(filmRef)20705	220	27	2	0.5415	0.5217	5,33
(filmRef)15914	28	27	4	0.5641	0.544	9,68,85,219
(filmRef)15695	28	27	4	0.5621	0.5448	3,9,68,219
(filmRef)15371	42	27	6	0.5726	0.5414	4,45,57,125,307,505
(filmRef)14722	46	27	3	0.5279	0.5138	3,22,84
(filmRef)14772	74	27	2	0.544	0.5275	57,75
(filmRef)14778	74	27	2	0.5558	0.5281	57,75
(filmRef)15469	143	27	5	0.5561	0.5173	3,35,59,86,284
(filmRef)14781	74	27	2	0.5547	0.5193	57,75
(filmRef)15101	138	26	8	0.5415	0.5193	3,69,155,171,181,217,219,224
(filmRef)15905	28	26	3	0.5621	0.5473	3,9,68
(filmRef)20994	24	26	2	0.5616	0.5285	6,505
(filmRef)N0382	566	26	8	0.6118	0.5373	4,307,308,564,565,569,570,571
(filmRef)15235	141	26	8	0.609	0.5609	3,136,142,211,218,219,371,412
(filmRef)15238	141	26	8	0.6042	0.5593	3,136,142,211,218,219,371,412
(filmRef)15704	28	26	3	0.5584	0.5446	9,68,85
(filmRef)22070	517	26	6	0.6138	0.5533	58,104,106,202,297,529
(filmRef)20999	24	26	2	0.5597	0.5255	6,505
(filmRef)15901	217	26	8	0.5789	0.5322	69,124,138,165,171,220,224,455
(filmRef)15698	28	26	3	0.5621	0.5461	3,9,68
(filmRef)14594	5	26	4	0.5783	0.5254	25,64,69,124
(filmRef)15910	28	26	3	0.557	0.538	9,68,85
(filmRef)15906	28	26	3	0.5548	0.5396	3,9,68
(filmRef)16914	60	26	5	0.537	0.5079	3,47,51,62,86
(filmRef)21030	6	26	2	0.5947	0.5567	24,505
(filmRef)15066	183	26	8	0.6173	0.5224	3,84,114,147,190,219,351,357
(filmRef)14773	74	26	2	0.5429	0.5269	57,75
(filmRef)15917	28	26	3	0.5714	0.5519	9,68,219
(filmRef)21113	6	26	1	0.5616	0.5404	24
(filmRef)15670	28	26	3	0.5584	0.5446	9,68,85
(filmRef)14172	5	26	4	0.6181	0.5648	32,64,124,492
(filmRef)18082	429	26	12	0.5579	0.5294	270,271,277,408,409,411,430,431,432,434,435,437
(filmRef)15911	28	26	3	0.5714	0.5519	9,68,219
(filmRef)15668	28	26	3	0.5621	0.5461	3,9,68
(filmRef)21032	24	26	2	0.5875	0.5304	6,505
(filmRef)15187	85	25	1	0.544	0.529	9
(filmRef)16872	68	25	7	0.6111	0.522	9,47,50,86,155,159,219
(filmRef)14775	74	25	2	0.5556	0.5153	57,75
(filmRef)15098	138	25	8	0.5512	0.5234	3,63,69,171,181,217,219,224
(filmRef)N0368	566	25	8	0.6118	0.5371	4,307,308,564,565,569,570,571
(filmRef)14228	45	25	6	0.6092	0.5281	4,33,125,255,308,573
(filmRef)21130	6	25	6	0.5424	0.5167	9,26,134,146,155,505
(filmRef)15390	55	25	3	0.5263	0.5122	41,51,60
(filmRef)14312	62	25	2	0.5545	0.5139	3,32
(filmRef)15904	28	25	2	0.5584	0.5465	9,68
(filmRef)15065	183	25	8	0.6173	0.5236	3,84,114,147,190,219,351,357
(filmRef)17228	155	25	3	0.5691	0.5426	47,50,496
(filmRef)15908	28	25	2	0.5548	0.5404	9,68
(filmRef)N0412	564	25	9	0.5979	0.5358	4,307,329,565,566,568,569,570,573
(filmRef)17344	68	25	2	0.5222	0.5073	9,171
(filmRef)20040	64	24	3	0.5646	0.5131	5,32,49
(filmRef)14600	216	24	7	0.5605	0.5297	3,84,136,171,176,218,219
(filmRef)16288	31	24	6	0.617	0.5178	0,26,30,34,491,496
(filmRef)15057	42	24	6	0.5405	0.5143	13,57,64,124,171,362
(filmRef)16284	31	24	6	0.6277	0.5254	0,26,30,34,491,496
(filmRef)T1010	576	24	3	0.5968	0.5295	4,11,573
(filmRef)18098	435	24	12	0.5598	0.5329	270,271,277,408,429,430,431,432,433,434,436,437
(filmRef)14265	5	24	5	0.6189	0.5648	26,32,64,124,492
(filmRef)21080	6	24	2	0.5532	0.5163	24,78
(filmRef)15091	211	24	7	0.568	0.5266	3,114,135,136,141,142,219
(filmRef)15383	55	24	2	0.5469	0.5311	41,51
(filmRef)15385	55	24	2	0.5208	0.5121	41,51
(filmRef)15067	183	24	8	0.6111	0.523	3,84,114,147,190,219,351,357
(filmRef)N0150	565	24	8	0.6374	0.5433	4,307,564,566,568,569,571,573
(filmRef)14142	5	24	5	0.6125	0.5471	32,64,124,491,492
(filmRef)21088	6	24	3	0.552	0.5158	21,24,78
(filmRef)21078	6	24	2	0.5532	0.5162	24,78
(filmRef)21077	6	24	3	0.5532	0.5161	21,24,78
(filmRef)14692	21	24	4	0.5593	0.5289	5,25,32,69
(filmRef)N0729	569	24	10	0.6408	0.5504	4,307,308,564,565,566,568,570,571,576
(filmRef)14909	9	24	7	0.6408	0.5651	3,45,50,59,85,101,159
(filmRef)21079	6	23	2	0.5532	0.5172	24,78
(filmRef)14454	5	23	4	0.5987	0.5532	26,32,64,124
(filmRef)21081	6	23	2	0.5574	0.517	24,78
(filmRef)21083	6	23	2	0.5532	0.5168	24,78
(filmRef)16233	3	23	7	0.5494	0.5151	47,60,62,136,176,216,218
(filmRef)16234	3	23	7	0.5494	0.5146	47,60,62,136,176,216,218
(filmRef)21084	6	23	2	0.5532	0.5163	24,78
(filmRef)21082	6	23	2	0.5532	0.5167	24,78
(filmRef)15237	141	23	7	0.6	0.5558	3,136,142,211,218,219,412
(filmRef)16319	114	23	8	0.541	0.5216	84,136,141,177,183,211,218,357
(filmRef)21087	6	22	2	0.552	0.5165	24,78
(filmRef)14227	45	22	6	0.5668	0.5207	3,4,6,22,171,255
(filmRef)N0105	4	22	11	0.6471	0.5451	42,95,171,307,308,566,568,569,571,573,576
(filmRef)18094	431	22	11	0.5566	0.5269	270,271,277,408,429,430,432,433,434,435,437
(filmRef)14141	5	22	4	0.6111	0.5709	32,64,124,492
(filmRef)N0795	570	22	8	0.6361	0.554	4,210,307,564,565,566,568,569
(filmRef)17229	155	22	8	0.5983	0.5632	6,9,50,68,85,138,219,496
(filmRef)19101	277	22	11	0.5527	0.5258	270,271,408,429,430,431,432,433,434,435,437
(filmRef)15563	59	22	3	0.5413	0.5225	47,90,345
(filmRef)18095	432	22	12	0.5598	0.5379	270,271,277,408,429,430,431,433,434,435,436,437
(filmRef)N0085	564	22	6	0.5735	0.529	4,307,568,569,570,573
(filmRef)21085	6	22	2	0.5532	0.5166	24,78
(filmRef)21086	6	22	2	0.552	0.5165	24,78
(filmRef)14075	129	22	6	0.5492	0.5233	22,26,45,69,146,171
(filmRef)14535	22	21	2	0.6194	0.5182	45,57
(filmRef)2945	105	21	5	0.6024	0.5231	4,5,125,134,173
(filmRef)18088	435	21	10	0.6138	0.5384	270,271,277,408,429,430,431,432,433,434
(filmRef)14196	5	21	3	0.6177	0.5538	32,64,124
(filmRef)UCS0022	128	21	2	0.6497	0.5504	11,126
(filmRef)17226	155	21	8	0.6119	0.57	3,6,50,68,85,138,219,496
(filmRef)18084	431	21	10	0.5488	0.5264	270,271,277,408,429,430,432,434,435,437
(filmRef)UCS0099	128	21	4	0.6169	0.5424	11,123,581,582
(filmRef)16708	64	21	5	0.5325	0.5207	42,49,57,68,171
(filmRef)16321	190	21	8	0.5816	0.5351	3,60,136,141,183,186,212,218
(filmRef)20695	12	21	4	0.5905	0.5414	0,26,32,49
(filmRef)20263	12	20	3	0.5698	0.5384	26,32,49
(filmRef)17424	8	20	3	0.5421	0.5142	3,14,77
(filmRef)T1564	577	20	1	0.6361	0.5557	4
(filmRef)14543	22	20	2	0.6097	0.5172	45,57
(filmRef)UCS0160	585	20	2	0.625	0.5533	11,584
(filmRef)15196	176	20	5	0.5252	0.5079	3,19,142,218,219
(filmRef)16450	377	20	2	0.5658	0.5214	3,193
(filmRef)18091	277	20	11	0.5527	0.5277	270,271,408,429,430,431,432,433,434,435,437
(filmRef)21047	6	20	2	0.6011	0.5171	24,505
(filmRef)16590	124	20	3	0.5939	0.5328	4,5,69
(filmRef)14896	5	20	2	0.5366	0.5067	57,84
(filmRef)18085	432	19	9	0.594	0.546	270,271,277,408,429,430,431,434,435
(filmRef)14522	181	19	4	0.5909	0.558	3,8,91,138
(filmRef)14078	129	19	7	0.5627	0.5249	22,26,30,45,69,146,171
(filmRef)N0529	4	19	12	0.6092	0.5309	95,171,307,308,564,565,566,568,569,570,571,573
(filmRef)4218	549	19	2	0.5584	0.5149	4,125
(filmRef)20716	498	19	9	0.5929	0.5364	237,278,444,445,457,497,499,500,503
(filmRef)UCS0057	128	19	2	0.6115	0.534	11,123
(filmRef)22473	202	19	5	0.5994	0.5457	58,98,517,521,529
(filmRef)T1149	4	19	8	0.5766	0.5363	45,307,308,564,568,573,574,576
(filmRef)15340	142	19	6	0.5857	0.5417	135,136,141,211,218,219
(filmRef)11084	20	19	1	0.5083	0.5034	7
(filmRef)14525	181	19	4	0.5887	0.5571	8,91,138,171
(filmRef)20383	495	18	1	0.5843	0.5383	48
(filmRef)20211	199	18	2	0.6132	0.5488	26,293
(filmRef)14523	181	18	3	0.5909	0.5598	8,91,138
(filmRef)14521	181	18	3	0.5909	0.5606	8,91,138
(filmRef)14524	181	18	3	0.5833	0.5589	8,91,138
(filmRef)18081	277	18	9	0.5498	0.5299	270,271,408,429,430,431,432,434,435
(filmRef)22761	58	18	12	0.5994	0.5353	104,106,202,297,299,517,518,525,526,529,531,536
(filmRef)20382	495	18	1	0.5843	0.5383	48
(filmRef)T1116	4	18	8	0.6102	0.5428	42,45,307,308,564,566,573,574
(filmRef)14292	130	18	3	0.5123	0.5059	3,86,219
(filmRef)15184	59	18	5	0.6261	0.5246	3,143,165,284,345
(filmRef)14290	130	18	2	0.5346	0.5077	3,219
(filmRef)16285	31	18	5	0.6129	0.5246	0,26,30,491,496
(filmRef)N0512	4	18	14	0.6081	0.5507	45,95,307,308,329,549,564,565,566,568,570,571,573,574
(filmRef)1015	315	18	2	0.6174	0.553	27,313
(filmRef)2927	112	17	1	0.5319	0.5259	50
(filmRef)20213	199	17	2	0.5996	0.545	26,293
(filmRef)14074	129	17	6	0.5469	0.5225	26,45,55,69,146,171
(filmRef)15045	42	17	4	0.5257	0.5141	54,124,171,362
(filmRef)22016	106	17	4	0.6138	0.544	58,517,529,531
(filmRef)17270	51	17	1	0.5415	0.5359	60
(filmRef)20214	199	17	2	0.6032	0.5414	26,293
(filmRef)17780	271	17	8	0.5465	0.5176	270,277,408,411,429,431,432,435
(filmRef)20215	199	17	2	0.602	0.5422	26,293
(filmRef)22865	58	17	11	0.6221	0.5361	104,106,202,299,517,518,524,525,529,531,534
(filmRef)20985	24	17	2	0.5637	0.5297	6,505
(filmRef)14720	46	17	2	0.5267	0.5179	3,22
(filmRef)19570	69	17	1	0.5181	0.5054	21
(filmRef)16247	31	17	5	0.627	0.5364	0,26,30,491,496
(filmRef)21005	24	17	2	0.5847	0.5346	6,505
(filmRef)14291	130	17	2	0.5123	0.5061	3,219
(filmRef)14289	130	17	2	0.5123	0.5057	3,219
(filmRef)N0511	565	17	6	0.6408	0.5371	4,307,564,569,570,571
(filmRef)14288	130	17	2	0.5185	0.5065	3,219
(filmRef)14994	54	17	5	0.5875	0.523	3,42,62,86,491
(filmRef)15234	141	17	4	0.5918	0.5619	3,136,211,219
(filmRef)14287	130	17	2	0.5123	0.5074	3,219
(filmRef)T0297	4	17	12	0.6164	0.5472	27,45,307,308,329,564,565,568,571,573,574,576
(filmRef)T1411	577	17	1	0.642	0.5658	4
(filmRef)11473	95	16	6	0.5679	0.5271	4,146,307,308,568,571
(filmRef)22735	58	16	12	0.6033	0.535	104,106,202,517,518,523,524,525,526,529,531,534
(filmRef)11054	20	16	1	0.5141	0.5016	7
(filmRef)17714	271	16	7	0.5465	0.5199	270,277,411,429,431,432,435
(filmRef)15090	211	16	4	0.5755	0.5374	141,142,218,219
(filmRef)15024	63	16	3	0.603	0.5412	69,138,182
(filmRef)16674	49	16	1	0.5402	0.5395	57
(filmRef)14079	129	16	5	0.5306	0.5139	26,55,69,146,171
(filmRef)19632	49	16	1	0.5294	0.5287	57
(filmRef)19633	49	16	1	0.5333	0.5323	57
(filmRef)17677	3	16	6	0.5729	0.5314	8,59,77,176,216,391
(filmRef)18097	434	16	8	0.5382	0.5252	277,429,430,431,432,433,435,437
(filmRef)17678	3	16	5	0.5729	0.5323	8,77,176,216,391
(filmRef)20212	199	16	2	0.5936	0.5365	26,293
(filmRef)17679	3	16	5	0.5729	0.5306	8,77,176,216,391
(filmRef)18112	3	16	5	0.5561	0.5264	8,47,77,176,391
(filmRef)18111	3	16	5	0.5561	0.5275	8,47,77,176,391
(filmRef)18110	3	16	5	0.5561	0.5275	8,47,77,176,391
(filmRef)19322	77	16	3	0.5283	0.5112	3,8,391
(filmRef)17713	270	15	7	0.572	0.5304	271,277,411,429,431,432,435
(filmRef)UCS0074	128	15	3	0.6309	0.5586	11,123,581
(filmRef)22425	58	15	6	0.6115	0.5413	104,106,202,297,517,529
(filmRef)18484	368	15	3	0.5563	0.508	47,68,76
(filmRef)14383	2	15	1	0.5016	0.5016	57
(filmRef)19829	290	15	5	0.5646	0.5344	13,22,45,132,496
(filmRef)22063	104	15	3	0.5512	0.5292	58,517,529
(filmRef)18093	430	15	8	0.6138	0.5403	277,429,431,432,433,434,435,437
(filmRef)18803	284	15	1	0.5253	0.5092	30
(filmRef)14089	21	15	2	0.5493	0.5232	32,69
(filmRef)14989	54	15	4	0.5759	0.5226	3,42,62,491
(filmRef)14990	54	15	4	0.5794	0.523	3,42,62,491
(filmRef)16287	31	15	5	0.6162	0.5278	0,26,30,491,496
(filmRef)16232	3	15	2	0.5149	0.5059	47,216
(filmRef)15096	138	15	5	0.5385	0.52	3,69,217,219,224
(filmRef)T0190	4	15	9	0.6045	0.544	27,307,308,329,565,568,569,573,574
(filmRef)17779	270	15	7	0.572	0.5264	271,277,411,429,431,432,435
(filmRef)17003	3	15	5	0.5744	0.5351	8,59,77,176,391
(filmRef)21026	24	15	2	0.5813	0.5237	6,505
(filmRef)15671	362	15	4	0.5547	0.5209	5,8,42,124
(filmRef)15672	362	15	4	0.5547	0.5209	5,8,42,124
(filmRef)16826	103	15	2	0.5737	0.5694	25,52
(filmRef)15310	142	14	5	0.589	0.5517	135,136,211,218,219
(filmRef)16648	49	14	1	0.5064	0.5064	57
(filmRef)T0192	4	14	8	0.6462	0.5473	11,45,307,308,564,568,573,574
(filmRef)22631	58	14	9	0.6079	0.5368	104,106,202,297,300,517,524,529,531
(filmRef)T0366	4	14	7	0.6188	0.5487	45,307,308,569,573,574,576
(filmRef)19086	475	14	1	0.6146	0.6088	71
(filmRef)14873	9	14	5	0.5578	0.5152	6,57,68,85,219
(filmRef)19085	475	14	1	0.5845	0.5779	71
(filmRef)18108	3	14	5	0.57	0.5395	8,77,176,216,391
(filmRef)18007	101	14	2	0.5476	0.5422	50,219
(filmRef)UCS0125	309	14	1	0.6133	0.5492	11
(filmRef)18087	434	14	7	0.5727	0.5322	277,429,430,431,432,433,435
(filmRef)5249	4	14	8	0.5177	0.5052	134,214,307,548,549,566,573,576
(filmRef)14629	26	14	4	0.5391	0.5167	6,13,45,110
(filmRef)19830	290	14	5	0.5684	0.5348	13,22,45,132,496
(filmRef)14247	5	14	5	0.5829	0.5419	8,32,69,76,124
(filmRef)15933	26	14	5	0.5292	0.5107	6,13,32,45,110
(filmRef)20986	24	14	2	0.5537	0.529	6,505
(filmRef)18911	173	14	6	0.6316	0.5591	4,5,59,105,112,226
(filmRef)14784	75	14	2	0.5665	0.5451	5,74
(filmRef)14792	75	14	2	0.5641	0.5426	5,74
(filmRef)14631	26	14	5	0.537	0.5269	6,13,32,45,110
(filmRef)T0340	4	14	5	0.6116	0.5553	27,45,308,573,574
(filmRef)T0446	4	14	10	0.5956	0.5359	45,308,314,329,564,565,568,573,574,576
(filmRef)T0160	4	14	9	0.5756	0.5197	6,125,134,307,565,566,569,573,576
(filmRef)14832	5	14	4	0.5607	0.5264	69,76,124,219
(filmRef)4272	549	14	1	0.6017	0.5228	4
(filmRef)17586	35	14	4	0.5506	0.5218	3,62,86,143
(filmRef)15195	176	14	2	0.5366	0.5171	3,19
(filmRef)21014	24	14	2	0.5286	0.5114	6,505
(filmRef)17588	35	14	4	0.5565	0.5223	3,86,143,255
(filmRef)17589	35	14	4	0.5565	0.5218	3,62,86,143
(filmRef)15082	42	14	6	0.5547	0.5229	5,46,124,146,171,362
(filmRef)17593	35	13	3	0.5565	0.5221	3,86,143
(filmRef)17007	3	13	4	0.5572	0.5298	8,77,176,391
(filmRef)18083	430	13	6	0.5449	0.5283	277,429,431,432,434,435
(filmRef)15421	54	13	4	0.5342	0.5123	3,5,42,62
(filmRef)11046	20	13	1	0.5309	0.5298	66
(filmRef)17591	35	13	3	0.5565	0.5234	3,86,143
(filmRef)17592	35	13	3	0.5565	0.5221	3,86,143
(filmRef)17009	3	13	4	0.5572	0.5305	8,77,176,391
(filmRef)17590	35	13	3	0.5565	0.5227	3,86,143
(filmRef)17587	35	13	3	0.5587	0.523	3,86,143
(filmRef)11066	20	13	1	0.5248	0.5237	66
(filmRef)14788	75	13	1	0.5558	0.5399	74
(filmRef)20715	498	13	7	0.5801	0.5339	237,278,444,445,497,499,500
(filmRef)17008	3	13	4	0.5572	0.5313	8,77,176,391
(filmRef)15360	177	13	4	0.5425	0.5314	114,136,218,357
(filmRef)14789	75	13	1	0.5434	0.5188	74
(filmRef)14630	26	13	4	0.5469	0.5296	6,13,45,110
(filmRef)17199	110	13	2	0.5382	0.5181	26,57
(filmRef)17198	110	13	2	0.5382	0.5181	26,57
(filmRef)17197	110	13	2	0.5382	0.5181	26,57
(filmRef)17196	110	13	2	0.5382	0.5181	26,57
(filmRef)17195	110	13	2	0.5382	0.5181	26,57
(filmRef)17193	110	13	2	0.5382	0.5181	26,57
(filmRef)11029	20	13	1	0.5152	0.514	66
(filmRef)11026	20	13	1	0.5278	0.5267	66
(filmRef)16032	84	13	4	0.5378	0.516	5,46,136,141
(filmRef)22071	517	13	1	0.6432	0.5555	58
(filmRef)11039	20	13	1	0.5319	0.5308	66
(filmRef)22568	58	13	7	0.5899	0.5434	104,106,202,297,299,517,529
(filmRef)14633	26	13	4	0.5328	0.5246	6,13,45,110
(filmRef)18114	3	13	4	0.5561	0.5284	8,77,176,391
(filmRef)14632	26	13	4	0.5308	0.5189	6,13,45,110
(filmRef)18109	3	13	4	0.5787	0.5405	8,77,176,391
(filmRef)17219	110	13	2	0.5382	0.5181	26,57
(filmRef)14790	75	13	1	0.5403	0.526	74
(filmRef)11061	20	13	1	0.5851	0.5842	66
(filmRef)14791	75	13	1	0.5673	0.5475	74
(filmRef)15248	69	13	4	0.5393	0.5131	5,21,63,217
(filmRef)15242	69	13	4	0.5296	0.5121	5,21,63,217
(filmRef)5297	4	13	7	0.5755	0.5386	105,134,307,548,549,564,576
(filmRef)15656	76	13	3	0.5405	0.5157	4,5,6
(filmRef)N0177	4	13	9	0.5982	0.5432	171,214,307,308,345,565,566,570,571
(filmRef)11059	20	13	1	0.5125	0.5114	66
(filmRef)11023	20	13	1	0.5071	0.506	66
(filmRef)UCS0059	128	13	2	0.5817	0.5416	11,123
(filmRef)15361	177	13	4	0.5497	0.5343	114,136,218,357
(filmRef)14991	54	13	3	0.5901	0.5273	3,42,62
(filmRef)N0421	4	13	9	0.6242	0.5411	307,564,565,566,568,569,570,571,573
(filmRef)14993	54	13	3	0.5919	0.529	3,42,62
(filmRef)14080	5	12	2	0.5355	0.5137	32,124
(filmRef)14628	26	12	3	0.5364	0.5221	13,45,110
(filmRef)14992	54	12	3	0.5864	0.5257	3,42,62
(filmRef)14173	5	12	3	0.5405	0.5233	69,76,124
(filmRef)14370	171	12	4	0.5872	0.5267	4,22,45,46
(filmRef)14140	5	12	3	0.557	0.512	3,69,134
(filmRef)16245	31	12	5	0.6032	0.5274	0,26,30,491,496
(filmRef)16427	226	12	4	0.5641	0.5426	101,105,112,173
(filmRef)16902	60	12	5	0.5263	0.5132	3,47,51,62,86
(filmRef)16420	226	12	4	0.5641	0.5426	101,105,112,173
(filmRef)21016	78	12	1	0.5574	0.5533	6
(filmRef)18618	41	12	1	0.5469	0.5193	55
(filmRef)T0569	4	12	9	0.6154	0.5427	27,308,314,329,565,568,573,574,577
(filmRef)14627	26	12	3	0.5412	0.5247	13,45,110
(filmRef)22453	202	12	2	0.6221	0.5442	58,98
(filmRef)18819	41	12	4	0.5306	0.5121	32,55,86,496
(filmRef)14702	21	12	3	0.5212	0.5048	5,25,69
(filmRef)T0497	4	12	6	0.5759	0.5253	45,307,308,329,573,574
(filmRef)N0013	4	12	9	0.5602	0.5196	95,307,549,564,565,566,568,573,576
(filmRef)18619	41	12	4	0.5306	0.5121	32,55,86,496
(filmRef)UCS0159	585	12	1	0.5674	0.521	11
(filmRef)UCS0037	579	12	2	0.6351	0.5639	36,123
(filmRef)17715	408	12	6	0.5198	0.5112	271,277,429,431,432,435
(filmRef)15368	42	12	5	0.5485	0.5178	54,124,146,171,362
(filmRef)17180	226	12	4	0.5641	0.5426	101,105,112,173
(filmRef)16027	368	12	1	0.5039	0.5003	47
(filmRef)14514	5	12	4	0.5592	0.5254	32,69,76,124
(filmRef)19883	226	12	4	0.5641	0.5426	101,105,112,173
(filmRef)11183	246	12	1	0.5371	0.5242	7
(filmRef)15632	19	11	4	0.5175	0.506	0,3,60,176
(filmRef)15633	19	11	4	0.5224	0.5055	0,3,60,176
(filmRef)UCS0203	586	11	1	0.6385	0.5375	11
(filmRef)14796	75	11	1	0.5378	0.5154	74
(filmRef)14785	75	11	2	0.5299	0.51	45,74
(filmRef)17094	390	11	4	0.6281	0.5851	59,85,364,391
(filmRef)22066	104	11	3	0.5592	0.5273	58,517,529
(filmRef)17781	408	11	5	0.5198	0.5117	277,429,431,432,435
(filmRef)15099	138	11	6	0.5579	0.5251	3,63,69,155,219,224
(filmRef)21102	6	11	3	0.5714	0.5226	9,134,505
(filmRef)21129	6	11	3	0.6147	0.5679	9,134,505
(filmRef)18115	3	11	4	0.5644	0.5368	8,77,176,391
(filmRef)2946	105	11	6	0.6316	0.5346	4,5,59,76,125,173
(filmRef)14132	5	11	4	0.5498	0.5189	32,69,76,124
(filmRef)18113	3	11	4	0.5644	0.5386	8,77,176,391
(filmRef)11010	246	11	1	0.5402	0.5271	7
(filmRef)15706	28	11	1	0.5176	0.508	9
(filmRef)22058	104	11	3	0.5379	0.5217	58,517,529
(filmRef)15197	176	11	3	0.56	0.5205	3,77,147
(filmRef)T0525	4	11	7	0.626	0.5446	307,308,564,565,573,574,586
(filmRef)14264	5	11	2	0.5704	0.5474	69,124
(filmRef)18816	41	11	4	0.5306	0.5134	32,55,86,496
(filmRef)18626	41	11	4	0.5285	0.5152	32,55,86,496
(filmRef)18820	41	11	4	0.5388	0.5127	32,55,86,496
(filmRef)N0179	4	11	9	0.6073	0.5406	30,171,307,308,345,566,570,571,576
(filmRef)18616	41	11	4	0.5306	0.5134	32,55,86,496
(filmRef)15802	224	11	5	0.5579	0.522	3,138,171,217,219
(filmRef)15800	224	11	5	0.5401	0.5184	3,138,171,217,219
(filmRef)21098	24	11	1	0.5398	0.535	6
(filmRef)15799	224	11	5	0.5401	0.5189	3,138,171,217,219
(filmRef)18815	41	11	4	0.5306	0.5154	32,55,86,496
(filmRef)18086	433	11	8	0.5332	0.5244	270,277,429,430,431,432,434,435
(filmRef)21100	6	11	5	0.5574	0.5106	9,45,134,307,505
(filmRef)16905	60	11	5	0.5263	0.5114	3,47,51,62,86
(filmRef)18615	41	11	4	0.5306	0.5154	32,55,86,496
(filmRef)16907	60	11	5	0.5325	0.5119	3,47,51,62,86
(filmRef)20265	12	11	2	0.5651	0.5349	0,26
(filmRef)18620	41	11	4	0.5388	0.5127	32,55,86,496
(filmRef)19252	77	10	2	0.5213	0.5059	3,8
(filmRef)18625	41	10	4	0.5285	0.5148	32,55,86,496
(filmRef)18622	41	10	4	0.5306	0.5134	32,55,86,496
(filmRef)18623	41	10	4	0.5306	0.5127	32,55,86,496
(filmRef)14786	75	10	1	0.5215	0.5099	74
(filmRef)19102	270	10	5	0.5265	0.5118	271,411,429,433,435
(filmRef)15114	139	10	3	0.5882	0.5515	69,92,218
(filmRef)18621	41	10	4	0.5306	0.5127	32,55,86,496
(filmRef)14793	75	10	1	0.5489	0.5305	74
(filmRef)18624	41	10	4	0.5285	0.5166	32,55,86,496
(filmRef)18090	437	10	7	0.5258	0.5148	277,429,430,431,432,434,435
(filmRef)18705	179	10	2	0.5495	0.5203	52,464
(filmRef)18825	41	10	4	0.5285	0.5148	32,55,86,496
(filmRef)5100	4	10	5	0.5694	0.5341	105,214,549,571,576
(filmRef)22563	58	10	6	0.5836	0.5321	104,106,202,517,524,529
(filmRef)UCS0031	123	10	3	0.5927	0.5478	36,126,579
(filmRef)15870	76	10	3	0.5405	0.5224	4,5,6
(filmRef)3471	105	10	3	0.5714	0.5309	4,5,173
(filmRef)UCS0033	123	10	3	0.6156	0.5528	36,126,579
(filmRef)18824	41	10	4	0.5285	0.5166	32,55,86,496
(filmRef)18818	41	10	4	0.5306	0.5135	32,55,86,496
(filmRef)18823	41	10	4	0.5306	0.5127	32,55,86,496
(filmRef)21131	6	10	3	0.531	0.5158	9,134,505
(filmRef)18822	41	10	4	0.5306	0.5134	32,55,86,496
(filmRef)18821	41	10	4	0.5306	0.5127	32,55,86,496
(filmRef)20722	500	10	5	0.5532	0.5195	444,497,498,499,503
(filmRef)1216	329	10	1	0.5432	0.5199	4
(filmRef)18617	41	10	4	0.5306	0.5144	32,55,86,496
(filmRef)N0404	307	10	6	0.6173	0.5395	4,308,568,569,570,571
(filmRef)14501	5	10	2	0.5946	0.5328	69,124
(filmRef)17093	390	10	3	0.6446	0.5978	85,364,391
(filmRef)22082	58	10	4	0.6253	0.541	104,106,517,524
(filmRef)14591	345	10	4	0.5511	0.5179	5,32,86,255
(filmRef)20028	49	10	3	0.5229	0.5102	12,26,64
(filmRef)T0330	4	10	6	0.5845	0.5274	45,307,308,565,573,574
(filmRef)21133	6	10	2	0.5649	0.5488	45,134
(filmRef)14248	5	10	3	0.6	0.5354	32,69,124
(filmRef)15267	54	10	4	0.5461	0.5193	3,5,42,62
(filmRef)5084	4	10	7	0.6109	0.5291	45,105,125,548,549,571,576
(filmRef)15419	54	10	4	0.5392	0.5173	3,5,42,62
(filmRef)15801	224	10	5	0.5485	0.5192	3,138,171,217,219
(filmRef)15230	76	10	3	0.5949	0.5463	4,5,6
(filmRef)18192	444	10	6	0.5978	0.5429	278,445,457,498,499,500
(filmRef)T0911	4	10	4	0.5625	0.531	11,214,307,576
(filmRef)22673	58	10	8	0.6048	0.5442	106,202,297,299,300,517,529,531
(filmRef)18191	444	10	6	0.5978	0.5429	278,445,457,498,499,500
(filmRef)18285	3	10	4	0.5729	0.5444	8,59,176,391
(filmRef)21842	514	9	2	0.5903	0.5731	201,239
(filmRef)21843	514	9	2	0.5824	0.5565	201,239
(filmRef)16824	383	9	2	0.5221	0.5153	3,391
(filmRef)15424	54	9	2	0.5548	0.521	3,62
(filmRef)14893	135	9	4	0.5857	0.548	84,142,211,219
(filmRef)15488	186	9	4	0.545	0.5234	84,147,190,218
(filmRef)16823	383	9	2	0.531	0.5194	3,391
(filmRef)18286	3	9	2	0.5816	0.5546	8,391
(filmRef)3895	548	9	2	0.5591	0.524	4,125
(filmRef)22867	58	9	8	0.6011	0.529	104,106,202,517,524,531,535,538
(filmRef)14133	5	9	3	0.559	0.5321	32,69,124
(filmRef)UCS0036	123	9	3	0.6351	0.5534	36,126,579
(filmRef)5186	4	9	5	0.5552	0.5298	105,214,571,573,576
(filmRef)14240	22	9	3	0.5904	0.5192	45,46,171
(filmRef)14143	5	9	2	0.5667	0.5335	69,124
(filmRef)22446	58	9	5	0.5819	0.5372	104,106,202,517,529
(filmRef)22447	58	9	5	0.5723	0.5378	104,106,202,517,529
(filmRef)15423	54	9	4	0.5338	0.5133	3,5,42,62
(filmRef)14246	5	9	4	0.5826	0.5268	8,32,69,124
(filmRef)21017	78	9	1	0.5038	0.5004	6
(filmRef)22448	58	9	5	0.5723	0.5378	104,106,202,517,529
(filmRef)20210	293	9	2	0.6132	0.5631	26,199
(filmRef)18817	41	9	3	0.5328	0.5178	55,86,496
(filmRef)14551	46	9	3	0.5414	0.5076	3,22,42
(filmRef)16037	84	9	4	0.5253	0.505	114,136,186,412
(filmRef)21127	6	8	3	0.5781	0.5161	26,134,505
(filmRef)17718	411	8	3	0.572	0.5203	270,271,429
(filmRef)8030	66	8	1	0.5851	0.5294	20
(filmRef)5243	4	8	6	0.553	0.5181	11,105,308,329,549,573
(filmRef)UCS0157	11	8	5	0.5769	0.5338	36,128,309,584,585
(filmRef)UCS0118	11	8	3	0.6	0.5358	128,309,585
(filmRef)8031	66	8	1	0.5851	0.5294	20
(filmRef)8035	66	8	1	0.5791	0.5224	20
(filmRef)18708	179	8	2	0.5543	0.5245	52,464
(filmRef)14447	255	8	4	0.5419	0.5169	35,45,59,290
(filmRef)T0182	574	8	1	0.5455	0.5201	4
(filmRef)8033	66	8	1	0.5851	0.5294	20
(filmRef)14889	135	8	3	0.5489	0.529	142,211,219
(filmRef)8034	66	8	1	0.5791	0.5224	20
(filmRef)8029	66	8	1	0.5851	0.5294	20
(filmRef)14890	135	8	3	0.5651	0.5282	142,211,219
(filmRef)14891	135	8	3	0.5777	0.5624	142,211,219
(filmRef)14892	135	8	3	0.5428	0.5281	142,211,219
(filmRef)8026	66	8	1	0.5851	0.5294	20
(filmRef)8027	66	8	1	0.5851	0.5294	20
(filmRef)17295	68	8	2	0.567	0.5565	147,219
(filmRef)UCS0055	36	8	2	0.5972	0.5624	123,579
(filmRef)8032	66	8	1	0.5851	0.5294	20
(filmRef)8028	66	8	1	0.5851	0.5294	20
(filmRef)20721	500	8	4	0.5484	0.5179	444,497,498,499
(filmRef)UCS0038	579	8	2	0.5852	0.535	36,123
(filmRef)21128	6	8	3	0.6429	0.6058	57,110,134
(filmRef)UCS0012	578	8	1	0.5924	0.5634	11
(filmRef)14239	22	8	2	0.6007	0.5243	45,46
(filmRef)22624	531	8	3	0.6033	0.5379	58,106,529
(filmRef)14794	75	8	1	0.5239	0.5101	74
(filmRef)15935	26	8	1	0.5171	0.5052	110
(filmRef)UCS0066	11	8	4	0.6006	0.5516	128,309,578,583
(filmRef)UCS0011	578	8	1	0.591	0.5591	11
(filmRef)UCS0032	123	8	2	0.6127	0.5448	36,128
(filmRef)8105	66	8	1	0.5851	0.5294	20
(filmRef)8106	66	8	1	0.5851	0.5294	20
(filmRef)15420	54	8	4	0.535	0.5152	3,5,42,62
(filmRef)1215	329	8	5	0.5201	0.5088	4,307,308,564,568
(filmRef)15379	5	8	3	0.5354	0.5162	76,105,124
(filmRef)15546	5	8	4	0.5664	0.5388	4,76,105,124
(filmRef)17738	412	8	3	0.5776	0.5277	84,141,413
(filmRef)5233	4	8	5	0.574	0.5222	11,45,549,571,576
(filmRef)20029	49	8	3	0.5227	0.5116	12,26,64
(filmRef)15527	145	8	2	0.5139	0.5073	3,86
(filmRef)14563	132	8	2	0.5684	0.5459	165,290
(filmRef)15934	26	8	1	0.5034	0.5032	110
(filmRef)20262	12	8	1	0.5418	0.5228	26
(filmRef)8103	66	8	1	0.5851	0.5294	20
(filmRef)20720	499	8	5	0.5929	0.5284	237,278,444,498,500
(filmRef)15115	139	8	2	0.6048	0.5667	92,218
(filmRef)17784	411	8	3	0.572	0.5308	270,271,429
(filmRef)15116	139	8	2	0.585	0.5583	92,218
(filmRef)17214	400	8	3	0.6341	0.5636	230,399,401
(filmRef)15166	140	8	1	0.5263	0.5126	3
(filmRef)14081	5	8	3	0.5613	0.521	8,69,124
(filmRef)5523	4	8	3	0.5412	0.5089	134,548,573
(filmRef)15788	59	8	4	0.5333	0.5211	3,134,284,345
(filmRef)UCS0067	11	7	3	0.5797	0.5346	128,309,578
(filmRef)18672	3	7	2	0.5437	0.541	8,391
(filmRef)20059	291	7	2	0.5721	0.5654	165,290
(filmRef)T1650	4	7	3	0.6078	0.5393	105,576,577
(filmRef)21836	239	7	2	0.5897	0.5564	201,514
(filmRef)18287	3	7	2	0.57	0.5558	8,391
(filmRef)18666	3	7	2	0.5182	0.5104	8,391
(filmRef)15117	139	7	2	0.5644	0.551	92,218
(filmRef)15118	139	7	2	0.5721	0.5569	92,218
(filmRef)15119	139	7	2	0.5769	0.564	92,218
(filmRef)15165	140	7	1	0.5263	0.515	3
(filmRef)21837	239	7	2	0.5892	0.5484	201,514
(filmRef)18673	3	7	2	0.5377	0.5256	8,391
(filmRef)15167	140	7	1	0.5263	0.516	3
(filmRef)15168	140	7	1	0.5175	0.5132	3
(filmRef)UCS0028	123	7	3	0.583	0.5306	36,128,579
(filmRef)22035	297	7	3	0.5836	0.5388	58,517,529
(filmRef)17436	400	7	3	0.6341	0.5753	230,399,401
(filmRef)UCS0148	11	7	3	0.5817	0.5455	4,128,585
(filmRef)15487	186	7	2	0.5523	0.5166	147,218
(filmRef)19905	124	7	1	0.5841	0.5549	5
(filmRef)15486	186	7	2	0.5379	0.5212	147,218
(filmRef)T1954	4	7	5	0.574	0.5304	11,105,307,573,576
(filmRef)5246	4	7	2	0.5292	0.5215	134,308
(filmRef)15058	5	7	2	0.5949	0.5198	76,134
(filmRef)4681	105	7	2	0.5496	0.5266	4,11
(filmRef)15634	19	7	4	0.5187	0.5091	0,60,69,176
(filmRef)16694	40	7	1	0.5926	0.5783	32
(filmRef)15269	54	7	3	0.5226	0.5115	3,5,42
(filmRef)14878	9	7	3	0.5867	0.5341	6,68,219
(filmRef)16697	40	7	1	0.5973	0.5783	32
(filmRef)16563	380	7	2	0.5108	0.5056	136,219
(filmRef)16564	380	7	2	0.5108	0.5056	136,219
(filmRef)14534	22	7	2	0.5123	0.5061	46,57
(filmRef)16696	40	7	1	0.5979	0.5783	32
(filmRef)UCS0090	11	7	3	0.6497	0.5831	128,581,586
(filmRef)14540	22	7	2	0.5123	0.5044	46,57
(filmRef)15247	69	7	3	0.5179	0.5053	21,63,217
(filmRef)14795	75	7	2	0.5299	0.5102	45,74
(filmRef)15637	19	7	2	0.5344	0.5219	0,176
(filmRef)17429	52	7	3	0.5702	0.5266	179,231,464
(filmRef)16698	40	7	1	0.5926	0.5775	32
(filmRef)4905	551	7	3	0.626	0.5807	210,553,554
(filmRef)3307	125	7	5	0.6	0.5216	4,42,45,76,105
(filmRef)21835	239	7	2	0.5903	0.5493	201,514
(filmRef)14515	76	7	3	0.5479	0.5141	0,4,5
(filmRef)22005	106	6	2	0.5774	0.5382	58,517
(filmRef)17213	399	6	2	0.6338	0.5868	230,400
(filmRef)15532	145	6	1	0.5061	0.501	3
(filmRef)UCS0014	126	6	2	0.6156	0.5503	36,123
(filmRef)14554	46	6	4	0.5135	0.5066	3,8,84,171
(filmRef)21024	24	6	2	0.5775	0.553	6,505
(filmRef)19142	0	6	2	0.6441	0.5789	180,483
(filmRef)14238	22	6	3	0.5568	0.5234	45,46,171
(filmRef)UCS0096	36	6	3	0.5966	0.5478	123,579,580
(filmRef)15329	142	6	2	0.594	0.5835	218,219
(filmRef)16763	40	6	1	0.5306	0.5228	32
(filmRef)14734	91	6	2	0.5833	0.5741	171,181
(filmRef)18288	3	6	1	0.5229	0.5168	8
(filmRef)UCS0172	11	6	4	0.5579	0.5349	4,105,128,586
(filmRef)15316	142	6	2	0.5799	0.5766	218,219
(filmRef)17216	230	6	3	0.584	0.5557	399,400,401
(filmRef)15530	145	6	1	0.5108	0.5056	3
(filmRef)15170	140	6	1	0.5175	0.515	3
(filmRef)15169	140	6	1	0.5175	0.515	3
(filmRef)20216	492	6	1	0.571	0.5335	163
(filmRef)14306	22	6	3	0.5559	0.5208	45,46,290
(filmRef)18667	3	6	1	0.5182	0.5121	8
(filmRef)14307	22	6	2	0.5799	0.5287	45,46
(filmRef)18668	3	6	1	0.5182	0.5106	8
(filmRef)18669	3	6	1	0.5114	0.5114	8
(filmRef)18670	3	6	1	0.5114	0.5114	8
(filmRef)18290	3	6	1	0.5229	0.5153	8
(filmRef)18289	3	6	1	0.5229	0.5168	8
(filmRef)20208	293	6	2	0.5827	0.5634	26,199
(filmRef)15528	145	6	1	0.5108	0.5056	3
(filmRef)21009	24	6	2	0.5926	0.5537	6,505
(filmRef)4924	554	6	2	0.6075	0.5698	210,551
(filmRef)22560	524	6	1	0.5407	0.5261	58
(filmRef)4761	214	6	3	0.5171	0.5136	4,11,571
(filmRef)15627	19	6	3	0.5183	0.5068	0,60,176
(filmRef)15629	19	6	4	0.5255	0.5106	0,3,60,176
(filmRef)UCS0065	11	6	3	0.5843	0.5397	128,309,578
(filmRef)15636	19	6	4	0.512	0.5075	0,3,60,176
(filmRef)T1114	4	6	3	0.557	0.5246	45,308,573
(filmRef)14787	75	6	1	0.5269	0.5136	74
(filmRef)14214	45	6	5	0.5398	0.5289	4,6,22,47,57
(filmRef)18661	38	6	1	0.5136	0.5062	10
(filmRef)19906	124	6	1	0.5387	0.5119	5
(filmRef)15079	352	6	2	0.5445	0.5195	137,211
(filmRef)14738	91	6	2	0.5887	0.5733	171,181
(filmRef)14739	91	6	2	0.5887	0.5744	171,181
(filmRef)17435	399	6	2	0.6338	0.5863	230,400
(filmRef)22557	58	6	4	0.6432	0.5382	104,106,202,517
(filmRef)16318	114	6	2	0.5593	0.539	84,183
(filmRef)18257	91	6	2	0.5909	0.5754	171,181
(filmRef)17437	401	6	2	0.5876	0.5529	230,400
(filmRef)20998	24	6	2	0.5816	0.5407	6,505
(filmRef)18256	91	6	2	0.5833	0.5741	171,181
(filmRef)14446	255	6	3	0.5372	0.5249	45,290,386
(filmRef)20713	237	6	4	0.6461	0.5608	278,456,498,499
(filmRef)16822	193	6	2	0.5233	0.5103	8,377
(filmRef)21013	24	6	2	0.6013	0.5577	6,505
(filmRef)T0012	4	6	4	0.5577	0.5231	307,308,565,574
(filmRef)UCS0122	11	6	3	0.5959	0.5382	4,128,586
(filmRef)17386	52	6	2	0.5668	0.5365	179,231
(filmRef)17043	68	6	6	0.5232	0.5095	3,9,21,64,146,219
(filmRef)15351	55	6	2	0.5294	0.5098	41,129
(filmRef)14076	129	6	4	0.5171	0.5088	26,55,146,171
(filmRef)15073	137	6	2	0.5213	0.5142	218,352
(filmRef)UCS0133	11	6	3	0.6133	0.5516	128,309,585
(filmRef)15080	352	6	2	0.5445	0.5195	137,211
(filmRef)14735	91	6	2	0.5887	0.5733	171,181
(filmRef)UCS0085	11	6	3	0.5956	0.5635	128,581,583
(filmRef)21023	24	6	2	0.577	0.5513	6,505
(filmRef)18660	38	6	1	0.5194	0.5118	10
(filmRef)UCS0165	11	6	3	0.5333	0.5138	4,105,585
(filmRef)14870	9	6	2	0.5772	0.5394	6,219
(filmRef)15123	92	6	1	0.5679	0.5562	139
(filmRef)15121	92	6	1	0.6048	0.5808	139
(filmRef)18258	91	6	2	0.5909	0.5754	171,181
(filmRef)14872	9	6	3	0.5854	0.5319	6,68,219
(filmRef)UCS0192	11	6	2	0.6385	0.5495	4,586
(filmRef)17438	230	6	3	0.5747	0.5529	399,400,401
(filmRef)15120	92	6	1	0.5656	0.5518	139
(filmRef)17254	51	6	1	0.5185	0.5067	55
(filmRef)14736	91	6	2	0.5887	0.5744	171,181
(filmRef)18515	230	6	3	0.6341	0.6185	399,400,401
(filmRef)15086	211	6	1	0.5587	0.5485	141
(filmRef)14737	91	6	2	0.5833	0.5741	171,181
(filmRef)18259	91	6	2	0.5909	0.5754	171,181
(filmRef)18493	230	6	3	0.6341	0.6185	399,400,401
(filmRef)4155	105	5	2	0.5238	0.5207	173,226
(filmRef)2923	112	5	2	0.5574	0.5115	173,226
(filmRef)UCS0075	36	5	2	0.5764	0.5539	123,579
(filmRef)21847	201	5	2	0.5633	0.5425	239,514
(filmRef)21848	201	5	2	0.5702	0.5488	239,514
(filmRef)21022	24	5	2	0.5733	0.5606	6,505
(filmRef)4170	105	5	2	0.5238	0.5207	173,226
(filmRef)15392	55	5	1	0.5018	0.5004	41
(filmRef)17989	85	5	3	0.619	0.5523	204,390,391
(filmRef)21846	201	5	2	0.5633	0.5425	239,514
(filmRef)21845	201	5	2	0.5878	0.5566	239,514
(filmRef)UCS0080	36	5	2	0.5551	0.5334	123,579
(filmRef)21849	201	5	2	0.5824	0.5653	239,514
(filmRef)5267	4	5	4	0.5569	0.5323	59,345,549,570
(filmRef)17990	173	5	3	0.5652	0.5364	4,5,105
(filmRef)22196	519	5	1	0.6323	0.5704	169
(filmRef)14539	22	5	2	0.5568	0.5259	45,46
(filmRef)14542	22	5	2	0.5778	0.5334	45,46
(filmRef)4923	554	5	2	0.6091	0.5452	210,551
(filmRef)4882	210	5	3	0.6014	0.5503	551,554,570
(filmRef)4844	551	5	3	0.5752	0.5368	210,553,554
(filmRef)15374	5	5	3	0.5822	0.5302	76,105,124
(filmRef)4758	214	5	1	0.5694	0.5257	4
(filmRef)20267	12	5	1	0.5369	0.5192	26
(filmRef)UCS0069	11	5	2	0.5994	0.5502	128,309
(filmRef)17965	272	5	1	0.6257	0.5442	120
(filmRef)14311	22	5	2	0.5833	0.5453	45,171
(filmRef)14310	22	5	2	0.5824	0.5454	45,171
(filmRef)14309	22	5	2	0.5856	0.5427	45,171
(filmRef)14242	22	5	2	0.5725	0.5332	45,171
(filmRef)14241	22	5	1	0.5515	0.5252	45
(filmRef)14546	22	5	2	0.5802	0.5412	45,46
(filmRef)14670	22	5	1	0.5839	0.5314	45
(filmRef)T1223	4	5	3	0.5535	0.5187	45,573,574
(filmRef)14218	45	5	3	0.5016	0.5003	62,75,86
(filmRef)18100	437	5	3	0.5174	0.5093	277,429,431
(filmRef)UCS0153	584	5	2	0.5415	0.5245	11,585
(filmRef)0971	315	5	1	0.604	0.5433	27
(filmRef)15422	54	5	4	0.518	0.5088	3,5,42,86
(filmRef)17404	3	5	3	0.5517	0.5173	136,176,216
(filmRef)T0178	4	5	3	0.6023	0.5633	308,573,574
(filmRef)18181	278	5	3	0.5978	0.5509	444,498,499
(filmRef)17246	3	5	3	0.5541	0.5195	136,176,216
(filmRef)14455	5	5	2	0.5338	0.5179	75,124
(filmRef)20681	26	5	1	0.5321	0.5124	12
(filmRef)18183	278	5	3	0.571	0.5464	237,444,498
(filmRef)18521	457	5	3	0.521	0.5125	444,498,503
(filmRef)20712	497	5	3	0.5361	0.5139	457,498,500
(filmRef)14842	5	5	3	0.5205	0.5061	69,76,105
(filmRef)1032	27	5	4	0.5234	0.5076	4,313,315,574
(filmRef)14148	5	5	2	0.6226	0.5444	69,124
(filmRef)17215	401	5	2	0.5876	0.5632	230,400
(filmRef)3306	125	5	2	0.5241	0.5089	4,549
(filmRef)UCS0064	11	5	3	0.5799	0.5357	128,309,578
(filmRef)17243	52	5	3	0.5543	0.53	179,231,464
(filmRef)15069	351	5	1	0.5698	0.566	183
(filmRef)15070	351	5	1	0.5698	0.566	183
(filmRef)UCS0063	11	5	3	0.5799	0.5457	128,309,578
(filmRef)15072	183	5	4	0.5586	0.5348	84,114,190,351
(filmRef)14053	125	5	3	0.5195	0.5102	4,42,76
(filmRef)15081	42	5	2	0.5038	0.5026	54,362
(filmRef)5257	4	5	2	0.5802	0.5343	105,576
(filmRef)5059	4	5	5	0.5426	0.5307	105,307,549,571,576
(filmRef)15626	19	5	4	0.5125	0.5054	3,12,60,176
(filmRef)17434	231	5	2	0.5702	0.5403	52,229
(filmRef)21001	24	5	2	0.5902	0.5471	6,505
(filmRef)11218	7	5	2	0.5488	0.5305	246,317
(filmRef)5307	4	5	5	0.557	0.532	11,548,549,571,576
(filmRef)UCS0104	11	5	1	0.5931	0.5674	128
(filmRef)19148	480	5	2	0.6258	0.5752	287,481
(filmRef)UCS0117	11	5	5	0.5625	0.5187	4,105,128,576,586
(filmRef)14867	9	5	3	0.5875	0.5415	6,68,219
(filmRef)15548	42	5	4	0.5246	0.5173	54,124,171,362
(filmRef)14077	129	5	4	0.513	0.5074	26,55,69,171
(filmRef)T1916	4	5	4	0.5394	0.5242	308,568,573,577
(filmRef)19150	481	5	2	0.6258	0.5582	287,480
(filmRef)20209	293	5	1	0.5477	0.5376	199
(filmRef)11237	7	4	2	0.5421	0.5221	20,317
(filmRef)20760	503	4	3	0.5332	0.5156	457,498,500
(filmRef)19272	0	4	1	0.5797	0.5522	180
(filmRef)19342	287	4	3	0.5739	0.535	466,480,481
(filmRef)11245	7	4	2	0.5611	0.531	20,317
(filmRef)20759	503	4	3	0.5393	0.5155	457,498,500
(filmRef)20326	0	4	2	0.5189	0.5159	180,483
(filmRef)0870A	314	4	1	0.5322	0.5199	4
(filmRef)1034	27	4	2	0.6174	0.5675	313,315
(filmRef)16320	190	4	2	0.5097	0.5049	3,60
(filmRef)18519	456	4	1	0.6461	0.6298	237
(filmRef)T0334	4	4	3	0.5802	0.5369	308,314,573
(filmRef)UCS0107	309	4	1	0.5279	0.5113	11
(filmRef)20711	497	4	2	0.5387	0.517	498,500
(filmRef)11376	7	4	2	0.536	0.5333	246,317
(filmRef)11223	7	4	2	0.5611	0.531	20,317
(filmRef)17433	231	4	1	0.551	0.5272	52
(filmRef)18702	464	4	2	0.542	0.5179	52,179
(filmRef)20993	24	4	2	0.5714	0.5595	6,505
(filmRef)11400	7	4	2	0.5396	0.5367	246,317
(filmRef)11399	7	4	2	0.5396	0.5367	246,317
(filmRef)11398	7	4	2	0.5396	0.5367	246,317
(filmRef)11395	7	4	2	0.5372	0.5226	246,317
(filmRef)11380	7	4	2	0.5396	0.5367	246,317
(filmRef)11231	7	4	2	0.5333	0.5258	246,317
(filmRef)18182	278	4	2	0.547	0.5338	444,498
(filmRef)11228	7	4	2	0.5675	0.5501	246,317
(filmRef)11227	7	4	2	0.5333	0.5258	246,317
(filmRef)11354	7	4	2	0.5611	0.531	20,317
(filmRef)UCS0071	581	4	2	0.5707	0.5377	11,128
(filmRef)11229	7	4	2	0.5611	0.531	20,317
(filmRef)17752	272	4	1	0.5352	0.5266	120
(filmRef)18096	433	4	4	0.5322	0.5219	270,277,434,435
(filmRef)20719	499	4	2	0.5801	0.5353	498,500
(filmRef)11230	7	4	2	0.5421	0.5221	20,317
(filmRef)11247	7	4	2	0.5471	0.5256	20,317
(filmRef)14541	22	4	1	0.5641	0.5305	45
(filmRef)11358	7	4	2	0.5586	0.5312	20,317
(filmRef)22467	202	4	2	0.5863	0.5382	58,529
(filmRef)15076	137	4	2	0.5067	0.5039	142,352
(filmRef)5244	4	4	3	0.5509	0.5173	105,549,576
(filmRef)22613	529	4	1	0.5783	0.5549	58
(filmRef)15227	5	4	2	0.5291	0.514	76,124
(filmRef)UCS0194	11	4	4	0.5825	0.5358	4,214,576,586
(filmRef)16299	371	4	1	0.531	0.5194	141
(filmRef)22570	525	4	2	0.5336	0.5197	58,529
(filmRef)4880	210	4	2	0.626	0.5651	551,554
(filmRef)22513	299	4	2	0.5437	0.5129	58,529
(filmRef)14544	22	4	2	0.5556	0.5185	45,290
(filmRef)UCS0135	11	4	2	0.5646	0.5446	128,309
(filmRef)14545	22	4	1	0.5396	0.5255	45
(filmRef)22074	518	4	2	0.5813	0.5381	58,529
(filmRef)14219	45	4	2	0.5135	0.5098	62,86
(filmRef)T1046	4	4	3	0.5448	0.5229	45,573,576
(filmRef)12034	95	4	2	0.5137	0.5115	4,307
(filmRef)22033	297	4	3	0.5376	0.5219	58,517,529
(filmRef)UCS0051	11	4	1	0.604	0.573	128
(filmRef)14553	46	4	4	0.5187	0.5098	3,8,22,84
(filmRef)17296	68	4	2	0.5096	0.5024	6,219
(filmRef)15071	183	4	3	0.5677	0.5545	84,114,351
(filmRef)19195	90	4	2	0.51	0.5058	59,60
(filmRef)17401	3	4	2	0.5401	0.5125	176,216
(filmRef)14536	22	4	1	0.5745	0.5301	45
(filmRef)14146	45	4	1	0.5258	0.5126	4
(filmRef)14869	9	4	2	0.5246	0.5106	57,219
(filmRef)14874	9	4	2	0.5374	0.5198	6,219
(filmRef)14876	9	4	1	0.515	0.5075	6
(filmRef)14888	135	4	2	0.5472	0.5442	211,219
(filmRef)19800	69	4	4	0.5199	0.5124	5,21,63,171
(filmRef)11359	7	4	2	0.5471	0.5256	20,317
(filmRef)14243	22	4	1	0.5758	0.5456	45
(filmRef)14308	22	4	1	0.563	0.5319	45
(filmRef)15630	19	4	3	0.5181	0.5121	0,69,176
(filmRef)5240	4	4	3	0.5329	0.5182	125,549,576
(filmRef)UCS0176	11	4	4	0.5328	0.5218	4,105,128,586
(filmRef)UCS0177	11	4	4	0.5328	0.5218	4,105,128,586
(filmRef)14134	5	4	2	0.6364	0.5345	69,124
(filmRef)15412	76	4	2	0.5466	0.516	5,125
(filmRef)14538	22	4	1	0.5415	0.5257	45
(filmRef)14920	5	4	3	0.5392	0.5194	69,76,124
(filmRef)14931	349	4	2	0.6057	0.5574	141,404
(filmRef)4759	214	4	1	0.5694	0.5335	4
(filmRef)5277	4	4	4	0.5205	0.5074	125,549,568,576
(filmRef)22551	58	4	4	0.5459	0.5214	106,202,299,529
(filmRef)14861	9	4	2	0.5062	0.5049	6,219
(filmRef)11378	7	4	2	0.5611	0.531	20,317
(filmRef)11362	7	4	2	0.5471	0.5256	20,317
(filmRef)14373	171	4	1	0.5405	0.5285	42
(filmRef)T1444	4	4	2	0.6068	0.5745	576,577
(filmRef)T1883	4	4	3	0.5878	0.563	573,576,577
(filmRef)T1497	4	4	2	0.6361	0.5658	576,577
(filmRef)11371	7	4	2	0.5611	0.531	20,317
(filmRef)11377	7	4	2	0.5471	0.5256	20,317
(filmRef)11396	7	4	2	0.5611	0.531	20,317
(filmRef)14724	46	4	3	0.5167	0.5042	3,42,171
(filmRef)11382	7	4	2	0.5611	0.531	20,317
(filmRef)UCS0017	36	4	2	0.596	0.5513	123,126
(filmRef)UCS0019	126	4	3	0.596	0.533	36,123,128
(filmRef)UCS0060	36	4	3	0.5361	0.5198	123,126,579
(filmRef)UCS0206	11	4	3	0.5623	0.5413	4,128,586
(filmRef)16941	52	4	2	0.5327	0.5169	25,103
(filmRef)18508	85	4	3	0.6281	0.5754	204,390,391
(filmRef)17755	14	3	1	0.5303	0.5257	273
(filmRef)18654	10	3	1	0.5194	0.5114	38
(filmRef)17754	14	3	1	0.5805	0.5718	273
(filmRef)20247	83	3	1	0.5013	0.5009	32
(filmRef)18196	14	3	1	0.6218	0.6132	273
(filmRef)17756	14	3	1	0.6013	0.591	273
(filmRef)17760	14	3	1	0.5565	0.5499	273
(filmRef)18195	14	3	1	0.5895	0.5655	273
(filmRef)18197	14	3	1	0.6181	0.6093	273
(filmRef)18198	14	3	1	0.5586	0.5449	273
(filmRef)UCS0202	586	3	2	0.6081	0.5596	4,11
(filmRef)18199	14	3	1	0.6013	0.585	273
(filmRef)18200	14	3	1	0.5611	0.5463	273
(filmRef)17963	120	3	1	0.5331	0.524	272
(filmRef)18103	272	3	1	0.5204	0.5119	120
(filmRef)T1856	4	3	2	0.5833	0.5516	576,577
(filmRef)14339	49	3	3	0.5106	0.5041	42,64,171
(filmRef)UCS0009	126	3	3	0.5526	0.526	36,123,128
(filmRef)14151	5	3	1	0.5741	0.5449	124
(filmRef)UCS0156	11	3	2	0.5833	0.5373	584,585
(filmRef)UCS0073	36	3	2	0.533	0.5122	11,579
(filmRef)14829	5	3	2	0.55	0.5174	69,124
(filmRef)UCS0027	11	3	2	0.5924	0.5782	128,578
(filmRef)T1998	4	3	2	0.5855	0.5658	576,577
(filmRef)T1949	4	3	2	0.6254	0.5676	576,577
(filmRef)17962	120	3	1	0.5298	0.5218	272
(filmRef)T1906	4	3	2	0.5498	0.5433	576,577
(filmRef)19010	90	3	1	0.5383	0.5377	285
(filmRef)T1860	4	3	2	0.5664	0.5556	576,577
(filmRef)1023	27	3	2	0.5615	0.5506	308,315
(filmRef)14537	22	3	1	0.5583	0.5383	45
(filmRef)0701	313	3	2	0.6004	0.5434	27,315
(filmRef)18202	14	3	1	0.585	0.5786	273
(filmRef)18201	14	3	1	0.5622	0.5551	273
(filmRef)18204	14	3	1	0.5806	0.5643	273
(filmRef)18203	14	3	1	0.6387	0.6186	273
(filmRef)14560	132	3	1	0.5423	0.5313	290
(filmRef)14145	45	3	1	0.5428	0.529	4
(filmRef)N0178	4	3	2	0.6198	0.577	307,570
(filmRef)UCS0158	11	3	2	0.5902	0.5352	4,585
(filmRef)UCS0151	11	3	2	0.5902	0.5405	4,585
(filmRef)UCS0134	11	3	2	0.595	0.5317	4,585
(filmRef)UCS0115	11	3	3	0.5513	0.5283	4,309,585
(filmRef)14220	45	3	2	0.5067	0.505	62,86
(filmRef)20758	457	3	2	0.5393	0.5273	497,503
(filmRef)17346	68	3	2	0.5126	0.5068	9,171
(filmRef)20723	237	3	2	0.6422	0.5929	456,498
(filmRef)4879	210	3	2	0.6	0.5593	551,554
(filmRef)UCS0174	11	3	3	0.5673	0.5345	309,584,585
(filmRef)14530	344	3	1	0.518	0.5126	3
(filmRef)UCS0175	11	3	3	0.5673	0.5345	309,584,585
(filmRef)UCS0062	11	3	1	0.5724	0.551	128
(filmRef)UCS0015	126	3	2	0.6266	0.5623	36,123
(filmRef)5135	4	3	3	0.5145	0.5089	11,564,570
(filmRef)17248	3	3	2	0.5333	0.5131	176,216
(filmRef)N0588	568	3	3	0.5787	0.5471	4,569,570
(filmRef)20763	237	3	2	0.6277	0.5845	456,498
(filmRef)18653	10	3	1	0.5055	0.5018	38
(filmRef)18679	14	3	1	0.6098	0.5842	273
(filmRef)T0177	4	3	2	0.6098	0.5858	308,574
(filmRef)20077	83	3	1	0.5013	0.5009	32
(filmRef)18205	14	3	1	0.5987	0.5915	273
(filmRef)18206	14	3	1	0.5826	0.578	273
(filmRef)18207	14	3	1	0.6033	0.5918	273
(filmRef)18208	14	3	1	0.5839	0.5722	273
(filmRef)18209	14	3	1	0.6088	0.5993	273
(filmRef)18210	14	3	1	0.6258	0.5909	273
(filmRef)18680	14	3	1	0.6261	0.6137	273
(filmRef)17788	418	3	1	0.6054	0.5884	233
(filmRef)18681	14	3	1	0.576	0.5715	273
(filmRef)18682	14	3	1	0.6057	0.5874	273
(filmRef)18683	14	3	1	0.6227	0.6108	273
(filmRef)18684	14	3	1	0.5846	0.5793	273
(filmRef)18685	14	3	1	0.5765	0.5691	273
(filmRef)T1160	4	3	3	0.5602	0.5215	308,573,574
(filmRef)18686	14	3	1	0.604	0.5966	273
(filmRef)18520	456	3	1	0.6422	0.6355	237
(filmRef)17789	418	3	1	0.6054	0.5884	233
(filmRef)UCS0144	11	3	3	0.5325	0.5184	4,27,585
(filmRef)14865	9	3	2	0.5213	0.5164	68,219
(filmRef)15899	14	3	1	0.5479	0.5384	273
(filmRef)16514	14	3	1	0.6242	0.6022	273
(filmRef)16515	14	3	1	0.6254	0.6041	273
(filmRef)11242	7	3	2	0.5533	0.5366	20,317
(filmRef)UCS0143	36	3	3	0.5226	0.5176	11,123,579
(filmRef)11220	7	3	2	0.57	0.5503	246,317
(filmRef)11379	7	3	2	0.57	0.5503	246,317
(filmRef)16874	68	3	2	0.6038	0.5711	9,219
(filmRef)15590	42	3	2	0.5143	0.5095	124,362
(filmRef)15549	42	3	2	0.5143	0.5095	124,362
(filmRef)15544	5	3	1	0.5419	0.5162	124
(filmRef)16512	14	3	1	0.5719	0.55	273
(filmRef)15489	186	3	2	0.563	0.5251	190,218
(filmRef)16873	68	3	2	0.5748	0.5539	159,219
(filmRef)16298	114	3	2	0.5099	0.5066	84,219
(filmRef)15900	14	3	1	0.5908	0.583	273
(filmRef)UCS0150	11	3	1	0.5994	0.5734	128
(filmRef)11562	95	3	2	0.5212	0.5123	4,307
(filmRef)11978	95	3	2	0.5357	0.5178	4,307
(filmRef)22065	104	3	2	0.559	0.5283	58,517
(filmRef)19253	77	3	2	0.5158	0.5082	3,8
(filmRef)16513	14	3	1	0.5351	0.5261	273
(filmRef)16511	14	3	1	0.5544	0.5482	273
(filmRef)22581	526	3	2	0.5443	0.5322	58,529
(filmRef)16448	14	3	1	0.5983	0.5911	273
(filmRef)15894	14	3	1	0.6041	0.5893	273
(filmRef)15893	14	3	1	0.6199	0.5986	273
(filmRef)15892	14	3	1	0.577	0.5561	273
(filmRef)15891	14	3	1	0.5701	0.5571	273
(filmRef)16441	14	3	1	0.5935	0.5813	273
(filmRef)16443	14	3	1	0.6202	0.5986	273
(filmRef)16444	14	3	1	0.6009	0.5785	273
(filmRef)16445	14	3	1	0.5871	0.5733	273
(filmRef)16447	14	3	1	0.5404	0.5352	273
(filmRef)11221	7	3	2	0.5533	0.5366	20,317
(filmRef)16510	14	3	1	0.605	0.6008	273
(filmRef)15896	14	3	1	0.6229	0.6064	273
(filmRef)11222	7	3	2	0.5533	0.5366	20,317
(filmRef)11236	7	3	2	0.5533	0.5366	20,317
(filmRef)16506	14	3	1	0.5805	0.5749	273
(filmRef)16507	14	3	1	0.5755	0.57	273
(filmRef)15897	14	3	1	0.6061	0.5783	273
(filmRef)16508	14	3	1	0.5381	0.5307	273
(filmRef)16509	14	3	1	0.568	0.5541	273
(filmRef)15898	14	3	1	0.5655	0.5573	273
(filmRef)15354	174	3	1	0.5234	0.5166	69
(filmRef)15895	14	3	1	0.6019	0.5885	273
(filmRef)19181	90	3	1	0.512	0.5092	59
(filmRef)17387	52	3	2	0.5135	0.5084	179,231
(filmRef)15194	5	3	1	0.5198	0.5156	124
(filmRef)14135	5	3	3	0.5229	0.5085	32,69,124
(filmRef)15127	92	3	1	0.5127	0.509	139
(filmRef)17392	52	3	2	0.5341	0.5216	179,231
(filmRef)15064	63	3	1	0.5226	0.5157	69
(filmRef)3305	125	3	3	0.5079	0.5046	4,548,549
(filmRef)13758	251	3	1	0.6112	0.5602	252
(filmRef)15043	5	3	2	0.5392	0.5265	76,124
(filmRef)17390	52	3	2	0.538	0.5261	179,231
(filmRef)15042	5	3	1	0.5778	0.5584	124
(filmRef)11360	7	3	2	0.5545	0.5411	20,317
(filmRef)13759	252	3	1	0.6112	0.5696	251
(filmRef)13761	252	3	1	0.6239	0.5764	251
(filmRef)13763	252	3	1	0.6319	0.5884	251
(filmRef)18706	464	3	1	0.506	0.5046	52
(filmRef)13760	251	3	1	0.6239	0.5874	252
(filmRef)13762	251	3	1	0.6319	0.5868	252
(filmRef)18700	179	3	1	0.5233	0.5144	52
(filmRef)17384	52	3	1	0.5455	0.5247	179
(filmRef)5232	4	3	3	0.5076	0.5047	11,549,571
(filmRef)14921	5	3	2	0.5419	0.523	69,124
(filmRef)14877	9	3	1	0.5297	0.5196	219
(filmRef)15280	253	3	1	0.5956	0.571	257
(filmRef)18676	85	3	2	0.623	0.5907	390,391
(filmRef)17978	85	3	2	0.6446	0.601	390,391
(filmRef)18675	85	3	2	0.623	0.5958	390,391
(filmRef)5268	4	3	2	0.6017	0.5467	307,549
(filmRef)17980	85	3	2	0.6281	0.6006	390,391
(filmRef)15635	19	3	3	0.5117	0.5078	3,60,176
(filmRef)17979	85	3	2	0.6281	0.5955	390,391
(filmRef)14144	45	3	2	0.5165	0.5135	4,255
(filmRef)11234	7	3	2	0.5228	0.5214	246,317
(filmRef)UCS0024	36	2	1	0.5209	0.5152	126
(filmRef)20221	163	2	1	0.6238	0.5772	492
(filmRef)20135	48	2	1	0.5398	0.5398	495
(filmRef)T2003	4	2	1	0.5605	0.5456	577
(filmRef)UCS0163	11	2	1	0.5992	0.5625	585
(filmRef)T2029	4	2	1	0.5233	0.5232	577
(filmRef)UCS0162	11	2	1	0.6119	0.5849	585
(filmRef)20220	163	2	1	0.625	0.5751	492
(filmRef)20218	163	2	1	0.6299	0.5792	492
(filmRef)20134	48	2	1	0.5477	0.5477	495
(filmRef)20217	163	2	1	0.5604	0.5378	492
(filmRef)20146	48	2	1	0.5315	0.5315	495
(filmRef)20136	48	2	1	0.538	0.538	495
(filmRef)20147	48	2	1	0.5843	0.5843	495
(filmRef)20148	48	2	1	0.5323	0.5323	495
(filmRef)20149	48	2	1	0.5305	0.5305	495
(filmRef)20150	48	2	1	0.539	0.539	495
(filmRef)20151	48	2	1	0.5337	0.5337	495
(filmRef)20152	48	2	1	0.5389	0.5389	495
(filmRef)20153	48	2	1	0.5287	0.5287	495
(filmRef)20222	163	2	1	0.6362	0.6036	492
(filmRef)21993	98	2	1	0.5709	0.5368	202
(filmRef)21840	239	2	1	0.5227	0.5138	514
(filmRef)UCS0048	11	2	1	0.5204	0.5158	578
(filmRef)UCS0140	11	2	1	0.5333	0.5288	578
(filmRef)20145	48	2	1	0.5384	0.5384	495
(filmRef)T1885	4	2	1	0.562	0.5611	577
(filmRef)T1636	4	2	1	0.642	0.6175	577
(filmRef)T2024	4	2	2	0.5299	0.522	576,577
(filmRef)20144	48	2	1	0.5231	0.5231	495
(filmRef)20139	48	2	1	0.5359	0.5359	495
(filmRef)20137	48	2	1	0.5396	0.5396	495
(filmRef)UCS0013	36	2	1	0.6266	0.5741	126
(filmRef)UCS0161	11	2	1	0.5862	0.5573	585
(filmRef)UCS0102	36	2	1	0.6127	0.5869	123
(filmRef)20224	163	2	1	0.6238	0.5772	492
(filmRef)3304	125	2	2	0.5505	0.5286	548,549
(filmRef)22514	299	2	2	0.5278	0.5139	58,529
(filmRef)UCS0178	11	2	1	0.5266	0.5139	309
(filmRef)22604	300	2	1	0.5108	0.5102	58
(filmRef)22709	534	2	1	0.5163	0.5082	58
(filmRef)22730	536	2	2	0.5399	0.5255	58,529
(filmRef)T1944	4	2	1	0.561	0.5362	577
(filmRef)2526	303	2	1	0.5409	0.5389	543
(filmRef)2531	543	2	1	0.5936	0.5673	303
(filmRef)20991	24	2	1	0.5466	0.5326	6
(filmRef)20226	119	2	1	0.5803	0.5402	26
(filmRef)UCS0137	11	2	2	0.5306	0.5305	128,586
(filmRef)UCS0130	11	2	2	0.5478	0.5281	128,586
(filmRef)5264	4	2	1	0.5185	0.51	549
(filmRef)5265	4	2	2	0.5291	0.5174	549,571
(filmRef)5326	4	2	2	0.5222	0.5111	549,571
(filmRef)5275	4	2	2	0.5151	0.5097	214,549
(filmRef)UCS0083	583	2	1	0.5595	0.534	11
(filmRef)UCS0039	36	2	1	0.5238	0.5166	579
(filmRef)UCS0123	11	2	1	0.5693	0.5409	585
(filmRef)4887	553	2	1	0.5232	0.5147	551
(filmRef)22468	202	2	2	0.5655	0.5379	58,529
(filmRef)20113	48	2	1	0.5601	0.5601	495
(filmRef)T0456	4	2	1	0.5877	0.5712	308
(filmRef)T0352	4	2	1	0.5821	0.5562	308
(filmRef)20384	48	2	1	0.5242	0.5242	495
(filmRef)20385	48	2	1	0.5236	0.5236	495
(filmRef)UCS0145	11	2	1	0.544	0.5406	4
(filmRef)20710	445	2	1	0.5291	0.522	498
(filmRef)22003	106	2	2	0.5113	0.5082	58,517
(filmRef)4884	210	2	2	0.569	0.5506	551,554
(filmRef)UCS0026	123	2	1	0.5369	0.5231	36
(filmRef)UCS0152	11	2	1	0.625	0.5644	585
(filmRef)UCS0190	11	2	1	0.5464	0.531	36
(filmRef)22060	104	2	2	0.5149	0.5092	58,517
(filmRef)22061	104	2	2	0.5252	0.5209	58,529
(filmRef)22064	104	2	1	0.5152	0.5092	58
(filmRef)22067	104	2	2	0.513	0.5071	58,517
(filmRef)UCS0146	11	2	1	0.5413	0.5231	128
(filmRef)22445	58	2	2	0.5783	0.57	202,529
(filmRef)T1942	4	2	1	0.5111	0.5062	577
(filmRef)0676	27	2	2	0.5299	0.5269	4,315
(filmRef)14866	9	2	2	0.5347	0.5187	194,219
(filmRef)20249	83	2	1	0.5013	0.5007	32
(filmRef)18709	179	2	1	0.5142	0.5106	52
(filmRef)17431	231	2	1	0.5436	0.5247	52
(filmRef)17381	52	2	2	0.5436	0.5251	179,231
(filmRef)17244	52	2	1	0.5263	0.5159	179
(filmRef)13346	249	2	1	0.6233	0.6085	95
(filmRef)14102	22	2	1	0.5173	0.5134	129
(filmRef)14284	3	2	2	0.5047	0.5024	5,86
(filmRef)17403	3	2	1	0.5311	0.5289	176
(filmRef)16813	8	2	1	0.5096	0.5084	284
(filmRef)16812	8	2	1	0.5096	0.5084	284
(filmRef)16811	8	2	1	0.5096	0.5084	284
(filmRef)16810	8	2	1	0.5096	0.5084	284
(filmRef)16809	8	2	1	0.5096	0.5084	284
(filmRef)20252	83	2	1	0.504	0.5027	32
(filmRef)20251	83	2	1	0.5013	0.5007	32
(filmRef)20082	83	2	1	0.504	0.5027	32
(filmRef)20081	83	2	1	0.5013	0.5007	32
(filmRef)17430	231	2	1	0.5668	0.5415	52
(filmRef)17391	52	2	1	0.5152	0.508	179
(filmRef)17440	349	2	1	0.6057	0.6057	404
(filmRef)17733	120	2	1	0.5076	0.5062	272
(filmRef)17793	233	2	1	0.6054	0.6054	418
(filmRef)17792	233	2	1	0.6054	0.6054	418
(filmRef)17791	233	2	1	0.5545	0.5545	418
(filmRef)17782	409	2	1	0.5033	0.5033	429
(filmRef)18101	120	2	1	0.6257	0.5804	272
(filmRef)17751	120	2	1	0.544	0.5261	272
(filmRef)15511	220	2	2	0.5321	0.5314	5,217
(filmRef)19105	271	2	1	0.5007	0.5007	411
(filmRef)17537	172	2	1	0.5745	0.5647	80
(filmRef)17716	409	2	1	0.5033	0.5033	429
(filmRef)17619	71	2	1	0.6092	0.5941	475
(filmRef)17618	71	2	1	0.6092	0.5941	475
(filmRef)15380	5	2	2	0.5116	0.5101	3,124
(filmRef)17616	71	2	1	0.6092	0.5941	475
(filmRef)17615	71	2	1	0.6092	0.5941	475
(filmRef)11466	95	2	1	0.5136	0.513	4
(filmRef)14276	2	2	2	0.5444	0.5229	62,171
(filmRef)20079	83	2	1	0.5013	0.5007	32
(filmRef)18150	71	2	1	0.6092	0.5941	475
(filmRef)15442	5	2	2	0.5304	0.5203	76,124
(filmRef)16310	12	2	1	0.5378	0.5224	69
(filmRef)15840	56	2	1	0.5481	0.5396	3
(filmRef)16042	84	2	2	0.5318	0.5189	114,412
(filmRef)18355	12	2	2	0.522	0.5139	19,69
(filmRef)15751	364	2	1	0.5091	0.5091	390
(filmRef)15750	364	2	1	0.5584	0.5519	390
(filmRef)18356	12	2	1	0.532	0.5168	69
(filmRef)15732	204	2	2	0.5	0.5	85,391
(filmRef)15606	19	2	1	0.5014	0.5014	44
(filmRef)15591	5	2	2	0.5116	0.5101	3,124
(filmRef)15344	356	2	1	0.5329	0.5202	84
(filmRef)17345	68	2	1	0.5366	0.5317	219
(filmRef)16875	68	2	1	0.5486	0.5429	219
(filmRef)16706	64	2	2	0.5068	0.5034	42,171
(filmRef)16033	84	2	1	0.505	0.505	219
(filmRef)15372	42	2	1	0.5	0.5	362
(filmRef)15375	5	2	1	0.5263	0.5132	124
(filmRef)15839	56	2	1	0.5481	0.5396	3
(filmRef)16528	265	2	1	0.5152	0.5125	465
(filmRef)15838	56	2	1	0.5481	0.5396	3
(filmRef)15641	56	2	1	0.5481	0.5396	3
(filmRef)15512	56	2	1	0.5481	0.5396	3
(filmRef)15513	56	2	1	0.5481	0.5396	3
(filmRef)16530	265	2	1	0.5097	0.5097	465
(filmRef)15514	56	2	1	0.5481	0.5396	3
(filmRef)15515	56	2	1	0.5481	0.5396	3
(filmRef)15516	56	2	1	0.5481	0.5396	3
(filmRef)15517	56	2	1	0.5481	0.5396	3
(filmRef)15642	56	2	1	0.5481	0.5396	3
(filmRef)15837	56	2	1	0.5481	0.5396	3
(filmRef)15643	56	2	1	0.5481	0.5396	3
(filmRef)15644	56	2	1	0.5481	0.5396	3
(filmRef)15645	56	2	1	0.5481	0.5396	3
(filmRef)15646	56	2	1	0.5481	0.5396	3
(filmRef)16529	265	2	1	0.5152	0.5125	465
(filmRef)15835	56	2	1	0.5481	0.5396	3
(filmRef)15836	56	2	1	0.5481	0.5396	3
(filmRef)18089	436	2	2	0.5027	0.5019	432,435
(filmRef)17617	71	2	1	0.6092	0.5941	475
(filmRef)18151	71	2	1	0.6092	0.5941	475
(filmRef)14528	344	2	1	0.5053	0.5027	3
(filmRef)UCS0129	11	2	2	0.5283	0.5142	27,128
(filmRef)15075	137	2	1	0.5135	0.5135	352
(filmRef)15077	137	2	1	0.5055	0.5055	352
(filmRef)14559	132	2	1	0.5266	0.5211	290
(filmRef)18152	71	2	1	0.6092	0.5941	475
(filmRef)14556	46	2	1	0.5315	0.5158	84
(filmRef)11217	7	2	1	0.5575	0.5575	317
(filmRef)11243	7	2	1	0.5439	0.5439	317
(filmRef)19058	474	2	1	0.5668	0.5645	496
(filmRef)11381	7	2	1	0.5495	0.5495	317
(filmRef)17249	3	2	2	0.5311	0.5156	176,216
(filmRef)11384	7	2	1	0.5495	0.5495	317
(filmRef)19151	480	2	1	0.6265	0.6161	481
(filmRef)19368	287	2	2	0.5426	0.5291	480,481
(filmRef)19343	287	2	2	0.5162	0.5086	480,481
(filmRef)19152	481	2	1	0.6265	0.6221	480
(filmRef)15074	137	2	1	0.5256	0.5256	352
(filmRef)15063	5	2	1	0.5577	0.5327	124
(filmRef)1018	27	2	2	0.5325	0.5192	4,11
(filmRef)17446	404	2	1	0.6057	0.6057	349
(filmRef)20031	49	2	1	0.5166	0.51	64
(filmRef)0680	27	2	2	0.5141	0.5139	4,315
(filmRef)0686	313	2	2	0.6147	0.5669	27,315
(filmRef)0994	27	2	1	0.5283	0.5268	315
(filmRef)0996	27	2	1	0.6164	0.5858	315
(filmRef)0999	27	2	1	0.5878	0.5587	315
(filmRef)14677	63	2	1	0.5296	0.5233	69
(filmRef)1054	27	2	1	0.509	0.5057	315
(filmRef)1001	27	2	1	0.5231	0.5187	4
(filmRef)1002	27	2	2	0.5071	0.5043	4,315
(filmRef)1007	27	2	2	0.5289	0.5176	4,315
(filmRef)16323	190	2	2	0.5731	0.5403	136,186
(filmRef)20027	49	2	1	0.5068	0.5063	64
(filmRef)1016	27	2	1	0.5143	0.509	4
(filmRef)17445	404	2	1	0.6057	0.6057	349
(filmRef)19269	71	2	1	0.5984	0.578	475
(filmRef)15097	138	2	2	0.504	0.502	69,219
(filmRef)18657	10	2	1	0.5089	0.5061	38
(filmRef)11391	7	2	1	0.5525	0.5525	317
(filmRef)18920	462	2	1	0.5982	0.5982	460
(filmRef)18918	460	2	1	0.5982	0.5563	462
(filmRef)18572	462	2	1	0.5982	0.5563	460
(filmRef)11394	7	2	1	0.5525	0.5525	317
(filmRef)18570	460	2	1	0.5982	0.5982	462
(filmRef)18655	10	2	1	0.5124	0.5095	38
(filmRef)18656	10	2	1	0.5124	0.5095	38
(filmRef)18658	10	2	1	0.5124	0.5095	38
(filmRef)18696	205	2	1	0.6382	0.572	446
(filmRef)11393	7	2	1	0.5525	0.5525	317
(filmRef)18157	71	2	1	0.6146	0.5968	475
(filmRef)11392	7	2	1	0.5525	0.5525	317
(filmRef)11401	7	2	1	0.5495	0.5495	317
(filmRef)18156	71	2	1	0.6092	0.5968	475
(filmRef)11390	7	2	1	0.5525	0.5525	317
(filmRef)11389	7	2	1	0.5525	0.5525	317
(filmRef)18153	71	2	1	0.6092	0.5941	475
(filmRef)18154	71	2	1	0.6092	0.5941	475
(filmRef)17247	3	2	2	0.5333	0.5177	176,216
(filmRef)20762	237	2	2	0.6275	0.5681	456,498
(filmRef)11397	7	2	1	0.5495	0.5495	317
(filmRef)18194	445	2	1	0.5037	0.5037	444
(filmRef)11385	7	2	1	0.5495	0.5495	317
(filmRef)11386	7	2	1	0.5495	0.5495	317
(filmRef)18155	71	2	1	0.6092	0.5941	475
(filmRef)11388	7	2	1	0.5525	0.5525	317
(filmRef)16734	2	1	1	0.5063	0.5063	171
(filmRef)16733	2	1	1	0.5063	0.5063	171
(filmRef)16730	2	1	1	0.5063	0.5063	171
(filmRef)16736	2	1	1	0.5063	0.5063	171
(filmRef)16741	2	1	1	0.5063	0.5063	171
(filmRef)5058	4	1	1	0.5103	0.5103	576
(filmRef)16727	2	1	1	0.5127	0.5127	171
(filmRef)16725	2	1	1	0.5063	0.5063	171
(filmRef)N0673	570	1	1	0.6259	0.6259	569
(filmRef)N0891	572	1	1	0.5612	0.5612	571
(filmRef)16747	2	1	1	0.5063	0.5063	171
(filmRef)N0897	572	1	1	0.5191	0.5191	571
(filmRef)16724	2	1	1	0.5063	0.5063	171
(filmRef)14726	46	1	1	0.5	0.5	84
(filmRef)14727	46	1	1	0.5052	0.5052	42
(filmRef)16723	2	1	1	0.5063	0.5063	171
(filmRef)14674	182	1	1	0.5066	0.5066	63
(filmRef)5254	4	1	1	0.5077	0.5077	576
(filmRef)16750	2	1	1	0.5063	0.5063	171
(filmRef)14673	182	1	1	0.5066	0.5066	63
(filmRef)16781	2	1	1	0.5063	0.5063	171
(filmRef)16782	2	1	1	0.5063	0.5063	171
(filmRef)16783	2	1	1	0.5063	0.5063	171
(filmRef)5235	4	1	1	0.5268	0.5268	571
(filmRef)16778	2	1	1	0.5079	0.5079	171
(filmRef)16775	2	1	1	0.5143	0.5143	171
(filmRef)19654	2	1	1	0.5063	0.5063	171
(filmRef)19946	2	1	1	0.5127	0.5127	171
(filmRef)14652	50	1	1	0.5319	0.5319	112
(filmRef)14445	255	1	1	0.5511	0.5511	345
(filmRef)14653	50	1	1	0.5319	0.5319	112
(filmRef)16917	386	1	1	0.5348	0.5348	255
(filmRef)14654	50	1	1	0.5319	0.5319	112
(filmRef)14655	50	1	1	0.5319	0.5319	112
(filmRef)14656	50	1	1	0.5319	0.5319	112
(filmRef)14657	50	1	1	0.5319	0.5319	112
(filmRef)14671	182	1	1	0.5204	0.5204	63
(filmRef)16779	2	1	1	0.5063	0.5063	171
(filmRef)5273	4	1	1	0.5445	0.5445	571
(filmRef)16772	2	1	1	0.5079	0.5079	171
(filmRef)16771	2	1	1	0.5079	0.5079	171
(filmRef)16767	2	1	1	0.5063	0.5063	171
(filmRef)14672	182	1	1	0.5182	0.5182	63
(filmRef)16718	2	1	1	0.5127	0.5127	171
(filmRef)20098	2	1	1	0.5197	0.5197	492
(filmRef)16717	2	1	1	0.5063	0.5063	171
(filmRef)UCS0076	36	1	1	0.5271	0.5271	123
(filmRef)UCS0061	581	1	1	0.5528	0.5528	128
(filmRef)UCS0043	580	1	1	0.5391	0.5391	36
(filmRef)1035	27	1	1	0.5	0.5	4
(filmRef)UCS0056	36	1	1	0.5415	0.5415	579
(filmRef)1056	27	1	1	0.502	0.502	4
(filmRef)UCS0058	36	1	1	0.5079	0.5079	123
(filmRef)UCS0100	36	1	1	0.5503	0.5503	123
(filmRef)16710	2	1	1	0.5063	0.5063	171
(filmRef)UCS0095	36	1	1	0.536	0.536	123
(filmRef)UCS0094	36	1	1	0.504	0.504	123
(filmRef)UCS0170	11	1	1	0.5379	0.5379	128
(filmRef)11191	246	1	1	0.5028	0.5028	7
(filmRef)12052	95	1	1	0.5111	0.5111	307
(filmRef)12712	95	1	1	0.5937	0.5937	249
(filmRef)1025	27	1	1	0.5283	0.5283	11
(filmRef)UCS0070	11	1	1	0.5255	0.5255	128
(filmRef)UCS0186	11	1	1	0.533	0.533	36
(filmRef)UCS0147	11	1	1	0.5195	0.5195	128
(filmRef)UCS0078	582	1	1	0.5062	0.5062	128
(filmRef)UCS0079	582	1	1	0.5657	0.5657	128
(filmRef)UCS0084	583	1	1	0.5612	0.5612	11
(filmRef)UCS0093	128	1	1	0.5301	0.5301	11
(filmRef)1017	27	1	1	0.5225	0.5225	315
(filmRef)1014	27	1	1	0.5151	0.5151	4
(filmRef)1012	27	1	1	0.5185	0.5185	315
(filmRef)UCS0114	11	1	1	0.5091	0.5091	585
(filmRef)1006	27	1	1	0.516	0.516	308
(filmRef)1003	27	1	1	0.533	0.533	315
(filmRef)UCS0136	36	1	1	0.5464	0.5464	11
(filmRef)0682	27	1	1	0.5899	0.5899	315
(filmRef)0681	27	1	1	0.5684	0.5684	315
(filmRef)12851	95	1	1	0.6233	0.6233	249
(filmRef)20703	220	1	1	0.5017	0.5017	33
(filmRef)1418	125	1	1	0.5079	0.5079	45
(filmRef)14371	171	1	1	0.5	0.5	53
(filmRef)T1113	4	1	1	0.5136	0.5136	573
(filmRef)16709	2	1	1	0.5079	0.5079	171
(filmRef)16704	2	1	1	0.5079	0.5079	171
(filmRef)16703	2	1	1	0.5079	0.5079	171
(filmRef)16700	2	1	1	0.5079	0.5079	171
(filmRef)16691	2	1	1	0.5079	0.5079	171
(filmRef)16688	2	1	1	0.5063	0.5063	171
(filmRef)T0718	105	1	1	0.5	0.5	11
(filmRef)UCS0121	11	1	1	0.5	0.5	4
(filmRef)16687	2	1	1	0.5063	0.5063	171
(filmRef)16684	2	1	1	0.5127	0.5127	171
(filmRef)16682	2	1	1	0.5063	0.5063	171
(filmRef)16669	2	1	1	0.5127	0.5127	171
(filmRef)17729	53	1	1	0.5	0.5	171
(filmRef)14334	2	1	1	0.5234	0.5234	171
(filmRef)14229	2	1	1	0.5423	0.5423	171
(filmRef)14333	2	1	1	0.525	0.525	171
(filmRef)14332	2	1	1	0.525	0.525	171
(filmRef)14330	5	1	1	0.5075	0.5075	124
(filmRef)14304	2	1	1	0.53	0.53	171
(filmRef)14303	2	1	1	0.5316	0.5316	171
(filmRef)15529	145	1	1	0.5046	0.5046	3
(filmRef)T1988	4	1	1	0.555	0.555	577
(filmRef)UCS0008	126	1	1	0.5094	0.5094	36
(filmRef)14277	2	1	1	0.528	0.528	171
(filmRef)14833	5	1	1	0.5051	0.5051	64
(filmRef)UCS0035	36	1	1	0.5227	0.5227	126
(filmRef)14267	2	1	1	0.536	0.536	171
(filmRef)14266	2	1	1	0.5125	0.5125	171
(filmRef)14230	2	1	1	0.5439	0.5439	171
(filmRef)14268	2	1	1	0.5349	0.5349	171
(filmRef)17232	12	1	1	0.532	0.532	69
(filmRef)17297	68	1	1	0.5172	0.5172	9
(filmRef)18244	446	1	1	0.5059	0.5059	205
(filmRef)18650	8	1	1	0.5	0.5	155
(filmRef)18777	8	1	1	0.5	0.5	155
(filmRef)17383	52	1	1	0.5054	0.5054	464
(filmRef)17388	52	1	1	0.528	0.528	179
(filmRef)17811	80	1	1	0.5745	0.5745	172
(filmRef)17813	80	1	1	0.5549	0.5549	172
(filmRef)17737	413	1	1	0.5776	0.5776	412
(filmRef)18241	446	1	1	0.6382	0.6382	205
(filmRef)18883	38	1	1	0.5	0.5	10
(filmRef)19017	466	1	1	0.5114	0.5114	287
(filmRef)18794	466	1	1	0.5114	0.5114	287
(filmRef)20230	119	1	1	0.5692	0.5692	26
(filmRef)20229	119	1	1	0.5356	0.5356	26
(filmRef)20228	119	1	1	0.5644	0.5644	26
(filmRef)18799	285	1	1	0.5374	0.5374	90
(filmRef)20225	119	1	1	0.5362	0.5362	26
(filmRef)18800	285	1	1	0.5374	0.5374	90
(filmRef)18802	285	1	1	0.5383	0.5383	90
(filmRef)18323	8	1	1	0.5	0.5	155
(filmRef)18268	8	1	1	0.5	0.5	155
(filmRef)18004	8	1	1	0.5	0.5	155
(filmRef)17190	8	1	1	0.5	0.5	155
(filmRef)21067	6	1	1	0.6091	0.6091	505
(filmRef)21066	6	1	1	0.5939	0.5939	505
(filmRef)21064	6	1	1	0.5374	0.5374	505
(filmRef)21061	6	1	1	0.5213	0.5213	505
(filmRef)21059	107	1	1	0.5	0.5	505
(filmRef)21052	6	1	1	0.5536	0.5536	505
(filmRef)21043	6	1	1	0.5339	0.5339	505
(filmRef)21028	6	1	1	0.5833	0.5833	505
(filmRef)16753	381	1	1	0.5139	0.5139	69
(filmRef)16754	381	1	1	0.5025	0.5025	69
(filmRef)20078	83	1	1	0.5013	0.5013	32
(filmRef)20080	83	1	1	0.5067	0.5067	32
(filmRef)20248	83	1	1	0.5013	0.5013	32
(filmRef)20250	83	1	1	0.5067	0.5067	32
(filmRef)16831	103	1	1	0.5022	0.5022	52
(filmRef)16834	103	1	1	0.5327	0.5327	52
(filmRef)16980	229	1	1	0.5311	0.5311	231
(filmRef)2921	112	1	1	0.5714	0.5714	173
(filmRef)19271	0	1	1	0.5049	0.5049	180
(filmRef)19630	194	1	1	0.5347	0.5347	9
(filmRef)20124	13	1	1	0.5439	0.5439	290
(filmRef)20132	13	1	1	0.5156	0.5156	290
(filmRef)20131	13	1	1	0.5479	0.5479	290
(filmRef)20130	13	1	1	0.5407	0.5407	290
(filmRef)20129	13	1	1	0.5467	0.5467	290
(filmRef)20128	13	1	1	0.5415	0.5415	290
(filmRef)20127	13	1	1	0.5313	0.5313	290
(filmRef)20126	13	1	1	0.5455	0.5455	290
(filmRef)20125	13	1	1	0.543	0.543	290
(filmRef)20123	13	1	1	0.5407	0.5407	290
(filmRef)19158	0	1	1	0.5154	0.5154	180
(filmRef)20122	13	1	1	0.5427	0.5427	290
(filmRef)20121	13	1	1	0.5407	0.5407	290
(filmRef)20120	13	1	1	0.5407	0.5407	290
(filmRef)20119	13	1	1	0.5455	0.5455	290
(filmRef)20118	13	1	1	0.5455	0.5455	290
(filmRef)20117	13	1	1	0.5455	0.5455	290
(filmRef)20116	13	1	1	0.5407	0.5407	290
(filmRef)20115	13	1	1	0.5371	0.5371	290
(filmRef)20030	49	1	1	0.5067	0.5067	12
(filmRef)20025	13	1	1	0.5093	0.5093	290
(filmRef)20024	13	1	1	0.5302	0.5302	290
(filmRef)20023	13	1	1	0.543	0.543	290
(filmRef)20000	13	1	1	0.5419	0.5419	290
(filmRef)20001	13	1	1	0.5419	0.5419	290
(filmRef)20002	13	1	1	0.5442	0.5442	290
(filmRef)20003	13	1	1	0.5383	0.5383	290
(filmRef)20189	88	1	1	0.5109	0.5109	0
(filmRef)20188	88	1	1	0.5109	0.5109	0
(filmRef)20187	88	1	1	0.5109	0.5109	0
(filmRef)20004	13	1	1	0.5442	0.5442	290
(filmRef)20005	13	1	1	0.5447	0.5447	290
(filmRef)20006	13	1	1	0.543	0.543	290
(filmRef)20007	13	1	1	0.5415	0.5415	290
(filmRef)20008	13	1	1	0.5511	0.5511	290
(filmRef)20009	13	1	1	0.5419	0.5419	290
(filmRef)20010	13	1	1	0.5268	0.5268	290
(filmRef)20020	13	1	1	0.5395	0.5395	290
(filmRef)20021	13	1	1	0.5256	0.5256	290
(filmRef)20022	13	1	1	0.529	0.529	290
(filmRef)21069	6	1	1	0.6094	0.6094	505
(filmRef)21070	6	1	1	0.5651	0.5651	505
(filmRef)21096	6	1	1	0.5606	0.5606	505
(filmRef)22535	523	1	1	0.5135	0.5135	58
(filmRef)22930	301	1	1	0.5356	0.5356	529
(filmRef)22783	538	1	1	0.5124	0.5124	58
(filmRef)22729	536	1	1	0.5089	0.5089	529
(filmRef)22717	535	1	1	0.5128	0.5128	58
(filmRef)22710	534	1	1	0.5249	0.5249	58
(filmRef)19088	77	1	1	0.5035	0.5035	176
(filmRef)17402	3	1	1	0.5362	0.5362	176
(filmRef)15228	5	1	1	0.518	0.518	124
(filmRef)16957	12	1	1	0.5	0.5	69
(filmRef)21118	102	1	1	0.5061	0.5061	6
(filmRef)20091	2	1	1	0.5197	0.5197	492
(filmRef)22512	299	1	1	0.5255	0.5255	58
(filmRef)17237	12	1	1	0.5119	0.5119	69
(filmRef)22466	521	1	1	0.5268	0.5268	202
(filmRef)22465	521	1	1	0.5268	0.5268	202
(filmRef)22202	169	1	1	0.5913	0.5913	519
(filmRef)22201	169	1	1	0.5427	0.5427	519
(filmRef)22200	169	1	1	0.5311	0.5311	519
(filmRef)22943	213	1	1	0.5249	0.5249	240
(filmRef)22952	240	1	1	0.5249	0.5249	213
(filmRef)15631	19	1	1	0.5103	0.5103	176
(filmRef)2534	543	1	1	0.5368	0.5368	303
(filmRef)21101	6	1	1	0.5062	0.5062	9
(filmRef)16031	84	1	1	0.5366	0.5366	5
(filmRef)5191	4	1	1	0.5032	0.5032	549
(filmRef)16034	84	1	1	0.5138	0.5138	5
(filmRef)14897	5	1	1	0.5437	0.5437	124
(filmRef)5302	4	1	1	0.5111	0.5111	549
(filmRef)14905	257	1	1	0.5581	0.5581	253
(filmRef)14906	257	1	1	0.5593	0.5593	253
(filmRef)14907	257	1	1	0.5956	0.5956	253
(filmRef)14929	50	1	1	0.5319	0.5319	112
(filmRef)14980	46	1	1	0.5131	0.5131	84
(filmRef)15084	5	1	1	0.5385	0.5385	124
(filmRef)15085	5	1	1	0.5273	0.5273	124
(filmRef)15100	138	1	1	0.5	0.5	217
(filmRef)15129	92	1	1	0.5041	0.5041	139
(filmRef)15193	5	1	1	0.5306	0.5306	220
(filmRef)2530	303	1	1	0.5936	0.5936	543
(filmRef)22198	169	1	1	0.5545	0.5545	519
(filmRef)22197	169	1	1	0.6323	0.6323	519
(filmRef)18359	12	1	1	0.5302	0.5302	69
(filmRef)16545	44	1	1	0.5014	0.5014	19
(filmRef)15733	204	1	1	0.5034	0.5034	85
(filmRef)15741	212	1	1	0.5226	0.5226	190
(filmRef)15742	212	1	1	0.507	0.507	190
(filmRef)18486	455	1	1	0.5204	0.5204	217
(filmRef)15936	99	1	1	0.5	0.5	3
(filmRef)16877	384	1	1	0.546	0.546	3
(filmRef)16071	44	1	1	0.5025	0.5025	161
(filmRef)19190	161	1	1	0.5025	0.5025	44
(filmRef)17112	153	1	1	0.5108	0.5108	3
(filmRef)16322	190	1	1	0.5042	0.5042	60
(filmRef)18779	8	1	1	0.5059	0.5059	14
(filmRef)18780	8	1	1	0.5059	0.5059	14
(filmRef)17667	53	1	1	0.5263	0.5263	62
(filmRef)17669	53	1	1	0.5305	0.5305	62
(filmRef)21126	102	1	1	0.5073	0.5073	6
(filmRef)21125	102	1	1	0.5	0.5	6
(filmRef)21123	102	1	1	0.5083	0.5083	6
(filmRef)15731	204	1	1	0.5103	0.5103	85
(filmRef)16082	44	1	1	0.5014	0.5014	19
(filmRef)15268	54	1	1	0.5224	0.5224	42
(filmRef)15550	55	1	1	0.5036	0.5036	41
(filmRef)22081	58	1	1	0.5054	0.5054	529
(filmRef)22075	518	1	1	0.5351	0.5351	529
(filmRef)15343	356	1	1	0.5143	0.5143	84
(filmRef)15350	55	1	1	0.5036	0.5036	41
(filmRef)15352	55	1	1	0.5071	0.5071	41
(filmRef)15377	5	1	1	0.5125	0.5125	124
(filmRef)16230	3	1	1	0.5074	0.5074	55
(filmRef)16231	3	1	1	0.5074	0.5074	55
(filmRef)15388	55	1	1	0.5018	0.5018	41
(filmRef)15441	5	1	1	0.5939	0.5939	124
(filmRef)16058	149	1	1	0.5042	0.5042	219
(filmRef)16059	149	1	1	0.5042	0.5042	219
(filmRef)16918	386	1	1	0.5155	0.5155	62
(filmRef)15485	186	1	1	0.526	0.526	218
(filmRef)17251	51	1	1	0.5	0.5	86
(filmRef)15531	145	1	1	0.503	0.503	3
(filmRef)15545	5	1	1	0.5278	0.5278	124
(filmRef)UCS0164	11	1	1	0.5203	0.5203	585
