film_ref	has_source_tag	source_name	desc_word_count	has_shotlist	is_broadcaster_summary
(filmRef)0001	False		110	True	False
(filmRef)0002	False		90	True	False
(filmRef)0004	False		155	True	False
(filmRef)0005	False		608	True	False
(filmRef)0007	False		75	True	False
(filmRef)0008	False		184	True	False
(filmRef)0009	False		340	True	False
(filmRef)0010	False		63	True	False
(filmRef)0011	False		84	True	False
(filmRef)0012	False		394	True	False
(filmRef)0013	False		238	True	False
(filmRef)0014	False		154	True	False
(filmRef)0015	False		85	True	False
(filmRef)0016	False		174	True	False
(filmRef)0017	False		276	True	False
(filmRef)0018	False		205	True	False
(filmRef)0019	False		117	True	False
(filmRef)0020	False		190	True	False
(filmRef)0021	False		64	True	False
(filmRef)0022	False		98	True	False
(filmRef)0023A	False		106	True	False
(filmRef)0023B	False		100	True	False
(filmRef)0023C	False		95	True	False
(filmRef)0023D	False		72	True	False
(filmRef)0023E	False		54	True	False
(filmRef)0024	False		42	True	False
(filmRef)0025	False		434	True	False
(filmRef)0026	False		60	True	False
(filmRef)0027	False		73	True	False
(filmRef)0028	False		211	True	False
(filmRef)0029	False		191	True	False
(filmRef)0030	False		107	True	False
(filmRef)0031	False		92	True	False
(filmRef)0032	False		435	True	False
(filmRef)0033	False		180	True	False
(filmRef)0034	False		437	True	False
(filmRef)0035	False		167	True	False
(filmRef)0036	False		147	True	False
(filmRef)0037	False		67	True	False
(filmRef)0038	False		415	True	False
(filmRef)0039	False		172	True	False
(filmRef)0040	False		125	True	False
(filmRef)0041	False		234	True	False
(filmRef)0042	False		1051	True	False
(filmRef)0042A	False		229	True	False
(filmRef)0043	False		295	True	False
(filmRef)0044	False		349	True	False
(filmRef)0045	False		206	True	False
(filmRef)0046	False		354	True	False
(filmRef)0048	False		169	True	False
(filmRef)0049	False		69	True	False
(filmRef)0050	False		112	True	False
(filmRef)0051	False		395	True	False
(filmRef)0052	False		33	True	False
(filmRef)0053	False		227	True	False
(filmRef)0054	False		99	True	False
(filmRef)0055	False		186	True	False
(filmRef)0056	False		2371	True	False
(filmRef)0057	False		503	True	False
(filmRef)0058	False		65	True	False
(filmRef)0059	False		111	True	False
(filmRef)0060	False		273	True	False
(filmRef)0061	False		34	True	False
(filmRef)0062	False		297	True	False
(filmRef)0063	False		96	True	False
(filmRef)0064	False		30	True	False
(filmRef)0065	False		66	True	False
(filmRef)0066	False		47	True	False
(filmRef)0067	False		172	True	False
(filmRef)0068	False		75	True	False
(filmRef)0069	False		64	True	False
(filmRef)0070	False		80	True	False
(filmRef)0071	False		68	True	False
(filmRef)0072	False		156	True	False
(filmRef)0073	False		40	True	False
(filmRef)0074	False		399	True	False
(filmRef)0075	False		88	True	False
(filmRef)0076	False		44	True	False
(filmRef)0077	False		105	True	False
(filmRef)0079	False		283	True	False
(filmRef)0080	False		66	True	False
(filmRef)0081	False		59	True	False
(filmRef)0082	False		178	True	False
(filmRef)0083	False		96	True	False
(filmRef)0084	False		56	True	False
(filmRef)0085	False		163	True	False
(filmRef)0087	False		224	True	False
(filmRef)0088	False		153	True	False
(filmRef)0089	False		158	True	False
(filmRef)0090	False		150	True	False
(filmRef)0093	False		47	True	False
(filmRef)0096	False		94	True	False
(filmRef)0097	False		88	True	False
(filmRef)0098	False		199	True	False
(filmRef)0099	False		107	True	False
(filmRef)0100	False		90	True	False
(filmRef)0103	False		146	True	False
(filmRef)0105	False		91	True	False
(filmRef)0106	False		283	True	False
(filmRef)0107	False		105	True	False
(filmRef)0108	False		87	True	False
(filmRef)0109	False		293	True	False
(filmRef)0111	False		182	True	False
(filmRef)0112	False		256	True	False
(filmRef)0113	False		249	True	False
(filmRef)0114	False		751	True	False
(filmRef)0115	False		84	True	False
(filmRef)0116	False		125	True	False
(filmRef)0117	False		39	True	False
(filmRef)0118	False		37	True	False
(filmRef)0119	False		121	True	False
(filmRef)0120	False		282	True	False
(filmRef)0122	False		231	True	False
(filmRef)0123	False		241	True	False
(filmRef)0124	False		65	True	False
(filmRef)0126	False		78	True	False
(filmRef)0127	False		95	True	False
(filmRef)0128	False		185	True	False
(filmRef)0129	False		98	True	False
(filmRef)0130	False		148	True	False
(filmRef)0131	False		224	True	False
(filmRef)0132	False		136	True	False
(filmRef)0133	False		410	True	False
(filmRef)0134	False		142	True	False
(filmRef)0135	False		291	True	False
(filmRef)0136	False		309	True	False
(filmRef)0140	False		249	True	False
(filmRef)0141	False		393	True	False
(filmRef)0142	False		147	True	False
(filmRef)0143	False		22	True	False
(filmRef)0144	False		150	True	False
(filmRef)0145	False		105	True	False
(filmRef)0146	False		106	True	False
(filmRef)0147	False		135	True	False
(filmRef)0148	False		72	True	False
(filmRef)0149	False		145	True	False
(filmRef)0150	False		248	True	False
(filmRef)0151	False		97	True	False
(filmRef)0152	False		159	True	False
(filmRef)0153	False		215	True	False
(filmRef)0154	False		138	True	False
(filmRef)0155	False		193	True	False
(filmRef)0156	False		691	True	False
(filmRef)0157	False		156	True	False
(filmRef)0158	False		284	True	False
(filmRef)0159	False		165	True	False
(filmRef)0160	False		64	True	False
(filmRef)0161	False		355	True	False
(filmRef)0162	False		53	True	False
(filmRef)0163	False		148	True	False
(filmRef)0164	False		342	True	False
(filmRef)0165	False		158	True	False
(filmRef)0166	False		249	True	False
(filmRef)0167	False		480	True	False
(filmRef)0168	False		105	True	False
(filmRef)0169	False		127	True	False
(filmRef)0170	False		187	True	False
(filmRef)0171	False		243	True	False
(filmRef)0172	False		100	True	False
(filmRef)0173	False		115	True	False
(filmRef)0174	False		141	True	False
(filmRef)0175	False		126	True	False
(filmRef)0176	False		313	True	False
(filmRef)0177	False		86	True	False
(filmRef)0178	False		114	True	False
(filmRef)0179	False		72	True	False
(filmRef)0180	False		172	True	False
(filmRef)0181	False		52	True	False
(filmRef)0182	False		264	True	False
(filmRef)0183	False		61	True	False
(filmRef)0184	False		80	True	False
(filmRef)0185	False		167	True	False
(filmRef)0186	False		162	True	False
(filmRef)0188	False		990	True	False
(filmRef)0189	False		228	True	False
(filmRef)0190	False		184	True	False
(filmRef)0191	False		254	True	False
(filmRef)0192	False		180	True	False
(filmRef)0193	False		148	True	False
(filmRef)0194A	False		171	True	False
(filmRef)0194B	False		40	True	False
(filmRef)0195A	False		73	True	False
(filmRef)0195B	False		59	True	False
(filmRef)0196	False		246	True	False
(filmRef)0197	False		41	False	False
(filmRef)0199	False		119	True	False
(filmRef)0201	False		35	True	False
(filmRef)0202	False		31	True	False
(filmRef)0204	False		219	True	False
(filmRef)0231	False		381	True	False
(filmRef)0232	False		71	True	False
(filmRef)0234	False		183	True	False
(filmRef)0235	False		143	True	False
(filmRef)0236	False		124	True	False
(filmRef)0237	False		101	True	False
(filmRef)0238	False		124	True	False
(filmRef)0239	False		141	True	False
(filmRef)0241	False		343	True	False
(filmRef)0242	False		225	True	False
(filmRef)0244	False		126	True	False
(filmRef)0245A	False		63	True	False
(filmRef)0246A	False		46	True	False
(filmRef)0246B	False		76	True	False
(filmRef)0247	False		186	True	False
(filmRef)0248	False		51	True	False
(filmRef)0249	False		265	True	False
(filmRef)0250	False		95	True	False
(filmRef)0251	False		470	True	False
(filmRef)0252	False		37	True	False
(filmRef)0253	False		864	True	False
(filmRef)0255A	False		384	True	False
(filmRef)0255B	False		137	True	False
(filmRef)0255C	False		80	True	False
(filmRef)0256	False		663	True	False
(filmRef)0257	False		390	True	False
(filmRef)0258	False		162	True	False
(filmRef)0259	False		59	True	False
(filmRef)0260	False		309	True	False
(filmRef)0262	False		52	True	False
(filmRef)0264	False		133	True	False
(filmRef)0265A	False		60	True	False
(filmRef)0265B	False		43	True	False
(filmRef)0265C	False		35	True	False
(filmRef)0266	False		222	True	False
(filmRef)0268	False		201	True	False
(filmRef)0269	False		127	True	False
(filmRef)0270	False		306	True	False
(filmRef)0271	False		559	True	False
(filmRef)0272	False		171	True	False
(filmRef)0273	False		157	True	False
(filmRef)0274	False		384	True	False
(filmRef)0275	False		197	True	False
(filmRef)0276	False		239	True	False
(filmRef)0277	False		91	True	False
(filmRef)0278	False		124	True	False
(filmRef)0279	False		179	True	False
(filmRef)0280	False		365	True	False
(filmRef)0281	False		322	True	False
(filmRef)0282	False		161	True	False
(filmRef)0283	False		165	True	False
(filmRef)0284	False		176	True	False
(filmRef)0285	False		96	True	False
(filmRef)0286A	False		98	True	False
(filmRef)0286B	False		84	True	False
(filmRef)0288	False		202	True	False
(filmRef)0291	False		228	True	False
(filmRef)0292	False		219	True	False
(filmRef)0294	False		270	True	False
(filmRef)0295	False		150	True	False
(filmRef)0296	False		342	True	False
(filmRef)0297	False		238	True	False
(filmRef)0298	False		99	True	False
(filmRef)0299	False		227	True	False
(filmRef)0300	False		396	True	False
(filmRef)0301	False		368	True	False
(filmRef)0302	False		338	True	False
(filmRef)0303	False		472	True	False
(filmRef)0304	False		82	True	False
(filmRef)0305	False		241	True	False
(filmRef)0306	False		415	True	False
(filmRef)0307	False		346	True	False
(filmRef)0308	False		150	True	False
(filmRef)0309	False		108	True	False
(filmRef)0310	False		98	True	False
(filmRef)0311	False		96	True	False
(filmRef)0312	False		51	True	False
(filmRef)0313	False		91	True	False
(filmRef)0314	False		293	True	False
(filmRef)0315	False		348	True	False
(filmRef)0316	False		340	True	False
(filmRef)0317	False		366	True	False
(filmRef)0318	False		65	True	False
(filmRef)0319	False		237	True	False
(filmRef)0320	False		410	True	False
(filmRef)0322	False		87	True	False
(filmRef)0323	False		224	True	False
(filmRef)0324	False		216	True	False
(filmRef)0325	False		147	True	False
(filmRef)0326	False		55	True	False
(filmRef)0327	False		59	True	False
(filmRef)0328	False		197	True	False
(filmRef)0329	False		83	True	False
(filmRef)0330	False		194	True	False
(filmRef)0331	False		112	True	False
(filmRef)0332	False		80	True	False
(filmRef)0333	False		274	True	False
(filmRef)0334	False		230	True	False
(filmRef)0335A	False		97	True	False
(filmRef)0335B	False		98	True	False
(filmRef)0336	False		273	True	False
(filmRef)0337	False		344	True	False
(filmRef)0338	False		203	True	False
(filmRef)0339	False		221	True	False
(filmRef)0340	False		471	True	False
(filmRef)0341	False		137	True	False
(filmRef)0342	False		150	True	False
(filmRef)0343	False		242	True	False
(filmRef)0344	False		156	True	False
(filmRef)0345	False		491	True	False
(filmRef)0346	False		581	True	False
(filmRef)0347	False		342	True	False
(filmRef)0348	False		578	True	False
(filmRef)0349	False		159	True	False
(filmRef)0350	False		184	True	False
(filmRef)0351	False		198	True	False
(filmRef)0352	False		439	True	False
(filmRef)0353	False		132	True	False
(filmRef)0354	False		347	True	False
(filmRef)0355	False		159	True	False
(filmRef)0356	False		66	True	False
(filmRef)0357	False		169	True	False
(filmRef)0358	False		89	True	False
(filmRef)0359	False		181	True	False
(filmRef)0360	False		125	True	False
(filmRef)0361	False		450	True	False
(filmRef)0362	False		406	True	False
(filmRef)0363	False		259	True	False
(filmRef)0364	False		332	True	False
(filmRef)0365	False		223	True	False
(filmRef)0366	False		311	True	False
(filmRef)0367	False		337	True	False
(filmRef)0368	False		145	True	False
(filmRef)0373	False		351	True	False
(filmRef)0374	False		341	True	False
(filmRef)0376	False		194	True	False
(filmRef)0377	False		603	True	False
(filmRef)0379	False		227	True	False
(filmRef)0380	False		356	True	False
(filmRef)0381	False		114	True	False
(filmRef)0382	False		59	True	False
(filmRef)0383	False		143	True	False
(filmRef)0385	False		287	True	False
(filmRef)0386	False		243	True	False
(filmRef)0387	False		347	True	False
(filmRef)0388	False		226	True	False
(filmRef)0389	False		202	True	False
(filmRef)0390	False		198	True	False
(filmRef)0391	False		124	True	False
(filmRef)0392	False		223	True	False
(filmRef)0393	False		160	True	False
(filmRef)0394	False		183	True	False
(filmRef)0395	False		220	True	False
(filmRef)0396	False		301	True	False
(filmRef)0397	False		231	True	False
(filmRef)0398	False		732	True	False
(filmRef)0399	False		232	True	False
(filmRef)0400	False		101	True	False
(filmRef)0401A	False		117	True	False
(filmRef)0401B	False		46	True	False
(filmRef)0402A	False		69	True	False
(filmRef)0402B	False		78	True	False
(filmRef)0403	False		39	True	False
(filmRef)0404A	False		53	True	False
(filmRef)0404B	False		71	True	False
(filmRef)0404C	False		51	True	False
(filmRef)0404D	False		55	True	False
(filmRef)0404E	False		62	True	False
(filmRef)0405	False		72	True	False
(filmRef)0406	False		73	True	False
(filmRef)0407A	False		77	True	False
(filmRef)0407B	False		55	True	False
(filmRef)0408	False		121	True	False
(filmRef)0409	False		78	True	False
(filmRef)0410	False		85	True	False
(filmRef)0411	False		188	True	False
(filmRef)0412B	False		42	True	False
(filmRef)0412C	False		69	True	False
(filmRef)0413	False		182	True	False
(filmRef)0414	False		103	True	False
(filmRef)0415	False		170	True	False
(filmRef)0416	False		297	True	False
(filmRef)0417	False		702	True	False
(filmRef)0418	False		911	True	False
(filmRef)0419	False		212	True	False
(filmRef)0420	False		238	True	False
(filmRef)0421	False		344	True	False
(filmRef)0422	False		92	True	False
(filmRef)0423	False		326	True	False
(filmRef)0424	False		178	True	False
(filmRef)0425	False		294	True	False
(filmRef)0426	False		150	True	False
(filmRef)0427	False		134	True	False
(filmRef)0428	False		465	True	False
(filmRef)0429	False		103	True	False
(filmRef)0430	False		117	True	False
(filmRef)0431	False		731	True	False
(filmRef)0432	False		177	True	False
(filmRef)0433	False		204	True	False
(filmRef)0434	False		144	True	False
(filmRef)0435	False		116	True	False
(filmRef)0436	False		498	True	False
(filmRef)0437	False		84	True	False
(filmRef)0438	False		851	True	False
(filmRef)0439	False		78	True	False
(filmRef)0440	False		114	True	False
(filmRef)0441	False		506	True	False
(filmRef)0442	False		156	True	False
(filmRef)0443	False		126	True	False
(filmRef)0444	False		131	True	False
(filmRef)0445	False		283	True	False
(filmRef)0446	False		129	True	False
(filmRef)0448	False		72	True	False
(filmRef)0449	False		69	True	False
(filmRef)0450	False		179	True	False
(filmRef)0451	False		212	True	False
(filmRef)0453	False		57	True	False
(filmRef)0454A	False		132	True	False
(filmRef)0454B	False		108	True	False
(filmRef)0455	False		236	True	False
(filmRef)0456	False		209	True	False
(filmRef)0457	False		240	True	False
(filmRef)0458	False		69	True	False
(filmRef)0459	False		323	True	False
(filmRef)0460	False		205	True	False
(filmRef)0462	False		220	True	False
(filmRef)0463	False		177	True	False
(filmRef)0464	False		110	True	False
(filmRef)0465	False		71	True	False
(filmRef)0466	False		53	True	False
(filmRef)0467	False		177	True	False
(filmRef)0468	False		156	True	False
(filmRef)0469	False		166	True	False
(filmRef)0470	False		270	True	False
(filmRef)0471	False		302	True	False
(filmRef)0473	False		745	True	False
(filmRef)0474	False		172	True	False
(filmRef)0476	False		220	True	False
(filmRef)0477	False		130	True	False
(filmRef)0478	False		157	True	False
(filmRef)0479	False		320	True	False
(filmRef)0480	False		230	True	False
(filmRef)0481	False		395	True	False
(filmRef)0482	False		216	True	False
(filmRef)0483	False		322	True	False
(filmRef)0484	False		176	True	False
(filmRef)0486	False		412	True	False
(filmRef)0487	False		221	True	False
(filmRef)0490	False		186	True	False
(filmRef)0491	False		60	True	False
(filmRef)0492	False		177	True	False
(filmRef)0493	False		175	True	False
(filmRef)0494	False		317	True	False
(filmRef)0495	False		258	True	False
(filmRef)0496	False		215	True	False
(filmRef)0497	False		140	True	False
(filmRef)0498	False		228	True	False
(filmRef)0499	False		203	True	False
(filmRef)0500	False		131	True	False
(filmRef)0501	False		173	True	False
(filmRef)0502	False		147	True	False
(filmRef)0503	False		37	True	False
(filmRef)0504	False		279	True	False
(filmRef)0505	False		435	True	False
(filmRef)0506	False		198	True	False
(filmRef)0507	False		282	True	False
(filmRef)0508	False		243	True	False
(filmRef)0509	False		205	True	False
(filmRef)0510	False		113	True	False
(filmRef)0511	False		274	True	False
(filmRef)0512	False		715	True	False
(filmRef)0513	False		69	True	False
(filmRef)0514	False		90	True	False
(filmRef)0515A	False		28	True	False
(filmRef)0515B	False		39	True	False
(filmRef)0515C	False		33	True	False
(filmRef)0516	False		367	True	False
(filmRef)0517A	False		272	True	False
(filmRef)0517B	False		51	True	False
(filmRef)0518	False		79	True	False
(filmRef)0519	False		60	True	False
(filmRef)0520	False		144	True	False
(filmRef)0521	False		202	True	False
(filmRef)0522	False		123	True	False
(filmRef)0523	False		154	True	False
(filmRef)0524	False		55	True	False
(filmRef)0525	False		193	True	False
(filmRef)0526	False		398	True	False
(filmRef)0527	False		219	True	False
(filmRef)0528	False		264	True	False
(filmRef)0529A	False		83	True	False
(filmRef)0529B	False		98	True	False
(filmRef)0529C	False		53	True	False
(filmRef)0529D	False		63	True	False
(filmRef)0530	False		1699	True	False
(filmRef)0531	False		492	True	False
(filmRef)0532	False		111	True	False
(filmRef)0533	False		71	True	False
(filmRef)0534	False		186	True	False
(filmRef)0535	False		326	True	False
(filmRef)0536	False		129	True	False
(filmRef)0537	False		71	True	False
(filmRef)0538	False		98	True	False
(filmRef)0539A	False		128	True	False
(filmRef)0539B	False		57	True	False
(filmRef)0541	False		110	True	False
(filmRef)0543	False		63	True	False
(filmRef)0544	False		305	True	False
(filmRef)0545	False		362	True	False
(filmRef)0546	False		110	True	False
(filmRef)0547	False		102	True	False
(filmRef)0548	False		96	True	False
(filmRef)0549	False		129	True	False
(filmRef)0550	False		142	True	False
(filmRef)0551	False		85	True	False
(filmRef)0552	False		170	True	False
(filmRef)0553	False		106	True	False
(filmRef)0554	False		329	True	False
(filmRef)0555	False		193	True	False
(filmRef)0556	False		155	True	False
(filmRef)0558	False		142	True	False
(filmRef)0560	False		503	True	False
(filmRef)0561A	False		36	True	False
(filmRef)0561B	False		58	True	False
(filmRef)0561C	False		129	True	False
(filmRef)0561D	False		249	True	False
(filmRef)0561E	False		100	True	False
(filmRef)0561F	False		74	True	False
(filmRef)0562	False		89	True	False
(filmRef)0563	False		137	True	False
(filmRef)0564	False		58	True	False
(filmRef)0565	False		106	True	False
(filmRef)0566	False		75	True	False
(filmRef)0567	False		74	True	False
(filmRef)0568	False		114	True	False
(filmRef)0569	False		41	True	False
(filmRef)0570	False		235	True	False
(filmRef)0571	False		342	True	False
(filmRef)0572	False		261	True	False
(filmRef)0573	False		361	True	False
(filmRef)0574	False		116	True	False
(filmRef)0575	False		41	True	False
(filmRef)0576	False		123	True	False
(filmRef)0577	False		102	True	False
(filmRef)0578	False		286	True	False
(filmRef)0579	False		359	True	False
(filmRef)0580	False		627	True	False
(filmRef)0581	False		253	True	False
(filmRef)0584	False		244	True	False
(filmRef)0585	False		153	True	False
(filmRef)0586	False		495	True	False
(filmRef)0587	False		362	True	False
(filmRef)0588	False		266	True	False
(filmRef)0589	False		208	True	False
(filmRef)0590	False		58	True	False
(filmRef)0591	False		627	True	False
(filmRef)0592	False		133	True	False
(filmRef)0593	False		97	True	False
(filmRef)0594	False		128	True	False
(filmRef)0595	False		117	True	False
(filmRef)0596	False		158	True	False
(filmRef)0597A	False		100	True	False
(filmRef)0597B	False		97	True	False
(filmRef)0598	False		170	True	False
(filmRef)0600	False		130	True	False
(filmRef)0601	False		77	True	False
(filmRef)0603	False		60	True	False
(filmRef)0604	False		108	True	False
(filmRef)0605	False		244	True	False
(filmRef)0606	False		252	True	False
(filmRef)0607	False		329	True	False
(filmRef)0608	False		308	True	False
(filmRef)0609	False		170	True	False
(filmRef)0610	False		217	True	False
(filmRef)0611	False		96	True	False
(filmRef)0612	False		209	True	False
(filmRef)0613	False		142	True	False
(filmRef)0614	False		144	True	False
(filmRef)0615	False		126	True	False
(filmRef)0616	False		193	True	False
(filmRef)0617	False		187	True	False
(filmRef)0618	False		181	True	False
(filmRef)0619	False		422	True	False
(filmRef)0620	False		287	True	False
(filmRef)0621	False		254	True	False
(filmRef)0622	False		337	True	False
(filmRef)0623	False		519	True	False
(filmRef)0624	False		425	True	False
(filmRef)0625	False		107	True	False
(filmRef)0626	False		174	True	False
(filmRef)0627	False		201	True	False
(filmRef)0628	False		193	True	False
(filmRef)0629	False		92	True	False
(filmRef)0630	False		297	True	False
(filmRef)0631	False		510	True	False
(filmRef)0632	False		432	True	False
(filmRef)0633	False		267	True	False
(filmRef)0634	False		187	True	False
(filmRef)0635	False		161	True	False
(filmRef)0636	False		280	True	False
(filmRef)0637	False		285	True	False
(filmRef)0638	False		315	True	False
(filmRef)0639A	False		103	True	False
(filmRef)0639B	False		206	True	False
(filmRef)0640	False		74	True	False
(filmRef)0641	False		515	True	False
(filmRef)0642	False		79	True	False
(filmRef)0643	False		43	True	False
(filmRef)0644	False		82	True	False
(filmRef)0645	False		447	True	False
(filmRef)0646A	False		183	True	False
(filmRef)0646B	False		231	True	False
(filmRef)0647	False		133	True	False
(filmRef)0648	False		210	True	False
(filmRef)0650	False		72	True	False
(filmRef)0651	False		82	True	False
(filmRef)0652	False		207	True	False
(filmRef)0653A	False		219	True	False
(filmRef)0653B	False		115	True	False
(filmRef)0653C	False		258	True	False
(filmRef)0654A	False		99	True	False
(filmRef)0654B	False		66	True	False
(filmRef)0655	False		38	True	False
(filmRef)0656	False		64	True	False
(filmRef)0657	False		40	True	False
(filmRef)0658	False		30	True	False
(filmRef)0659	False		52	True	False
(filmRef)0660	False		54	True	False
(filmRef)0661	False		323	True	False
(filmRef)0662	False		270	True	False
(filmRef)0663	False		491	True	False
(filmRef)0665	False		183	True	False
(filmRef)0666	False		259	True	False
(filmRef)0667	False		36	True	False
(filmRef)0668	False		90	True	False
(filmRef)0669	False		98	True	False
(filmRef)0670	False		100	True	False
(filmRef)0672	False		522	True	False
(filmRef)0673	False		361	True	False
(filmRef)0674	False		58	True	False
(filmRef)0675	False		31	True	False
(filmRef)0676	False		21	True	False
(filmRef)0677	False		41	True	False
(filmRef)0678	False		35	True	False
(filmRef)0679	False		51	True	False
(filmRef)0680	False		29	True	False
(filmRef)0681	False		25	True	False
(filmRef)0682	False		23	True	False
(filmRef)0683	False		63	True	False
(filmRef)0684	False		28	True	False
(filmRef)0685	False		27	True	False
(filmRef)0686	False		39	True	False
(filmRef)0687	False		100	True	False
(filmRef)0688	False		56	True	False
(filmRef)0689	False		26	True	False
(filmRef)0690	False		654	True	False
(filmRef)0692	False		345	True	False
(filmRef)0693	False		443	True	False
(filmRef)0694	False		438	True	False
(filmRef)0695	False		282	True	False
(filmRef)0697	False		302	True	False
(filmRef)0698	False		168	True	False
(filmRef)0699	False		110	True	False
(filmRef)0701	False		38	True	False
(filmRef)0702	False		176	True	False
(filmRef)0703	False		215	True	False
(filmRef)0704	False		435	True	False
(filmRef)0705	False		383	True	False
(filmRef)0707	False		97	True	False
(filmRef)0711	False		39	True	False
(filmRef)0712	False		166	True	False
(filmRef)0713	False		215	True	False
(filmRef)0715	False		24	True	False
(filmRef)0717	False		62	True	False
(filmRef)0718	False		31	True	False
(filmRef)0719	False		111	True	False
(filmRef)0720	False		215	True	False
(filmRef)0722	False		498	True	False
(filmRef)0723	False		138	True	False
(filmRef)0724	False		131	True	False
(filmRef)0727	False		144	True	False
(filmRef)0728	False		101	True	False
(filmRef)0735	False		78	True	False
(filmRef)0736	False		64	True	False
(filmRef)0737	False		37	True	False
(filmRef)0738	False		277	True	False
(filmRef)0739	False		359	True	False
(filmRef)0742	False		199	True	False
(filmRef)0744	False		152	True	False
(filmRef)0745	False		152	True	False
(filmRef)0746	False		278	True	False
(filmRef)0747	False		218	True	False
(filmRef)0748	False		223	True	False
(filmRef)0749	False		522	True	False
(filmRef)0750	False		476	True	False
(filmRef)0751	False		444	True	False
(filmRef)0752	False		394	True	False
(filmRef)0753	False		86	True	False
(filmRef)0754	False		170	True	False
(filmRef)0755	False		248	True	False
(filmRef)0756	False		537	True	False
(filmRef)0757	False		124	True	False
(filmRef)0758	False		323	True	False
(filmRef)0759	False		75	True	False
(filmRef)0760	False		216	True	False
(filmRef)0761	False		164	True	False
(filmRef)0762A	False		191	True	False
(filmRef)0762B	False		110	True	False
(filmRef)0763	False		217	True	False
(filmRef)0764	False		147	True	False
(filmRef)0765	False		147	True	False
(filmRef)0766	False		329	True	False
(filmRef)0767	False		284	True	False
(filmRef)0768	False		69	True	False
(filmRef)0769	False		222	True	False
(filmRef)0770	False		114	True	False
(filmRef)0771	False		193	True	False
(filmRef)0772	False		192	True	False
(filmRef)0773	False		423	True	False
(filmRef)0774	False		824	True	False
(filmRef)0775	False		238	True	False
(filmRef)0776	False		111	True	False
(filmRef)0777	False		301	True	False
(filmRef)0778	False		275	True	False
(filmRef)0779	False		136	True	False
(filmRef)0780	False		187	True	False
(filmRef)0781	False		15	False	False
(filmRef)0782	False		65	True	False
(filmRef)0783	False		89	True	False
(filmRef)0784	False		128	True	False
(filmRef)0785	False		458	True	False
(filmRef)0786	False		120	True	False
(filmRef)0787	False		100	True	False
(filmRef)0788	False		67	True	False
(filmRef)0789	False		106	True	False
(filmRef)0790	False		72	True	False
(filmRef)0791	False		656	True	False
(filmRef)0793	False		718	True	False
(filmRef)0794	False		150	True	False
(filmRef)0795	False		217	True	False
(filmRef)0796	False		1184	True	False
(filmRef)0797	False		465	True	False
(filmRef)0798	False		185	True	False
(filmRef)0799	False		395	True	False
(filmRef)0800	False		742	True	False
(filmRef)0801	False		442	True	False
(filmRef)0802	False		492	True	False
(filmRef)0803	False		389	True	False
(filmRef)0804	False		482	True	False
(filmRef)0805	False		399	True	False
(filmRef)0806	False		339	True	False
(filmRef)0807	False		168	True	False
(filmRef)0808	False		216	True	False
(filmRef)0809	False		272	True	False
(filmRef)0810A	False		156	True	False
(filmRef)0810B	False		138	True	False
(filmRef)0811	False		155	True	False
(filmRef)0812	False		182	True	False
(filmRef)0813	False		334	True	False
(filmRef)0814	False		135	True	False
(filmRef)0815	False		183	True	False
(filmRef)0816	False		79	True	False
(filmRef)0817	False		71	True	False
(filmRef)0818	False		364	True	False
(filmRef)0819	False		408	True	False
(filmRef)0820	False		138	True	False
(filmRef)0821	False		123	True	False
(filmRef)0822	False		78	True	False
(filmRef)0823	False		241	True	False
(filmRef)0824	False		151	True	False
(filmRef)0825	False		251	True	False
(filmRef)0826	False		284	True	False
(filmRef)0827	False		246	True	False
(filmRef)0828	False		139	True	False
(filmRef)0829	False		316	True	False
(filmRef)0830	False		167	True	False
(filmRef)0831	False		92	True	False
(filmRef)0832	False		82	True	False
(filmRef)0833	False		248	True	False
(filmRef)0834	False		67	True	False
(filmRef)0835	False		721	True	False
(filmRef)0836	False		465	True	False
(filmRef)0837	False		622	True	False
(filmRef)0838	False		89	True	False
(filmRef)0839	False		41	True	False
(filmRef)0840A	False		244	True	False
(filmRef)0840B	False		55	True	False
(filmRef)0841	False		144	True	False
(filmRef)0842	False		104	True	False
(filmRef)0843	False		68	True	False
(filmRef)0844	False		126	True	False
(filmRef)0845	False		63	True	False
(filmRef)0846	False		37	True	False
(filmRef)0847	False		48	True	False
(filmRef)0848	False		136	True	False
(filmRef)0849	False		243	True	False
(filmRef)0850	False		118	True	False
(filmRef)0851	False		149	True	False
(filmRef)0852	False		37	True	False
(filmRef)0853	False		80	True	False
(filmRef)0854	False		113	True	False
(filmRef)0855	False		96	True	False
(filmRef)0856	False		175	True	False
(filmRef)0857	False		608	True	False
(filmRef)0858	False		731	True	False
(filmRef)0859	False		385	True	False
(filmRef)0860	False		604	True	False
(filmRef)0861	False		100	True	False
(filmRef)0862	False		156	True	False
(filmRef)0863A	False		118	True	False
(filmRef)0863B	False		93	True	False
(filmRef)0863C	False		169	True	False
(filmRef)0864	False		166	True	False
(filmRef)0865	False		255	True	False
(filmRef)0866	False		81	True	False
(filmRef)0867	False		67	True	False
(filmRef)0868	False		44	True	False
(filmRef)0869	False		99	True	False
(filmRef)0870A	False		42	True	False
(filmRef)0870B	False		63	True	False
(filmRef)0870C	False		39	True	False
(filmRef)0871	False		31	True	False
(filmRef)0872	False		192	True	False
(filmRef)0873A	False		52	True	False
(filmRef)0873B	False		49	True	False
(filmRef)0873C	False		83	True	False
(filmRef)0873D	False		44	True	False
(filmRef)0874	False		149	True	False
(filmRef)0875A	False		74	True	False
(filmRef)0875B	False		87	True	False
(filmRef)0875C	False		85	True	False
(filmRef)0875D	False		59	True	False
(filmRef)0876	False		457	True	False
(filmRef)0877	False		1229	True	False
(filmRef)0878	False		228	True	False
(filmRef)0879	False		364	True	False
(filmRef)0880	False		307	True	False
(filmRef)0881	False		129	True	False
(filmRef)0882	False		471	True	False
(filmRef)0883	False		271	True	False
(filmRef)0884	False		169	True	False
(filmRef)0885	False		381	True	False
(filmRef)0886	False		50	True	False
(filmRef)0887	False		39	True	False
(filmRef)0888	False		340	True	False
(filmRef)0889	False		495	True	False
(filmRef)0890	False		49	True	False
(filmRef)0892	False		85	True	False
(filmRef)0893	False		649	True	False
(filmRef)0894	False		102	True	False
(filmRef)0895	False		989	True	False
(filmRef)0896	False		292	True	False
(filmRef)0897	False		112	True	False
(filmRef)0898	False		107	True	False
(filmRef)0899	False		191	True	False
(filmRef)0900	False		151	True	False
(filmRef)0901	False		75	True	False
(filmRef)0902	False		64	True	False
(filmRef)0903	False		62	True	False
(filmRef)0904	False		102	True	False
(filmRef)0905	False		127	True	False
(filmRef)0906	False		44	True	False
(filmRef)0907	False		95	True	False
(filmRef)0908	False		267	True	False
(filmRef)0909	False		333	True	False
(filmRef)0910	False		578	True	False
(filmRef)0911	False		670	True	False
(filmRef)0912	False		370	True	False
(filmRef)0913	False		650	True	False
(filmRef)0914	False		283	True	False
(filmRef)0915	False		369	True	False
(filmRef)0916	False		403	True	False
(filmRef)0917	False		340	True	False
(filmRef)0918	False		252	True	False
(filmRef)0919	False		156	True	False
(filmRef)0920	False		220	True	False
(filmRef)0921	False		530	True	False
(filmRef)0922	False		304	True	False
(filmRef)0923	False		64	True	False
(filmRef)0924	False		111	True	False
(filmRef)0925	False		47	True	False
(filmRef)0926A	False		75	True	False
(filmRef)0926B	False		64	True	False
(filmRef)0927	False		67	True	False
(filmRef)0928	False		177	True	False
(filmRef)0929	False		92	True	False
(filmRef)0930	False		151	True	False
(filmRef)0931	False		605	True	False
(filmRef)0932	False		404	True	False
(filmRef)0933	False		149	True	False
(filmRef)0934	False		415	True	False
(filmRef)0935	False		400	True	False
(filmRef)0936	False		410	True	False
(filmRef)0937	False		409	True	False
(filmRef)0938	False		387	True	False
(filmRef)0939	False		443	True	False
(filmRef)0940	False		477	True	False
(filmRef)0941	False		95	True	False
(filmRef)0942	False		50	True	False
(filmRef)0943	False		255	True	False
(filmRef)0944	False		106	True	False
(filmRef)0945	False		86	True	False
(filmRef)0946	False		436	True	False
(filmRef)0947	False		263	True	False
(filmRef)0948	False		389	True	False
(filmRef)0949	False		312	True	False
(filmRef)0950	False		287	True	False
(filmRef)0951	False		605	True	False
(filmRef)0952	False		164	True	False
(filmRef)0954	False		227	True	False
(filmRef)0955	False		216	True	False
(filmRef)0956	False		118	True	False
(filmRef)0957	False		147	True	False
(filmRef)0958	False		127	True	False
(filmRef)0959	False		112	True	False
(filmRef)0960A	False		144	True	False
(filmRef)0960B	False		142	True	False
(filmRef)0960C	False		222	True	False
(filmRef)0961A	False		94	True	False
(filmRef)0961B	False		246	True	False
(filmRef)0962	False		97	True	False
(filmRef)0963	False		251	True	False
(filmRef)0964	False		104	True	False
(filmRef)0965	False		132	True	False
(filmRef)0966	False		193	True	False
(filmRef)0967	False		386	True	False
(filmRef)0968	False		388	True	False
(filmRef)0969	False		442	True	False
(filmRef)0970	False		290	True	False
(filmRef)0971	False		30	True	False
(filmRef)0974	False		778	True	False
(filmRef)0975	False		283	True	False
(filmRef)0976	False		105	True	False
(filmRef)0977	False		51	False	False
(filmRef)0978	False		452	True	False
(filmRef)0979	False		183	True	False
(filmRef)0980	False		247	True	False
(filmRef)0981	False		1817	True	False
(filmRef)0982	False		138	True	False
(filmRef)0983	False		22	False	False
(filmRef)0985	False		86	True	False
(filmRef)0986	False		358	True	False
(filmRef)0987	False		201	True	False
(filmRef)0988	False		191	True	False
(filmRef)0989	False		49	True	False
(filmRef)0990	False		100	True	False
(filmRef)0991	False		924	True	False
(filmRef)0992	False		68	True	False
(filmRef)0993	False		39	True	False
(filmRef)0994	False		25	True	False
(filmRef)0995	False		41	True	False
(filmRef)0996	False		13	True	False
(filmRef)0997	False		392	True	False
(filmRef)0998	False		23	True	False
(filmRef)0999	False		14	True	False
(filmRef)1000	False		55	True	False
(filmRef)10006	False		100	True	False
(filmRef)10007	False		184	True	False
(filmRef)10008	False		184	True	False
(filmRef)10009	False		138	True	False
(filmRef)1001	False		16	True	False
(filmRef)10010	False		80	True	False
(filmRef)10011	False		117	True	False
(filmRef)10012	False		271	True	False
(filmRef)10013	False		122	True	False
(filmRef)10014	False		187	True	False
(filmRef)10015	False		148	True	False
(filmRef)10016	False		125	True	False
(filmRef)10017	False		122	True	False
(filmRef)10018	False		352	True	False
(filmRef)10019	False		103	True	False
(filmRef)1002	False		18	True	False
(filmRef)10020	False		105	True	False
(filmRef)10021	False		316	True	False
(filmRef)10022	False		219	True	False
(filmRef)10023	False		132	True	False
(filmRef)10024	False		279	True	False
(filmRef)10026	False		269	True	False
(filmRef)10027	False		444	True	False
(filmRef)10028	False		126	True	False
(filmRef)10029	False		150	True	False
(filmRef)1003	False		22	True	False
(filmRef)10030	False		118	True	False
(filmRef)10031	False		142	True	False
(filmRef)10032	False		112	True	False
(filmRef)10033	False		148	True	False
(filmRef)10034	False		185	True	False
(filmRef)10035	False		143	True	False
(filmRef)10036	False		878	True	False
(filmRef)10037	False		191	True	False
(filmRef)10038	False		347	True	False
(filmRef)10039	False		346	True	False
(filmRef)1004	False		39	True	False
(filmRef)10040	False		330	True	False
(filmRef)10041	False		297	True	False
(filmRef)10042	False		326	True	False
(filmRef)10043	False		271	True	False
(filmRef)10044	False		348	True	False
(filmRef)10045	False		378	True	False
(filmRef)10046	False		338	True	False
(filmRef)10047	False		330	True	False
(filmRef)10048	False		291	True	False
(filmRef)10049	False		320	True	False
(filmRef)1005	False		29	True	False
(filmRef)10050	False		344	True	False
(filmRef)10051	False		351	True	False
(filmRef)10052	False		264	True	False
(filmRef)10053	False		367	True	False
(filmRef)10054	False		235	True	False
(filmRef)10055	False		331	True	False
(filmRef)10056	False		314	True	False
(filmRef)10058	False		281	True	False
(filmRef)10059	False		105	True	False
(filmRef)1006	False		35	True	False
(filmRef)10060	False		197	True	False
(filmRef)10061	False		456	True	False
(filmRef)10062	False		880	True	False
(filmRef)10063	False		86	True	False
(filmRef)10064	False		93	True	False
(filmRef)10065	False		60	True	False
(filmRef)10066	False		308	True	False
(filmRef)1007	False		25	True	False
(filmRef)10073	False		83	True	False
(filmRef)10074	False		181	True	False
(filmRef)10075	False		174	True	False
(filmRef)10076	False		166	True	False
(filmRef)10077	False		228	True	False
(filmRef)10078	False		136	True	False
(filmRef)10079	False		216	True	False
(filmRef)1008	False		25	True	False
(filmRef)10080	False		142	True	False
(filmRef)10081	False		240	True	False
(filmRef)10082	False		149	True	False
(filmRef)10083	False		155	True	False
(filmRef)10084	False		209	True	False
(filmRef)10085	False		116	True	False
(filmRef)10086	False		106	True	False
(filmRef)10087	False		138	True	False
(filmRef)10088	False		240	True	False
(filmRef)10089	False		274	True	False
(filmRef)1009	False		35	True	False
(filmRef)10090	False		162	True	False
(filmRef)10091	False		149	True	False
(filmRef)10092	False		117	True	False
(filmRef)10093	False		681	True	False
(filmRef)1010	False		25	True	False
(filmRef)1011	False		37	True	False
(filmRef)1012	False		27	True	False
(filmRef)1013	False		22	True	False
(filmRef)1014	False		33	True	False
(filmRef)10141	False		63	True	False
(filmRef)10145	False		62	True	False
(filmRef)10146	False		80	True	False
(filmRef)10147	False		88	True	False
(filmRef)10148	False		60	True	False
(filmRef)10149	False		144	True	False
(filmRef)1015	False		23	True	False
(filmRef)10150	False		129	True	False
(filmRef)10151	False		47	True	False
(filmRef)10152	False		74	True	False
(filmRef)10153	False		77	True	False
(filmRef)10154	False		513	True	False
(filmRef)10155	False		506	True	False
(filmRef)10156	False		285	True	False
(filmRef)10157	False		119	True	False
(filmRef)1016	False		15	True	False
(filmRef)10165	False		79	True	False
(filmRef)10166	False		87	True	False
(filmRef)10167	False		72	True	False
(filmRef)10168	False		191	True	False
(filmRef)10169	False		126	True	False
(filmRef)1017	False		18	True	False
(filmRef)10170	False		37	True	False
(filmRef)10171	False		83	True	False
(filmRef)10175	False		57	True	False
(filmRef)10176	False		123	True	False
(filmRef)10179	False		214	True	False
(filmRef)1018	False		15	True	False
(filmRef)10183	False		122	True	False
(filmRef)10185	False		58	True	False
(filmRef)1019	False		27	True	False
(filmRef)10192	False		58	True	False
(filmRef)1020	False		27	True	False
(filmRef)10202	False		70	True	False
(filmRef)10206	False		79	True	False
(filmRef)10209	False		64	True	False
(filmRef)1021	False		54	True	False
(filmRef)10215	False		127	True	False
(filmRef)1022	False		37	True	False
(filmRef)10223	False		103	True	False
(filmRef)10226	False		113	True	False
(filmRef)1023	False		15	True	False
(filmRef)10230	False		274	True	False
(filmRef)10232	False		95	True	False
(filmRef)10234	False		352	True	False
(filmRef)10236	False		46	False	False
(filmRef)10238	False		242	True	False
(filmRef)1024	False		51	True	False
(filmRef)1025	False		27	True	False
(filmRef)10253	False		23	False	False
(filmRef)10254	False		32	True	False
(filmRef)10255	False		35	False	False
(filmRef)10256	False		34	False	False
(filmRef)10257	False		13	False	False
(filmRef)10258	False		13	False	False
(filmRef)10259	False		19	False	False
(filmRef)1026	False		132	True	False
(filmRef)1027	False		102	True	False
(filmRef)1028	False		191	True	False
(filmRef)1029	False		34	True	False
(filmRef)1030	False		83	True	False
(filmRef)10304	False		438	True	False
(filmRef)10305	False		786	True	False
(filmRef)10306	False		305	True	False
(filmRef)10307	False		324	True	False
(filmRef)10308	False		96	True	False
(filmRef)10309	False		89	True	False
(filmRef)1031	False		172	True	False
(filmRef)10310	False		138	True	False
(filmRef)10311	False		132	True	False
(filmRef)10312	False		70	True	False
(filmRef)10313	False		49	True	False
(filmRef)10314	False		51	True	False
(filmRef)10315	False		57	True	False
(filmRef)10316	False		145	True	False
(filmRef)10317	False		321	True	False
(filmRef)1032	False		17	True	False
(filmRef)10329	False		252	True	False
(filmRef)1033	False		29	True	False
(filmRef)10330	False		192	True	False
(filmRef)10331	False		469	True	False
(filmRef)10332	False		539	True	False
(filmRef)10333	False		210	True	False
(filmRef)10335	False		51	True	False
(filmRef)10336	False		231	True	False
(filmRef)10337	False		162	True	False
(filmRef)10338	False		121	True	False
(filmRef)10339	False		250	True	False
(filmRef)1034	False		26	True	False
(filmRef)10340	False		210	True	False
(filmRef)10341	False		205	True	False
(filmRef)1035	False		16	True	False
(filmRef)1036	False		97	True	False
(filmRef)1037	False		185	True	False
(filmRef)1038	False		261	True	False
(filmRef)10386	False		763	True	False
(filmRef)10389	False		125	True	False
(filmRef)1039	False		62	True	False
(filmRef)10390	False		112	True	False
(filmRef)10392	False		459	True	False
(filmRef)10394	False		253	True	False
(filmRef)10395	False		519	True	False
(filmRef)10396	False		42	True	False
(filmRef)10398	False		109	True	False
(filmRef)1040	False		14	True	False
(filmRef)10400	False		165	True	False
(filmRef)10407	False		339	True	False
(filmRef)10419	False		185	True	False
(filmRef)10421	False		95	True	False
(filmRef)10432	False		105	True	False
(filmRef)10434	False		185	True	False
(filmRef)1044	False		57	True	False
(filmRef)10444	False		212	True	False
(filmRef)10445	False		295	True	False
(filmRef)10446	False		126	True	False
(filmRef)10447	False		115	True	False
(filmRef)10448	False		106	True	False
(filmRef)10449	False		128	True	False
(filmRef)10450	False		69	True	False
(filmRef)10451	False		207	True	False
(filmRef)10452	False		214	True	False
(filmRef)10453	False		262	True	False
(filmRef)10454	False		242	True	False
(filmRef)10455	False		225	True	False
(filmRef)10456	False		306	True	False
(filmRef)10457	False		226	True	False
(filmRef)10458	False		123	True	False
(filmRef)10459	False		351	True	False
(filmRef)10460	False		149	True	False
(filmRef)10461	False		102	True	False
(filmRef)10462	False		93	True	False
(filmRef)10463	False		311	True	False
(filmRef)10464	False		291	True	False
(filmRef)10465	False		188	True	False
(filmRef)10466	False		272	True	False
(filmRef)10467	False		347	True	False
(filmRef)10468	False		256	True	False
(filmRef)10469	False		323	True	False
(filmRef)10470	False		410	True	False
(filmRef)10471	False		436	True	False
(filmRef)10472	False		454	True	False
(filmRef)10473	False		314	True	False
(filmRef)10474	False		453	True	False
(filmRef)10475	False		155	True	False
(filmRef)10476	False		294	True	False
(filmRef)1048	False		400	True	False
(filmRef)1049	False		769	True	False
(filmRef)1050	False		98	True	False
(filmRef)1053	False		138	True	False
(filmRef)1054	False		30	True	False
(filmRef)1055	False		37	True	False
(filmRef)1056	False		13	True	False
(filmRef)1057	False		81	True	False
(filmRef)1058	False		69	True	False
(filmRef)1059	False		427	True	False
(filmRef)1060	False		344	True	False
(filmRef)1061	False		764	True	False
(filmRef)10619	False		333	True	False
(filmRef)1062	False		539	True	False
(filmRef)10620	False		500	True	False
(filmRef)10621	False		492	True	False
(filmRef)10622	False		149	True	False
(filmRef)10623	False		220	True	False
(filmRef)10624	False		138	True	False
(filmRef)10625	False		220	True	False
(filmRef)10626	False		60	True	False
(filmRef)10627	False		63	True	False
(filmRef)10628	False		121	True	False
(filmRef)10629	False		306	True	False
(filmRef)1063	False		497	True	False
(filmRef)10630	False		244	True	False
(filmRef)10631	False		194	True	False
(filmRef)10632	False		201	True	False
(filmRef)10633	False		102	True	False
(filmRef)10634	False		68	True	False
(filmRef)10635	False		48	True	False
(filmRef)10636	False		66	True	False
(filmRef)10637	False		27	True	False
(filmRef)10638	False		40	True	False
(filmRef)10639	False		260	True	False
(filmRef)10640	False		446	True	False
(filmRef)10641	False		59	True	False
(filmRef)10642	False		53	True	False
(filmRef)10643	False		57	True	False
(filmRef)10644	False		70	True	False
(filmRef)10645	False		100	True	False
(filmRef)10646	False		57	True	False
(filmRef)10647	False		187	True	False
(filmRef)10648	False		144	True	False
(filmRef)10649	False		132	True	False
(filmRef)1065	False		199	True	False
(filmRef)10650	False		115	True	False
(filmRef)10651	False		114	True	False
(filmRef)10652	False		73	True	False
(filmRef)10653	False		71	True	False
(filmRef)10654	False		56	True	False
(filmRef)10655	False		41	True	False
(filmRef)10656	False		57	True	False
(filmRef)10657	False		47	True	False
(filmRef)10658	False		25	True	False
(filmRef)10659	False		78	True	False
(filmRef)1066	False		47	True	False
(filmRef)10660	False		54	True	False
(filmRef)10661	False		31	True	False
(filmRef)10662	False		71	True	False
(filmRef)10663	False		46	True	False
(filmRef)10664	False		185	True	False
(filmRef)10665	False		151	True	False
(filmRef)10666	False		87	True	False
(filmRef)10667	False		95	True	False
(filmRef)10668	False		66	True	False
(filmRef)10669	False		90	True	False
(filmRef)1067	False		195	True	False
(filmRef)10670	False		140	True	False
(filmRef)10671	False		89	True	False
(filmRef)10672	False		105	True	False
(filmRef)10673	False		138	True	False
(filmRef)10674	False		111	True	False
(filmRef)10675	False		96	True	False
(filmRef)10676	False		42	True	False
(filmRef)10677	False		73	True	False
(filmRef)10678	False		65	True	False
(filmRef)10679	False		69	True	False
(filmRef)1068	False		437	True	False
(filmRef)10680	False		62	True	False
(filmRef)10681	False		124	True	False
(filmRef)10682	False		94	True	False
(filmRef)10683	False		95	True	False
(filmRef)10684	False		216	True	False
(filmRef)10685	False		77	True	False
(filmRef)10686	False		107	True	False
(filmRef)10687	False		95	True	False
(filmRef)10688	False		95	True	False
(filmRef)10689	False		140	True	False
(filmRef)1069	False		271	True	False
(filmRef)10690	False		98	True	False
(filmRef)10691	False		102	True	False
(filmRef)10692	False		83	True	False
(filmRef)10693	False		64	True	False
(filmRef)10694	False		95	True	False
(filmRef)10695	False		70	True	False
(filmRef)10696	False		147	True	False
(filmRef)10697	False		86	True	False
(filmRef)10698	False		75	True	False
(filmRef)10699	False		66	True	False
(filmRef)1070	False		131	True	False
(filmRef)10700	False		84	True	False
(filmRef)10701	False		92	True	False
(filmRef)10702	False		140	True	False
(filmRef)10703	False		99	True	False
(filmRef)10704	False		122	True	False
(filmRef)10705	False		91	True	False
(filmRef)10706	False		124	True	False
(filmRef)10707	False		117	True	False
(filmRef)10708	False		71	True	False
(filmRef)10709	False		153	True	False
(filmRef)1071	False		207	True	False
(filmRef)10710	False		123	True	False
(filmRef)10711	False		114	True	False
(filmRef)10712	False		114	True	False
(filmRef)10713	False		121	True	False
(filmRef)10714	False		152	True	False
(filmRef)10715	False		183	True	False
(filmRef)10716	False		122	True	False
(filmRef)10717	False		104	True	False
(filmRef)10718	False		129	True	False
(filmRef)10719	False		131	True	False
(filmRef)1072	False		138	True	False
(filmRef)10720	False		135	True	False
(filmRef)10721	False		93	True	False
(filmRef)10722	False		94	True	False
(filmRef)10723	False		94	True	False
(filmRef)10724	False		133	True	False
(filmRef)10725	False		120	True	False
(filmRef)10726	False		147	True	False
(filmRef)10727	False		107	True	False
(filmRef)10728	False		85	True	False
(filmRef)10729	False		69	True	False
(filmRef)10730	False		179	True	False
(filmRef)10731	False		63	True	False
(filmRef)10732	False		97	True	False
(filmRef)10733	False		71	True	False
(filmRef)10734	False		52	True	False
(filmRef)10735	False		62	True	False
(filmRef)10736	False		101	True	False
(filmRef)10737	False		97	True	False
(filmRef)10738	False		96	True	False
(filmRef)10739	False		75	True	False
(filmRef)1073A	False		61	True	False
(filmRef)1073B	False		110	True	False
(filmRef)1073C	False		56	True	False
(filmRef)1073D	False		57	True	False
(filmRef)1074	False		13	False	False
(filmRef)10740	False		45	True	False
(filmRef)10741	False		79	True	False
(filmRef)10742	False		94	True	False
(filmRef)10743	False		78	True	False
(filmRef)10744	False		86	True	False
(filmRef)10745	False		99	True	False
(filmRef)10746	False		71	True	False
(filmRef)10747	False		62	True	False
(filmRef)10748	False		50	True	False
(filmRef)10749	False		71	True	False
(filmRef)1075	False		626	True	False
(filmRef)10750	False		74	True	False
(filmRef)10751	False		58	True	False
(filmRef)10752	False		86	True	False
(filmRef)10753	False		102	True	False
(filmRef)10754	False		143	True	False
(filmRef)10755	False		57	True	False
(filmRef)10756	False		114	True	False
(filmRef)10757	False		66	True	False
(filmRef)10758	False		116	True	False
(filmRef)10759	False		122	True	False
(filmRef)1076	False		45	True	False
(filmRef)10760	False		92	True	False
(filmRef)10761	False		114	True	False
(filmRef)10762	False		176	True	False
(filmRef)10763	False		60	True	False
(filmRef)10764	False		110	True	False
(filmRef)10765	False		52	True	False
(filmRef)10766	False		46	True	False
(filmRef)10767	False		118	True	False
(filmRef)10768	False		278	True	False
(filmRef)10769	False		179	True	False
(filmRef)1077	False		155	True	False
(filmRef)10770	False		175	True	False
(filmRef)10771	False		230	True	False
(filmRef)10772	False		167	True	False
(filmRef)10773	False		233	True	False
(filmRef)10774	False		225	True	False
(filmRef)10775	False		124	True	False
(filmRef)10776	False		98	True	False
(filmRef)10777	False		60	True	False
(filmRef)10778	False		42	True	False
(filmRef)10779	False		93	True	False
(filmRef)1078	False		301	True	False
(filmRef)10780	False		78	True	False
(filmRef)10781	False		145	True	False
(filmRef)10782	False		120	True	False
(filmRef)10783	False		72	True	False
(filmRef)10784	False		76	True	False
(filmRef)10785	False		80	True	False
(filmRef)10786	False		77	True	False
(filmRef)10787	False		92	True	False
(filmRef)10788	False		112	True	False
(filmRef)10789	False		141	True	False
(filmRef)1079	False		223	True	False
(filmRef)10790	False		64	True	False
(filmRef)10791	False		143	True	False
(filmRef)10792	False		87	True	False
(filmRef)10793	False		105	True	False
(filmRef)10794	False		93	True	False
(filmRef)10796	False		53	True	False
(filmRef)10797	False		83	True	False
(filmRef)10798	False		67	True	False
(filmRef)10799	False		99	True	False
(filmRef)10800	False		112	True	False
(filmRef)10801	False		146	True	False
(filmRef)10802	False		110	True	False
(filmRef)10803	False		69	True	False
(filmRef)10804	False		94	True	False
(filmRef)10805	False		39	True	False
(filmRef)10806	False		80	True	False
(filmRef)10807	False		82	True	False
(filmRef)10808	False		93	True	False
(filmRef)10809	False		78	True	False
(filmRef)1080A	False		210	True	False
(filmRef)1080B	False		216	True	False
(filmRef)1081	False		108	True	False
(filmRef)10810	False		101	True	False
(filmRef)10811	False		138	True	False
(filmRef)10812	False		92	True	False
(filmRef)10813	False		134	True	False
(filmRef)10814	False		108	True	False
(filmRef)10815	False		68	True	False
(filmRef)10816	False		94	True	False
(filmRef)10817	False		88	True	False
(filmRef)10818	False		157	True	False
(filmRef)10819	False		130	True	False
(filmRef)1082	False		60	True	False
(filmRef)10820	False		66	True	False
(filmRef)10821	False		70	True	False
(filmRef)10822	False		107	True	False
(filmRef)10823	False		89	True	False
(filmRef)10824	False		82	True	False
(filmRef)10825	False		67	True	False
(filmRef)10826	False		85	True	False
(filmRef)10827	False		74	True	False
(filmRef)10828	False		80	True	False
(filmRef)10829	False		63	True	False
(filmRef)1083	False		121	True	False
(filmRef)10830	False		84	True	False
(filmRef)10831	False		99	True	False
(filmRef)10832	False		107	True	False
(filmRef)10833	False		70	True	False
(filmRef)10834	False		94	True	False
(filmRef)10835	False		83	True	False
(filmRef)10836	False		66	True	False
(filmRef)10837	False		60	True	False
(filmRef)10838	False		93	True	False
(filmRef)10839	False		149	True	False
(filmRef)1084	False		185	True	False
(filmRef)10840	False		87	True	False
(filmRef)10841	False		80	True	False
(filmRef)10842	False		135	True	False
(filmRef)10849	False		73	True	False
(filmRef)1085	False		230	True	False
(filmRef)10850	False		135	True	False
(filmRef)10851	False		95	True	False
(filmRef)10852	False		136	True	False
(filmRef)10853	False		86	True	False
(filmRef)10854	False		82	True	False
(filmRef)10855	False		120	True	False
(filmRef)10856	False		92	True	False
(filmRef)10857	False		190	True	False
(filmRef)10858	False		213	True	False
(filmRef)10859	False		200	True	False
(filmRef)1086	False		291	True	False
(filmRef)10860	False		187	True	False
(filmRef)10861	False		182	True	False
(filmRef)10862	False		138	True	False
(filmRef)10863	False		138	True	False
(filmRef)10864	False		173	True	False
(filmRef)10865	False		108	True	False
(filmRef)10866	False		237	True	False
(filmRef)10867	False		145	True	False
(filmRef)10868	False		169	True	False
(filmRef)10869	False		293	True	False
(filmRef)1087	False		300	True	False
(filmRef)10870	False		351	True	False
(filmRef)10871	False		204	True	False
(filmRef)10872	False		73	True	False
(filmRef)10874	False		85	True	False
(filmRef)10875	False		165	True	False
(filmRef)10876	False		109	True	False
(filmRef)10877	False		139	True	False
(filmRef)10878	False		69	True	False
(filmRef)10879	False		208	True	False
(filmRef)1088	False		102	True	False
(filmRef)10880	False		187	True	False
(filmRef)10881	False		203	True	False
(filmRef)10882	False		128	True	False
(filmRef)10883	False		122	True	False
(filmRef)10884	False		177	True	False
(filmRef)10886	False		204	True	False
(filmRef)10887	False		213	True	False
(filmRef)10889	False		197	True	False
(filmRef)1089	False		110	True	False
(filmRef)10891	False		219	True	False
(filmRef)10892	False		88	True	False
(filmRef)10894	False		118	True	False
(filmRef)10895	False		245	True	False
(filmRef)10897	False		128	True	False
(filmRef)1090	False		172	True	False
(filmRef)10900	False		125	True	False
(filmRef)10902	False		200	True	False
(filmRef)10904	False		118	True	False
(filmRef)10905	False		113	True	False
(filmRef)10907	False		806	True	False
(filmRef)1091	False		67	True	False
(filmRef)10912	False		183	True	False
(filmRef)10915	False		384	True	False
(filmRef)10916	False		394	True	False
(filmRef)10917	False		309	True	False
(filmRef)10918	False		292	True	False
(filmRef)10919	False		392	True	False
(filmRef)1092	False		77	True	False
(filmRef)10920	False		154	False	False
(filmRef)10921	False		278	False	False
(filmRef)10922	False		27	False	False
(filmRef)10923	False		26	False	False
(filmRef)10924	False		72	False	False
(filmRef)10925	False		531	True	False
(filmRef)10926	False		210	True	False
(filmRef)10927	False		309	True	False
(filmRef)1093	False		53	True	False
(filmRef)10933	False		147	True	False
(filmRef)10935	False		310	True	False
(filmRef)1094	False		50	True	False
(filmRef)1095	False		35	True	False
(filmRef)1096	False		358	True	False
(filmRef)10967	False		73	True	False
(filmRef)10968	False		105	True	False
(filmRef)10969	False		146	True	False
(filmRef)10970	False		126	True	False
(filmRef)10971	False		188	True	False
(filmRef)10972	False		194	True	False
(filmRef)10973	False		117	True	False
(filmRef)10974	False		136	True	False
(filmRef)10975	False		200	True	False
(filmRef)10976	False		138	True	False
(filmRef)10977	False		153	True	False
(filmRef)10978	False		137	True	False
(filmRef)10979	False		167	True	False
(filmRef)1098	False		354	True	False
(filmRef)10980	False		218	True	False
(filmRef)10981	False		92	True	False
(filmRef)10982	False		204	True	False
(filmRef)10983	False		134	True	False
(filmRef)10984	False		140	True	False
(filmRef)10985	False		111	True	False
(filmRef)10986	False		129	True	False
(filmRef)10987	False		102	True	False
(filmRef)10988	False		113	True	False
(filmRef)10989	False		109	True	False
(filmRef)1099	False		171	True	False
(filmRef)10990	False		179	True	False
(filmRef)10991	False		118	True	False
(filmRef)10992	False		126	True	False
(filmRef)10993	False		169	True	False
(filmRef)10994	False		206	True	False
(filmRef)10995	False		465	True	False
(filmRef)10996	False		192	True	False
(filmRef)10997	False		132	True	False
(filmRef)10998	False		313	True	False
(filmRef)10999	False		140	True	False
(filmRef)1100	False		121	True	False
(filmRef)11000	False		130	True	False
(filmRef)11001	False		70	True	False
(filmRef)11006	False		533	True	False
(filmRef)1101	False		119	True	False
(filmRef)11010	False		49	True	False
(filmRef)11011	False		237	True	False
(filmRef)11012	False		14	False	False
(filmRef)11013	False		22	False	False
(filmRef)11014	True	three-floors, last access 19/9/2011	233	True	False
(filmRef)11015	False		95	True	False
(filmRef)11016	False		260	True	False
(filmRef)11017	False		20	True	False
(filmRef)11018	False		45	True	False
(filmRef)11019	False		84	True	False
(filmRef)1102	False		564	True	False
(filmRef)11020	False		19	False	False
(filmRef)11021	False		21	False	False
(filmRef)11022	False		17	False	False
(filmRef)11023	False		12	False	False
(filmRef)11024	False		38	True	False
(filmRef)11025	False		61	False	False
(filmRef)11026	False		13	False	False
(filmRef)11027	False		302	True	False
(filmRef)11028	False		35	False	False
(filmRef)11029	False		10	False	False
(filmRef)1103	False		96	True	False
(filmRef)11030	False		226	True	False
(filmRef)11031	False		30	False	False
(filmRef)11032	False		100	True	False
(filmRef)11033	False		35	False	False
(filmRef)11034	False		28	False	False
(filmRef)11035	False		100	True	False
(filmRef)11036	False		103	True	False
(filmRef)11037	False		61	False	False
(filmRef)11038	False		73	False	False
(filmRef)11039	False		12	False	False
(filmRef)1104	False		315	True	False
(filmRef)11040	False		38	False	False
(filmRef)11041	False		23	False	False
(filmRef)11042	False		23	False	False
(filmRef)11043	False		19	False	False
(filmRef)11044	False		189	True	False
(filmRef)11045	False		23	False	False
(filmRef)11046	False		12	False	False
(filmRef)11047	False		16	False	False
(filmRef)11048	False		18	False	False
(filmRef)11049	False		82	True	False
(filmRef)1105	False		51	True	False
(filmRef)11050	False		20	False	False
(filmRef)11051	False		22	False	False
(filmRef)11052	False		45	True	False
(filmRef)11053	False		23	False	False
(filmRef)11054	False		23	False	False
(filmRef)11055	False		85	True	False
(filmRef)11056	False		73	True	False
(filmRef)11057	False		137	False	False
(filmRef)11058	False		23	False	False
(filmRef)11059	False		12	False	False
(filmRef)1106	False		29	True	False
(filmRef)11060	False		24	False	False
(filmRef)11061	False		21	True	False
(filmRef)11062	False		15	False	False
(filmRef)11063	False		38	False	False
(filmRef)11064	False		19	False	False
(filmRef)11065	False		71	True	False
(filmRef)11066	False		12	False	False
(filmRef)11067	False		92	False	False
(filmRef)11068	False		108	False	False
(filmRef)11069	False		13	False	False
(filmRef)1107	False		177	True	False
(filmRef)11070	False		14	False	False
(filmRef)11071	False		21	False	False
(filmRef)11072	False		29	False	False
(filmRef)11074	False		15	False	False
(filmRef)11075	False		85	False	False
(filmRef)11076	False		10	False	False
(filmRef)11077	False		10	False	False
(filmRef)11078	False		52	False	False
(filmRef)11079	False		15	False	False
(filmRef)1108	False		273	True	False
(filmRef)11080	False		19	False	False
(filmRef)11081	False		21	False	False
(filmRef)11082	False		34	False	False
(filmRef)11083	False		223	False	False
(filmRef)11084	False		18	False	False
(filmRef)11085	False		14	False	False
(filmRef)11086	False		31	False	False
(filmRef)11087	False		10	False	False
(filmRef)11088	False		10	False	False
(filmRef)11089	False		10	False	False
(filmRef)1109	False		235	True	False
(filmRef)11090	False		30	False	False
(filmRef)11091	False		15	False	False
(filmRef)11092	False		49	True	False
(filmRef)11093	False		238	True	False
(filmRef)11094	False		54	True	False
(filmRef)11095	False		108	True	False
(filmRef)11096	False		37	True	False
(filmRef)11097	False		74	True	False
(filmRef)11098	False		73	True	False
(filmRef)11099	False		97	True	False
(filmRef)1110	False		103	True	False
(filmRef)11104	False		57	True	False
(filmRef)11105	False		118	True	False
(filmRef)11106	False		131	True	False
(filmRef)11107	False		106	True	False
(filmRef)11108	False		101	True	False
(filmRef)11109	False		281	True	False
(filmRef)1111	False		162	True	False
(filmRef)11110	False		34	True	False
(filmRef)11111	False		112	True	False
(filmRef)11112	False		131	True	False
(filmRef)11113	False		70	True	False
(filmRef)11114	False		53	True	False
(filmRef)11115	False		31	True	False
(filmRef)11116	False		37	True	False
(filmRef)11117	False		91	True	False
(filmRef)11118	False		42	True	False
(filmRef)11119	False		33	True	False
(filmRef)1112	False		675	True	False
(filmRef)11120	False		93	True	False
(filmRef)11121	False		370	True	False
(filmRef)11122	False		57	True	False
(filmRef)11123	False		39	True	False
(filmRef)11124	False		35	True	False
(filmRef)11125	False		56	True	False
(filmRef)11126	False		38	True	False
(filmRef)11127	False		41	True	False
(filmRef)11128	False		251	True	False
(filmRef)11129	False		31	True	False
(filmRef)1113	False		481	True	False
(filmRef)11130	False		90	True	False
(filmRef)11131	False		182	True	False
(filmRef)11132	False		192	True	False
(filmRef)11133	False		107	True	False
(filmRef)11134	False		39	True	False
(filmRef)11136	False		184	True	False
(filmRef)11137	False		133	True	False
(filmRef)11138	False		117	True	False
(filmRef)11139	False		40	True	False
(filmRef)1114	False		35	True	False
(filmRef)11140	False		203	True	False
(filmRef)11141	False		36	True	False
(filmRef)11142	False		112	True	False
(filmRef)11143	False		109	True	False
(filmRef)11144	False		111	True	False
(filmRef)11145	False		27	True	False
(filmRef)11146	False		78	True	False
(filmRef)11147	False		101	True	False
(filmRef)11148	False		67	True	False
(filmRef)11149	False		31	True	False
(filmRef)1115	False		131	True	False
(filmRef)11151	False		36	True	False
(filmRef)11153	False		147	False	False
(filmRef)11154	False		203	False	False
(filmRef)11155	False		150	False	False
(filmRef)11156	False		170	False	False
(filmRef)1116	False		188	True	False
(filmRef)11160	False		135	True	False
(filmRef)11161	False		72	True	False
(filmRef)11162	False		231	True	False
(filmRef)11163	False		39	True	False
(filmRef)11164	False		122	True	False
(filmRef)11165	False		183	True	False
(filmRef)11166	False		52	True	False
(filmRef)11167	False		109	True	False
(filmRef)11168	False		73	True	False
(filmRef)11169	False		85	True	False
(filmRef)1117	False		200	True	False
(filmRef)11170	False		82	True	False
(filmRef)11171	False		92	True	False
(filmRef)11172	False		70	True	False
(filmRef)11173	False		242	True	False
(filmRef)11174	False		60	True	False
(filmRef)11175	False		33	True	False
(filmRef)11176	False		33	True	False
(filmRef)11177	False		47	True	False
(filmRef)11178	False		42	True	False
(filmRef)11179	False		268	True	False
(filmRef)1118	False		108	True	False
(filmRef)11180	False		96	True	False
(filmRef)11181	False		174	True	False
(filmRef)11182	False		84	True	False
(filmRef)11183	False		51	True	False
(filmRef)11184	False		47	True	False
(filmRef)11185	False		39	True	False
(filmRef)11186	False		154	True	False
(filmRef)11187	False		57	True	False
(filmRef)11188	False		127	True	False
(filmRef)11189	False		94	True	False
(filmRef)1119	False		348	True	False
(filmRef)11190	False		73	True	False
(filmRef)11191	False		53	True	False
(filmRef)11192	False		61	True	False
(filmRef)11193	False		84	True	False
(filmRef)11194	False		55	True	False
(filmRef)11195	False		95	True	False
(filmRef)11196	False		52	True	False
(filmRef)11197	False		43	True	False
(filmRef)11198	False		39	True	False
(filmRef)11199	False		37	True	False
(filmRef)1120	False		270	True	False
(filmRef)11200	False		49	True	False
(filmRef)11201	False		62	True	False
(filmRef)11202	False		39	True	False
(filmRef)11203	False		58	True	False
(filmRef)11204	False		37	True	False
(filmRef)11205	False		41	True	False
(filmRef)11206	False		209	True	False
(filmRef)11207	False		81	True	False
(filmRef)11208	False		45	True	False
(filmRef)11209	False		41	True	False
(filmRef)1121	False		100	True	False
(filmRef)11210	False		72	True	False
(filmRef)11211	False		35	True	False
(filmRef)11212	False		46	True	False
(filmRef)11214	False		52	True	False
(filmRef)11215	False		33	False	False
(filmRef)11216	False		77	True	False
(filmRef)11217	False		22	True	False
(filmRef)11218	False		22	False	False
(filmRef)11219	False		49	True	False
(filmRef)1122	False		201	True	False
(filmRef)11220	False		19	False	False
(filmRef)11221	False		21	False	False
(filmRef)11222	False		21	False	False
(filmRef)11223	False		21	False	False
(filmRef)11224	False		33	False	False
(filmRef)11225	False		41	True	False
(filmRef)11226	False		45	False	False
(filmRef)11227	False		19	False	False
(filmRef)11228	False		24	False	False
(filmRef)11229	False		21	False	False
(filmRef)1123	False		162	True	False
(filmRef)11230	False		21	False	False
(filmRef)11231	False		19	False	False
(filmRef)11233	False		31	True	False
(filmRef)11234	False		22	False	False
(filmRef)11235	False		23	False	False
(filmRef)11236	False		21	False	False
(filmRef)11237	False		21	False	False
(filmRef)11239	False		35	True	False
(filmRef)1124	False		161	True	False
(filmRef)11240	False		44	False	False
(filmRef)11241	False		32	False	False
(filmRef)11242	False		21	False	False
(filmRef)11243	False		22	True	False
(filmRef)11244	False		45	False	False
(filmRef)11245	False		21	False	False
(filmRef)11246	False		30	False	False
(filmRef)11247	False		21	False	False
(filmRef)11248	False		32	False	False
(filmRef)11249	False		545	True	False
(filmRef)11250	False		64	True	False
(filmRef)11251	False		26	True	False
(filmRef)11252	False		43	True	False
(filmRef)11253	False		101	True	False
(filmRef)11258	False		22	True	False
(filmRef)11259	False		43	True	False
(filmRef)1126	False		239	True	False
(filmRef)11260	False		22	False	False
(filmRef)11261	False		53	True	False
(filmRef)11262	False		75	True	False
(filmRef)11263	False		40	False	False
(filmRef)11264	False		71	True	False
(filmRef)11265	False		101	True	False
(filmRef)11266	False		81	True	False
(filmRef)11267	False		85	True	False
(filmRef)11268	False		81	True	False
(filmRef)11269	False		481	True	False
(filmRef)1127	False		161	True	False
(filmRef)11270	False		893	True	False
(filmRef)11271	False		303	True	False
(filmRef)11272	False		315	True	False
(filmRef)11273	False		128	True	False
(filmRef)11274	False		465	True	False
(filmRef)11275	False		145	True	False
(filmRef)11276	False		602	True	False
(filmRef)11277	False		177	True	False
(filmRef)11278	False		698	True	False
(filmRef)11279	False		185	True	False
(filmRef)1128	False		192	True	False
(filmRef)11280	False		107	True	False
(filmRef)11281	False		479	True	False
(filmRef)11282	False		176	True	False
(filmRef)11283	False		58	True	False
(filmRef)11284	False		64	True	False
(filmRef)11285	False		50	True	False
(filmRef)11286	False		279	True	False
(filmRef)11287	False		52	True	False
(filmRef)11288	False		95	True	False
(filmRef)11289	False		467	True	False
(filmRef)1129	False		302	True	False
(filmRef)11290	False		442	True	False
(filmRef)11291	False		787	True	False
(filmRef)11292	False		913	True	False
(filmRef)11293	False		69	True	False
(filmRef)11294	False		553	True	False
(filmRef)11295	False		306	True	False
(filmRef)11296	False		386	True	False
(filmRef)11298	False		50	True	False
(filmRef)11299	False		63	True	False
(filmRef)1130	False		320	True	False
(filmRef)11300	False		76	True	False
(filmRef)11301	False		40	True	False
(filmRef)11302	False		478	True	False
(filmRef)11303	False		108	True	False
(filmRef)11304	False		47	True	False
(filmRef)11305	False		24	True	False
(filmRef)11306	False		48	True	False
(filmRef)11307	False		40	True	False
(filmRef)11308	False		84	True	False
(filmRef)11309	False		37	True	False
(filmRef)1131	False		131	True	False
(filmRef)11310	False		47	True	False
(filmRef)11311	False		90	True	False
(filmRef)11312	False		39	True	False
(filmRef)11313	False		58	True	False
(filmRef)11314	False		43	True	False
(filmRef)11315	False		41	True	False
(filmRef)11316	False		46	True	False
(filmRef)11317	False		91	True	False
(filmRef)11318	False		419	True	False
(filmRef)11319	False		727	True	False
(filmRef)1132	False		401	True	False
(filmRef)11320	False		83	True	False
(filmRef)11321	False		128	True	False
(filmRef)11322	False		112	True	False
(filmRef)11323	False		50	True	False
(filmRef)11324	False		73	True	False
(filmRef)11325	False		160	True	False
(filmRef)11326	False		60	True	False
(filmRef)11327	False		58	True	False
(filmRef)11328	False		85	True	False
(filmRef)11329	False		31	True	False
(filmRef)1133	False		145	True	False
(filmRef)11330	False		59	True	False
(filmRef)11331	False		117	True	False
(filmRef)11332	False		53	True	False
(filmRef)11333	False		56	True	False
(filmRef)11334	False		34	True	False
(filmRef)11335	False		36	True	False
(filmRef)11336	False		502	True	False
(filmRef)11337	False		504	True	False
(filmRef)11338	False		69	True	False
(filmRef)11339	False		284	True	False
(filmRef)1134	False		273	True	False
(filmRef)11340	False		71	True	False
(filmRef)11341	False		35	True	False
(filmRef)11342	False		150	True	False
(filmRef)11344	False		80	True	False
(filmRef)11345	False		203	False	False
(filmRef)11346	False		707	True	False
(filmRef)11347	False		47	True	False
(filmRef)11348	False		399	True	False
(filmRef)11349	False		416	True	False
(filmRef)1135	False		151	True	False
(filmRef)11350	False		410	True	False
(filmRef)11351	False		232	True	False
(filmRef)11352	False		135	True	False
(filmRef)11353	False		110	True	False
(filmRef)11354	False		21	False	False
(filmRef)11355	False		73	False	False
(filmRef)11356	False		79	False	False
(filmRef)11357	False		25	False	False
(filmRef)11358	False		21	False	False
(filmRef)11359	False		21	False	False
(filmRef)1136	False		338	True	False
(filmRef)11360	False		21	False	False
(filmRef)11361	False		38	False	False
(filmRef)11362	False		21	False	False
(filmRef)11363	False		26	False	False
(filmRef)11364	False		267	True	False
(filmRef)11365	False		181	False	False
(filmRef)11366	False		26	False	False
(filmRef)11367	False		26	False	False
(filmRef)11368	False		32	False	False
(filmRef)11369	False		26	False	False
(filmRef)1137	False		206	True	False
(filmRef)11370	False		25	True	False
(filmRef)11371	False		21	False	False
(filmRef)11372	False		32	False	False
(filmRef)11373	False		37	False	False
(filmRef)11374	False		39	False	False
(filmRef)11375	False		34	False	False
(filmRef)11376	False		19	False	False
(filmRef)11377	False		21	False	False
(filmRef)11378	False		21	False	False
(filmRef)11379	False		19	False	False
(filmRef)1138	False		151	True	False
(filmRef)11380	False		19	False	False
(filmRef)11381	False		21	False	False
(filmRef)11382	False		21	False	False
(filmRef)11383	False		75	False	False
(filmRef)11384	False		21	False	False
(filmRef)11385	False		21	False	False
(filmRef)11386	False		21	False	False
(filmRef)11387	False		82	False	False
(filmRef)11388	False		23	False	False
(filmRef)11389	False		23	False	False
(filmRef)1139	False		81	True	False
(filmRef)11390	False		23	False	False
(filmRef)11391	False		23	False	False
(filmRef)11392	False		23	False	False
(filmRef)11393	False		23	False	False
(filmRef)11394	False		23	False	False
(filmRef)11395	False		24	False	False
(filmRef)11396	False		21	False	False
(filmRef)11397	False		21	False	False
(filmRef)11398	False		19	False	False
(filmRef)11399	False		19	False	False
(filmRef)1140	False		298	True	False
(filmRef)11400	False		19	False	False
(filmRef)11401	False		21	False	False
(filmRef)11402	False		33	False	False
(filmRef)11406	False		55	True	False
(filmRef)11407	False		53	True	False
(filmRef)11408	False		73	True	False
(filmRef)11409	False		114	True	False
(filmRef)1141	False		135	True	False
(filmRef)11410	False		57	True	False
(filmRef)11411	False		103	True	False
(filmRef)11412	False		57	True	False
(filmRef)11413	False		152	True	False
(filmRef)11414	False		75	True	False
(filmRef)11415	False		40	True	False
(filmRef)11416	False		43	True	False
(filmRef)11417	False		353	True	False
(filmRef)11418	False		58	True	False
(filmRef)11419	False		71	True	False
(filmRef)1142	False		132	True	False
(filmRef)11420	False		56	True	False
(filmRef)11421	False		65	True	False
(filmRef)11422	False		52	True	False
(filmRef)11423	False		56	True	False
(filmRef)11424	False		381	True	False
(filmRef)11425	False		60	True	False
(filmRef)11426	False		56	True	False
(filmRef)11427	False		143	True	False
(filmRef)11428	False		69	True	False
(filmRef)11429	False		244	True	False
(filmRef)1143	False		141	True	False
(filmRef)11430	False		55	True	False
(filmRef)11431	False		60	True	False
(filmRef)11432	False		51	True	False
(filmRef)11433	False		59	True	False
(filmRef)11434	False		47	True	False
(filmRef)11435	False		209	True	False
(filmRef)11436	False		62	True	False
(filmRef)11437	False		59	True	False
(filmRef)11438	False		54	True	False
(filmRef)11439	False		65	True	False
(filmRef)11440	False		50	True	False
(filmRef)11441	False		83	True	False
(filmRef)11442	False		73	True	False
(filmRef)11443	False		44	True	False
(filmRef)11444	False		65	True	False
(filmRef)11445	False		59	True	False
(filmRef)11446	False		58	True	False
(filmRef)11447	False		69	True	False
(filmRef)11448	False		62	True	False
(filmRef)11449	False		65	True	False
(filmRef)1145	False		235	True	False
(filmRef)11450	False		171	True	False
(filmRef)11451	False		56	True	False
(filmRef)11452	False		54	True	False
(filmRef)11453	False		81	True	False
(filmRef)11454	False		47	True	False
(filmRef)11455	False		122	True	False
(filmRef)11456	False		42	True	False
(filmRef)11457	False		49	True	False
(filmRef)11458	False		61	True	False
(filmRef)11459	False		64	True	False
(filmRef)1146	False		113	True	False
(filmRef)11460	False		104	True	False
(filmRef)11461	False		105	True	False
(filmRef)11462	False		100	True	False
(filmRef)11463	False		249	True	False
(filmRef)11464	False		104	True	False
(filmRef)11465	False		157	True	False
(filmRef)11466	False		23	True	False
(filmRef)11467	False		121	True	False
(filmRef)11468	False		71	True	False
(filmRef)11469	False		151	True	False
(filmRef)1147	False		218	True	False
(filmRef)11470	False		104	True	False
(filmRef)11471	False		119	True	False
(filmRef)11472	False		108	True	False
(filmRef)11473	False		23	True	False
(filmRef)11474	False		115	True	False
(filmRef)11475	False		171	True	False
(filmRef)11476	False		61	True	False
(filmRef)11477	False		49	True	False
(filmRef)11478	False		46	True	False
(filmRef)11479	False		74	True	False
(filmRef)1148	False		255	True	False
(filmRef)11480	False		119	True	False
(filmRef)11481	False		112	True	False
(filmRef)11482	False		176	True	False
(filmRef)11483	False		119	True	False
(filmRef)11484	False		172	True	False
(filmRef)11485	False		172	True	False
(filmRef)11486	False		157	True	False
(filmRef)11487	False		171	True	False
(filmRef)11488	False		132	True	False
(filmRef)11489	False		153	True	False
(filmRef)1149	False		63	True	False
(filmRef)11490	False		136	True	False
(filmRef)11491	False		120	True	False
(filmRef)11492	False		110	True	False
(filmRef)11493	False		171	True	False
(filmRef)11494	False		65	True	False
(filmRef)11495	False		105	True	False
(filmRef)11496	False		135	True	False
(filmRef)11497	False		137	True	False
(filmRef)11498	False		129	True	False
(filmRef)11499	False		135	True	False
(filmRef)1150	False		207	True	False
(filmRef)11500	False		127	True	False
(filmRef)11501	False		137	True	False
(filmRef)11502	False		128	True	False
(filmRef)11503	False		168	True	False
(filmRef)11504	False		123	True	False
(filmRef)11505	False		102	True	False
(filmRef)11506	False		120	True	False
(filmRef)11507	False		95	True	False
(filmRef)11508	False		137	True	False
(filmRef)11509	False		155	True	False
(filmRef)1151	False		127	True	False
(filmRef)11510	False		145	True	False
(filmRef)11511	False		185	True	False
(filmRef)11512	False		152	True	False
(filmRef)11513	False		126	True	False
(filmRef)11514	False		140	True	False
(filmRef)11515	False		148	True	False
(filmRef)11516	False		144	True	False
(filmRef)11517	False		139	True	False
(filmRef)11518	False		99	True	False
(filmRef)11519	False		82	True	False
(filmRef)1152	False		214	True	False
(filmRef)11520	False		153	True	False
(filmRef)11521	False		156	True	False
(filmRef)11522	False		119	True	False
(filmRef)11523	False		124	True	False
(filmRef)11524	False		104	True	False
(filmRef)11525	False		145	True	False
(filmRef)11526	False		132	True	False
(filmRef)11527	False		153	True	False
(filmRef)11528	False		161	True	False
(filmRef)11529	False		119	True	False
(filmRef)1153	False		143	True	False
(filmRef)11530	False		181	True	False
(filmRef)11531	False		153	True	False
(filmRef)11532	False		173	True	False
(filmRef)11533	False		240	True	False
(filmRef)11534	False		189	True	False
(filmRef)11535	False		162	True	False
(filmRef)11536	False		241	True	False
(filmRef)11537	False		110	True	False
(filmRef)11538	False		166	True	False
(filmRef)11539	False		115	True	False
(filmRef)1154	False		27	True	False
(filmRef)11540	False		176	True	False
(filmRef)11541	False		217	True	False
(filmRef)11542	False		213	True	False
(filmRef)11543	False		211	True	False
(filmRef)11544	False		201	True	False
(filmRef)11545	False		183	True	False
(filmRef)11546	False		200	True	False
(filmRef)11547	False		119	True	False
(filmRef)11548	False		105	True	False
(filmRef)11549	False		91	True	False
(filmRef)1155	False		81	True	False
(filmRef)11550	False		186	True	False
(filmRef)11551	False		140	True	False
(filmRef)11552	False		105	True	False
(filmRef)11553	False		112	True	False
(filmRef)11554	False		162	True	False
(filmRef)11555	False		182	True	False
(filmRef)11556	False		164	True	False
(filmRef)11557	False		188	True	False
(filmRef)11558	False		235	True	False
(filmRef)11559	False		280	True	False
(filmRef)1156	False		144	True	False
(filmRef)11560	False		183	True	False
(filmRef)11561	False		183	True	False
(filmRef)11562	False		24	True	False
(filmRef)11563	False		95	True	False
(filmRef)11564	False		157	True	False
(filmRef)11565	False		146	True	False
(filmRef)11566	False		168	True	False
(filmRef)11567	False		188	True	False
(filmRef)11568	False		109	True	False
(filmRef)11569	False		101	True	False
(filmRef)1157	False		89	True	False
(filmRef)11570	False		204	True	False
(filmRef)11571	False		232	True	False
(filmRef)11572	False		48	True	False
(filmRef)11573	False		93	True	False
(filmRef)11574	False		168	True	False
(filmRef)11575	False		170	True	False
(filmRef)11576	False		128	True	False
(filmRef)11577	False		168	True	False
(filmRef)11578	False		165	True	False
(filmRef)11579	False		132	True	False
(filmRef)1158	False		84	True	False
(filmRef)11580	False		236	True	False
(filmRef)11581	False		218	True	False
(filmRef)11582	False		255	True	False
(filmRef)11583	False		216	True	False
(filmRef)11584	False		119	True	False
(filmRef)11585	False		136	True	False
(filmRef)11586	False		208	True	False
(filmRef)11587	False		922	True	False
(filmRef)11588	False		272	True	False
(filmRef)11589	False		212	True	False
(filmRef)1159	False		106	True	False
(filmRef)11590	False		164	True	False
(filmRef)11591	False		166	True	False
(filmRef)11592	False		290	True	False
(filmRef)11593	False		147	True	False
(filmRef)11594	False		231	True	False
(filmRef)11595	False		249	True	False
(filmRef)11596	False		252	True	False
(filmRef)11597	False		105	True	False
(filmRef)11598	False		216	True	False
(filmRef)11599	False		252	True	False
(filmRef)1160	False		88	True	False
(filmRef)11600	False		209	True	False
(filmRef)11601	False		230	True	False
(filmRef)11602	False		159	True	False
(filmRef)11603	False		108	True	False
(filmRef)11604	False		121	True	False
(filmRef)11605	False		99	True	False
(filmRef)11606	False		143	True	False
(filmRef)11607	False		106	True	False
(filmRef)11608	False		180	True	False
(filmRef)11609	False		166	True	False
(filmRef)1161	False		105	True	False
(filmRef)11610	False		140	True	False
(filmRef)11611	False		156	True	False
(filmRef)11612	False		178	True	False
(filmRef)11613	False		174	True	False
(filmRef)11614	False		212	True	False
(filmRef)11615	False		202	True	False
(filmRef)11616	False		206	True	False
(filmRef)11617	False		196	True	False
(filmRef)11618	False		225	True	False
(filmRef)11619	False		156	True	False
(filmRef)1162	False		248	True	False
(filmRef)11620	False		232	True	False
(filmRef)11621	False		154	True	False
(filmRef)11622	False		217	True	False
(filmRef)11623	False		123	True	False
(filmRef)11624	False		254	True	False
(filmRef)11625	False		180	True	False
(filmRef)11626	False		245	True	False
(filmRef)11627	False		114	True	False
(filmRef)11628	False		227	True	False
(filmRef)11629	False		202	True	False
(filmRef)1163	False		443	True	False
(filmRef)11630	False		208	True	False
(filmRef)11631	False		269	True	False
(filmRef)11632	False		121	True	False
(filmRef)11633	False		208	True	False
(filmRef)11634	False		487	True	False
(filmRef)11635	False		237	True	False
(filmRef)11636	False		164	True	False
(filmRef)11637	False		246	True	False
(filmRef)11638	False		238	True	False
(filmRef)11639	False		267	True	False
(filmRef)1164	False		26	True	False
(filmRef)11640	False		237	True	False
(filmRef)11641	False		253	True	False
(filmRef)11642	False		201	True	False
(filmRef)11643	False		283	True	False
(filmRef)11644	False		146	True	False
(filmRef)11645	False		221	True	False
(filmRef)11646	False		203	True	False
(filmRef)11647	False		279	True	False
(filmRef)11648	False		246	True	False
(filmRef)11649	False		265	True	False
(filmRef)1165	False		228	True	False
(filmRef)11650	False		259	True	False
(filmRef)11651	False		179	True	False
(filmRef)11652	False		175	True	False
(filmRef)11653	False		214	True	False
(filmRef)11654	False		130	True	False
(filmRef)11655	False		286	True	False
(filmRef)11656	False		187	True	False
(filmRef)11657	False		237	True	False
(filmRef)11658	False		330	True	False
(filmRef)11659	False		198	True	False
(filmRef)1166	False		234	True	False
(filmRef)11660	False		240	True	False
(filmRef)11661	False		323	True	False
(filmRef)11662	False		295	True	False
(filmRef)11663	False		222	True	False
(filmRef)11664	False		199	True	False
(filmRef)11665	False		189	True	False
(filmRef)11666	False		160	True	False
(filmRef)11667	False		192	True	False
(filmRef)11668	False		265	True	False
(filmRef)11669	False		186	True	False
(filmRef)1167	False		325	True	False
(filmRef)11670	False		109	True	False
(filmRef)11671	False		190	True	False
(filmRef)11672	False		283	True	False
(filmRef)11673	False		297	True	False
(filmRef)11674	False		173	True	False
(filmRef)11675	False		201	True	False
(filmRef)11676	False		179	True	False
(filmRef)11677	False		256	True	False
(filmRef)11678	False		201	True	False
(filmRef)11679	False		170	True	False
(filmRef)1168	False		417	True	False
(filmRef)11680	False		251	True	False
(filmRef)11681	False		304	True	False
(filmRef)11682	False		231	True	False
(filmRef)11683	False		170	True	False
(filmRef)11684	False		228	True	False
(filmRef)11685	False		227	True	False
(filmRef)11686	False		222	True	False
(filmRef)11687	False		185	True	False
(filmRef)11688	False		227	True	False
(filmRef)11689	False		239	True	False
(filmRef)1169	False		19	True	False
(filmRef)11690	False		177	True	False
(filmRef)11691	False		263	True	False
(filmRef)11692	False		226	True	False
(filmRef)11693	False		248	True	False
(filmRef)11694	False		249	True	False
(filmRef)11695	False		229	True	False
(filmRef)11696	False		143	True	False
(filmRef)11697	False		231	True	False
(filmRef)11698	False		237	True	False
(filmRef)11699	False		182	True	False
(filmRef)1170	False		93	True	False
(filmRef)11700	False		172	True	False
(filmRef)11701	False		261	True	False
(filmRef)11702	False		238	True	False
(filmRef)11703	False		178	True	False
(filmRef)11704	False		278	True	False
(filmRef)11705	False		168	True	False
(filmRef)11706	False		225	True	False
(filmRef)11707	False		311	True	False
(filmRef)11708	False		250	True	False
(filmRef)11709	False		263	True	False
(filmRef)1171	False		104	True	False
(filmRef)11710	False		466	True	False
(filmRef)11711	False		89	True	False
(filmRef)11712	False		185	True	False
(filmRef)11713	False		164	True	False
(filmRef)11714	False		190	True	False
(filmRef)11715	False		139	True	False
(filmRef)11716	False		150	True	False
(filmRef)11717	False		163	True	False
(filmRef)11718	False		267	True	False
(filmRef)11719	False		244	True	False
(filmRef)1172	False		73	True	False
(filmRef)11720	False		168	True	False
(filmRef)11721	False		208	True	False
(filmRef)11722	False		264	True	False
(filmRef)11723	False		285	True	False
(filmRef)11724	False		279	True	False
(filmRef)11725	False		246	True	False
(filmRef)11726	False		232	True	False
(filmRef)11727	False		244	True	False
(filmRef)11728	False		211	True	False
(filmRef)11729	False		204	True	False
(filmRef)1173	False		378	True	False
(filmRef)11730	False		296	True	False
(filmRef)11731	False		318	True	False
(filmRef)11732	False		179	True	False
(filmRef)11733	False		268	True	False
(filmRef)11734	False		296	True	False
(filmRef)11735	False		207	True	False
(filmRef)11736	False		329	True	False
(filmRef)11737	False		189	True	False
(filmRef)11738	False		228	True	False
(filmRef)11739	False		195	True	False
(filmRef)1174	False		24	True	False
(filmRef)11740	False		284	True	False
(filmRef)11741	False		272	True	False
(filmRef)11742	False		273	True	False
(filmRef)11743	False		258	True	False
(filmRef)11744	False		297	True	False
(filmRef)11745	False		325	True	False
(filmRef)11746	False		225	True	False
(filmRef)11747	False		371	True	False
(filmRef)11748	False		269	True	False
(filmRef)11749	False		294	True	False
(filmRef)1175	False		99	True	False
(filmRef)11750	False		302	True	False
(filmRef)11751	False		202	True	False
(filmRef)11752	False		265	True	False
(filmRef)11753	False		297	True	False
(filmRef)11754	False		279	True	False
(filmRef)11755	False		296	True	False
(filmRef)11756	False		305	True	False
(filmRef)11757	False		244	True	False
(filmRef)11758	False		228	True	False
(filmRef)11759	False		325	True	False
(filmRef)1176	False		179	True	False
(filmRef)11760	False		326	True	False
(filmRef)11761	False		251	True	False
(filmRef)11762	False		266	True	False
(filmRef)11763	False		275	True	False
(filmRef)11764	False		250	True	False
(filmRef)11765	False		309	True	False
(filmRef)11766	False		289	True	False
(filmRef)11767	False		209	True	False
(filmRef)11768	False		289	True	False
(filmRef)11769	False		267	True	False
(filmRef)1177	False		57	True	False
(filmRef)11770	False		272	True	False
(filmRef)11771	False		237	True	False
(filmRef)11772	False		142	True	False
(filmRef)11773	False		197	True	False
(filmRef)11774	False		215	True	False
(filmRef)11775	False		245	True	False
(filmRef)11776	False		218	True	False
(filmRef)11777	False		284	True	False
(filmRef)11778	False		271	True	False
(filmRef)11779	False		317	True	False
(filmRef)1178	False		84	True	False
(filmRef)11780	False		322	True	False
(filmRef)11781	False		312	True	False
(filmRef)11782	False		287	True	False
(filmRef)11783	False		233	True	False
(filmRef)11784	False		263	True	False
(filmRef)11785	False		239	True	False
(filmRef)11786	False		400	True	False
(filmRef)11787	False		344	True	False
(filmRef)11788	False		345	True	False
(filmRef)11789	False		285	True	False
(filmRef)1179	False		138	True	False
(filmRef)11790	False		305	True	False
(filmRef)11791	False		309	True	False
(filmRef)11792	False		439	True	False
(filmRef)11793	False		325	True	False
(filmRef)11794	False		258	True	False
(filmRef)11795	False		345	True	False
(filmRef)11796	False		332	True	False
(filmRef)11797	False		369	True	False
(filmRef)11798	False		360	True	False
(filmRef)11799	False		288	True	False
(filmRef)1180	False		144	True	False
(filmRef)11800	False		302	True	False
(filmRef)11801	False		285	True	False
(filmRef)11802	False		242	True	False
(filmRef)11803	False		327	True	False
(filmRef)11804	False		231	True	False
(filmRef)11805	False		373	True	False
(filmRef)11806	False		326	True	False
(filmRef)11807	False		359	True	False
(filmRef)11808	False		243	True	False
(filmRef)11809	False		257	True	False
(filmRef)1181	False		77	True	False
(filmRef)11810	False		259	True	False
(filmRef)11811	False		274	True	False
(filmRef)11812	False		288	True	False
(filmRef)11813	False		347	True	False
(filmRef)11814	False		345	True	False
(filmRef)11815	False		198	True	False
(filmRef)11816	False		243	True	False
(filmRef)11817	False		266	True	False
(filmRef)11818	False		162	True	False
(filmRef)11819	False		281	True	False
(filmRef)1182	False		79	True	False
(filmRef)11820	False		315	True	False
(filmRef)11821	False		288	True	False
(filmRef)11822	False		269	True	False
(filmRef)11823	False		294	True	False
(filmRef)11824	False		259	True	False
(filmRef)11825	False		231	True	False
(filmRef)11826	False		319	True	False
(filmRef)11827	False		280	True	False
(filmRef)11828	False		352	True	False
(filmRef)11829	False		294	True	False
(filmRef)1183	False		372	True	False
(filmRef)11830	False		281	True	False
(filmRef)11831	False		357	True	False
(filmRef)11832	False		399	True	False
(filmRef)11833	False		249	True	False
(filmRef)11834	False		313	True	False
(filmRef)11835	False		248	True	False
(filmRef)11836	False		332	True	False
(filmRef)11837	False		440	True	False
(filmRef)11838	False		476	True	False
(filmRef)11839	False		386	True	False
(filmRef)1184	False		189	True	False
(filmRef)11840	False		278	True	False
(filmRef)11841	False		317	True	False
(filmRef)11842	False		300	True	False
(filmRef)11843	False		319	True	False
(filmRef)11844	False		367	True	False
(filmRef)11845	False		374	True	False
(filmRef)11846	False		392	True	False
(filmRef)11847	False		382	True	False
(filmRef)11848	False		441	True	False
(filmRef)11849	False		324	True	False
(filmRef)1185	False		276	True	False
(filmRef)11850	False		306	True	False
(filmRef)11851	False		395	True	False
(filmRef)11852	False		228	True	False
(filmRef)11853	False		325	True	False
(filmRef)11854	False		232	True	False
(filmRef)11855	False		268	True	False
(filmRef)11856	False		240	True	False
(filmRef)11857	False		231	True	False
(filmRef)11858	False		387	True	False
(filmRef)11859	False		269	True	False
(filmRef)1186	False		30	True	False
(filmRef)11860	False		408	True	False
(filmRef)11861	False		67	True	False
(filmRef)11862	False		57	True	False
(filmRef)11863	False		334	True	False
(filmRef)11864	False		425	True	False
(filmRef)11865	False		286	True	False
(filmRef)11866	False		292	True	False
(filmRef)11867	False		146	True	False
(filmRef)11868	False		230	True	False
(filmRef)11869	False		343	True	False
(filmRef)1187	False		76	True	False
(filmRef)11870	False		231	True	False
(filmRef)11871	False		282	True	False
(filmRef)11872	False		289	True	False
(filmRef)11873	False		373	True	False
(filmRef)11874	False		354	True	False
(filmRef)11875	False		317	True	False
(filmRef)11876	False		522	True	False
(filmRef)11877	False		299	True	False
(filmRef)11878	False		370	True	False
(filmRef)11879	False		367	True	False
(filmRef)1188	False		123	True	False
(filmRef)11880	False		300	True	False
(filmRef)11881	False		380	True	False
(filmRef)11882	False		345	True	False
(filmRef)11883	False		402	True	False
(filmRef)11884	False		296	True	False
(filmRef)11885	False		283	True	False
(filmRef)11886	False		323	True	False
(filmRef)11887	False		246	True	False
(filmRef)11888	False		297	True	False
(filmRef)11889	False		339	True	False
(filmRef)1189	False		124	True	False
(filmRef)11890	False		336	True	False
(filmRef)11891	False		339	True	False
(filmRef)11892	False		384	True	False
(filmRef)11893	False		318	True	False
(filmRef)11894	False		442	True	False
(filmRef)11895	False		350	True	False
(filmRef)11896	False		245	True	False
(filmRef)11897	False		336	True	False
(filmRef)11898	False		315	True	False
(filmRef)11899	False		356	True	False
(filmRef)1190	False		159	True	False
(filmRef)11900	False		298	True	False
(filmRef)11901	False		363	True	False
(filmRef)11902	False		364	True	False
(filmRef)11903	False		294	True	False
(filmRef)11904	False		285	True	False
(filmRef)11905	False		312	True	False
(filmRef)11906	False		433	True	False
(filmRef)11907	False		279	True	False
(filmRef)11908	False		424	True	False
(filmRef)11909	False		423	True	False
(filmRef)1191	False		42	True	False
(filmRef)11910	False		391	True	False
(filmRef)11911	False		294	True	False
(filmRef)11912	False		358	True	False
(filmRef)11913	False		494	True	False
(filmRef)11914	False		447	True	False
(filmRef)11915	False		436	True	False
(filmRef)11916	False		353	True	False
(filmRef)11917	False		350	True	False
(filmRef)11918	False		349	True	False
(filmRef)11919	False		343	True	False
(filmRef)1192	False		31	True	False
(filmRef)11920	False		337	True	False
(filmRef)11921	False		452	True	False
(filmRef)11922	False		366	True	False
(filmRef)11923	False		385	True	False
(filmRef)11924	False		336	True	False
(filmRef)11925	False		367	True	False
(filmRef)11926	False		474	True	False
(filmRef)11927	False		338	True	False
(filmRef)11928	False		435	True	False
(filmRef)11929	False		462	True	False
(filmRef)1193	False		25	True	False
(filmRef)11930	False		331	True	False
(filmRef)11931	False		244	True	False
(filmRef)11932	False		412	True	False
(filmRef)11933	False		356	True	False
(filmRef)11934	False		368	True	False
(filmRef)11935	False		197	True	False
(filmRef)11936	False		309	True	False
(filmRef)11937	False		264	True	False
(filmRef)11938	False		364	True	False
(filmRef)11939	False		319	True	False
(filmRef)1194	False		44	True	False
(filmRef)11940	False		320	True	False
(filmRef)11941	False		347	True	False
(filmRef)11942	False		339	True	False
(filmRef)11943	False		360	True	False
(filmRef)11944	False		508	True	False
(filmRef)11945	False		282	True	False
(filmRef)11946	False		390	True	False
(filmRef)11947	False		361	True	False
(filmRef)11948	False		350	True	False
(filmRef)11949	False		358	True	False
(filmRef)1195	False		96	True	False
(filmRef)11950	False		362	True	False
(filmRef)11951	False		276	True	False
(filmRef)11952	False		269	True	False
(filmRef)11953	False		359	True	False
(filmRef)11954	False		408	True	False
(filmRef)11955	False		318	True	False
(filmRef)11956	False		320	True	False
(filmRef)11957	False		388	True	False
(filmRef)11958	False		364	True	False
(filmRef)11959	False		245	True	False
(filmRef)1196	False		55	True	False
(filmRef)11960	False		374	True	False
(filmRef)11961	False		342	True	False
(filmRef)11962	False		320	True	False
(filmRef)11963	False		129	True	False
(filmRef)11964	False		395	True	False
(filmRef)11965	False		375	True	False
(filmRef)11966	False		282	True	False
(filmRef)11967	False		179	True	False
(filmRef)11968	False		239	True	False
(filmRef)11969	False		133	True	False
(filmRef)11970	False		211	True	False
(filmRef)11971	False		121	True	False
(filmRef)11972	False		196	True	False
(filmRef)11973	False		319	True	False
(filmRef)11974	False		270	True	False
(filmRef)11975	False		355	True	False
(filmRef)11976	False		336	True	False
(filmRef)11977	False		349	True	False
(filmRef)11978	False		26	True	False
(filmRef)11979	False		526	True	False
(filmRef)1198	False		184	True	False
(filmRef)11980	False		116	True	False
(filmRef)11981	False		195	True	False
(filmRef)11982	False		177	True	False
(filmRef)11983	False		370	True	False
(filmRef)11984	False		276	True	False
(filmRef)11985	False		419	True	False
(filmRef)11986	False		395	True	False
(filmRef)11987	False		268	True	False
(filmRef)11988	False		400	True	False
(filmRef)11989	False		421	True	False
(filmRef)1199	False		58	True	False
(filmRef)11990	False		355	True	False
(filmRef)11991	False		434	True	False
(filmRef)11992	False		302	True	False
(filmRef)11993	False		336	True	False
(filmRef)11994	False		467	True	False
(filmRef)11995	False		424	True	False
(filmRef)11996	False		318	True	False
(filmRef)11997	False		307	True	False
(filmRef)11998	False		444	True	False
(filmRef)11999	False		315	True	False
(filmRef)12000	False		557	True	False
(filmRef)12001	False		483	True	False
(filmRef)12002	False		316	True	False
(filmRef)12003	False		363	True	False
(filmRef)12004	False		569	True	False
(filmRef)12005	False		299	True	False
(filmRef)12006	False		533	True	False
(filmRef)12007	False		199	True	False
(filmRef)12008	False		553	True	False
(filmRef)12009	False		380	True	False
(filmRef)1201	False		94	True	False
(filmRef)12010	False		392	True	False
(filmRef)12011	False		391	True	False
(filmRef)12012	False		463	True	False
(filmRef)12013	False		403	True	False
(filmRef)12014	False		168	True	False
(filmRef)12015	False		380	True	False
(filmRef)12016	False		346	True	False
(filmRef)12017	False		279	True	False
(filmRef)12018	False		512	True	False
(filmRef)12019	False		408	True	False
(filmRef)1202	False		58	True	False
(filmRef)12020	False		376	True	False
(filmRef)12021	False		354	True	False
(filmRef)12022	False		447	True	False
(filmRef)12023	False		410	True	False
(filmRef)12024	False		526	True	False
(filmRef)12025	False		393	True	False
(filmRef)12026	False		404	True	False
(filmRef)12027	False		393	True	False
(filmRef)12028	False		455	True	False
(filmRef)12029	False		355	True	False
(filmRef)1203	False		61	True	False
(filmRef)12030	False		450	True	False
(filmRef)12031	False		396	True	False
(filmRef)12032	False		491	True	False
(filmRef)12033	False		367	True	False
(filmRef)12034	False		26	True	False
(filmRef)12035	False		368	True	False
(filmRef)12036	False		471	True	False
(filmRef)12037	False		373	True	False
(filmRef)12038	False		419	True	False
(filmRef)12039	False		363	True	False
(filmRef)1204	False		68	True	False
(filmRef)12040	False		406	True	False
(filmRef)12041	False		503	True	False
(filmRef)12042	False		357	True	False
(filmRef)12043	False		240	True	False
(filmRef)12044	False		396	True	False
(filmRef)12045	False		358	True	False
(filmRef)12046	False		309	True	False
(filmRef)12047	False		191	True	False
(filmRef)12048	False		385	True	False
(filmRef)12049	False		436	True	False
(filmRef)1205	False		109	True	False
(filmRef)12050	False		215	True	False
(filmRef)12051	False		72	True	False
(filmRef)12052	False		31	True	False
(filmRef)12053	False		435	True	False
(filmRef)12054	False		222	True	False
(filmRef)12055	False		219	True	False
(filmRef)12056	False		300	True	False
(filmRef)12057	False		323	True	False
(filmRef)12058	False		400	True	False
(filmRef)12059	False		609	True	False
(filmRef)1206	False		25	True	False
(filmRef)12060	False		335	True	False
(filmRef)12061	False		151	True	False
(filmRef)12062	False		175	True	False
(filmRef)12063	False		198	True	False
(filmRef)12064	False		199	True	False
(filmRef)12065	False		169	True	False
(filmRef)12066	False		181	True	False
(filmRef)12067	False		180	True	False
(filmRef)12068	False		195	True	False
(filmRef)12069	False		223	True	False
(filmRef)1207	False		25	True	False
(filmRef)12070	False		331	True	False
(filmRef)12071	False		83	True	False
(filmRef)12072	False		149	True	False
(filmRef)12073	False		224	True	False
(filmRef)12074	False		261	True	False
(filmRef)12075	False		305	True	False
(filmRef)12076	False		313	True	False
(filmRef)12077	False		299	True	False
(filmRef)12078	False		385	True	False
(filmRef)12079	False		295	True	False
(filmRef)1208	False		35	True	False
(filmRef)12080	False		317	True	False
(filmRef)12081	False		282	True	False
(filmRef)12082	False		333	True	False
(filmRef)12083	False		366	True	False
(filmRef)12084	False		257	True	False
(filmRef)12085	False		382	True	False
(filmRef)12086	False		170	True	False
(filmRef)12087	False		277	True	False
(filmRef)12088	False		266	True	False
(filmRef)12089	False		211	True	False
(filmRef)1209	False		72	True	False
(filmRef)12090	False		194	True	False
(filmRef)12091	False		240	True	False
(filmRef)12092	False		287	True	False
(filmRef)12093	False		354	True	False
(filmRef)12094	False		338	True	False
(filmRef)12095	False		319	True	False
(filmRef)12096	False		256	True	False
(filmRef)12097	False		133	True	False
(filmRef)12098	False		324	True	False
(filmRef)12099	False		357	True	False
(filmRef)1210	False		59	True	False
(filmRef)12100	False		297	True	False
(filmRef)12101	False		316	True	False
(filmRef)12102	False		281	True	False
(filmRef)12103	False		252	True	False
(filmRef)12104	False		255	True	False
(filmRef)12105	False		142	True	False
(filmRef)12106	False		286	True	False
(filmRef)12107	False		269	True	False
(filmRef)12108	False		286	True	False
(filmRef)12109	False		363	True	False
(filmRef)12110	False		354	True	False
(filmRef)12111	False		296	True	False
(filmRef)12112	False		349	True	False
(filmRef)12113	False		231	True	False
(filmRef)12114	False		46	True	False
(filmRef)12115	False		65	True	False
(filmRef)12116	False		40	True	False
(filmRef)12117	False		117	True	False
(filmRef)12118	False		51	True	False
(filmRef)12119	False		57	True	False
(filmRef)1212	False		146	True	False
(filmRef)12120	False		46	True	False
(filmRef)12121	False		71	True	False
(filmRef)12122	False		62	True	False
(filmRef)12123	False		117	True	False
(filmRef)12124	False		32	True	False
(filmRef)12125	False		91	True	False
(filmRef)12126	False		55	True	False
(filmRef)12127	False		127	True	False
(filmRef)12128	False		44	True	False
(filmRef)12129	False		92	True	False
(filmRef)1213	False		62	True	False
(filmRef)12130	False		145	True	False
(filmRef)12131	False		65	True	False
(filmRef)12132	False		85	True	False
(filmRef)12133	False		56	True	False
(filmRef)12134	False		55	True	False
(filmRef)12135	False		47	True	False
(filmRef)12136	False		259	True	False
(filmRef)12138	False		92	True	False
(filmRef)12139	False		71	True	False
(filmRef)1214	False		99	True	False
(filmRef)12140	False		147	True	False
(filmRef)12141	False		58	True	False
(filmRef)12142	False		87	True	False
(filmRef)12143	False		60	True	False
(filmRef)12144	False		111	True	False
(filmRef)12145	False		51	True	False
(filmRef)12146	False		89	True	False
(filmRef)12147	False		131	True	False
(filmRef)12148	False		306	True	False
(filmRef)12149	False		50	True	False
(filmRef)1215	False		16	True	False
(filmRef)12150	False		158	True	False
(filmRef)12151	False		67	True	False
(filmRef)12152	False		184	True	False
(filmRef)12153	False		45	True	False
(filmRef)12154	False		61	True	False
(filmRef)12155	False		42	True	False
(filmRef)12156	False		98	True	False
(filmRef)12157	False		84	True	False
(filmRef)12158	False		60	True	False
(filmRef)12159	False		48	True	False
(filmRef)1216	False		17	True	False
(filmRef)12160	False		73	True	False
(filmRef)12161	False		51	True	False
(filmRef)12162	False		80	True	False
(filmRef)12163	False		41	True	False
(filmRef)12164	False		71	True	False
(filmRef)1217	False		160	True	False
(filmRef)12173	False		37	True	False
(filmRef)12174	False		59	True	False
(filmRef)12175	False		55	True	False
(filmRef)12176	False		162	True	False
(filmRef)12177	False		50	True	False
(filmRef)12178	False		79	True	False
(filmRef)12179	False		51	True	False
(filmRef)1218	False		67	True	False
(filmRef)12180	False		254	True	False
(filmRef)12181	False		95	True	False
(filmRef)12182	False		46	True	False
(filmRef)12183	False		67	True	False
(filmRef)12184	False		59	True	False
(filmRef)12185	False		47	True	False
(filmRef)12186	False		54	True	False
(filmRef)12187	False		67	True	False
(filmRef)12188	False		62	True	False
(filmRef)12189	False		70	True	False
(filmRef)1219	False		38	True	False
(filmRef)12190	False		53	True	False
(filmRef)12191	False		61	True	False
(filmRef)12192	False		42	True	False
(filmRef)12193	False		89	True	False
(filmRef)12194	False		143	True	False
(filmRef)12195	False		52	True	False
(filmRef)12196	False		58	True	False
(filmRef)12197	False		43	True	False
(filmRef)12198	False		44	True	False
(filmRef)12199	False		109	True	False
(filmRef)1220	False		339	True	False
(filmRef)12200	False		116	True	False
(filmRef)12201	False		48	True	False
(filmRef)12202	False		51	True	False
(filmRef)12203	False		69	True	False
(filmRef)12204	False		57	True	False
(filmRef)12205	False		54	True	False
(filmRef)12206	False		99	True	False
(filmRef)12207	False		167	True	False
(filmRef)12208	False		58	True	False
(filmRef)12209	False		100	True	False
(filmRef)1221	False		153	True	False
(filmRef)12210	False		139	True	False
(filmRef)12211	False		25	False	False
(filmRef)12212	False		24	False	False
(filmRef)12213	False		29	False	False
(filmRef)12214	False		27	False	False
(filmRef)12215	False		34	False	False
(filmRef)12216	False		27	False	False
(filmRef)12217	False		28	False	False
(filmRef)12218	False		31	False	False
(filmRef)12219	False		86	True	False
(filmRef)1222	False		764	True	False
(filmRef)12220	False		61	True	False
(filmRef)12221	False		69	True	False
(filmRef)12226	False		342	True	False
(filmRef)12228	False		267	True	False
(filmRef)12229	False		91	True	False
(filmRef)1223	False		184	True	False
(filmRef)12230	False		220	True	False
(filmRef)12231	False		191	True	False
(filmRef)12232	False		431	True	False
(filmRef)12236	False		222	True	False
(filmRef)12237	False		86	True	False
(filmRef)12238	False		70	True	False
(filmRef)1224	False		29	True	False
(filmRef)12240	False		44	True	False
(filmRef)12241	False		40	True	False
(filmRef)12245	False		45	True	False
(filmRef)12248	False		62	True	False
(filmRef)12249	False		53	True	False
(filmRef)1225	False		232	True	False
(filmRef)12250	False		71	True	False
(filmRef)12255	False		99	True	False
(filmRef)1226	False		1249	True	False
(filmRef)1227	False		235	True	False
(filmRef)1228	False		157	True	False
(filmRef)1229	False		77	True	False
(filmRef)12299	False		88	True	False
(filmRef)1230	False		292	True	False
(filmRef)12300	False		562	True	False
(filmRef)12301	False		664	True	False
(filmRef)12302	False		500	True	False
(filmRef)12303	False		38	True	False
(filmRef)12304	False		35	True	False
(filmRef)12305	False		37	True	False
(filmRef)12306	False		132	True	False
(filmRef)12307	False		50	True	False
(filmRef)12308	False		47	True	False
(filmRef)12309	False		47	True	False
(filmRef)1231	False		130	True	False
(filmRef)12310	False		71	True	False
(filmRef)12311	False		132	True	False
(filmRef)12312	False		63	True	False
(filmRef)12313	False		431	True	False
(filmRef)12314	False		414	True	False
(filmRef)12315	False		279	True	False
(filmRef)12316	False		540	True	False
(filmRef)12317	False		110	True	False
(filmRef)12318	False		132	True	False
(filmRef)12319	False		280	True	False
(filmRef)1232	False		316	True	False
(filmRef)12320	False		88	True	False
(filmRef)12321	False		43	True	False
(filmRef)12322	False		55	True	False
(filmRef)12323	False		71	True	False
(filmRef)12324	False		62	True	False
(filmRef)12325	False		68	True	False
(filmRef)12326	False		63	True	False
(filmRef)12327	False		77	True	False
(filmRef)12328	False		150	True	False
(filmRef)12329	False		123	True	False
(filmRef)1233	False		117	True	False
(filmRef)12330	False		45	True	False
(filmRef)12331	False		88	True	False
(filmRef)12332	False		152	True	False
(filmRef)12333	False		81	True	False
(filmRef)12334	False		205	True	False
(filmRef)12335	False		274	True	False
(filmRef)12337	False		49	True	False
(filmRef)12338	False		67	False	False
(filmRef)12339	False		56	True	False
(filmRef)1234	False		52	True	False
(filmRef)12341	False		557	True	False
(filmRef)12342	False		559	True	False
(filmRef)12343	False		22	False	False
(filmRef)12344	False		575	True	False
(filmRef)12345	False		40	True	False
(filmRef)12346	False		108	True	False
(filmRef)12347	False		231	True	False
(filmRef)12348	False		217	True	False
(filmRef)12349	False		200	True	False
(filmRef)12350	False		259	True	False
(filmRef)12351	False		267	True	False
(filmRef)12352	False		164	True	False
(filmRef)12353	False		206	True	False
(filmRef)12354	False		95	True	False
(filmRef)12357	False		71	True	False
(filmRef)1236	False		212	True	False
(filmRef)12362	False		403	True	False
(filmRef)12366	False		103	True	False
(filmRef)12367	False		139	True	False
(filmRef)1237	False		277	True	False
(filmRef)12379	False		113	True	False
(filmRef)12380	False		114	True	False
(filmRef)12381	False		147	True	False
(filmRef)1238A	False		233	True	False
(filmRef)1238B	False		403	True	False
(filmRef)1239	False		94	True	False
(filmRef)1240	False		51	True	False
(filmRef)12404	False		602	True	False
(filmRef)12405	False		39	True	False
(filmRef)12406	False		37	True	False
(filmRef)12407	False		34	True	False
(filmRef)12408	False		34	True	False
(filmRef)12409	False		26	True	False
(filmRef)1241	False		264	True	False
(filmRef)12410	False		42	True	False
(filmRef)12411	False		28	True	False
(filmRef)12412	False		89	True	False
(filmRef)12413	False		115	True	False
(filmRef)12414	False		173	True	False
(filmRef)1242	False		286	True	False
(filmRef)12425	False		72	True	False
(filmRef)12426	False		78	True	False
(filmRef)12427	False		118	True	False
(filmRef)12428	False		96	True	False
(filmRef)12429	False		81	True	False
(filmRef)1243	False		59	True	False
(filmRef)12430	False		76	True	False
(filmRef)12431	False		73	True	False
(filmRef)12432	False		71	True	False
(filmRef)12433	False		74	True	False
(filmRef)12434	False		72	True	False
(filmRef)12435	False		68	True	False
(filmRef)1244	False		281	True	False
(filmRef)12443	False		90	True	False
(filmRef)12444	False		86	True	False
(filmRef)12446	False		107	True	False
(filmRef)12447	False		90	True	False
(filmRef)12448	False		65	True	False
(filmRef)12449	False		75	True	False
(filmRef)1245	False		903	True	False
(filmRef)12452	False		181	True	False
(filmRef)12453	False		535	True	False
(filmRef)12458	False		425	True	False
(filmRef)12468	False		74	True	False
(filmRef)12469	False		82	True	False
(filmRef)1247	False		162	True	False
(filmRef)12470	False		76	True	False
(filmRef)12471	False		68	True	False
(filmRef)12472	False		67	True	False
(filmRef)12473	False		56	True	False
(filmRef)12474	False		46	True	False
(filmRef)12475	False		49	True	False
(filmRef)12476	False		73	True	False
(filmRef)12477	False		55	True	False
(filmRef)12478	False		66	True	False
(filmRef)12479	False		62	True	False
(filmRef)1248	False		286	True	False
(filmRef)12480	False		68	True	False
(filmRef)12481	False		59	True	False
(filmRef)12482	False		81	True	False
(filmRef)12483	False		94	True	False
(filmRef)12484	False		98	True	False
(filmRef)12485	False		61	True	False
(filmRef)12486	False		89	True	False
(filmRef)12487	False		67	True	False
(filmRef)12488	False		68	True	False
(filmRef)12489	False		65	True	False
(filmRef)1249	False		220	True	False
(filmRef)12490	False		91	True	False
(filmRef)12491	False		69	True	False
(filmRef)12492	False		59	True	False
(filmRef)12493	False		92	True	False
(filmRef)12494	False		47	True	False
(filmRef)12495	False		327	True	False
(filmRef)12496	False		263	True	False
(filmRef)12497	False		292	True	False
(filmRef)12498	False		364	True	False
(filmRef)12499	False		206	True	False
(filmRef)1250	False		114	True	False
(filmRef)12500	False		131	True	False
(filmRef)12501	False		283	True	False
(filmRef)12502	False		198	True	False
(filmRef)12503	False		301	True	False
(filmRef)12504	False		480	True	False
(filmRef)12505	False		122	True	False
(filmRef)12506	False		177	True	False
(filmRef)12507	False		235	True	False
(filmRef)12508	False		133	True	False
(filmRef)12509	False		247	True	False
(filmRef)1251	False		115	True	False
(filmRef)12510	False		575	True	False
(filmRef)12511	False		98	True	False
(filmRef)12512	False		213	True	False
(filmRef)12513	False		309	True	False
(filmRef)12514	False		354	True	False
(filmRef)12515	False		63	True	False
(filmRef)12516	False		77	True	False
(filmRef)12517	False		65	True	False
(filmRef)12518	False		67	True	False
(filmRef)12519	False		68	True	False
(filmRef)1252	False		380	True	False
(filmRef)12520	False		76	True	False
(filmRef)12521	False		97	True	False
(filmRef)12522	False		79	True	False
(filmRef)12523	False		108	True	False
(filmRef)12524	False		128	True	False
(filmRef)12525	False		83	True	False
(filmRef)12526	False		103	True	False
(filmRef)12527	False		90	True	False
(filmRef)12528	False		68	True	False
(filmRef)12529	False		98	True	False
(filmRef)1253	False		165	True	False
(filmRef)12530	False		103	True	False
(filmRef)12531	False		145	True	False
(filmRef)12532	False		90	True	False
(filmRef)12533	False		88	True	False
(filmRef)12534	False		95	True	False
(filmRef)12535	False		56	True	False
(filmRef)12536	False		72	True	False
(filmRef)12537	False		30	True	False
(filmRef)1254	False		41	True	False
(filmRef)12540	False		198	True	False
(filmRef)12541	False		54	True	False
(filmRef)12542	False		65	True	False
(filmRef)12543	False		200	True	False
(filmRef)12544	False		125	True	False
(filmRef)12545	False		52	True	False
(filmRef)12546	False		63	True	False
(filmRef)12547	False		70	True	False
(filmRef)12548	False		60	True	False
(filmRef)12549	False		52	True	False
(filmRef)12550	False		83	True	False
(filmRef)12551	False		44	True	False
(filmRef)12552	False		61	True	False
(filmRef)12553	False		43	True	False
(filmRef)12554	False		35	True	False
(filmRef)12555	False		649	True	False
(filmRef)12556	False		234	True	False
(filmRef)12557	False		168	True	False
(filmRef)12558	False		59	True	False
(filmRef)12559	False		151	True	False
(filmRef)1256	False		196	True	False
(filmRef)12560	False		59	True	False
(filmRef)12561	False		69	True	False
(filmRef)12562	False		85	True	False
(filmRef)12563	False		326	True	False
(filmRef)12564	False		276	True	False
(filmRef)12565	False		272	True	False
(filmRef)12566	False		302	True	False
(filmRef)12567	False		530	True	False
(filmRef)12568	False		164	True	False
(filmRef)1257	False		89	True	False
(filmRef)1258	False		59	True	False
(filmRef)1259	False		32	True	False
(filmRef)1260	False		103	True	False
(filmRef)12609	False		229	True	False
(filmRef)12610	False		64	True	False
(filmRef)12611	False		89	True	False
(filmRef)12612	False		269	True	False
(filmRef)12613	False		74	False	False
(filmRef)12614	False		209	True	False
(filmRef)12616	False		331	True	False
(filmRef)12617	False		233	True	False
(filmRef)12618	False		373	True	False
(filmRef)12619	False		1215	True	False
(filmRef)12620	False		357	True	False
(filmRef)12621	False		491	True	False
(filmRef)12622	False		476	True	False
(filmRef)12623	False		461	True	False
(filmRef)12624	False		433	True	False
(filmRef)12625	False		551	True	False
(filmRef)12626	False		543	True	False
(filmRef)12627	False		396	True	False
(filmRef)12628	False		545	True	False
(filmRef)12629	False		502	True	False
(filmRef)1263	False		143	True	False
(filmRef)12630	False		349	True	False
(filmRef)12631	False		688	True	False
(filmRef)12632	False		466	True	False
(filmRef)12633	False		375	True	False
(filmRef)12634	False		503	True	False
(filmRef)12635	False		625	True	False
(filmRef)12636	False		767	True	False
(filmRef)12637	False		355	True	False
(filmRef)12638	False		574	True	False
(filmRef)12639	False		508	True	False
(filmRef)1264	False		275	True	False
(filmRef)12640	False		1142	True	False
(filmRef)12641	False		499	True	False
(filmRef)12642	False		676	True	False
(filmRef)12643	False		643	True	False
(filmRef)12644	False		626	True	False
(filmRef)12645	False		604	True	False
(filmRef)12646	False		782	True	False
(filmRef)12647	False		500	True	False
(filmRef)12648	False		731	True	False
(filmRef)12649	False		474	True	False
(filmRef)1265	False		281	True	False
(filmRef)12650	False		708	True	False
(filmRef)12651	False		620	True	False
(filmRef)12652	False		530	True	False
(filmRef)12653	False		1019	True	False
(filmRef)12654	False		571	True	False
(filmRef)12655	False		659	True	False
(filmRef)12656	False		730	True	False
(filmRef)12657	False		579	True	False
(filmRef)12658	False		563	True	False
(filmRef)12659	False		411	True	False
(filmRef)1266	False		72	True	False
(filmRef)12660	False		765	True	False
(filmRef)12661	False		680	True	False
(filmRef)12662	False		437	True	False
(filmRef)12663	False		654	True	False
(filmRef)12664	False		537	True	False
(filmRef)12665	False		811	True	False
(filmRef)12666	False		626	True	False
(filmRef)12667	False		478	True	False
(filmRef)12668	False		423	True	False
(filmRef)12669	False		611	True	False
(filmRef)1267	False		75	True	False
(filmRef)12670	False		506	True	False
(filmRef)12671	False		669	True	False
(filmRef)12672	False		906	True	False
(filmRef)12673	False		545	True	False
(filmRef)12674	False		518	True	False
(filmRef)12675	False		430	True	False
(filmRef)12676	False		624	True	False
(filmRef)12677	False		502	True	False
(filmRef)12678	False		522	True	False
(filmRef)12679	False		581	True	False
(filmRef)1268	False		122	True	False
(filmRef)12680	False		536	True	False
(filmRef)12681	False		551	True	False
(filmRef)12682	False		657	True	False
(filmRef)12683	False		382	True	False
(filmRef)12684	False		579	True	False
(filmRef)12685	False		606	True	False
(filmRef)12686	False		557	True	False
(filmRef)12687	False		634	True	False
(filmRef)12688	False		611	True	False
(filmRef)12689	False		742	True	False
(filmRef)1269	False		359	True	False
(filmRef)12690	False		756	True	False
(filmRef)12691	False		963	True	False
(filmRef)12692	False		766	True	False
(filmRef)12693	False		776	True	False
(filmRef)12694	False		753	True	False
(filmRef)12695	False		618	True	False
(filmRef)12696	False		624	True	False
(filmRef)12697	False		608	True	False
(filmRef)12698	False		661	True	False
(filmRef)12699	False		607	True	False
(filmRef)1270	False		552	True	False
(filmRef)12700	False		654	True	False
(filmRef)12701	False		597	True	False
(filmRef)12702	False		630	True	False
(filmRef)12703	False		753	True	False
(filmRef)12704	False		561	True	False
(filmRef)12705	False		740	True	False
(filmRef)12706	False		650	True	False
(filmRef)12707	False		595	True	False
(filmRef)12708	False		487	True	False
(filmRef)12709	False		433	True	False
(filmRef)1271	False		379	True	False
(filmRef)12710	False		213	True	False
(filmRef)12711	False		519	True	False
(filmRef)12712	False		30	True	False
(filmRef)12713	False		1059	True	False
(filmRef)12714	False		598	True	False
(filmRef)12715	False		573	True	False
(filmRef)12716	False		670	True	False
(filmRef)12717	False		534	True	False
(filmRef)12718	False		630	True	False
(filmRef)12719	False		591	True	False
(filmRef)1272	False		404	True	False
(filmRef)12720	False		585	True	False
(filmRef)12721	False		535	True	False
(filmRef)12722	False		616	True	False
(filmRef)12723	False		496	True	False
(filmRef)12724	False		573	True	False
(filmRef)12725	False		564	True	False
(filmRef)12726	False		578	True	False
(filmRef)12727	False		184	True	False
(filmRef)12728	False		61	True	False
(filmRef)12729	False		388	True	False
(filmRef)1273	False		359	True	False
(filmRef)12730	False		666	True	False
(filmRef)12731	False		624	True	False
(filmRef)12732	False		544	True	False
(filmRef)12733	False		406	True	False
(filmRef)12734	False		421	True	False
(filmRef)12735	False		555	True	False
(filmRef)12736	False		568	True	False
(filmRef)12737	False		407	True	False
(filmRef)12738	False		529	True	False
(filmRef)12739	False		600	True	False
(filmRef)1274	False		140	True	False
(filmRef)12740	False		494	True	False
(filmRef)12741	False		525	True	False
(filmRef)12742	False		450	True	False
(filmRef)12743	False		480	True	False
(filmRef)12744	False		560	True	False
(filmRef)12745	False		1026	True	False
(filmRef)12746	False		367	True	False
(filmRef)12747	False		559	True	False
(filmRef)12748	False		532	True	False
(filmRef)12749	False		617	True	False
(filmRef)1275	False		207	True	False
(filmRef)12750	False		461	True	False
(filmRef)12751	False		507	True	False
(filmRef)12752	False		587	True	False
(filmRef)12753	False		626	True	False
(filmRef)12754	False		671	True	False
(filmRef)12755	False		619	True	False
(filmRef)12756	False		563	True	False
(filmRef)12757	False		557	True	False
(filmRef)12758	False		446	True	False
(filmRef)12759	False		782	True	False
(filmRef)1276	False		478	True	False
(filmRef)12760	False		625	True	False
(filmRef)12761	False		552	True	False
(filmRef)12762	False		586	True	False
(filmRef)12763	False		530	True	False
(filmRef)12764	False		352	True	False
(filmRef)12765	False		541	True	False
(filmRef)12766	False		608	True	False
(filmRef)12767	False		458	True	False
(filmRef)12768	False		600	True	False
(filmRef)12769	False		598	True	False
(filmRef)1277	False		48	True	False
(filmRef)12770	False		597	True	False
(filmRef)12771	False		453	True	False
(filmRef)12772	False		512	True	False
(filmRef)12773	False		572	True	False
(filmRef)12774	False		173	True	False
(filmRef)12775	False		533	True	False
(filmRef)12776	False		560	True	False
(filmRef)12777	False		489	True	False
(filmRef)12778	False		1012	True	False
(filmRef)12779	False		587	True	False
(filmRef)1278	False		174	True	False
(filmRef)12780	False		493	True	False
(filmRef)12781	False		585	True	False
(filmRef)12782	False		1155	True	False
(filmRef)12783	False		588	True	False
(filmRef)12784	False		529	True	False
(filmRef)12785	False		509	True	False
(filmRef)12786	False		515	True	False
(filmRef)12787	False		489	True	False
(filmRef)12788	False		400	True	False
(filmRef)12789	False		550	True	False
(filmRef)1279	False		162	True	False
(filmRef)12790	False		578	True	False
(filmRef)12791	False		557	True	False
(filmRef)12792	False		661	True	False
(filmRef)12793	False		600	True	False
(filmRef)12794	False		571	True	False
(filmRef)12795	False		631	True	False
(filmRef)12796	False		893	True	False
(filmRef)12797	False		500	True	False
(filmRef)12798	False		534	True	False
(filmRef)12799	False		595	True	False
(filmRef)1280	False		88	True	False
(filmRef)12800	False		673	True	False
(filmRef)12801	False		614	True	False
(filmRef)12802	False		435	True	False
(filmRef)12803	False		540	True	False
(filmRef)12804	False		468	True	False
(filmRef)12805	False		508	True	False
(filmRef)12806	False		512	True	False
(filmRef)12807	False		467	True	False
(filmRef)12808	False		439	True	False
(filmRef)12809	False		576	True	False
(filmRef)1281	False		122	True	False
(filmRef)12810	False		527	True	False
(filmRef)12811	False		685	True	False
(filmRef)12812	False		557	True	False
(filmRef)12813	False		623	True	False
(filmRef)12814	False		618	True	False
(filmRef)12815	False		606	True	False
(filmRef)12816	False		501	True	False
(filmRef)12817	False		611	True	False
(filmRef)12818	False		590	True	False
(filmRef)12819	False		595	True	False
(filmRef)1282	False		80	True	False
(filmRef)12820	False		647	True	False
(filmRef)12821	False		342	True	False
(filmRef)12822	False		598	True	False
(filmRef)12823	False		511	True	False
(filmRef)12824	False		554	True	False
(filmRef)12825	False		568	True	False
(filmRef)12826	False		557	True	False
(filmRef)12827	False		631	True	False
(filmRef)12828	False		688	True	False
(filmRef)12829	False		598	True	False
(filmRef)1283	False		107	True	False
(filmRef)12830	False		629	True	False
(filmRef)12831	False		599	True	False
(filmRef)12832	False		605	True	False
(filmRef)12833	False		658	True	False
(filmRef)12834	False		697	True	False
(filmRef)12835	False		559	True	False
(filmRef)12836	False		549	True	False
(filmRef)12837	False		606	True	False
(filmRef)12838	False		721	True	False
(filmRef)12839	False		1102	True	False
(filmRef)1284	False		387	True	False
(filmRef)12840	False		540	True	False
(filmRef)12841	False		641	True	False
(filmRef)12842	False		766	True	False
(filmRef)12843	False		672	True	False
(filmRef)12844	False		256	True	False
(filmRef)12845	False		579	True	False
(filmRef)12846	False		547	True	False
(filmRef)12847	False		629	True	False
(filmRef)12848	False		497	True	False
(filmRef)12849	False		550	True	False
(filmRef)1285	False		47	True	False
(filmRef)12850	False		599	True	False
(filmRef)12851	False		21	True	False
(filmRef)12852	False		699	True	False
(filmRef)12853	False		485	True	False
(filmRef)12854	False		542	True	False
(filmRef)12855	False		562	True	False
(filmRef)12856	False		514	True	False
(filmRef)12857	False		663	True	False
(filmRef)12858	False		517	True	False
(filmRef)12859	False		562	True	False
(filmRef)12860	False		512	True	False
(filmRef)12861	False		569	True	False
(filmRef)12862	False		622	True	False
(filmRef)12863	False		692	True	False
(filmRef)12864	False		582	True	False
(filmRef)12865	False		561	True	False
(filmRef)12866	False		652	True	False
(filmRef)12867	False		739	True	False
(filmRef)12868	False		619	True	False
(filmRef)12869	False		591	True	False
(filmRef)1287	False		316	True	False
(filmRef)12870	False		493	True	False
(filmRef)12871	False		633	True	False
(filmRef)12872	False		758	True	False
(filmRef)12873	False		439	True	False
(filmRef)12874	False		317	True	False
(filmRef)12875	False		322	True	False
(filmRef)12876	False		608	True	False
(filmRef)12877	False		362	True	False
(filmRef)12878	False		725	True	False
(filmRef)12879	False		736	True	False
(filmRef)12880	False		642	True	False
(filmRef)12881	False		609	True	False
(filmRef)12882	False		660	True	False
(filmRef)12883	False		779	True	False
(filmRef)12884	False		647	True	False
(filmRef)12885	False		688	True	False
(filmRef)12886	False		663	True	False
(filmRef)12887	False		687	True	False
(filmRef)12888	False		685	True	False
(filmRef)12889	False		671	True	False
(filmRef)1288A	False		63	True	False
(filmRef)1288B	False		127	True	False
(filmRef)1288C	False		93	True	False
(filmRef)1289	False		108	True	False
(filmRef)12890	False		590	True	False
(filmRef)12891	False		564	True	False
(filmRef)12892	False		756	True	False
(filmRef)12893	False		759	True	False
(filmRef)12894	False		683	True	False
(filmRef)12895	False		762	True	False
(filmRef)12896	False		761	True	False
(filmRef)12897	False		1134	True	False
(filmRef)12898	False		694	True	False
(filmRef)12899	False		855	True	False
(filmRef)1290	False		231	True	False
(filmRef)12900	False		632	True	False
(filmRef)12901	False		547	True	False
(filmRef)12902	False		809	True	False
(filmRef)12903	False		608	True	False
(filmRef)12904	False		733	True	False
(filmRef)12905	False		606	True	False
(filmRef)12906	False		777	True	False
(filmRef)12907	False		682	True	False
(filmRef)12908	False		751	True	False
(filmRef)12909	False		773	True	False
(filmRef)1291	False		213	True	False
(filmRef)12910	False		668	True	False
(filmRef)12911	False		739	True	False
(filmRef)12912	False		723	True	False
(filmRef)12913	False		775	True	False
(filmRef)12914	False		646	True	False
(filmRef)12915	False		651	True	False
(filmRef)12916	False		810	True	False
(filmRef)12917	False		633	True	False
(filmRef)12918	False		671	True	False
(filmRef)12919	False		888	True	False
(filmRef)1292	False		84	True	False
(filmRef)12920	False		763	True	False
(filmRef)12921	False		688	True	False
(filmRef)12922	False		789	True	False
(filmRef)12923	False		762	True	False
(filmRef)12924	False		744	True	False
(filmRef)12925	False		756	True	False
(filmRef)12926	False		372	True	False
(filmRef)12927	False		651	True	False
(filmRef)12928	False		624	True	False
(filmRef)12929	False		766	True	False
(filmRef)1293	False		168	True	False
(filmRef)12930	False		759	True	False
(filmRef)12931	False		620	True	False
(filmRef)12932	False		682	True	False
(filmRef)12933	False		761	True	False
(filmRef)12934	False		736	True	False
(filmRef)12935	False		687	True	False
(filmRef)12936	False		766	True	False
(filmRef)12937	False		705	True	False
(filmRef)12938	False		849	True	False
(filmRef)12939	False		711	True	False
(filmRef)1294	False		91	True	False
(filmRef)12940	False		723	True	False
(filmRef)12941	False		659	True	False
(filmRef)12942	False		1067	True	False
(filmRef)12943	False		711	True	False
(filmRef)12944	False		559	True	False
(filmRef)12945	False		540	True	False
(filmRef)12946	False		608	True	False
(filmRef)12947	False		664	True	False
(filmRef)12948	False		666	True	False
(filmRef)12949	False		743	True	False
(filmRef)1295	False		214	True	False
(filmRef)12950	False		639	True	False
(filmRef)12951	False		510	True	False
(filmRef)12952	False		638	True	False
(filmRef)12953	False		591	True	False
(filmRef)12954	False		569	True	False
(filmRef)12955	False		719	True	False
(filmRef)12956	False		638	True	False
(filmRef)12957	False		720	True	False
(filmRef)12958	False		620	True	False
(filmRef)12959	False		1163	True	False
(filmRef)1296	False		109	True	False
(filmRef)12960	False		803	True	False
(filmRef)12961	False		689	True	False
(filmRef)12962	False		578	True	False
(filmRef)12963	False		702	True	False
(filmRef)12964	False		667	True	False
(filmRef)12965	False		482	True	False
(filmRef)12966	False		670	True	False
(filmRef)12967	False		786	True	False
(filmRef)12968	False		741	True	False
(filmRef)12969	False		858	True	False
(filmRef)1297	False		237	True	False
(filmRef)12970	False		555	True	False
(filmRef)12971	False		403	True	False
(filmRef)12972	False		658	True	False
(filmRef)12973	False		670	True	False
(filmRef)12974	False		733	True	False
(filmRef)12975	False		668	True	False
(filmRef)12976	False		680	True	False
(filmRef)12977	False		626	True	False
(filmRef)12978	False		374	True	False
(filmRef)12979	False		758	True	False
(filmRef)1298	False		121	True	False
(filmRef)12980	False		692	True	False
(filmRef)12981	False		647	True	False
(filmRef)12982	False		771	True	False
(filmRef)12983	False		688	True	False
(filmRef)12984	False		723	True	False
(filmRef)12985	False		803	True	False
(filmRef)12986	False		720	True	False
(filmRef)12987	False		805	True	False
(filmRef)12988	False		725	True	False
(filmRef)12989	False		684	True	False
(filmRef)12990	False		817	True	False
(filmRef)12991	False		614	True	False
(filmRef)12992	False		868	True	False
(filmRef)12993	False		871	True	False
(filmRef)12994	False		673	True	False
(filmRef)12995	False		634	True	False
(filmRef)12996	False		809	True	False
(filmRef)12997	False		612	True	False
(filmRef)12998	False		529	True	False
(filmRef)12999	False		619	True	False
(filmRef)1299A	False		62	True	False
(filmRef)1299B	False		93	True	False
(filmRef)1300	False		92	True	False
(filmRef)13000	False		680	True	False
(filmRef)13001	False		716	True	False
(filmRef)13002	False		640	True	False
(filmRef)13003	False		552	True	False
(filmRef)13004	False		655	True	False
(filmRef)13005	False		472	True	False
(filmRef)13006	False		662	True	False
(filmRef)13007	False		704	True	False
(filmRef)13008	False		468	True	False
(filmRef)13009	False		545	True	False
(filmRef)1301	False		137	True	False
(filmRef)13010	False		409	True	False
(filmRef)13011	False		393	True	False
(filmRef)13012	False		629	True	False
(filmRef)13013	False		747	True	False
(filmRef)13014	False		439	True	False
(filmRef)13015	False		372	True	False
(filmRef)13016	False		459	True	False
(filmRef)13017	False		579	True	False
(filmRef)13018	False		428	True	False
(filmRef)13019	False		415	True	False
(filmRef)1302	False		132	True	False
(filmRef)13020	False		599	True	False
(filmRef)13021	False		590	True	False
(filmRef)13022	False		521	True	False
(filmRef)13023	False		860	True	False
(filmRef)13024	False		594	True	False
(filmRef)13025	False		536	True	False
(filmRef)13026	False		696	True	False
(filmRef)13027	False		659	True	False
(filmRef)13028	False		637	True	False
(filmRef)13029	False		742	True	False
(filmRef)1303	False		123	True	False
(filmRef)13030	False		774	True	False
(filmRef)13031	False		524	True	False
(filmRef)13032	False		698	True	False
(filmRef)13033	False		567	True	False
(filmRef)13034	False		513	True	False
(filmRef)13035	False		770	True	False
(filmRef)13036	False		774	True	False
(filmRef)13037	False		641	True	False
(filmRef)13038	False		588	True	False
(filmRef)13039	False		735	True	False
(filmRef)1304	False		51	True	False
(filmRef)13040	False		549	True	False
(filmRef)13041	False		651	True	False
(filmRef)13042	False		589	True	False
(filmRef)13043	False		794	True	False
(filmRef)13044	False		777	True	False
(filmRef)13045	False		752	True	False
(filmRef)13046	False		701	True	False
(filmRef)13047	False		726	True	False
(filmRef)13048	False		638	True	False
(filmRef)13049	False		633	True	False
(filmRef)1305	False		401	True	False
(filmRef)13050	False		616	True	False
(filmRef)13051	False		641	True	False
(filmRef)13052	False		698	True	False
(filmRef)13053	False		699	True	False
(filmRef)13054	False		743	True	False
(filmRef)13055	False		659	True	False
(filmRef)13056	False		764	True	False
(filmRef)13057	False		767	True	False
(filmRef)13058	False		771	True	False
(filmRef)13059	False		792	True	False
(filmRef)1306	False		291	True	False
(filmRef)13060	False		772	True	False
(filmRef)13061	False		744	True	False
(filmRef)13062	False		690	True	False
(filmRef)13063	False		802	True	False
(filmRef)13064	False		690	True	False
(filmRef)13065	False		633	True	False
(filmRef)13066	False		540	True	False
(filmRef)13067	False		648	True	False
(filmRef)13068	False		744	True	False
(filmRef)13069	False		793	True	False
(filmRef)1307	False		166	True	False
(filmRef)13070	False		636	True	False
(filmRef)13071	False		692	True	False
(filmRef)13072	False		730	True	False
(filmRef)13073	False		630	True	False
(filmRef)13074	False		645	True	False
(filmRef)13075	False		666	True	False
(filmRef)13076	False		655	True	False
(filmRef)13077	False		669	True	False
(filmRef)13078	False		677	True	False
(filmRef)13079	False		620	True	False
(filmRef)1308	False		121	True	False
(filmRef)13080	False		677	True	False
(filmRef)13081	False		682	True	False
(filmRef)13082	False		806	True	False
(filmRef)13083	False		662	True	False
(filmRef)13084	False		691	True	False
(filmRef)13085	False		748	True	False
(filmRef)13086	False		584	True	False
(filmRef)13087	False		592	True	False
(filmRef)13088	False		963	True	False
(filmRef)13089	False		618	True	False
(filmRef)1309	False		108	True	False
(filmRef)13090	False		581	True	False
(filmRef)13091	False		588	True	False
(filmRef)13092	False		709	True	False
(filmRef)13093	False		554	True	False
(filmRef)13094	False		672	True	False
(filmRef)13095	False		615	True	False
(filmRef)13096	False		581	True	False
(filmRef)13097	False		676	True	False
(filmRef)13098	False		664	True	False
(filmRef)13099	False		640	True	False
(filmRef)1310	False		359	True	False
(filmRef)13100	False		721	True	False
(filmRef)13101	False		631	True	False
(filmRef)13102	False		293	True	False
(filmRef)13103	False		732	True	False
(filmRef)13104	False		624	True	False
(filmRef)13105	False		782	True	False
(filmRef)13106	False		580	True	False
(filmRef)13107	False		675	True	False
(filmRef)13108	False		496	True	False
(filmRef)13109	False		645	True	False
(filmRef)1311	False		918	True	False
(filmRef)13110	False		683	True	False
(filmRef)13111	False		777	True	False
(filmRef)13112	False		669	True	False
(filmRef)13113	False		742	True	False
(filmRef)13114	False		647	True	False
(filmRef)13115	False		501	True	False
(filmRef)13116	False		650	True	False
(filmRef)13117	False		609	True	False
(filmRef)13118	False		611	True	False
(filmRef)13119	False		650	True	False
(filmRef)1312	False		119	True	False
(filmRef)13120	False		568	True	False
(filmRef)13121	False		765	True	False
(filmRef)13122	False		531	True	False
(filmRef)13123	False		608	True	False
(filmRef)13124	False		924	True	False
(filmRef)13125	False		670	True	False
(filmRef)13126	False		464	True	False
(filmRef)13127	False		585	True	False
(filmRef)13128	False		676	True	False
(filmRef)13129	False		421	True	False
(filmRef)1313	False		288	True	False
(filmRef)13130	False		634	True	False
(filmRef)13131	False		616	True	False
(filmRef)13132	False		656	True	False
(filmRef)13133	False		736	True	False
(filmRef)13134	False		687	True	False
(filmRef)13135	False		591	True	False
(filmRef)13136	False		603	True	False
(filmRef)13137	False		732	True	False
(filmRef)13138	False		621	True	False
(filmRef)13139	False		700	True	False
(filmRef)1314	False		223	True	False
(filmRef)13140	False		646	True	False
(filmRef)13141	False		805	True	False
(filmRef)13142	False		665	True	False
(filmRef)13143	False		573	True	False
(filmRef)13144	False		713	True	False
(filmRef)13145	False		670	True	False
(filmRef)13146	False		599	True	False
(filmRef)13147	False		540	True	False
(filmRef)13148	False		637	True	False
(filmRef)13149	False		808	True	False
(filmRef)1315	False		755	True	False
(filmRef)13150	False		631	True	False
(filmRef)13151	False		714	True	False
(filmRef)13152	False		701	True	False
(filmRef)13153	False		593	True	False
(filmRef)13154	False		630	True	False
(filmRef)13155	False		819	True	False
(filmRef)13156	False		744	True	False
(filmRef)13157	False		805	True	False
(filmRef)13158	False		780	True	False
(filmRef)13159	False		537	True	False
(filmRef)1316	False		92	True	False
(filmRef)13160	False		613	True	False
(filmRef)13161	False		562	True	False
(filmRef)13162	False		781	True	False
(filmRef)13163	False		689	True	False
(filmRef)13164	False		762	True	False
(filmRef)13165	False		896	True	False
(filmRef)13166	False		594	True	False
(filmRef)13167	False		638	True	False
(filmRef)13168	False		734	True	False
(filmRef)13169	False		750	True	False
(filmRef)1317	False		170	True	False
(filmRef)13170	False		732	True	False
(filmRef)13171	False		852	True	False
(filmRef)13172	False		732	True	False
(filmRef)13173	False		479	True	False
(filmRef)13174	False		566	True	False
(filmRef)13175	False		1660	True	False
(filmRef)13176	False		983	True	False
(filmRef)13177	False		840	True	False
(filmRef)13178	False		721	True	False
(filmRef)13179	False		716	True	False
(filmRef)1318	False		153	True	False
(filmRef)13180	False		684	True	False
(filmRef)13181	False		700	True	False
(filmRef)13182	False		884	True	False
(filmRef)13183	False		645	True	False
(filmRef)13184	False		708	True	False
(filmRef)13185	False		578	True	False
(filmRef)13186	False		569	True	False
(filmRef)13187	False		698	True	False
(filmRef)13188	False		560	True	False
(filmRef)13189	False		610	True	False
(filmRef)1319	False		33	True	False
(filmRef)13190	False		689	True	False
(filmRef)13191	False		403	True	False
(filmRef)13192	False		578	True	False
(filmRef)13193	False		591	True	False
(filmRef)13194	False		617	True	False
(filmRef)13195	False		736	True	False
(filmRef)13196	False		767	True	False
(filmRef)13197	False		900	True	False
(filmRef)13198	False		825	True	False
(filmRef)13199	False		718	True	False
(filmRef)1320	False		58	True	False
(filmRef)13200	False		467	True	False
(filmRef)13201	False		703	True	False
(filmRef)13202	False		637	True	False
(filmRef)13203	False		782	True	False
(filmRef)13204	False		733	True	False
(filmRef)13205	False		862	True	False
(filmRef)13206	False		730	True	False
(filmRef)13207	False		733	True	False
(filmRef)13208	False		739	True	False
(filmRef)13209	False		691	True	False
(filmRef)1321	False		385	True	False
(filmRef)13210	False		662	True	False
(filmRef)13211	False		678	True	False
(filmRef)13212	False		712	True	False
(filmRef)13213	False		651	True	False
(filmRef)13214	False		569	True	False
(filmRef)13215	False		332	True	False
(filmRef)13216	False		520	True	False
(filmRef)13217	False		389	True	False
(filmRef)13218	False		720	True	False
(filmRef)13219	False		621	True	False
(filmRef)1322	False		348	True	False
(filmRef)13220	False		591	True	False
(filmRef)13221	False		867	True	False
(filmRef)13222	False		627	True	False
(filmRef)13223	False		601	True	False
(filmRef)13224	False		569	True	False
(filmRef)13225	False		614	True	False
(filmRef)13226	False		644	True	False
(filmRef)13227	False		551	True	False
(filmRef)13228	False		717	True	False
(filmRef)13229	False		293	True	False
(filmRef)1323	False		384	True	False
(filmRef)13230	False		793	True	False
(filmRef)13231	False		677	True	False
(filmRef)13232	False		505	True	False
(filmRef)13233	False		701	True	False
(filmRef)13234	False		702	True	False
(filmRef)13235	False		599	True	False
(filmRef)13236	False		627	True	False
(filmRef)13238	False		744	True	False
(filmRef)13239	False		726	True	False
(filmRef)1324	False		868	True	False
(filmRef)13240	False		579	True	False
(filmRef)13241	False		700	True	False
(filmRef)13242	False		486	True	False
(filmRef)13243	False		593	True	False
(filmRef)13244	False		615	True	False
(filmRef)13245	False		725	True	False
(filmRef)13246	False		674	True	False
(filmRef)13247	False		781	True	False
(filmRef)13248	False		798	True	False
(filmRef)13249	False		660	True	False
(filmRef)1325	False		127	True	False
(filmRef)13250	False		659	True	False
(filmRef)13251	False		748	True	False
(filmRef)13252	False		647	True	False
(filmRef)13253	False		617	True	False
(filmRef)13254	False		645	True	False
(filmRef)13255	False		679	True	False
(filmRef)13256	False		689	True	False
(filmRef)13257	False		580	True	False
(filmRef)13258	False		538	True	False
(filmRef)13259	False		598	True	False
(filmRef)1326	False		54	True	False
(filmRef)13260	False		650	True	False
(filmRef)13261	False		527	True	False
(filmRef)13262	False		749	True	False
(filmRef)13263	False		512	True	False
(filmRef)13264	False		546	True	False
(filmRef)13265	False		651	True	False
(filmRef)13266	False		422	True	False
(filmRef)13267	False		617	True	False
(filmRef)13268	False		455	True	False
(filmRef)13269	False		631	True	False
(filmRef)1327	False		501	True	False
(filmRef)13270	False		588	True	False
(filmRef)13271	False		563	True	False
(filmRef)13272	False		585	True	False
(filmRef)13273	False		786	True	False
(filmRef)13274	False		518	True	False
(filmRef)13275	False		618	True	False
(filmRef)13276	False		619	True	False
(filmRef)13277	False		538	True	False
(filmRef)13278	False		630	True	False
(filmRef)13279	False		568	True	False
(filmRef)1328	False		267	True	False
(filmRef)13280	False		553	True	False
(filmRef)13281	False		631	True	False
(filmRef)13282	False		552	True	False
(filmRef)13283	False		714	True	False
(filmRef)13284	False		528	True	False
(filmRef)13285	False		612	True	False
(filmRef)13286	False		524	True	False
(filmRef)13287	False		783	True	False
(filmRef)13288	False		551	True	False
(filmRef)13289	False		796	True	False
(filmRef)1329	False		267	True	False
(filmRef)13290	False		768	True	False
(filmRef)13291	False		628	True	False
(filmRef)13292	False		576	True	False
(filmRef)13293	False		532	True	False
(filmRef)13294	False		632	True	False
(filmRef)13295	False		519	True	False
(filmRef)13296	False		531	True	False
(filmRef)13297	False		462	True	False
(filmRef)13298	False		628	True	False
(filmRef)13299	False		539	True	False
(filmRef)1330	False		178	True	False
(filmRef)13300	False		587	True	False
(filmRef)13301	False		557	True	False
(filmRef)13302	False		546	True	False
(filmRef)13303	False		663	True	False
(filmRef)13304	False		603	True	False
(filmRef)13305	False		759	True	False
(filmRef)13306	False		672	True	False
(filmRef)13307	False		706	True	False
(filmRef)13308	False		621	True	False
(filmRef)13309	False		619	True	False
(filmRef)1331	False		446	True	False
(filmRef)13310	False		712	True	False
(filmRef)13311	False		583	True	False
(filmRef)13312	False		438	True	False
(filmRef)13313	False		979	True	False
(filmRef)13314	False		534	True	False
(filmRef)13315	False		751	True	False
(filmRef)13316	False		707	True	False
(filmRef)13317	False		717	True	False
(filmRef)13318	False		625	True	False
(filmRef)13319	False		706	True	False
(filmRef)1332	False		144	True	False
(filmRef)13320	False		612	True	False
(filmRef)13321	False		750	True	False
(filmRef)13322	False		592	True	False
(filmRef)13323	False		906	True	False
(filmRef)13324	False		785	True	False
(filmRef)13325	False		596	True	False
(filmRef)13326	False		595	True	False
(filmRef)13327	False		637	True	False
(filmRef)13328	False		687	True	False
(filmRef)13329	False		620	True	False
(filmRef)1333	False		352	True	False
(filmRef)13330	False		660	True	False
(filmRef)13331	False		474	True	False
(filmRef)13332	False		675	True	False
(filmRef)13333	False		779	True	False
(filmRef)13334	False		674	True	False
(filmRef)13335	False		719	True	False
(filmRef)13336	False		594	True	False
(filmRef)13337	False		641	True	False
(filmRef)13338	False		696	True	False
(filmRef)13339	False		674	True	False
(filmRef)1334	False		155	True	False
(filmRef)13340	False		802	True	False
(filmRef)13341	False		685	True	False
(filmRef)13342	False		723	True	False
(filmRef)13343	False		768	True	False
(filmRef)13344	False		47	True	False
(filmRef)13345	False		47	True	False
(filmRef)13346	False		29	True	False
(filmRef)13347	False		853	True	False
(filmRef)13348	False		619	True	False
(filmRef)13349	False		702	True	False
(filmRef)1335	False		68	True	False
(filmRef)13350	False		741	True	False
(filmRef)13351	False		807	True	False
(filmRef)13352	False		516	True	False
(filmRef)13353	False		691	True	False
(filmRef)13354	False		727	True	False
(filmRef)13355	False		717	True	False
(filmRef)13356	False		632	True	False
(filmRef)13357	False		603	True	False
(filmRef)13358	False		680	True	False
(filmRef)13359	False		263	True	False
(filmRef)1336	False		63	True	False
(filmRef)13360	False		62	True	False
(filmRef)13361	False		580	True	False
(filmRef)13362	False		698	True	False
(filmRef)13363	False		661	True	False
(filmRef)13364	False		763	True	False
(filmRef)13365	False		799	True	False
(filmRef)13366	False		556	True	False
(filmRef)13367	False		534	True	False
(filmRef)13368	False		546	True	False
(filmRef)13369	False		622	True	False
(filmRef)1337	False		71	True	False
(filmRef)13370	False		585	True	False
(filmRef)13371	False		891	True	False
(filmRef)13372	False		678	True	False
(filmRef)13373	False		649	True	False
(filmRef)13374	False		282	True	False
(filmRef)13375	False		755	True	False
(filmRef)13376	False		682	True	False
(filmRef)13377	False		724	True	False
(filmRef)13378	False		815	True	False
(filmRef)13379	False		681	True	False
(filmRef)1338	False		436	True	False
(filmRef)13380	False		707	True	False
(filmRef)13381	False		737	True	False
(filmRef)13382	False		757	True	False
(filmRef)13383	False		896	True	False
(filmRef)13384	False		770	True	False
(filmRef)13385	False		740	True	False
(filmRef)13386	False		873	True	False
(filmRef)13387	False		663	True	False
(filmRef)13388	False		642	True	False
(filmRef)13389	False		799	True	False
(filmRef)1339	False		60	True	False
(filmRef)13390	False		760	True	False
(filmRef)13391	False		729	True	False
(filmRef)13392	False		584	True	False
(filmRef)13393	False		808	True	False
(filmRef)13394	False		855	True	False
(filmRef)13395	False		823	True	False
(filmRef)13396	False		605	True	False
(filmRef)13397	False		606	True	False
(filmRef)13398	False		796	True	False
(filmRef)13399	False		737	True	False
(filmRef)1340	False		456	True	False
(filmRef)13400	False		809	True	False
(filmRef)13401	False		746	True	False
(filmRef)13402	False		710	True	False
(filmRef)13403	False		778	True	False
(filmRef)13404	False		736	True	False
(filmRef)13405	False		746	True	False
(filmRef)13406	False		726	True	False
(filmRef)13407	False		618	True	False
(filmRef)13408	False		646	True	False
(filmRef)13409	False		893	True	False
(filmRef)1341	False		1033	True	False
(filmRef)13410	False		762	True	False
(filmRef)13411	False		713	True	False
(filmRef)13412	False		661	True	False
(filmRef)13413	False		651	True	False
(filmRef)13414	False		725	True	False
(filmRef)13415	False		663	True	False
(filmRef)13416	False		704	True	False
(filmRef)13417	False		711	True	False
(filmRef)13418	False		828	True	False
(filmRef)13419	False		807	True	False
(filmRef)1342	False		268	True	False
(filmRef)13420	False		745	True	False
(filmRef)13421	False		915	True	False
(filmRef)13422	False		786	True	False
(filmRef)13424	False		779	True	False
(filmRef)13425	False		863	True	False
(filmRef)13426	False		713	True	False
(filmRef)13427	False		767	True	False
(filmRef)13428	False		684	True	False
(filmRef)13429	False		606	True	False
(filmRef)1343	False		185	True	False
(filmRef)13430	False		647	True	False
(filmRef)13431	False		555	True	False
(filmRef)13432	False		745	True	False
(filmRef)13433	False		550	True	False
(filmRef)13434	False		502	True	False
(filmRef)13435	False		524	True	False
(filmRef)13436	False		628	True	False
(filmRef)13437	False		595	True	False
(filmRef)13438	False		735	True	False
(filmRef)13439	False		832	True	False
(filmRef)1344	False		356	True	False
(filmRef)13440	False		665	True	False
(filmRef)13441	False		587	True	False
(filmRef)13442	False		791	True	False
(filmRef)13443	False		727	True	False
(filmRef)13444	False		867	True	False
(filmRef)13445	False		886	True	False
(filmRef)13446	False		747	True	False
(filmRef)13447	False		393	True	False
(filmRef)13448	False		736	True	False
(filmRef)13449	False		225	True	False
(filmRef)1345	False		337	True	False
(filmRef)13450	False		676	True	False
(filmRef)13451	False		705	True	False
(filmRef)13452	False		598	True	False
(filmRef)13453	False		583	True	False
(filmRef)13454	False		661	True	False
(filmRef)13455	False		715	True	False
(filmRef)13456	False		711	True	False
(filmRef)13457	False		676	True	False
(filmRef)13458	False		543	True	False
(filmRef)13459	False		634	True	False
(filmRef)1346	False		107	True	False
(filmRef)13460	False		785	True	False
(filmRef)13461	False		565	True	False
(filmRef)13462	False		732	True	False
(filmRef)13463	False		720	True	False
(filmRef)13464	False		693	True	False
(filmRef)13465	False		696	True	False
(filmRef)13466	False		736	True	False
(filmRef)13467	False		775	True	False
(filmRef)13468	False		749	True	False
(filmRef)13469	False		774	True	False
(filmRef)1347	False		808	True	False
(filmRef)13470	False		907	True	False
(filmRef)13471	False		756	True	False
(filmRef)13472	False		616	True	False
(filmRef)13473	False		642	True	False
(filmRef)13474	False		709	True	False
(filmRef)13475	False		795	True	False
(filmRef)13476	False		841	True	False
(filmRef)13477	False		633	True	False
(filmRef)13478	False		703	True	False
(filmRef)13479	False		649	True	False
(filmRef)1348	False		423	True	False
(filmRef)13480	False		844	True	False
(filmRef)13481	False		631	True	False
(filmRef)13482	False		633	True	False
(filmRef)13483	False		504	True	False
(filmRef)13484	False		802	True	False
(filmRef)13485	False		464	True	False
(filmRef)13486	False		1052	True	False
(filmRef)13487	False		621	True	False
(filmRef)13488	False		630	True	False
(filmRef)13489	False		470	True	False
(filmRef)1349	False		483	True	False
(filmRef)13490	False		465	True	False
(filmRef)13491	False		712	True	False
(filmRef)13492	False		575	True	False
(filmRef)13493	False		511	True	False
(filmRef)13494	False		550	True	False
(filmRef)13495	False		514	True	False
(filmRef)13496	False		699	True	False
(filmRef)13497	False		810	True	False
(filmRef)13498	False		616	True	False
(filmRef)13499	False		1024	True	False
(filmRef)1350	False		324	True	False
(filmRef)13500	False		594	True	False
(filmRef)13501	False		526	True	False
(filmRef)13502	False		542	True	False
(filmRef)13503	False		513	True	False
(filmRef)13504	False		587	True	False
(filmRef)13505	False		569	True	False
(filmRef)13506	False		326	True	False
(filmRef)13507	False		694	True	False
(filmRef)13508	False		684	True	False
(filmRef)13509	False		769	True	False
(filmRef)1351	False		284	True	False
(filmRef)13510	False		771	True	False
(filmRef)13511	False		681	True	False
(filmRef)13512	False		486	True	False
(filmRef)13513	False		605	True	False
(filmRef)13514	False		597	True	False
(filmRef)13515	False		562	True	False
(filmRef)13516	False		371	True	False
(filmRef)13517	False		530	True	False
(filmRef)13518	False		555	True	False
(filmRef)13519	False		663	True	False
(filmRef)1352	False		59	True	False
(filmRef)13520	False		584	True	False
(filmRef)13521	False		639	True	False
(filmRef)13522	False		512	True	False
(filmRef)13523	False		623	True	False
(filmRef)13524	False		515	True	False
(filmRef)13525	False		617	True	False
(filmRef)13526	False		537	True	False
(filmRef)13527	False		748	True	False
(filmRef)13528	False		674	True	False
(filmRef)13529	False		612	True	False
(filmRef)1353	False		369	True	False
(filmRef)13530	False		541	True	False
(filmRef)13531	False		575	True	False
(filmRef)13532	False		587	True	False
(filmRef)13533	False		540	True	False
(filmRef)13534	False		446	True	False
(filmRef)13535	False		565	True	False
(filmRef)13536	False		613	True	False
(filmRef)13537	False		640	True	False
(filmRef)13538	False		679	True	False
(filmRef)13539	False		634	True	False
(filmRef)1354	False		315	True	False
(filmRef)13540	False		549	True	False
(filmRef)13541	False		456	True	False
(filmRef)13542	False		706	True	False
(filmRef)13543	False		612	True	False
(filmRef)13544	False		550	True	False
(filmRef)13545	False		480	True	False
(filmRef)13546	False		494	True	False
(filmRef)13547	False		602	True	False
(filmRef)13548	False		558	True	False
(filmRef)13549	False		655	True	False
(filmRef)1355	False		168	True	False
(filmRef)13550	False		440	True	False
(filmRef)13551	False		724	True	False
(filmRef)13552	False		821	True	False
(filmRef)13553	False		806	True	False
(filmRef)13554	False		690	True	False
(filmRef)13555	False		502	True	False
(filmRef)13556	False		669	True	False
(filmRef)13557	False		617	True	False
(filmRef)13558	False		670	True	False
(filmRef)13559	False		586	True	False
(filmRef)1356	False		202	True	False
(filmRef)13560	False		601	True	False
(filmRef)13561	False		582	True	False
(filmRef)13562	False		531	True	False
(filmRef)13563	False		521	True	False
(filmRef)13564	False		570	True	False
(filmRef)13565	False		646	True	False
(filmRef)13566	False		444	True	False
(filmRef)13567	False		607	True	False
(filmRef)13568	False		366	True	False
(filmRef)13569	False		326	True	False
(filmRef)13572	False		885	True	False
(filmRef)13573	False		742	True	False
(filmRef)13574	False		787	True	False
(filmRef)13576	False		792	True	False
(filmRef)13577	False		629	True	False
(filmRef)13579	False		898	True	False
(filmRef)1358	False		44	True	False
(filmRef)13584	False		444	True	False
(filmRef)13587	False		391	True	False
(filmRef)13588	False		527	True	False
(filmRef)1359	False		218	True	False
(filmRef)13591	False		526	True	False
(filmRef)13592	False		591	True	False
(filmRef)13594	False		533	True	False
(filmRef)13595	False		512	True	False
(filmRef)13596	False		459	True	False
(filmRef)13597	False		512	True	False
(filmRef)13598	False		490	True	False
(filmRef)13599	False		587	True	False
(filmRef)1360	False		137	True	False
(filmRef)13600	False		553	True	False
(filmRef)13601	False		550	True	False
(filmRef)13602	False		607	True	False
(filmRef)13603	False		666	True	False
(filmRef)13604	False		511	True	False
(filmRef)13605	False		533	True	False
(filmRef)13606	False		566	True	False
(filmRef)13607	False		623	True	False
(filmRef)13608	False		621	True	False
(filmRef)13609	False		327	True	False
(filmRef)1361	False		163	True	False
(filmRef)13610	False		756	True	False
(filmRef)1362	False		38	True	False
(filmRef)13622	False		743	True	False
(filmRef)13623	False		584	True	False
(filmRef)13624	False		684	True	False
(filmRef)13625	False		595	True	False
(filmRef)13626	False		784	True	False
(filmRef)13627	False		872	True	False
(filmRef)13628	False		468	True	False
(filmRef)13629	False		320	True	False
(filmRef)1363	False		247	True	False
(filmRef)13630	False		700	True	False
(filmRef)13631	False		530	True	False
(filmRef)13632	False		580	True	False
(filmRef)13633	False		756	True	False
(filmRef)13634	False		603	True	False
(filmRef)13635	False		667	True	False
(filmRef)13636	False		521	True	False
(filmRef)1364	False		68	True	False
(filmRef)1365	False		193	True	False
(filmRef)1366	False		199	True	False
(filmRef)1367	False		215	True	False
(filmRef)1368	False		144	True	False
(filmRef)13686	False		373	True	False
(filmRef)13687	False		826	True	False
(filmRef)13688	False		750	True	False
(filmRef)13689	False		54	False	False
(filmRef)1369	False		46	True	False
(filmRef)13690	False		41	False	False
(filmRef)13691	False		104	False	False
(filmRef)13692	False		46	False	False
(filmRef)13693	False		406	True	False
(filmRef)13694	False		106	True	False
(filmRef)13695	False		178	True	False
(filmRef)13696	False		247	True	False
(filmRef)13697	False		204	True	False
(filmRef)13698	False		217	True	False
(filmRef)13699	False		502	True	False
(filmRef)1370	False		107	True	False
(filmRef)13700	False		349	True	False
(filmRef)13701	False		525	True	False
(filmRef)13702	False		288	True	False
(filmRef)13703	False		503	True	False
(filmRef)13704	False		261	True	False
(filmRef)13705	False		282	True	False
(filmRef)13706	False		164	True	False
(filmRef)13707	False		188	True	False
(filmRef)13708	False		159	True	False
(filmRef)13709	False		203	True	False
(filmRef)1371	False		261	True	False
(filmRef)13710	False		486	True	False
(filmRef)13711	False		464	True	False
(filmRef)13712	False		513	True	False
(filmRef)13713	False		75	True	False
(filmRef)13714	False		104	True	False
(filmRef)13715	False		110	True	False
(filmRef)13717	False		82	True	False
(filmRef)13718	False		96	True	False
(filmRef)13719	False		93	True	False
(filmRef)1372	False		70	True	False
(filmRef)13720	False		73	True	False
(filmRef)13721	False		75	True	False
(filmRef)13722	False		82	True	False
(filmRef)13723	False		118	True	False
(filmRef)13724	False		86	True	False
(filmRef)13725	False		107	True	False
(filmRef)13726	False		107	True	False
(filmRef)13727	False		72	True	False
(filmRef)13728	False		72	True	False
(filmRef)13729	False		95	True	False
(filmRef)1373	False		257	True	False
(filmRef)13730	False		81	True	False
(filmRef)13731	False		111	True	False
(filmRef)13732	False		96	True	False
(filmRef)13733	False		83	True	False
(filmRef)13734	False		95	True	False
(filmRef)13735	False		118	True	False
(filmRef)13736	False		132	True	False
(filmRef)13737	False		97	True	False
(filmRef)13738	False		79	True	False
(filmRef)13739	False		68	True	False
(filmRef)1374	False		184	True	False
(filmRef)13740	False		72	True	False
(filmRef)13741	False		58	True	False
(filmRef)13742	False		94	True	False
(filmRef)13743	False		87	True	False
(filmRef)13744	False		62	True	False
(filmRef)13745	False		64	True	False
(filmRef)13746	False		611	True	False
(filmRef)13747	False		124	True	False
(filmRef)13748	False		125	True	False
(filmRef)13749	False		86	True	False
(filmRef)1375	False		103	True	False
(filmRef)13750	False		83	True	False
(filmRef)13751	False		79	True	False
(filmRef)13752	False		91	True	False
(filmRef)13753	False		73	True	False
(filmRef)13754	False		105	True	False
(filmRef)13755	False		41	False	False
(filmRef)13756	False		41	False	False
(filmRef)13757	False		35	False	False
(filmRef)13758	False		100	True	False
(filmRef)13759	False		97	True	False
(filmRef)1376	False		81	True	False
(filmRef)13760	False		91	True	False
(filmRef)13761	False		95	True	False
(filmRef)13762	False		89	True	False
(filmRef)13763	False		93	True	False
(filmRef)13764	False		96	True	False
(filmRef)13765	False		127	True	False
(filmRef)13766	False		156	True	False
(filmRef)13769	False		118	True	False
(filmRef)1377	False		82	True	False
(filmRef)13770	False		87	True	False
(filmRef)13771	False		67	True	False
(filmRef)13772	False		43	True	False
(filmRef)13773	False		89	True	False
(filmRef)13774	False		99	True	False
(filmRef)13775	False		75	True	False
(filmRef)13776	False		76	True	False
(filmRef)13777	False		56	True	False
(filmRef)13778	False		76	True	False
(filmRef)13779	False		127	True	False
(filmRef)1378	False		71	True	False
(filmRef)13780	False		89	True	False
(filmRef)13781	False		91	True	False
(filmRef)13782	False		53	True	False
(filmRef)13785	False		68	True	False
(filmRef)13786	False		71	True	False
(filmRef)1379	False		69	True	False
(filmRef)13790	False		76	True	False
(filmRef)13791	False		114	True	False
(filmRef)13794	False		276	True	False
(filmRef)13796	False		248	True	False
(filmRef)13797	False		169	True	False
(filmRef)13798	False		100	True	False
(filmRef)13799	False		136	True	False
(filmRef)1380	False		75	True	False
(filmRef)13800	False		92	True	False
(filmRef)13801	False		179	True	False
(filmRef)13802	False		78	True	False
(filmRef)13803	False		86	True	False
(filmRef)13804	False		76	True	False
(filmRef)13805	False		78	True	False
(filmRef)13806	False		128	True	False
(filmRef)13807	False		88	True	False
(filmRef)13808	False		84	True	False
(filmRef)13809	False		63	True	False
(filmRef)13810	False		74	True	False
(filmRef)13811	False		100	True	False
(filmRef)13812	False		96	True	False
(filmRef)13813	False		96	True	False
(filmRef)13814	False		70	True	False
(filmRef)13815	False		88	True	False
(filmRef)13816	False		77	True	False
(filmRef)13817	False		90	True	False
(filmRef)13818	False		125	True	False
(filmRef)13819	False		130	True	False
(filmRef)1381A	False		51	True	False
(filmRef)1381B	False		71	True	False
(filmRef)1382	False		104	True	False
(filmRef)13820	False		85	True	False
(filmRef)13821	False		68	True	False
(filmRef)13822	False		95	True	False
(filmRef)13823	False		78	True	False
(filmRef)13824	False		72	True	False
(filmRef)13825	False		109	True	False
(filmRef)13826	False		135	True	False
(filmRef)13827	False		77	True	False
(filmRef)13828	False		94	True	False
(filmRef)13829	False		91	True	False
(filmRef)1383	False		94	True	False
(filmRef)13830	False		74	True	False
(filmRef)13831	False		67	True	False
(filmRef)13832	False		113	True	False
(filmRef)13833	False		85	True	False
(filmRef)13834	False		75	True	False
(filmRef)13835	False		143	True	False
(filmRef)13836	False		135	True	False
(filmRef)13837	False		108	True	False
(filmRef)13838	False		128	True	False
(filmRef)13839	False		83	True	False
(filmRef)1384	False		91	True	False
(filmRef)13840	False		99	True	False
(filmRef)13841	False		58	True	False
(filmRef)13842	False		104	True	False
(filmRef)13843	False		61	True	False
(filmRef)13844	False		75	True	False
(filmRef)13845	False		100	True	False
(filmRef)13846	False		115	True	False
(filmRef)13847	False		128	True	False
(filmRef)13848	False		106	True	False
(filmRef)13849	False		194	True	False
(filmRef)1385	False		81	True	False
(filmRef)13850	False		103	True	False
(filmRef)13851	False		104	True	False
(filmRef)13852	False		53	True	False
(filmRef)13853	False		51	True	False
(filmRef)13854	False		82	True	False
(filmRef)13855	False		75	True	False
(filmRef)13856	False		64	True	False
(filmRef)13857	False		95	True	False
(filmRef)13858	False		74	True	False
(filmRef)13859	False		91	True	False
(filmRef)1386	False		329	True	False
(filmRef)13860	False		62	True	False
(filmRef)13861	False		65	True	False
(filmRef)13862	False		78	True	False
(filmRef)13863	False		92	True	False
(filmRef)13864	False		62	True	False
(filmRef)13865	False		87	True	False
(filmRef)13866	False		134	True	False
(filmRef)13867	False		90	True	False
(filmRef)13868	False		70	True	False
(filmRef)13869	False		115	True	False
(filmRef)1387	False		65	True	False
(filmRef)13870	False		128	True	False
(filmRef)13871	False		92	True	False
(filmRef)13872	False		44	True	False
(filmRef)13873	False		131	True	False
(filmRef)13874	False		104	False	False
(filmRef)13876	False		117	False	False
(filmRef)13877	False		226	False	False
(filmRef)13878	False		67	False	False
(filmRef)13879	False		175	False	False
(filmRef)1388	False		95	True	False
(filmRef)13880	False		117	False	False
(filmRef)13881	False		434	False	False
(filmRef)13882	False		41	False	False
(filmRef)13883	False		363	False	False
(filmRef)13884	False		148	False	False
(filmRef)13885	False		566	False	False
(filmRef)13886	False		294	False	False
(filmRef)13887	False		272	False	False
(filmRef)13888	False		367	False	False
(filmRef)13889	False		74	False	False
(filmRef)1389	False		251	True	False
(filmRef)13891	False		47	False	False
(filmRef)13892	False		278	False	False
(filmRef)13893	False		74	False	False
(filmRef)13894	False		118	False	False
(filmRef)13895	False		129	False	False
(filmRef)13896	False		121	False	False
(filmRef)13897	False		356	False	False
(filmRef)13898	False		184	False	False
(filmRef)13899	False		66	False	False
(filmRef)1390	False		325	True	False
(filmRef)13900	False		218	False	False
(filmRef)13901	False		412	False	False
(filmRef)13904	False		302	False	False
(filmRef)13905	False		68	False	False
(filmRef)13906	False		439	False	False
(filmRef)13907	False		68	False	False
(filmRef)13908	False		579	False	False
(filmRef)13909	False		107	False	False
(filmRef)1391	False		111	True	False
(filmRef)13910	False		333	False	False
(filmRef)13912	False		425	False	False
(filmRef)13913	False		200	False	False
(filmRef)13914	False		186	False	False
(filmRef)13915	False		233	False	False
(filmRef)13916	False		103	False	False
(filmRef)13917	False		367	False	False
(filmRef)13918	False		216	False	False
(filmRef)13919	False		229	False	False
(filmRef)1392	False		180	True	False
(filmRef)13920	False		105	False	False
(filmRef)13921	False		131	False	False
(filmRef)13922	False		44	False	False
(filmRef)13923	False		264	False	False
(filmRef)13924	False		208	False	False
(filmRef)13925	False		129	False	False
(filmRef)13926	False		268	False	False
(filmRef)13928	False		122	False	False
(filmRef)13929	False		80	False	False
(filmRef)1393	False		107	True	False
(filmRef)13930	False		241	False	False
(filmRef)13932	False		175	False	False
(filmRef)13933	False		114	False	False
(filmRef)13934	False		72	False	False
(filmRef)13935	False		253	False	False
(filmRef)13936	False		51	False	False
(filmRef)13937	False		224	False	False
(filmRef)13938	False		109	False	False
(filmRef)13939	False		99	False	False
(filmRef)1394	False		54	False	False
(filmRef)13940	False		346	False	False
(filmRef)13942	False		78	False	False
(filmRef)13943	False		92	False	False
(filmRef)13944	False		183	False	False
(filmRef)1395	False		19	False	False
(filmRef)1396	False		667	True	False
(filmRef)1397	False		124	True	False
(filmRef)13974	False		211	True	False
(filmRef)13975	False		75	True	False
(filmRef)13976	False		82	True	False
(filmRef)13977	False		81	True	False
(filmRef)13978	False		51	True	False
(filmRef)13979	False		88	True	False
(filmRef)1398	False		138	True	False
(filmRef)13980	False		319	True	False
(filmRef)13981	False		132	True	False
(filmRef)13982	False		106	True	False
(filmRef)13983	False		167	True	False
(filmRef)13984	False		87	True	False
(filmRef)1399	False		74	True	False
(filmRef)13991	False		89	True	False
(filmRef)13992	False		114	True	False
(filmRef)13993	False		101	True	False
(filmRef)13994	False		109	True	False
(filmRef)13995	False		146	True	False
(filmRef)13996	False		95	True	False
(filmRef)13997	False		113	True	False
(filmRef)13998	False		202	True	False
(filmRef)13999	False		98	True	False
(filmRef)1400	False		119	True	False
(filmRef)14000	False		83	True	False
(filmRef)14001	False		122	True	False
(filmRef)14002	False		236	True	False
(filmRef)14003	False		66	True	False
(filmRef)14004	False		80	True	False
(filmRef)14005	False		103	True	False
(filmRef)14006	False		124	True	False
(filmRef)14007	False		84	True	False
(filmRef)14008	False		51	True	False
(filmRef)14009	False		170	True	False
(filmRef)1401	False		69	True	False
(filmRef)14010	False		80	True	False
(filmRef)14011	False		88	True	False
(filmRef)14012	False		64	True	False
(filmRef)14013	False		82	True	False
(filmRef)14014	False		107	True	False
(filmRef)14015	False		117	True	False
(filmRef)14016	False		51	True	False
(filmRef)14017	False		128	True	False
(filmRef)14018	False		100	True	False
(filmRef)1402	False		313	True	False
(filmRef)1403	False		151	True	False
(filmRef)14034	False		203	True	False
(filmRef)14035	False		185	True	False
(filmRef)1404	False		126	True	False
(filmRef)1405	False		80	True	False
(filmRef)14052	False		152	True	False
(filmRef)14053	False		17	False	False
(filmRef)1406	False		86	True	False
(filmRef)14065	False		126	True	False
(filmRef)1407	False		42	True	False
(filmRef)14072	False		62	True	False
(filmRef)14074	False		18	False	False
(filmRef)14075	False		16	False	False
(filmRef)14076	False		19	False	False
(filmRef)14077	False		19	False	False
(filmRef)14078	False		16	False	False
(filmRef)14079	False		17	False	False
(filmRef)1408	False		50	True	False
(filmRef)14080	True	Radio Times	32	False	False
(filmRef)14081	False		14	False	False
(filmRef)14082	True	Radio Times	71	False	True
(filmRef)14083	True	Radio Times	55	False	True
(filmRef)14084	True	Radio Times	49	False	False
(filmRef)14085	True	Radio Times	59	False	True
(filmRef)14086	True	Radio Times	68	False	True
(filmRef)14087	False		38	False	False
(filmRef)14088	False		36	False	False
(filmRef)14089	False		32	False	False
(filmRef)1409	False		58	True	False
(filmRef)14090	False		48	False	False
(filmRef)14091	False		57	False	False
(filmRef)14092	False		23	False	False
(filmRef)14093	False		24	False	False
(filmRef)14094	True	Radio Times	31	False	False
(filmRef)14095	False		23	False	False
(filmRef)14096	False		23	False	False
(filmRef)14097	False		23	False	False
(filmRef)14098	False		23	False	False
(filmRef)14099	False		23	False	False
(filmRef)1410	False		50	True	False
(filmRef)14100	False		23	False	False
(filmRef)14101	False		25	False	False
(filmRef)14102	False		30	False	False
(filmRef)14103	False		31	False	False
(filmRef)14104	True	BBC Alba	65	False	True
(filmRef)14105	False		10	False	False
(filmRef)1412	False		165	True	False
(filmRef)1413	False		44	True	False
(filmRef)14132	False		11	False	False
(filmRef)14133	False		14	False	False
(filmRef)14134	False		21	False	False
(filmRef)14135	True	Radio Times	35	False	False
(filmRef)14136	True	Radio Times	23	False	False
(filmRef)14137	True	Radio Times	28	False	False
(filmRef)14138	True	Radio Times	24	False	False
(filmRef)14139	True	Radio times	61	False	True
(filmRef)1414	False		49	True	False
(filmRef)14140	False		18	False	False
(filmRef)14141	False		16	False	False
(filmRef)14142	False		22	False	False
(filmRef)14143	False		17	False	False
(filmRef)14144	False		22	False	False
(filmRef)14145	False		20	False	False
(filmRef)14146	False		19	False	False
(filmRef)14147	True	West Highland Animation	256	True	False
(filmRef)14148	False		13	False	False
(filmRef)14149	False		18	False	False
(filmRef)1415	False		49	True	False
(filmRef)14150	False		23	False	False
(filmRef)14151	False		27	False	False
(filmRef)14152	True	BBC Alba	162	True	False
(filmRef)14153	True	West Highland Animation	166	True	False
(filmRef)14154	True	Radio Times	19	False	False
(filmRef)14155	True	Radio Times	20	False	False
(filmRef)14156	True	Radio Times	19	False	False
(filmRef)14157	True	Radio Times	21	False	False
(filmRef)14158	True	Radio Times	20	False	False
(filmRef)14159	True	Radio Times	20	False	False
(filmRef)1416	False		38	True	False
(filmRef)14160	True	Radio Times	19	False	False
(filmRef)14161	True	Radio Times	20	False	False
(filmRef)14162	True	Radio Times	21	False	False
(filmRef)14163	True	Radio Times	23	False	False
(filmRef)14164	True	Radio Times	19	False	False
(filmRef)14165	True	Radio Times	40	False	False
(filmRef)14166	True	Radio Times	19	False	False
(filmRef)14167	True	Radio Times	19	False	False
(filmRef)14168	True	Radio Times	20	False	False
(filmRef)14169	True	Radio Times	19	False	False
(filmRef)1417	False		56	True	False
(filmRef)14170	True	Radio Times	20	False	False
(filmRef)14171	True	Radio Times	19	False	False
(filmRef)14172	False		16	False	False
(filmRef)14173	False		9	False	False
(filmRef)14174	True	BBC Alba	245	True	False
(filmRef)14175	True	BBC Alba	14	False	False
(filmRef)14176	True	BBC Alba	14	False	False
(filmRef)14177	True	BBC Alba	14	False	False
(filmRef)14178	True	BBC Alba	14	False	False
(filmRef)14179	True	BBC Alba	14	False	False
(filmRef)1418	False		17	False	False
(filmRef)14180	True	BBC Alba	14	False	False
(filmRef)14181	True	BBC Alba	14	False	False
(filmRef)14182	True	BBC Alba	14	False	False
(filmRef)14183	True	BBC Alba	14	False	False
(filmRef)14184	True	BBC Alba	14	False	False
(filmRef)14185	True	BBC Alba	140	True	False
(filmRef)14186	True	Radio Times	20	False	False
(filmRef)14187	True	Radio Times	20	False	False
(filmRef)14188	True	Radio Times	20	False	False
(filmRef)14189	True	Radio Times	20	False	False
(filmRef)1419	False		30	True	False
(filmRef)14190	True	Radio Times	20	False	False
(filmRef)14191	True	Radio Times	20	False	False
(filmRef)14192	True	Radio Times	20	False	False
(filmRef)14193	True	Radio Times	19	False	False
(filmRef)14194	True	Radio Times	20	False	False
(filmRef)14195	True	Radio Times	18	False	False
(filmRef)14196	False		22	False	False
(filmRef)14197	False		39	False	False
(filmRef)14198	False		21	False	False
(filmRef)14199	False		21	False	False
(filmRef)1420	False		77	True	False
(filmRef)14200	False		22	False	False
(filmRef)14201	False		24	False	False
(filmRef)14202	False		21	False	False
(filmRef)14203	False		21	False	False
(filmRef)14204	False		21	False	False
(filmRef)14205	False		21	False	False
(filmRef)14206	False		21	False	False
(filmRef)14207	False		21	False	False
(filmRef)14208	False		21	False	False
(filmRef)14209	False		21	False	False
(filmRef)1421	False		43	True	False
(filmRef)14210	False		22	False	False
(filmRef)14211	False		20	False	False
(filmRef)14212	False		16	False	False
(filmRef)14213	False		17	False	False
(filmRef)14214	False		23	False	False
(filmRef)14215	False		31	False	False
(filmRef)14216	False		12	False	False
(filmRef)14217	False		25	False	False
(filmRef)14218	False		27	False	False
(filmRef)14219	False		23	False	False
(filmRef)1422	False		38	True	False
(filmRef)14220	False		24	False	False
(filmRef)14221	False		27	False	False
(filmRef)14222	False		19	False	False
(filmRef)14223	False		27	False	False
(filmRef)14224	False		25	False	False
(filmRef)14225	False		11	False	False
(filmRef)14226	False		21	False	False
(filmRef)14227	False		18	False	False
(filmRef)14228	False		16	False	False
(filmRef)14229	False		33	False	False
(filmRef)1423	False		31	True	False
(filmRef)14230	False		33	False	False
(filmRef)14231	False		68	True	False
(filmRef)14232	False		68	True	False
(filmRef)14233	False		68	True	False
(filmRef)14234	False		65	True	False
(filmRef)14235	False		72	True	False
(filmRef)14236	False		68	True	False
(filmRef)14237	False		4	False	False
(filmRef)14238	False		22	False	False
(filmRef)14239	False		23	False	False
(filmRef)1424	False		49	True	False
(filmRef)14240	False		22	False	False
(filmRef)14241	False		22	False	False
(filmRef)14242	False		22	False	False
(filmRef)14243	False		21	False	False
(filmRef)14244	True	BBC Alba	44	False	False
(filmRef)14245	True	BBC Alba	43	False	False
(filmRef)14246	False		14	False	False
(filmRef)14247	False		12	False	False
(filmRef)14248	False		17	False	False
(filmRef)14249	True	Radio Times	22	False	False
(filmRef)1425	False		44	True	False
(filmRef)14250	False		18	False	False
(filmRef)14251	False		12	False	False
(filmRef)14252	False		16	False	False
(filmRef)14253	False		18	False	False
(filmRef)14254	False		16	False	False
(filmRef)14255	False		28	False	False
(filmRef)14256	False		36	False	False
(filmRef)14257	False		22	False	False
(filmRef)14258	False		22	False	False
(filmRef)14259	False		21	False	False
(filmRef)1426	False		37	True	False
(filmRef)14260	False		21	False	False
(filmRef)14261	False		21	False	False
(filmRef)14262	False		21	False	False
(filmRef)14263	False		20	False	False
(filmRef)14264	False		18	False	False
(filmRef)14265	False		19	False	False
(filmRef)14266	False		35	False	False
(filmRef)14267	False		35	False	False
(filmRef)14268	False		35	False	False
(filmRef)14269	False		36	False	False
(filmRef)1427	False		38	True	False
(filmRef)14270	True	BBC Alba	212	True	False
(filmRef)14271	False		36	False	False
(filmRef)14272	False		36	False	False
(filmRef)14273	False		36	False	False
(filmRef)14274	False		36	False	False
(filmRef)14275	False		36	False	False
(filmRef)14276	False		33	False	False
(filmRef)14277	False		31	False	False
(filmRef)14278	True	BFI	19	False	False
(filmRef)14279	True	BFI	19	False	False
(filmRef)1428	False		53	True	False
(filmRef)14280	False		36	False	False
(filmRef)14281	True	BBC Alba	21	False	False
(filmRef)14282	True	BBC Alba	20	False	False
(filmRef)14283	False		15	False	False
(filmRef)14284	False		23	False	False
(filmRef)14285	True	BBC Alba	22	False	False
(filmRef)14286	True	BBC Alba	19	False	False
(filmRef)14287	True	BBC Alba	27	False	False
(filmRef)14288	True	BBC Alba	27	False	False
(filmRef)14289	True	BBC Alba	27	False	False
(filmRef)1429	False		47	True	False
(filmRef)14290	True	BBC Alba	27	False	False
(filmRef)14291	True	BBC Alba	27	False	False
(filmRef)14292	True	BBC Alba	27	False	False
(filmRef)14293	True	Radio Times	31	False	False
(filmRef)14294	True	Radio Times	51	False	True
(filmRef)14295	True	Radio Times	76	True	False
(filmRef)14296	True	Radio Times	50	False	True
(filmRef)14297	True	Radio Times	51	False	True
(filmRef)14298	True	Radio Times	51	False	True
(filmRef)14299	False		20	False	False
(filmRef)1430	False		185	True	False
(filmRef)14300	False		36	False	False
(filmRef)14301	False		36	False	False
(filmRef)14302	False		36	False	False
(filmRef)14303	False		29	False	False
(filmRef)14304	False		29	False	False
(filmRef)14305	False		36	False	False
(filmRef)14306	False		24	False	False
(filmRef)14307	False		22	False	False
(filmRef)14308	False		25	False	False
(filmRef)14309	False		21	False	False
(filmRef)1431	False		206	True	False
(filmRef)14310	False		21	False	False
(filmRef)14311	False		21	False	False
(filmRef)14312	False		22	False	False
(filmRef)14313	False		21	False	False
(filmRef)14314	False		20	False	False
(filmRef)14315	False		20	False	False
(filmRef)14316	False		21	False	False
(filmRef)14317	False		20	False	False
(filmRef)14318	False		36	False	False
(filmRef)14319	False		15	False	False
(filmRef)1432	False		207	True	False
(filmRef)14320	False		15	False	False
(filmRef)14321	False		15	False	False
(filmRef)14322	False		15	False	False
(filmRef)14323	False		15	False	False
(filmRef)14324	False		15	False	False
(filmRef)14325	False		36	False	False
(filmRef)14326	False		36	False	False
(filmRef)14327	False		36	False	False
(filmRef)14328	True	BBC Alba	111	True	False
(filmRef)14329	False		48	False	False
(filmRef)1433	False		73	True	False
(filmRef)14330	False		10	False	False
(filmRef)14331	False		16	False	False
(filmRef)14332	False		31	False	False
(filmRef)14333	False		31	False	False
(filmRef)14334	False		31	False	False
(filmRef)14335	True	Radio Times	41	False	False
(filmRef)14336	True	Radio Times	47	False	False
(filmRef)14337	True	Radio Times	47	False	False
(filmRef)14338	True	Radio Times	41	False	False
(filmRef)14339	False		30	False	False
(filmRef)1434	False		283	True	False
(filmRef)14340	False		49	False	False
(filmRef)14341	False		49	False	False
(filmRef)14342	False		52	False	False
(filmRef)14343	True	BFI	26	False	False
(filmRef)14344	True	BFI	23	False	False
(filmRef)14345	True	BFI	25	False	False
(filmRef)14346	True	BFI	22	False	False
(filmRef)14347	True	BFI	25	False	False
(filmRef)14348	True	BFI	23	False	False
(filmRef)14349	True	BFI	24	False	False
(filmRef)1435	False		276	True	False
(filmRef)14350	True	BFI	25	False	False
(filmRef)14351	True	BFI	23	False	False
(filmRef)14352	True	BFI	24	False	False
(filmRef)14353	True	BFI	23	False	False
(filmRef)14354	True	BFI	22	False	False
(filmRef)14355	True	BFI	21	False	False
(filmRef)14356	True	BFI	21	False	False
(filmRef)14357	True	BFI	19	False	False
(filmRef)14358	True	BFI	19	False	False
(filmRef)14359	True	BFI	21	False	False
(filmRef)1436	False		599	True	False
(filmRef)14360	True	BFI	19	False	False
(filmRef)14361	True	BFI	19	False	False
(filmRef)14362	True	BFI	19	False	False
(filmRef)14363	True	BFI	23	False	False
(filmRef)14364	True	BFI	21	False	False
(filmRef)14365	True	BFI	20	False	False
(filmRef)14366	True	BFI	21	False	False
(filmRef)14367	True	BFI	21	False	False
(filmRef)14368	True	BFI	22	False	False
(filmRef)14369	False		26	False	False
(filmRef)1437	False		687	True	False
(filmRef)14370	False		20	False	False
(filmRef)14371	False		21	False	False
(filmRef)14372	False		0	False	False
(filmRef)14373	True	Radio Times	24	False	False
(filmRef)14374	True	Radio Times	17	False	False
(filmRef)14375	False		23	False	False
(filmRef)14376	False		91	False	False
(filmRef)14377	False		95	False	False
(filmRef)14378	False		32	False	False
(filmRef)14379	True	Radio Times	39	False	False
(filmRef)1438	False		144	True	False
(filmRef)14380	True	Radio Times	37	False	False
(filmRef)14381	False		28	False	False
(filmRef)14382	False		30	False	False
(filmRef)14383	False		28	False	False
(filmRef)14384	False		27	False	False
(filmRef)14385	False		10	False	False
(filmRef)14386	False		16	False	False
(filmRef)14387	False		29	False	False
(filmRef)14388	False		27	False	False
(filmRef)14389	False		27	False	False
(filmRef)1439	False		85	True	False
(filmRef)14390	False		28	False	False
(filmRef)14391	False		29	False	False
(filmRef)14392	False		30	False	False
(filmRef)14393	False		28	False	False
(filmRef)14394	False		26	False	False
(filmRef)14395	False		23	False	False
(filmRef)14396	False		17	False	False
(filmRef)14397	False		17	False	False
(filmRef)14398	False		17	False	False
(filmRef)14399	False		17	False	False
(filmRef)1440	False		74	True	False
(filmRef)14400	False		16	False	False
(filmRef)14401	False		17	False	False
(filmRef)14402	False		17	False	False
(filmRef)14403	False		17	False	False
(filmRef)14404	False		17	False	False
(filmRef)14405	False		17	False	False
(filmRef)14406	False		17	False	False
(filmRef)14407	False		17	False	False
(filmRef)14408	False		17	False	False
(filmRef)14409	False		17	False	False
(filmRef)1441	False		200	True	False
(filmRef)14410	False		17	False	False
(filmRef)14411	False		17	False	False
(filmRef)14412	False		17	False	False
(filmRef)14413	False		17	False	False
(filmRef)14414	False		17	False	False
(filmRef)14415	False		17	False	False
(filmRef)14416	False		17	False	False
(filmRef)14417	False		17	False	False
(filmRef)14418	False		17	False	False
(filmRef)14419	False		17	False	False
(filmRef)1442	False		168	True	False
(filmRef)14420	False		17	False	False
(filmRef)14421	True	BBC Alba	120	True	False
(filmRef)14422	True	BBC Alba	112	True	False
(filmRef)14423	True	BBC Alba	95	True	False
(filmRef)14424	True	BBC Alba	152	True	False
(filmRef)14425	True	BBC Alba	154	True	False
(filmRef)14426	True	BBC Alba	165	True	False
(filmRef)14427	False		36	False	False
(filmRef)14428	False		36	False	False
(filmRef)14429	False		36	False	False
(filmRef)1443	False		329	True	False
(filmRef)14430	False		41	False	False
(filmRef)14431	False		33	False	False
(filmRef)14432	False		33	False	False
(filmRef)14433	False		33	False	False
(filmRef)14434	False		35	False	False
(filmRef)14435	False		34	False	False
(filmRef)14436	False		36	False	False
(filmRef)14437	True	Radio Times	52	False	True
(filmRef)14438	True	Radio Times	51	False	True
(filmRef)14439	True	Radio Times	51	False	True
(filmRef)1444	False		177	True	False
(filmRef)14440	True	Radio Times	52	False	True
(filmRef)14441	True	Radio Times	52	False	True
(filmRef)14442	True	Radio Times	52	False	True
(filmRef)14443	True	Radio Times	52	False	True
(filmRef)14444	False		36	False	False
(filmRef)14445	False		34	False	False
(filmRef)14446	False		28	False	False
(filmRef)14447	False		28	False	False
(filmRef)14448	False		19	False	False
(filmRef)14449	False		39	False	False
(filmRef)1445	False		176	True	False
(filmRef)14450	False		31	False	False
(filmRef)14451	False		31	False	False
(filmRef)14452	False		31	False	False
(filmRef)14453	False		31	False	False
(filmRef)14454	False		19	False	False
(filmRef)14455	False		17	False	False
(filmRef)14456	False		33	False	False
(filmRef)14457	True	BBC Alba	69	False	True
(filmRef)14458	True	BBC Alba	69	False	True
(filmRef)14459	True	BBC Alba	14	False	False
(filmRef)1446	False		421	True	False
(filmRef)14460	True	BBC Alba	14	False	False
(filmRef)14461	True	BBC Alba	14	False	False
(filmRef)14462	True	BBC Alba	14	False	False
(filmRef)14463	True	BBC Alba	14	False	False
(filmRef)14464	True	BBC Alba	14	False	False
(filmRef)14465	True	BBC Alba	14	False	False
(filmRef)14466	True	BBC Alba	14	False	False
(filmRef)14467	True	BBC Alba	14	False	False
(filmRef)14468	True	BBC Alba	14	False	False
(filmRef)14469	True	BBC Alba	14	False	False
(filmRef)1447	False		56	True	False
(filmRef)14470	True	BBC Alba	17	False	False
(filmRef)14471	False		24	False	False
(filmRef)14472	False		24	False	False
(filmRef)14473	False		24	False	False
(filmRef)14474	False		24	False	False
(filmRef)14475	False		24	False	False
(filmRef)14476	False		24	False	False
(filmRef)14477	False		24	False	False
(filmRef)14478	False		24	False	False
(filmRef)14479	False		25	False	False
(filmRef)1448	False		309	True	False
(filmRef)14480	False		25	False	False
(filmRef)14481	False		24	False	False
(filmRef)14482	False		25	False	False
(filmRef)14483	False		22	False	False
(filmRef)14484	False		21	False	False
(filmRef)14485	False		23	False	False
(filmRef)14486	False		21	False	False
(filmRef)14487	False		21	False	False
(filmRef)14488	False		21	False	False
(filmRef)14489	False		21	False	False
(filmRef)1449	False		131	True	False
(filmRef)14490	False		21	False	False
(filmRef)14491	False		21	False	False
(filmRef)14492	False		22	False	False
(filmRef)14493	False		21	False	False
(filmRef)14494	False		23	False	False
(filmRef)14495	False		24	False	False
(filmRef)14497	False		31	False	False
(filmRef)14498	False		31	False	False
(filmRef)14499	True	BBC Alba	19	False	False
(filmRef)1450	False		414	True	False
(filmRef)14500	True	BBC Alba	19	False	False
(filmRef)14501	False		12	False	False
(filmRef)14502	False		14	False	False
(filmRef)14503	False		31	False	False
(filmRef)14504	False		31	False	False
(filmRef)14505	True	BBC Alba	25	False	False
(filmRef)14506	False		36	False	False
(filmRef)14507	True	BBC Alba	25	False	False
(filmRef)14508	False		36	False	False
(filmRef)14509	False		36	False	False
(filmRef)1451	False		270	True	False
(filmRef)14510	True	BBC Alba	25	False	False
(filmRef)14511	True	BBC Alba	25	False	False
(filmRef)14512	False		36	False	False
(filmRef)14513	False		17	False	False
(filmRef)14514	False		12	False	False
(filmRef)14515	False		11	False	False
(filmRef)14516	False		31	False	False
(filmRef)14517	False		31	False	False
(filmRef)14518	True	BBC Alba	27	False	False
(filmRef)14519	False		36	False	False
(filmRef)1452	False		147	True	False
(filmRef)14520	True	BBC Alba	25	False	False
(filmRef)14521	True	Radio Times	17	False	False
(filmRef)14522	True	Radio Times	17	False	False
(filmRef)14523	True	Radio Times	17	False	False
(filmRef)14524	True	Radio Times	17	False	False
(filmRef)14525	True	Radio Times	17	False	False
(filmRef)14526	True	BBC Alba	36	False	False
(filmRef)14527	True	BBC Alba	33	False	False
(filmRef)14528	True	BBC Alba	27	False	False
(filmRef)14529	True	BBC Alba	38	False	False
(filmRef)14530	True	BBC Alba	28	False	False
(filmRef)14531	True	BBC Alba	40	False	False
(filmRef)14532	True	BBC Alba	39	False	False
(filmRef)14533	True	BBC Alba	39	False	False
(filmRef)14534	False		23	False	False
(filmRef)14535	False		23	False	False
(filmRef)14536	False		22	False	False
(filmRef)14537	False		24	False	False
(filmRef)14538	False		23	False	False
(filmRef)14539	False		23	False	False
(filmRef)1454	False		300	True	False
(filmRef)14540	False		23	False	False
(filmRef)14541	False		23	False	False
(filmRef)14542	False		22	False	False
(filmRef)14543	False		23	False	False
(filmRef)14544	False		25	False	False
(filmRef)14545	False		23	False	False
(filmRef)14546	False		21	False	False
(filmRef)14547	True	BBC Alba	62	False	True
(filmRef)14548	True	BBC Alba	69	False	True
(filmRef)14549	True	BBC Alba	76	False	True
(filmRef)1455	False		254	True	False
(filmRef)14550	True	BBC Alba	66	False	True
(filmRef)14551	True	BBC Alba	24	False	False
(filmRef)14552	True	BBC Alba	24	False	False
(filmRef)14553	True	BBC Alba	25	False	False
(filmRef)14554	True	BBC Alba	26	False	False
(filmRef)14555	True	BBC Alba	29	False	False
(filmRef)14556	True	BBC Alba	30	False	False
(filmRef)14557	False		36	False	False
(filmRef)14558	True	BBC Alba	25	False	False
(filmRef)14559	True	Radio Times	40	False	False
(filmRef)1456	False		201	True	False
(filmRef)14560	True	Radio Times	35	False	False
(filmRef)14561	True	Radio Times	46	False	False
(filmRef)14562	True	Radio Times	43	False	False
(filmRef)14563	True	Radio Times	33	False	False
(filmRef)14564	True	Radio Times	51	False	True
(filmRef)14565	False		36	False	False
(filmRef)14566	False		28	False	False
(filmRef)14567	False		14	False	False
(filmRef)14568	True	BBC Alba	25	False	False
(filmRef)14569	False		36	False	False
(filmRef)1457	False		38	True	False
(filmRef)14570	True	BBC Alba	25	False	False
(filmRef)14571	True	BBC Alba	25	False	False
(filmRef)14572	True	Radio Times	63	False	True
(filmRef)14573	True	Radio Times	62	False	True
(filmRef)14574	True	Radio Times	70	False	True
(filmRef)14575	True	Radio Times	58	False	True
(filmRef)14576	True	Radio Times	53	False	True
(filmRef)14577	True	Radio Times	83	False	True
(filmRef)14578	True	Radio Times	82	False	True
(filmRef)14579	True	Radio Times	51	False	True
(filmRef)1458	False		125	True	False
(filmRef)14580	True	Radio Times	52	False	True
(filmRef)14581	True	Radio Times	62	False	True
(filmRef)14582	False		36	False	False
(filmRef)14583	True	Radio Times	48	False	False
(filmRef)14584	True	Radio Times	52	False	True
(filmRef)14585	True	Radio Times	57	False	True
(filmRef)14586	True	Radio Times	59	False	True
(filmRef)14587	True	Radio Times	75	False	True
(filmRef)14588	True	BBC Alba	25	False	False
(filmRef)14589	False		36	False	False
(filmRef)1459	False		168	True	False
(filmRef)14590	True	BBC Alba	25	False	False
(filmRef)14591	False		17	False	False
(filmRef)14592	False		36	False	False
(filmRef)14593	True	BBC Alba	25	False	False
(filmRef)14594	False		17	False	False
(filmRef)14595	True	BBC Alba	25	False	False
(filmRef)14596	False		31	False	False
(filmRef)14597	False		31	False	False
(filmRef)14598	False		31	False	False
(filmRef)14599	False		30	False	False
(filmRef)1460	False		115	True	False
(filmRef)14600	True	BBC Alba	22	False	False
(filmRef)14601	True	BBC Alba	19	False	False
(filmRef)14602	False		34	False	False
(filmRef)14603	True	BBC Alba	25	False	False
(filmRef)14604	True	Radio Times	39	False	False
(filmRef)14605	True	Radio Times	37	False	False
(filmRef)14606	True	BBC Alba	25	False	False
(filmRef)14607	False		36	False	False
(filmRef)14608	False		36	False	False
(filmRef)14609	True	BBC Alba	25	False	False
(filmRef)1461	False		49	True	False
(filmRef)14610	False		29	False	False
(filmRef)14611	True	BBC Alba	25	False	False
(filmRef)14612	True	BBC Alba	25	False	False
(filmRef)14613	False		36	False	False
(filmRef)14614	True	Radio times	52	False	True
(filmRef)14615	True	BBC Alba	25	False	False
(filmRef)14616	True	BBC Alba	25	False	False
(filmRef)14617	True	Radio times	57	False	True
(filmRef)14618	True	Radio times	51	False	True
(filmRef)14619	False		27	False	False
(filmRef)1462	False		77	True	False
(filmRef)14620	False		40	False	False
(filmRef)14621	False		27	False	False
(filmRef)14622	False		27	False	False
(filmRef)14623	True	BBC Alba	83	False	True
(filmRef)14624	False		30	False	False
(filmRef)14625	False		7	False	False
(filmRef)14626	True	Radio Times	41	False	False
(filmRef)14627	False		18	False	False
(filmRef)14628	False		17	False	False
(filmRef)14629	False		18	False	False
(filmRef)1463	False		46	True	False
(filmRef)14630	False		18	False	False
(filmRef)14631	False		18	False	False
(filmRef)14632	False		18	False	False
(filmRef)14633	False		19	False	False
(filmRef)14634	True	Radio times	57	False	True
(filmRef)14635	False		31	False	False
(filmRef)14636	False		33	False	False
(filmRef)14637	False		39	False	False
(filmRef)14638	False		12	False	False
(filmRef)14639	False		18	False	False
(filmRef)1464	False		63	True	False
(filmRef)14640	True	Radio times	51	False	True
(filmRef)14641	True	Radio times	49	False	False
(filmRef)14642	True	Radio Times	46	False	False
(filmRef)14643	False		26	False	False
(filmRef)14644	True	BBC Alba	111	False	True
(filmRef)14645	True	BBC Alba	149	True	False
(filmRef)14646	False		7	False	False
(filmRef)14647	False		7	False	False
(filmRef)14648	False		7	False	False
(filmRef)14649	False		7	False	False
(filmRef)1465	False		44	True	False
(filmRef)14650	False		7	False	False
(filmRef)14651	False		7	False	False
(filmRef)14652	False		7	False	False
(filmRef)14653	False		7	False	False
(filmRef)14654	False		7	False	False
(filmRef)14655	False		7	False	False
(filmRef)14656	False		7	False	False
(filmRef)14657	False		7	False	False
(filmRef)14658	False		34	False	False
(filmRef)14659	False		29	False	False
(filmRef)1466	False		141	True	False
(filmRef)14660	False		31	False	False
(filmRef)14661	False		31	False	False
(filmRef)14662	False		32	False	False
(filmRef)14663	False		30	False	False
(filmRef)14664	False		33	False	False
(filmRef)14665	False		32	False	False
(filmRef)14666	False		33	False	False
(filmRef)14667	False		31	False	False
(filmRef)14668	False		31	False	False
(filmRef)14669	False		31	False	False
(filmRef)1467	False		127	True	False
(filmRef)14670	False		22	False	False
(filmRef)14671	True	Radio Times	52	False	True
(filmRef)14672	True	Radio Times	56	False	True
(filmRef)14673	True	Radio Times	55	False	True
(filmRef)14674	True	Radio Times	56	False	True
(filmRef)14675	True	Radio Times	58	False	True
(filmRef)14676	True	Radio Times	47	False	False
(filmRef)14677	True	Radio Times	38	False	False
(filmRef)14678	False		24	False	False
(filmRef)14679	False		24	False	False
(filmRef)1468	False		64	True	False
(filmRef)14680	False		24	False	False
(filmRef)14681	False		24	False	False
(filmRef)14682	False		24	False	False
(filmRef)14683	False		25	False	False
(filmRef)14684	False		24	False	False
(filmRef)14685	False		25	False	False
(filmRef)14686	False		24	False	False
(filmRef)14687	False		24	False	False
(filmRef)14688	False		24	False	False
(filmRef)14689	False		24	False	False
(filmRef)1469	False		95	True	False
(filmRef)14690	False		23	False	False
(filmRef)14691	False		26	False	False
(filmRef)14692	False		27	False	False
(filmRef)14693	False		24	False	False
(filmRef)14694	False		23	False	False
(filmRef)14695	False		26	False	False
(filmRef)14696	False		25	False	False
(filmRef)14697	False		25	False	False
(filmRef)14698	False		25	False	False
(filmRef)14699	False		24	False	False
(filmRef)1470	False		138	True	False
(filmRef)14700	False		27	False	False
(filmRef)14701	False		26	False	False
(filmRef)14702	False		29	False	False
(filmRef)14703	True	Radio times	43	False	False
(filmRef)14704	True	Radio Times	41	False	False
(filmRef)14705	True	Radio Times	40	False	False
(filmRef)14706	True	Radio Times	40	False	False
(filmRef)14707	True	Radio Times	40	False	False
(filmRef)14708	True	Radio Times	40	False	False
(filmRef)14709	True	Radio Times	40	False	False
(filmRef)1471	False		66	True	False
(filmRef)14710	True	Radio Times	40	False	False
(filmRef)14711	True	Radio Times	41	False	False
(filmRef)14712	True	Radio Times	39	False	False
(filmRef)14713	True	Radio Times	40	False	False
(filmRef)14714	True	Radio Times	40	False	False
(filmRef)14715	True	Radio Times	40	False	False
(filmRef)14716	True	Radio Times	40	False	False
(filmRef)14717	False		90	True	False
(filmRef)14718	False		32	True	False
(filmRef)14719	True	BBC Alba	25	False	False
(filmRef)1472	False		90	True	False
(filmRef)14720	True	BBC Alba	24	False	False
(filmRef)14721	True	BBC Alba	24	False	False
(filmRef)14722	True	BBC Alba	24	False	False
(filmRef)14723	True	BBC Alba	25	False	False
(filmRef)14724	True	BBC Alba	25	False	False
(filmRef)14725	True	BBC Alba	29	False	False
(filmRef)14726	True	BBC Alba	26	False	False
(filmRef)14727	True	BBC Alba	28	False	False
(filmRef)14728	True	BBC Alba	25	False	False
(filmRef)14729	True	BBC Alba	25	False	False
(filmRef)14730	False		69	True	False
(filmRef)14731	True	BBC Alba	28	False	False
(filmRef)14732	True	Radio times	56	False	True
(filmRef)14733	True	BBC Alba	25	False	False
(filmRef)14734	True	Ros na Rùn website	28	False	False
(filmRef)14735	True	Ros na Rùn website	28	False	False
(filmRef)14736	True	Ros na Rùn website	28	False	False
(filmRef)14737	True	Ros na Rùn website	28	False	False
(filmRef)14738	True	Ros na Rùn website	28	False	False
(filmRef)14739	True	Ros na Rùn website	28	False	False
(filmRef)1474	False		194	True	False
(filmRef)14740	True	Radio times	48	False	False
(filmRef)14741	True	Radio times	49	False	False
(filmRef)14742	False		40	True	False
(filmRef)14743	True	Radio times	43	False	False
(filmRef)14744	False		42	False	False
(filmRef)14745	True	BBC Alba	25	False	False
(filmRef)14746	True	Radio times	50	False	True
(filmRef)14747	True	BBC Alba	52	False	True
(filmRef)14748	True	BBC Alba	25	False	False
(filmRef)14749	True	BBC Alba	25	False	False
(filmRef)1475	False		145	True	False
(filmRef)14750	True	BBC Alba	25	False	False
(filmRef)14751	True	Radio times	61	False	True
(filmRef)14752	True	Radio times	82	False	True
(filmRef)14753	True	Radio times	43	False	False
(filmRef)14754	True	BBC Alba	25	False	False
(filmRef)14755	True	Radio Times	22	False	False
(filmRef)14756	True	BBC Alba	21	False	False
(filmRef)14757	True	Radio Times	36	False	False
(filmRef)14758	True	BBC Alba	40	False	False
(filmRef)14759	True	BBC Alba	25	False	False
(filmRef)1476	False		152	True	False
(filmRef)14760	True	BBC Alba	27	False	False
(filmRef)14761	True	Radio Times online	11	False	False
(filmRef)14762	True	Radio times	54	False	True
(filmRef)14763	False		19	False	False
(filmRef)14764	False		25	False	False
(filmRef)14765	False		19	False	False
(filmRef)14766	True	BBC Alba	25	False	False
(filmRef)14767	True	Radio times	51	False	True
(filmRef)14768	True	BBC Alba	25	False	False
(filmRef)14769	True	Radio times	55	False	True
(filmRef)1477	False		225	True	False
(filmRef)14770	True	BBC Alba	25	False	False
(filmRef)14771	False		27	False	False
(filmRef)14772	False		27	False	False
(filmRef)14773	False		28	False	False
(filmRef)14774	False		27	False	False
(filmRef)14775	False		29	False	False
(filmRef)14776	False		26	False	False
(filmRef)14777	False		29	False	False
(filmRef)14778	False		28	False	False
(filmRef)14779	False		28	False	False
(filmRef)1478	False		123	True	False
(filmRef)14780	False		27	False	False
(filmRef)14781	False		28	False	False
(filmRef)14782	False		26	False	False
(filmRef)14783	False		28	False	False
(filmRef)14784	False		20	False	False
(filmRef)14785	False		22	False	False
(filmRef)14786	False		26	False	False
(filmRef)14787	False		23	False	False
(filmRef)14788	False		23	False	False
(filmRef)14789	False		23	False	False
(filmRef)1479	False		66	True	False
(filmRef)14790	False		24	False	False
(filmRef)14791	False		23	False	False
(filmRef)14792	False		20	False	False
(filmRef)14793	False		24	False	False
(filmRef)14794	False		23	False	False
(filmRef)14795	False		22	False	False
(filmRef)14796	False		23	False	False
(filmRef)14797	True	Wikipedia	29	False	False
(filmRef)14798	True	Wikipedia	29	False	False
(filmRef)14799	True	Wikipedia	29	False	False
(filmRef)1480	False		510	True	False
(filmRef)14800	True	Wikipedia	29	False	False
(filmRef)14801	True	Wikipedia	29	False	False
(filmRef)14802	True	Wikipedia	29	False	False
(filmRef)14803	False		42	False	False
(filmRef)14804	False		41	False	False
(filmRef)14805	False		42	False	False
(filmRef)14806	True	Radio times	55	False	True
(filmRef)14807	True	Radio times	53	False	True
(filmRef)14808	True	BBC Alba	25	False	False
(filmRef)14809	False		22	False	False
(filmRef)1481	False		496	True	False
(filmRef)14810	True	Radio times	55	False	True
(filmRef)14811	True	BBC Alba	25	False	False
(filmRef)14812	True	Radio times	40	False	False
(filmRef)14813	False		22	False	False
(filmRef)14814	True	Radio Times	141	False	True
(filmRef)14815	True	Radio Times	58	False	True
(filmRef)14816	True	BBC Alba	25	False	False
(filmRef)14817	False		343	True	False
(filmRef)14818	True	Radio times	52	False	True
(filmRef)14819	True	BBC Alba	25	False	False
(filmRef)1482	False		143	True	False
(filmRef)14820	True	Radio times	51	False	True
(filmRef)14821	True	BBC Alba	25	False	False
(filmRef)14822	False		17	False	False
(filmRef)14823	False		17	False	False
(filmRef)14824	False		17	False	False
(filmRef)14825	False		17	False	False
(filmRef)14826	False		17	False	False
(filmRef)14827	False		17	False	False
(filmRef)14828	False		19	False	False
(filmRef)14829	False		10	False	False
(filmRef)1483	False		330	True	False
(filmRef)14830	False		21	False	False
(filmRef)14831	False		29	False	False
(filmRef)14832	False		12	False	False
(filmRef)14833	False		28	False	False
(filmRef)14834	False		19	False	False
(filmRef)14835	False		13	False	False
(filmRef)14836	True	Radio Times	23	False	False
(filmRef)14837	False		18	False	False
(filmRef)14838	False		9	False	False
(filmRef)14839	False		31	False	False
(filmRef)1484	False		782	True	False
(filmRef)14840	True	BBC Alba	25	False	False
(filmRef)14841	True	Radio times	53	False	True
(filmRef)14842	False		10	False	False
(filmRef)14843	False		20	False	False
(filmRef)14844	False		19	False	False
(filmRef)14845	False		19	False	False
(filmRef)14846	True	BBC Alba	180	True	False
(filmRef)14847	True	BBC Alba	26	False	False
(filmRef)14848	True	Radio times	53	False	True
(filmRef)14849	True	Radio times	56	False	True
(filmRef)1485	False		312	True	False
(filmRef)14850	True	Radio times	49	False	False
(filmRef)14851	True	Radio times	49	False	False
(filmRef)14852	True	BBC Alba	23	False	False
(filmRef)14853	True	BBC Alba	23	False	False
(filmRef)14854	False		15	False	False
(filmRef)14855	False		8	False	False
(filmRef)14856	False		8	False	False
(filmRef)14857	False		8	False	False
(filmRef)14858	False		8	False	False
(filmRef)14859	False		8	False	False
(filmRef)1486	False		218	True	False
(filmRef)14860	False		8	False	False
(filmRef)14861	False		14	False	False
(filmRef)14862	False		21	False	False
(filmRef)14863	False		31	False	False
(filmRef)14864	False		20	False	False
(filmRef)14865	False		16	False	False
(filmRef)14866	False		16	False	False
(filmRef)14867	False		13	False	False
(filmRef)14868	False		19	False	False
(filmRef)14869	False		16	False	False
(filmRef)1487	False		356	True	False
(filmRef)14870	False		12	False	False
(filmRef)14872	False		14	False	False
(filmRef)14873	False		11	False	False
(filmRef)14874	False		16	False	False
(filmRef)14875	False		18	False	False
(filmRef)14876	False		18	False	False
(filmRef)14877	False		15	False	False
(filmRef)14878	False		12	False	False
(filmRef)14879	False		27	False	False
(filmRef)1488	False		283	True	False
(filmRef)14880	False		24	False	False
(filmRef)14881	False		24	False	False
(filmRef)14882	False		24	False	False
(filmRef)14883	False		24	False	False
(filmRef)14884	False		24	False	False
(filmRef)14885	False		24	False	False
(filmRef)14886	False		24	False	False
(filmRef)14887	False		24	False	False
(filmRef)14888	True	BBC Alba	33	False	False
(filmRef)14889	True	BBC Alba	33	False	False
(filmRef)1489	False		76	True	False
(filmRef)14890	True	BBC Alba	33	False	False
(filmRef)14891	True	BBC Alba	33	False	False
(filmRef)14892	True	BBC Alba	36	False	False
(filmRef)14893	True	BBC Alba	34	False	False
(filmRef)14894	False		16	False	False
(filmRef)14895	False		18	False	False
(filmRef)14896	False		14	False	False
(filmRef)14897	False		27	False	False
(filmRef)14898	True	BBC Alba	21	False	False
(filmRef)14899	True	BBC Alba	21	False	False
(filmRef)1490	False		277	True	False
(filmRef)14900	True	BBC Alba	21	False	False
(filmRef)14901	True	BBC Alba	21	False	False
(filmRef)14902	True	BBC Alba	21	False	False
(filmRef)14903	True	BBC Alba	21	False	False
(filmRef)14904	True	BBC Alba	25	False	False
(filmRef)14905	False		69	False	False
(filmRef)14906	False		68	False	False
(filmRef)14907	False		59	False	False
(filmRef)14908	True	BBC Alba	25	False	False
(filmRef)14909	False		8	False	False
(filmRef)1491	False		285	True	False
(filmRef)14910	False		9	False	False
(filmRef)14911	False		9	False	False
(filmRef)14912	False		9	False	False
(filmRef)14913	False		9	False	False
(filmRef)14914	False		9	False	False
(filmRef)14915	False		9	False	False
(filmRef)14916	True	BBC Alba	25	False	False
(filmRef)14917	False		20	False	False
(filmRef)14918	False		19	False	False
(filmRef)14919	True	BBC Alba	46	False	False
(filmRef)1492	False		91	True	False
(filmRef)14920	False		10	False	False
(filmRef)14921	False		10	False	False
(filmRef)14922	False		7	False	False
(filmRef)14923	False		7	False	False
(filmRef)14924	False		7	False	False
(filmRef)14925	False		7	False	False
(filmRef)14926	False		7	False	False
(filmRef)14927	False		7	False	False
(filmRef)14929	False		7	False	False
(filmRef)1493	False		384	True	False
(filmRef)14930	True	BBC Alba	55	False	True
(filmRef)14931	True	BBC Alba	37	False	False
(filmRef)14932	False		29	False	False
(filmRef)14933	True	Radio Times	18	False	False
(filmRef)14934	False		1	False	False
(filmRef)14935	True	BBC Alba	25	False	False
(filmRef)14936	True	BBC Alba	25	False	False
(filmRef)14937	True	BBC Alba	25	False	False
(filmRef)14938	True	Radio times	48	False	False
(filmRef)14939	True	Radio times	54	False	True
(filmRef)1494	False		869	True	False
(filmRef)14940	True	BBC Alba	25	False	False
(filmRef)14941	True	BBC Alba	25	False	False
(filmRef)14942	False		8	False	False
(filmRef)14943	True	Radio times	40	False	False
(filmRef)14944	True	BBC Alba	25	False	False
(filmRef)14945	True	BBC Alba	25	False	False
(filmRef)14946	True	Radio Times	58	False	True
(filmRef)14947	True	Radio Times	44	False	False
(filmRef)14948	True	Radio Times	45	False	False
(filmRef)14949	True	Radio Times	44	False	False
(filmRef)1495	False		410	True	False
(filmRef)14950	True	Radio Times	44	False	False
(filmRef)14951	True	Radio Times	44	False	False
(filmRef)14952	True	Radio Times	44	False	False
(filmRef)14953	True	Radio Times	44	False	False
(filmRef)14954	True	Radio Times	45	False	False
(filmRef)14955	True	Radio Times	44	False	False
(filmRef)14956	True	Radio Times	44	False	False
(filmRef)14957	True	Radio Times	44	False	False
(filmRef)14958	True	Radio Times	44	False	False
(filmRef)14959	True	Radio Times	44	False	False
(filmRef)1496	False		273	True	False
(filmRef)14960	True	Radio Times	44	False	False
(filmRef)14961	True	Radio Times	44	False	False
(filmRef)14962	True	Radio Times	44	False	False
(filmRef)14963	True	Radio Times	44	False	False
(filmRef)14964	True	Radio Times	44	False	False
(filmRef)14965	True	Radio Times	44	False	False
(filmRef)14966	True	Radio Times	44	False	False
(filmRef)14967	True	Radio Times	44	False	False
(filmRef)14968	True	Radio Times	44	False	False
(filmRef)14969	True	Radio Times	44	False	False
(filmRef)1497	False		1122	True	False
(filmRef)14970	True	Radio Times	44	False	False
(filmRef)14971	True	Radio Times	44	False	False
(filmRef)14972	True	BBC Alba	25	False	False
(filmRef)14973	True	BBC Alba	25	False	False
(filmRef)14974	False		8	False	False
(filmRef)14975	True	BBC Alba	31	False	False
(filmRef)14976	True	BBC Alba	26	False	False
(filmRef)14977	True	BBC Alba	27	False	False
(filmRef)14978	True	BBC Alba	28	False	False
(filmRef)14979	True	BBC Alba	30	False	False
(filmRef)1498	False		109	True	False
(filmRef)14980	True	BBC Alba	26	False	False
(filmRef)14981	False		27	False	False
(filmRef)14982	False		26	False	False
(filmRef)14983	True	Radio Times	27	False	False
(filmRef)14984	False		26	True	False
(filmRef)14985	False		15	False	False
(filmRef)14986	False		40	False	False
(filmRef)14987	True	BBC Alba	148	True	False
(filmRef)14988	True	BBC Alba	148	True	False
(filmRef)14989	True	Radio Times	27	False	False
(filmRef)1499	False		65	True	False
(filmRef)14990	True	Radio Times	27	False	False
(filmRef)14991	True	Radio Times	27	False	False
(filmRef)14992	True	Radio Times	27	False	False
(filmRef)14993	True	Radio Times	27	False	False
(filmRef)14994	True	Radio Times	27	False	False
(filmRef)14995	True	BBC Alba	25	False	False
(filmRef)14996	True	Radio times	44	False	False
(filmRef)14997	True	BBC Alba	25	False	False
(filmRef)14998	True	Radio times	60	False	True
(filmRef)14999	True	Radio times	56	False	True
(filmRef)1500	False		61	True	False
(filmRef)15000	True	BBC Alba	25	False	False
(filmRef)15001	True	Radio times	65	False	True
(filmRef)15002	True	BBC Alba	25	False	False
(filmRef)15003	True	BBC Alba	68	False	True
(filmRef)15004	True	Zeppelin Filmes, https://sparkle-zeppelin.com/a-suspeita/ last accessed 4/1/2024	39	False	False
(filmRef)15005	True	BBC Alba	25	False	False
(filmRef)15006	True	Radio times	43	False	False
(filmRef)15007	True	BBC Alba	111	True	False
(filmRef)15008	True	Radio times	55	False	True
(filmRef)15009	True	BBC Alba	25	False	False
(filmRef)1501	False		303	True	False
(filmRef)15010	True	BBC Alba	49	False	False
(filmRef)15011	True	BBC Alba	43	False	False
(filmRef)15012	True	BBC Alba	25	False	False
(filmRef)15013	True	BBC Alba	147	True	False
(filmRef)15014	True	BBC Alba	30	False	False
(filmRef)15015	True	BBC Alba	27	False	False
(filmRef)15016	True	Radio times	62	False	True
(filmRef)15017	True	BBC Alba	25	False	False
(filmRef)15018	True	BBC Alba	25	False	False
(filmRef)15019	True	BBC Alba	40	False	False
(filmRef)1502	False		96	True	False
(filmRef)15020	True	BBC Alba	65	False	True
(filmRef)15021	True	BBC Alba	74	False	True
(filmRef)15022	False		17	False	False
(filmRef)15023	True	Radio Times	49	False	False
(filmRef)15024	True	Radio Times	32	False	False
(filmRef)15025	True	Radio Times	49	False	False
(filmRef)15026	True	Radio Times	47	False	False
(filmRef)15027	True	Radio Times	52	False	True
(filmRef)15028	True	Radio Times	46	False	False
(filmRef)15029	True	Radio Times	38	False	False
(filmRef)1503	False		274	True	False
(filmRef)15030	True	Radio Times	38	False	False
(filmRef)15031	True	Radio times	64	False	True
(filmRef)15032	True	Radio times	59	False	True
(filmRef)15033	True	BBC Alba	25	False	False
(filmRef)15034	True	Radio Times	62	False	True
(filmRef)15035	True	Radio Times	56	False	True
(filmRef)15036	True	Radio Times	48	False	False
(filmRef)15037	True	Radio Times	51	False	True
(filmRef)15038	True	Radio Times	57	False	True
(filmRef)15039	True	Radio Times	62	False	True
(filmRef)1504	False		275	True	False
(filmRef)15040	True	BBC Alba	25	False	False
(filmRef)15041	False		19	False	False
(filmRef)15042	False		12	False	False
(filmRef)15043	False		12	False	False
(filmRef)15044	False		13	False	False
(filmRef)15045	True	Radio Times	26	False	False
(filmRef)15046	True	Radio times	40	False	False
(filmRef)15047	True	BBC Alba	25	False	False
(filmRef)15048	True	BBC Alba	38	True	False
(filmRef)15049	True	BBC Alba	41	True	False
(filmRef)1505	False		237	True	False
(filmRef)15050	False		21	False	False
(filmRef)15051	True	BBC Alba	34	False	False
(filmRef)15052	True	Radio times	60	False	True
(filmRef)15053	True	Radio times	62	False	True
(filmRef)15054	True	Radio times	43	False	False
(filmRef)15055	True	Radio times	56	False	True
(filmRef)15056	False		21	False	False
(filmRef)15057	True	Radio Times	24	False	False
(filmRef)15058	False		14	False	False
(filmRef)1506	False		89	True	False
(filmRef)15060	True	Radio times	40	False	False
(filmRef)15061	True	Radio times	40	False	False
(filmRef)15062	True	Radio Times	33	False	False
(filmRef)15063	False		12	False	False
(filmRef)15064	True	Radio Times	35	False	False
(filmRef)15065	True	BBC Alba	26	False	False
(filmRef)15066	True	BBC Alba	26	False	False
(filmRef)15067	True	BBC Alba	26	False	False
(filmRef)15068	True	BBC Alba	53	False	True
(filmRef)15069	True	BBC Alba	56	False	True
(filmRef)1507	False		115	True	False
(filmRef)15070	True	BBC Alba	56	False	True
(filmRef)15071	True	BBC Alba	26	False	False
(filmRef)15072	True	BBC Alba	26	False	False
(filmRef)15073	True	BBC Alba	35	False	False
(filmRef)15074	True	BBC Alba	34	False	False
(filmRef)15075	True	BBC Alba	34	False	False
(filmRef)15076	True	BBC Alba	35	False	False
(filmRef)15077	True	BBC Alba	35	False	False
(filmRef)15078	True	BBC Alba	37	False	False
(filmRef)15079	True	BBC Alba	26	False	False
(filmRef)1508	False		156	True	False
(filmRef)15080	True	BBC Alba	26	False	False
(filmRef)15081	True	Radio Times	30	False	False
(filmRef)15082	True	Radio Times	26	False	False
(filmRef)15083	False		13	False	False
(filmRef)15084	False		12	False	False
(filmRef)15085	False		16	False	False
(filmRef)15086	True	BBC Alba	32	False	False
(filmRef)15087	True	BBC Alba	29	False	False
(filmRef)15088	True	BBC Alba	60	False	True
(filmRef)15089	True	BBC Alba	49	False	False
(filmRef)1509	False		622	True	False
(filmRef)15090	True	BBC Alba	31	False	False
(filmRef)15091	True	BBC Alba	29	False	False
(filmRef)15092	True	BBC Alba	135	True	False
(filmRef)15093	True	Radio times	58	False	True
(filmRef)15094	True	BBC Alba	208	True	False
(filmRef)15095	False		20	False	False
(filmRef)15096	True	Radio Times	20	False	False
(filmRef)15097	True	Radio Times	21	False	False
(filmRef)15098	True	Radio Times	17	False	False
(filmRef)15099	True	Radio Times	17	False	False
(filmRef)1510	False		63	True	False
(filmRef)15100	True	Radio Times	21	False	False
(filmRef)15101	True	Radio Times	18	False	False
(filmRef)15102	True	BBC Alba	84	False	True
(filmRef)15103	True	BBC Alba	81	False	True
(filmRef)15104	True	BBC Alba	171	True	False
(filmRef)15105	True	BBC Alba	100	False	True
(filmRef)15106	True	BBC Alba	93	False	True
(filmRef)15107	True	BBC Alba	87	False	True
(filmRef)15108	True	Radio times	55	False	True
(filmRef)15109	True	Radio times	54	False	True
(filmRef)1511	False		369	True	False
(filmRef)15110	True	Radio times	56	False	True
(filmRef)15111	True	Radio times	56	False	True
(filmRef)15112	True	Radio times	43	False	False
(filmRef)15113	True	Radio times	60	False	True
(filmRef)15114	True	Radio Times	34	False	False
(filmRef)15115	True	Radio Times	35	False	False
(filmRef)15116	True	Radio Times	34	False	False
(filmRef)15117	True	Radio Times	38	False	False
(filmRef)15118	True	Radio Times	38	False	False
(filmRef)15119	True	Radio Times	37	False	False
(filmRef)1512	False		160	True	False
(filmRef)15120	False		46	False	False
(filmRef)15121	True	BBC Alba	46	False	False
(filmRef)15122	True	BBC Alba	58	False	True
(filmRef)15123	True	BBC Alba	51	False	True
(filmRef)15124	True	BBC Alba	59	False	True
(filmRef)15125	True	BBC Alba	58	False	True
(filmRef)15126	True	BBC Alba	61	False	True
(filmRef)15127	True	BBC Alba	55	False	True
(filmRef)15128	True	BBC Alba	66	False	True
(filmRef)15129	True	BBC Alba	59	False	True
(filmRef)1513	False		168	True	False
(filmRef)15130	True	Radio times	59	False	True
(filmRef)15131	True	Radio times	62	False	True
(filmRef)15132	True	Radio times	55	False	True
(filmRef)15133	True	Radio times	62	False	True
(filmRef)15134	True	BBC Alba	132	True	False
(filmRef)15135	False		8	False	False
(filmRef)15136	False		9	False	False
(filmRef)15137	False		9	False	False
(filmRef)15138	False		9	False	False
(filmRef)15139	False		9	False	False
(filmRef)1514	False		106	True	False
(filmRef)15140	False		9	False	False
(filmRef)15141	False		9	False	False
(filmRef)15142	False		9	False	False
(filmRef)15143	False		9	False	False
(filmRef)15144	False		9	False	False
(filmRef)15145	False		9	False	False
(filmRef)15146	False		9	False	False
(filmRef)15147	False		9	False	False
(filmRef)15148	False		9	False	False
(filmRef)15149	False		9	False	False
(filmRef)1515	False		149	True	False
(filmRef)15150	False		9	False	False
(filmRef)15151	False		9	False	False
(filmRef)15152	False		9	False	False
(filmRef)15153	True	BBC Alba	167	True	False
(filmRef)15154	True	BBC Alba	158	True	False
(filmRef)15155	True	Radio times	52	False	True
(filmRef)15156	True	Radio Times	57	False	True
(filmRef)15157	False		30	False	False
(filmRef)15158	False		30	False	False
(filmRef)15159	False		30	False	False
(filmRef)1516	False		205	True	False
(filmRef)15160	False		30	False	False
(filmRef)15162	True	BBC Alba	89	False	True
(filmRef)15163	True	Radio times	66	False	True
(filmRef)15164	True	Radio times	70	False	True
(filmRef)15165	True	Radio Times	20	False	False
(filmRef)15166	True	Radio Times	20	False	False
(filmRef)15167	True	Radio Times	20	False	False
(filmRef)15168	True	Radio Times	20	False	False
(filmRef)15169	True	Radio Times	20	False	False
(filmRef)1517	False		407	True	False
(filmRef)15170	True	Radio Times	20	False	False
(filmRef)15171	True	BBC Alba	36	False	False
(filmRef)15172	True	BBC Alba	53	False	True
(filmRef)15173	True	BBC Alba	53	False	True
(filmRef)15174	True	BBC Alba	57	False	True
(filmRef)15175	True	BBC Alba	64	False	True
(filmRef)15176	True	BBC Alba	62	False	True
(filmRef)15177	True	Radio times	61	False	True
(filmRef)15178	False		21	False	False
(filmRef)15179	False		35	False	False
(filmRef)1518	False		201	True	False
(filmRef)15180	False		40	False	False
(filmRef)15181	False		34	False	False
(filmRef)15182	False		28	False	False
(filmRef)15183	True	Radio Times	40	False	False
(filmRef)15184	False		19	False	False
(filmRef)15185	False		7	False	False
(filmRef)15186	False		8	False	False
(filmRef)15187	False		10	False	False
(filmRef)15188	False		7	False	False
(filmRef)15189	False		4	False	False
(filmRef)1519	False		319	True	False
(filmRef)15190	False		4	False	False
(filmRef)15191	False		8	False	False
(filmRef)15192	False		6	False	False
(filmRef)15193	False		16	False	False
(filmRef)15194	False		13	False	False
(filmRef)15195	True	BBC Alba	30	False	False
(filmRef)15196	True	BBC Alba	28	False	False
(filmRef)15197	True	BBC Alba	21	False	False
(filmRef)15198	True	BBC Alba	17	False	False
(filmRef)15199	False		9	False	False
(filmRef)1520	False		348	True	False
(filmRef)15200	False		18	False	False
(filmRef)15201	True	BBC Alba	25	False	False
(filmRef)15202	True	BBC Alba	25	False	False
(filmRef)15203	True	BBC Alba	25	False	False
(filmRef)15204	True	BBC Alba	25	False	False
(filmRef)15205	True	BBC Alba	28	False	False
(filmRef)15206	True	BBC Alba	25	False	False
(filmRef)15207	True	BBC Alba	25	False	False
(filmRef)15208	True	BBC Alba	25	False	False
(filmRef)15209	True	BBC Alba	25	False	False
(filmRef)1521	False		335	True	False
(filmRef)15210	True	BBC Alba	25	False	False
(filmRef)15211	True	Radio times	59	False	True
(filmRef)15212	True	Radio times	59	False	True
(filmRef)15213	True	BBC Alba	25	False	False
(filmRef)15214	True	BBC Alba	25	False	False
(filmRef)15215	True	BBC Alba	25	False	False
(filmRef)15216	True	BBC Alba	26	False	False
(filmRef)15217	True	BBC Alba	25	False	False
(filmRef)15218	True	BBC Alba	28	False	False
(filmRef)15219	True	BBC Alba	25	False	False
(filmRef)1522	False		338	True	False
(filmRef)15220	True	BBC Alba	25	False	False
(filmRef)15221	True	BBC Alba	25	False	False
(filmRef)15222	True	BBC Alba	25	False	False
(filmRef)15223	True	Radio times	55	False	True
(filmRef)15224	True	Radio Times	40	False	False
(filmRef)15226	False		24	False	False
(filmRef)15227	False		12	False	False
(filmRef)15228	False		28	False	False
(filmRef)15229	True	BBC Alba	227	True	False
(filmRef)1523	False		270	True	False
(filmRef)15230	False		16	False	False
(filmRef)15231	True	Radio Times	38	False	False
(filmRef)15232	True	Radio times	46	False	False
(filmRef)15233	True	Radio times	66	False	True
(filmRef)15234	True	BBC Alba	25	False	False
(filmRef)15235	True	BBC Alba	25	False	False
(filmRef)15236	True	BBC Alba	22	False	False
(filmRef)15237	True	BBC Alba	27	False	False
(filmRef)15238	True	BBC Alba	25	False	False
(filmRef)15239	True	BBC Alba	22	False	False
(filmRef)1524	False		335	True	False
(filmRef)15240	True	Radio Times	32	False	False
(filmRef)15241	True	Radio Times	25	False	False
(filmRef)15242	True	Radio Times	29	False	False
(filmRef)15243	True	Radio Times	19	False	False
(filmRef)15244	True	Radio Times	19	False	False
(filmRef)15245	True	Radio Times	19	False	False
(filmRef)15246	True	Radio Times	19	False	False
(filmRef)15247	True	Radio Times	28	False	False
(filmRef)15248	True	Radio Times	28	False	False
(filmRef)15249	True	Radio Times	19	False	False
(filmRef)1525	False		284	True	False
(filmRef)15250	True	Radio Times	14	False	False
(filmRef)15251	True	Radio times	55	False	True
(filmRef)15252	True	Radio times	60	False	True
(filmRef)15253	True	BBC Alba	71	False	True
(filmRef)15254	True	BBC Alba	198	True	False
(filmRef)15255	True	BBC Alba	201	True	False
(filmRef)15256	True	BBC Alba	185	True	False
(filmRef)15257	True	BBC Alba	241	True	False
(filmRef)15258	True	BBC Alba	219	True	False
(filmRef)15259	True	Radio times	51	False	True
(filmRef)1526	False		224	True	False
(filmRef)15260	True	Radio times	51	False	True
(filmRef)15261	True	BBC Alba	40	False	False
(filmRef)15262	True	BBC Alba	32	False	False
(filmRef)15263	True	BBC Alba	43	False	False
(filmRef)15264	True	BBC Alba	43	False	False
(filmRef)15265	True	Radio Times	34	False	False
(filmRef)15266	True	Radio Times	33	False	False
(filmRef)15267	True	Radio Times	25	False	False
(filmRef)15268	True	Radio Times	34	False	False
(filmRef)15269	True	Radio Times	24	False	False
(filmRef)1527	False		275	True	False
(filmRef)15270	True	Radio Times	40	False	False
(filmRef)15271	True	BBC Alba	25	False	False
(filmRef)15272	True	BBC Alba	25	False	False
(filmRef)15273	True	BBC Alba	25	False	False
(filmRef)15274	True	BBC Alba	25	False	False
(filmRef)15275	True	BBC Alba	25	False	False
(filmRef)15276	True	BBC Alba	25	False	False
(filmRef)15277	True	BBC Alba	25	False	False
(filmRef)15278	True	BBC Alba	25	False	False
(filmRef)15279	True	BBC Alba	25	False	False
(filmRef)1528	False		375	True	False
(filmRef)15280	False		89	False	False
(filmRef)15281	False		8	False	False
(filmRef)15282	False		8	False	False
(filmRef)15283	False		8	False	False
(filmRef)15284	False		8	False	False
(filmRef)15285	True	BBC Alba	25	False	False
(filmRef)15286	True	BBC Alba	25	False	False
(filmRef)15287	True	BBC Alba	25	False	False
(filmRef)15288	True	BBC Alba	25	False	False
(filmRef)15289	True	BBC Alba	25	False	False
(filmRef)1529	False		231	True	False
(filmRef)15290	False		8	False	False
(filmRef)15291	False		8	False	False
(filmRef)15292	False		8	False	False
(filmRef)15293	False		8	False	False
(filmRef)15294	False		8	False	False
(filmRef)15295	False		8	False	False
(filmRef)15296	False		9	False	False
(filmRef)15297	False		8	False	False
(filmRef)15298	False		8	False	False
(filmRef)15299	False		8	False	False
(filmRef)1530	False		101	True	False
(filmRef)15300	False		8	False	False
(filmRef)15301	False		8	False	False
(filmRef)15302	False		8	False	False
(filmRef)15303	False		8	False	False
(filmRef)15304	True	BBC Alba	64	False	True
(filmRef)15305	True	BBC Alba	201	True	False
(filmRef)15306	False		14	False	False
(filmRef)15307	False		18	False	False
(filmRef)15308	True	Radio Times	38	False	False
(filmRef)15309	False		292	True	False
(filmRef)1531	False		284	True	False
(filmRef)15310	True	BBC Alba	30	False	False
(filmRef)15311	True	BBC Alba	30	False	False
(filmRef)15312	True	Radio times	62	False	True
(filmRef)15313	True	Radio times	65	False	True
(filmRef)15314	True	Radio times	65	False	True
(filmRef)15315	True	Radio times	67	False	True
(filmRef)15316	True	BBC Alba	30	False	False
(filmRef)15317	False		31	False	False
(filmRef)15318	True	Radio times	61	False	True
(filmRef)15319	True	Radio times	48	False	False
(filmRef)1532	False		228	True	False
(filmRef)15320	True	Radio times	47	False	False
(filmRef)15321	False		35	False	False
(filmRef)15322	False		25	False	False
(filmRef)15323	False		31	False	False
(filmRef)15324	False		36	False	False
(filmRef)15325	False		36	False	False
(filmRef)15326	False		26	False	False
(filmRef)15327	False		21	False	False
(filmRef)15328	False		12	False	False
(filmRef)15329	True	BBC Alba	30	False	False
(filmRef)1533	False		101	True	False
(filmRef)15330	True	Radio times	63	False	True
(filmRef)15331	False		7	False	False
(filmRef)15332	True	Radio Times	31	False	False
(filmRef)15333	True	Radio Times	37	False	False
(filmRef)15334	True	Radio Times	46	False	False
(filmRef)15335	True	Radio Times	56	False	True
(filmRef)15336	True	Radio Times	54	False	True
(filmRef)15337	True	Radio Times	48	False	False
(filmRef)15338	True	Radio times	73	False	True
(filmRef)15339	True	BBC Alba	30	False	False
(filmRef)1534	False		66	True	False
(filmRef)15340	True	BBC Alba	30	False	False
(filmRef)15341	True	Radio Times	51	False	True
(filmRef)15342	True	Radio Times	38	False	False
(filmRef)15343	True	BBC Alba	34	False	False
(filmRef)15344	True	BBC Alba	32	False	False
(filmRef)15345	True	Radio times	52	False	True
(filmRef)15346	True	Radio times	43	False	False
(filmRef)15347	True	BBC Alba	129	False	True
(filmRef)15348	True	Radio times	73	False	True
(filmRef)15349	True	Radio times	66	False	True
(filmRef)1535	False		427	True	False
(filmRef)15350	False		17	False	False
(filmRef)15351	False		18	False	False
(filmRef)15352	False		18	False	False
(filmRef)15353	True	Radio times	60	False	True
(filmRef)15354	True	Radio Times	27	False	False
(filmRef)15355	True	Radio Times	59	False	True
(filmRef)15356	True	Radio Times	42	False	False
(filmRef)15357	True	Radio Times	56	False	True
(filmRef)15358	True	Radio Times	32	False	False
(filmRef)15359	True	Radio Times	56	False	True
(filmRef)1536	False		122	True	False
(filmRef)15360	True	BBC Alba	31	False	False
(filmRef)15361	True	BBC Alba	31	False	False
(filmRef)15362	True	BBC Alba	38	False	False
(filmRef)15363	True	BBC Alba	51	False	True
(filmRef)15364	True	BBC Alba	50	False	True
(filmRef)15365	True	BBC Alba	67	False	True
(filmRef)15366	True	BBC Alba	167	True	False
(filmRef)15367	True	Radio times	59	False	True
(filmRef)15368	True	Radio Times	21	False	False
(filmRef)15369	True	Radio Times	29	False	False
(filmRef)1537	False		96	True	False
(filmRef)15370	False		13	False	False
(filmRef)15371	False		13	False	False
(filmRef)15372	True	Radio Times	27	False	False
(filmRef)15373	False		13	False	False
(filmRef)15374	False		15	False	False
(filmRef)15375	False		14	False	False
(filmRef)15376	False		29	False	False
(filmRef)15377	False		27	False	False
(filmRef)15378	False		24	False	False
(filmRef)15379	False		10	False	False
(filmRef)1538	False		412	True	False
(filmRef)15380	False		15	False	False
(filmRef)15381	False		15	False	False
(filmRef)15382	False		19	False	False
(filmRef)15383	False		14	False	False
(filmRef)15384	False		18	False	False
(filmRef)15385	False		17	False	False
(filmRef)15386	False		19	False	False
(filmRef)15387	False		17	False	False
(filmRef)15388	False		17	False	False
(filmRef)15389	False		15	False	False
(filmRef)1539	False		110	True	False
(filmRef)15390	False		17	False	False
(filmRef)15391	False		19	False	False
(filmRef)15392	False		17	False	False
(filmRef)15393	True	BBC Alba	25	False	False
(filmRef)15394	True	BBC Alba	25	False	False
(filmRef)15395	True	BBC Alba	28	False	False
(filmRef)15396	True	BBC Alba	25	False	False
(filmRef)15397	True	BBC Alba	25	False	False
(filmRef)15398	True	BBC Alba	25	False	False
(filmRef)15399	True	BBC Alba	25	False	False
(filmRef)1540	False		332	True	False
(filmRef)15400	True	BBC Alba	29	False	False
(filmRef)15401	True	BBC Alba	25	False	False
(filmRef)15402	True	BBC Alba	25	False	False
(filmRef)15403	True	BBC Alba	25	False	False
(filmRef)15404	True	BBC Alba	25	False	False
(filmRef)15405	True	BBC Alba	25	False	False
(filmRef)15406	True	BBC Alba	25	False	False
(filmRef)15407	True	BBC Alba	25	False	False
(filmRef)15408	True	BBC Alba	25	False	False
(filmRef)15409	True	Radio times	55	False	True
(filmRef)1541	False		35	True	False
(filmRef)15410	True	Radio times	61	False	True
(filmRef)15411	True	Radio times	63	False	True
(filmRef)15412	False		15	False	False
(filmRef)15413	True	BBC Alba	81	False	True
(filmRef)15414	True	Radio times	67	False	True
(filmRef)15415	True	Radio times	64	False	True
(filmRef)15416	True	BBC Alba	29	False	False
(filmRef)15417	True	BBC Alba	29	False	False
(filmRef)15418	True	BBC Alba	28	False	False
(filmRef)15419	True	Radio Times	25	False	False
(filmRef)1542	False		138	True	False
(filmRef)15420	True	Radio Times	25	False	False
(filmRef)15421	True	Radio Times	25	False	False
(filmRef)15422	True	Radio Times	23	False	False
(filmRef)15423	True	Radio Times	24	False	False
(filmRef)15424	True	Radio Times	24	False	False
(filmRef)15425	True	Radio Times	35	False	False
(filmRef)15426	True	Radio Times	43	False	False
(filmRef)15427	True	Radio Times	38	False	False
(filmRef)15428	True	Radio Times	43	False	False
(filmRef)15429	True	Radio times	61	False	True
(filmRef)1543	False		107	True	False
(filmRef)15430	True	Radio times	60	False	True
(filmRef)15431	False		15	False	False
(filmRef)15432	False		16	False	False
(filmRef)15433	False		31	False	False
(filmRef)15434	False		16	False	False
(filmRef)15435	False		16	False	False
(filmRef)15436	False		15	False	False
(filmRef)15437	True	Radio times	39	False	False
(filmRef)15438	True	Radio times	67	False	True
(filmRef)15439	True	Radio Times	33	False	False
(filmRef)1544	False		59	True	False
(filmRef)15440	True	Radio Times	19	False	False
(filmRef)15441	False		26	False	False
(filmRef)15442	False		20	False	False
(filmRef)15443	False		33	False	False
(filmRef)15444	True	BBC Alba	25	False	False
(filmRef)15445	True	BBC Alba	25	False	False
(filmRef)15446	True	BBC Alba	25	False	False
(filmRef)15447	True	BBC Alba	25	False	False
(filmRef)15448	True	BBC Alba	25	False	False
(filmRef)15449	True	BBC Alba	25	False	False
(filmRef)1545	False		119	True	False
(filmRef)15450	True	BBC Alba	25	False	False
(filmRef)15451	True	BBC Alba	25	False	False
(filmRef)15452	True	BBC Alba	25	False	False
(filmRef)15453	True	BBC Alba	25	False	False
(filmRef)15454	True	BBC Alba	25	False	False
(filmRef)15455	True	BBC Alba	25	False	False
(filmRef)15456	True	BBC Alba	25	False	False
(filmRef)15457	True	BBC Alba	25	False	False
(filmRef)15458	True	Radio times	52	False	True
(filmRef)15459	True	Radio times	45	False	False
(filmRef)1546	False		56	True	False
(filmRef)15460	True	BBC Alba	30	False	False
(filmRef)15461	True	BBC Alba	30	False	False
(filmRef)15462	True	BBC Alba	173	True	False
(filmRef)15463	True	BBC Alba	149	True	False
(filmRef)15464	True	Radio Times	25	False	False
(filmRef)15465	True	BBC Alba	123	True	False
(filmRef)15466	True	BBC Alba	25	False	False
(filmRef)15467	True	BBC Alba	25	False	False
(filmRef)15468	True	BBC Alba	25	False	False
(filmRef)15469	False		16	False	False
(filmRef)1547	False		290	True	False
(filmRef)15470	False		27	False	False
(filmRef)15471	False		16	False	False
(filmRef)15472	False		16	False	False
(filmRef)15473	False		16	False	False
(filmRef)15474	False		16	False	False
(filmRef)15475	True	BBC Alba	17	False	False
(filmRef)15476	True	BBC Alba	17	False	False
(filmRef)15477	False		10	False	False
(filmRef)15478	False		10	False	False
(filmRef)15479	False		18	False	False
(filmRef)1548	False		372	True	False
(filmRef)15480	False		25	False	False
(filmRef)15481	False		25	False	False
(filmRef)15482	False		19	False	False
(filmRef)15483	False		20	False	False
(filmRef)15484	False		25	False	False
(filmRef)15485	True	BBC Alba	34	False	False
(filmRef)15486	True	BBC Alba	35	False	False
(filmRef)15487	True	BBC Alba	31	False	False
(filmRef)15488	True	BBC Alba	32	False	False
(filmRef)15489	True	BBC Alba	33	False	False
(filmRef)1549	False		198	True	False
(filmRef)15490	True	BBC Alba	31	False	False
(filmRef)15491	False		16	False	False
(filmRef)15492	False		15	False	False
(filmRef)15493	False		12	False	False
(filmRef)15494	False		16	False	False
(filmRef)15495	False		16	False	False
(filmRef)15496	False		13	False	False
(filmRef)15497	True	BBC Alba	206	True	False
(filmRef)15498	True	BBC Alba	94	True	False
(filmRef)15499	True	BBC Alba	134	True	False
(filmRef)1550	False		25	True	False
(filmRef)15500	True	BBC Alba	135	True	False
(filmRef)15501	True	BBC Alba	41	False	False
(filmRef)15502	True	BBC Alba	47	False	False
(filmRef)15503	True	BBC Alba	50	False	True
(filmRef)15504	True	BBC Alba	41	False	False
(filmRef)15505	True	BBC Alba	43	False	False
(filmRef)15506	True	BBC Alba	49	False	False
(filmRef)15507	True	BBC Alba	29	False	False
(filmRef)15508	True	BBC Alba	60	False	True
(filmRef)15509	True	BBC Alba	59	False	True
(filmRef)15510	True	BBC Alba	50	False	True
(filmRef)15511	False		12	False	False
(filmRef)15512	False		14	False	False
(filmRef)15513	False		14	False	False
(filmRef)15514	False		14	False	False
(filmRef)15515	False		14	False	False
(filmRef)15516	False		14	False	False
(filmRef)15517	False		14	False	False
(filmRef)15518	False		31	False	False
(filmRef)15519	False		29	False	False
(filmRef)1552	False		158	True	False
(filmRef)15520	False		26	False	False
(filmRef)15521	True	BBC Alba	31	False	False
(filmRef)15522	False		21	False	False
(filmRef)15523	False		22	False	False
(filmRef)15524	False		21	False	False
(filmRef)15525	False		23	False	False
(filmRef)15526	False		21	False	False
(filmRef)15527	False		27	False	False
(filmRef)15528	False		27	False	False
(filmRef)15529	False		27	False	False
(filmRef)1553	False		117	True	False
(filmRef)15530	False		27	False	False
(filmRef)15531	False		28	False	False
(filmRef)15532	False		28	False	False
(filmRef)15533	False		36	False	False
(filmRef)15534	False		41	False	False
(filmRef)15535	False		21	False	False
(filmRef)15536	False		20	False	False
(filmRef)15537	True	BBC Alba	43	False	False
(filmRef)15538	False		17	False	False
(filmRef)15539	False		17	False	False
(filmRef)15540	False		17	False	False
(filmRef)15541	False		17	False	False
(filmRef)15542	False		17	False	False
(filmRef)15543	False		17	False	False
(filmRef)15544	False		13	False	False
(filmRef)15545	False		23	False	False
(filmRef)15546	False		10	False	False
(filmRef)15547	True	Radio Times	24	False	False
(filmRef)15548	True	Radio Times	28	False	False
(filmRef)15549	True	Radio Times	34	False	False
(filmRef)1555	False		270	True	False
(filmRef)15550	False		17	False	False
(filmRef)15551	False		18	False	False
(filmRef)15552	False		18	False	False
(filmRef)15553	True	Radio times	39	False	False
(filmRef)15554	True	BBC Alba	206	True	False
(filmRef)15555	False		2	False	False
(filmRef)15556	True	Radio times	57	False	True
(filmRef)15557	True	Radio times	60	False	True
(filmRef)15558	False		2	False	False
(filmRef)15559	True	BBC Alba	326	True	False
(filmRef)1556	False		16	True	False
(filmRef)15560	True	BBC Alba	117	True	False
(filmRef)15561	True	Radio times	63	False	True
(filmRef)15562	True	Radio Times	50	False	True
(filmRef)15563	False		21	False	False
(filmRef)15564	False		15	False	False
(filmRef)15565	True	BBC Alba	135	True	False
(filmRef)15566	False		15	False	False
(filmRef)15567	False		13	False	False
(filmRef)15568	False		14	False	False
(filmRef)15569	False		17	False	False
(filmRef)1557	False		178	True	False
(filmRef)15570	False		14	False	False
(filmRef)15571	True	BBC Alba	38	False	False
(filmRef)15572	True	BBC Alba	39	False	False
(filmRef)15573	True	Radio times	50	False	True
(filmRef)15574	False		35	False	False
(filmRef)15575	False		27	False	False
(filmRef)15576	True	Radio times	58	False	True
(filmRef)15577	False		33	False	False
(filmRef)15578	False		121	True	False
(filmRef)15579	False		117	True	False
(filmRef)1558	False		10	True	False
(filmRef)15580	False		47	False	False
(filmRef)15581	False		27	False	False
(filmRef)15582	False		25	False	False
(filmRef)15583	False		41	False	False
(filmRef)15584	False		41	False	False
(filmRef)15585	True	Radio times	42	False	False
(filmRef)15586	True	Radio times	57	False	True
(filmRef)15587	True	Radio times	60	False	True
(filmRef)15588	False		32	False	False
(filmRef)15589	True	Radio Times	27	False	False
(filmRef)1559	False		7	True	False
(filmRef)15590	True	Radio Times	34	False	False
(filmRef)15591	False		15	False	False
(filmRef)15592	True	BBC Alba	34	False	False
(filmRef)15593	True	Radio times	54	False	True
(filmRef)15594	True	Radio times	41	False	False
(filmRef)15595	False		70	True	False
(filmRef)15596	True	BBC Alba	29	False	False
(filmRef)15597	True	BBC Alba	29	False	False
(filmRef)15598	True	BBC Alba	29	False	False
(filmRef)15599	True	BBC Alba	29	False	False
(filmRef)1560	False		482	True	False
(filmRef)15600	True	BBC Alba	30	False	False
(filmRef)15601	True	BBC Alba	29	False	False
(filmRef)15602	True	BBC Alba	29	False	False
(filmRef)15603	True	BBC Alba	29	False	False
(filmRef)15604	True	BBC Alba	29	False	False
(filmRef)15605	True	BBC Alba	30	False	False
(filmRef)15606	True	BBC Alba	29	False	False
(filmRef)15607	True	BBC Alba	30	False	False
(filmRef)15608	True	BBC Alba	29	False	False
(filmRef)15609	True	Radio times	71	False	True
(filmRef)15610	True	Radio times	65	False	True
(filmRef)15611	True	Radio times	70	False	True
(filmRef)15612	True	BBC Alba	25	False	False
(filmRef)15613	True	BBC Alba	25	False	False
(filmRef)15614	True	BBC Alba	25	False	False
(filmRef)15615	True	BBC Alba	25	False	False
(filmRef)15616	True	BBC Alba	25	False	False
(filmRef)15617	True	BBC Alba	25	False	False
(filmRef)15618	True	BBC Alba	25	False	False
(filmRef)15619	True	BBC Alba	25	False	False
(filmRef)1562	False		110	True	False
(filmRef)15620	True	BBC Alba	25	False	False
(filmRef)15621	True	BBC Alba	25	False	False
(filmRef)15622	True	BBC Alba	25	False	False
(filmRef)15623	True	BBC Alba	25	False	False
(filmRef)15624	True	BBC Alba	25	False	False
(filmRef)15625	True	BBC Alba	25	False	False
(filmRef)15626	True	BBC Alba	31	False	False
(filmRef)15627	True	BBC Alba	31	False	False
(filmRef)15628	True	BBC Alba	50	False	True
(filmRef)15629	True	BBC Alba	31	False	False
(filmRef)1563	False		113	True	False
(filmRef)15630	True	BBC Alba	31	False	False
(filmRef)15631	True	BBC Alba	31	False	False
(filmRef)15632	True	BBC Alba	31	False	False
(filmRef)15633	True	BBC Alba	32	False	False
(filmRef)15634	True	BBC Alba	31	False	False
(filmRef)15635	True	BBC Alba	31	False	False
(filmRef)15636	True	BBC Alba	31	False	False
(filmRef)15637	True	BBC Alba	31	False	False
(filmRef)15638	True	Radio times	43	False	False
(filmRef)15639	True	Radio times	54	False	True
(filmRef)1564	False		399	True	False
(filmRef)15640	True	Radio times	64	False	True
(filmRef)15641	False		14	False	False
(filmRef)15642	False		14	False	False
(filmRef)15643	False		14	False	False
(filmRef)15644	False		14	False	False
(filmRef)15645	False		14	False	False
(filmRef)15646	False		14	False	False
(filmRef)15647	True	Radio times	61	False	True
(filmRef)15648	False		26	False	False
(filmRef)15649	True	BBC Alba	31	False	False
(filmRef)1565	False		18	True	False
(filmRef)15650	True	Radio times	55	False	True
(filmRef)15651	False		16	False	False
(filmRef)15652	False		16	False	False
(filmRef)15653	False		16	False	False
(filmRef)15654	False		32	False	False
(filmRef)15655	False		32	False	False
(filmRef)15656	False		10	False	False
(filmRef)15657	True	BBC Alba	29	False	False
(filmRef)15658	True	BBC Alba	54	False	True
(filmRef)15659	True	Radio times	64	False	True
(filmRef)1566	False		73	True	False
(filmRef)15660	True	BBC Alba	38	False	False
(filmRef)15661	True	Radio times	53	False	True
(filmRef)15662	True	Radio times	58	False	True
(filmRef)15663	True	BBC Alba	153	True	False
(filmRef)15664	True	BBC Alba	73	True	False
(filmRef)15665	False		128	True	False
(filmRef)15666	False		105	True	False
(filmRef)15667	False		10	False	False
(filmRef)15668	False		10	False	False
(filmRef)15669	False		10	False	False
(filmRef)1567	False		63	True	False
(filmRef)15670	False		10	False	False
(filmRef)15671	True	Radio times	31	False	False
(filmRef)15672	True	Radio times	31	False	False
(filmRef)15673	False		105	True	False
(filmRef)15674	False		15	False	False
(filmRef)15675	False		15	False	False
(filmRef)15676	True	BBC Alba	73	True	False
(filmRef)15677	False		128	True	False
(filmRef)15678	True	Radio times	60	False	True
(filmRef)15679	True	Radio times	65	False	True
(filmRef)1568	False		63	True	False
(filmRef)15680	True	Radio times	47	False	False
(filmRef)15681	False		15	False	False
(filmRef)15682	False		39	False	False
(filmRef)15683	True	Radio times	62	False	True
(filmRef)15684	True	Radio times	50	False	True
(filmRef)15685	True	BBC Alba	43	False	False
(filmRef)15686	True	BBC Alba	44	False	False
(filmRef)15687	True	Radio times	56	False	True
(filmRef)15688	True	Radio Times	23	False	False
(filmRef)1569	False		73	True	False
(filmRef)15690	False		15	False	False
(filmRef)15691	False		15	False	False
(filmRef)15692	False		15	False	False
(filmRef)15693	False		15	False	False
(filmRef)15694	True	BBC Alba	73	True	False
(filmRef)15695	False		10	False	False
(filmRef)15696	False		105	True	False
(filmRef)15697	False		10	False	False
(filmRef)15698	False		10	False	False
(filmRef)15699	False		11	False	False
(filmRef)1570	False		506	True	False
(filmRef)15700	False		11	False	False
(filmRef)15701	False		11	False	False
(filmRef)15702	False		11	False	False
(filmRef)15703	False		10	False	False
(filmRef)15704	False		10	False	False
(filmRef)15705	False		14	False	False
(filmRef)15706	False		14	False	False
(filmRef)15707	True	BBC Alba	28	False	False
(filmRef)15708	True	BBC Alba	25	False	False
(filmRef)15709	True	BBC Alba	25	False	False
(filmRef)1571	False		258	True	False
(filmRef)15710	True	BBC Alba	25	False	False
(filmRef)15711	True	BBC Alba	25	False	False
(filmRef)15712	True	BBC Alba	25	False	False
(filmRef)15713	True	BBC Alba	25	False	False
(filmRef)15714	True	BBC Alba	25	False	False
(filmRef)15715	True	BBC Alba	25	False	False
(filmRef)15716	True	BBC Alba	25	False	False
(filmRef)15717	True	BBC Alba	25	False	False
(filmRef)15718	True	BBC Alba	25	False	False
(filmRef)15719	True	BBC Alba	25	False	False
(filmRef)1572	False		338	True	False
(filmRef)15720	True	BBC Alba	25	False	False
(filmRef)15721	True	BBC Alba	25	False	False
(filmRef)15722	True	BBC Alba	25	False	False
(filmRef)15723	True	BBC Alba	25	False	False
(filmRef)15724	True	BBC Alba	25	False	False
(filmRef)15725	True	BBC Alba	140	True	False
(filmRef)15726	True	BBC Alba	173	True	False
(filmRef)15727	True	BBC Alba	228	True	False
(filmRef)15728	True	Radio Times	34	False	False
(filmRef)15729	False		38	False	False
(filmRef)1573	False		295	True	False
(filmRef)15730	False		28	False	False
(filmRef)15731	False		14	False	False
(filmRef)15732	False		13	False	False
(filmRef)15733	False		14	False	False
(filmRef)15734	False		12	False	False
(filmRef)15735	True	Radio times	67	False	True
(filmRef)15736	True	Radio times	63	False	True
(filmRef)15737	False		18	False	False
(filmRef)15738	False		18	False	False
(filmRef)15739	True	Radio times	50	False	True
(filmRef)15740	True	BBC Alba	36	False	False
(filmRef)15741	True	BBC Alba	37	False	False
(filmRef)15742	True	BBC Alba	36	False	False
(filmRef)15743	True	BBC Alba	36	False	False
(filmRef)15744	True	BBC Alba	42	False	False
(filmRef)15745	True	BBC Alba	39	False	False
(filmRef)15746	False		18	False	False
(filmRef)15747	False		18	False	False
(filmRef)15748	False		27	False	False
(filmRef)15749	False		18	False	False
(filmRef)1575	False		337	True	False
(filmRef)15750	False		13	False	False
(filmRef)15751	False		15	False	False
(filmRef)15752	False		26	False	False
(filmRef)15753	True	Radio times	70	False	True
(filmRef)15754	True	Radio times	67	False	True
(filmRef)15755	True	Radio times	67	False	True
(filmRef)15756	True	BBC Alba	25	False	False
(filmRef)15757	False		15	False	False
(filmRef)15758	False		15	False	False
(filmRef)15759	False		15	False	False
(filmRef)1576	False		35	True	False
(filmRef)15760	False		15	False	False
(filmRef)15761	False		15	False	False
(filmRef)15762	False		15	False	False
(filmRef)15763	False		15	False	False
(filmRef)15764	False		15	False	False
(filmRef)15765	True	BBC Alba	37	False	False
(filmRef)15766	True	Radio times	68	False	True
(filmRef)15767	True	Radio times	41	False	False
(filmRef)15768	True	Radio Times	41	False	False
(filmRef)15769	True	BBC Alba	25	False	False
(filmRef)15770	True	BBC Alba	25	False	False
(filmRef)15771	True	BBC Alba	25	False	False
(filmRef)15772	True	BBC Alba	25	False	False
(filmRef)15773	True	BBC Alba	25	False	False
(filmRef)15774	True	BBC Alba	25	False	False
(filmRef)15775	True	BBC Alba	20	False	False
(filmRef)15776	True	BBC Alba	20	False	False
(filmRef)15777	True	BBC Alba	20	False	False
(filmRef)15778	True	BBC Alba	20	False	False
(filmRef)15779	True	BBC Alba	20	False	False
(filmRef)1577A	False		36	True	False
(filmRef)1577B	False		85	True	False
(filmRef)1578	False		366	True	False
(filmRef)15780	True	BBC Alba	20	False	False
(filmRef)15781	False		13	False	False
(filmRef)15782	False		14	False	False
(filmRef)15783	True	BBC Alba	28	False	False
(filmRef)15784	False		12	False	False
(filmRef)15785	False		12	False	False
(filmRef)15786	False		12	False	False
(filmRef)15787	True	BBC Alba/Radio Times	68	False	True
(filmRef)15788	False		21	False	False
(filmRef)15789	True	BBC Alba	159	True	False
(filmRef)1579	False		194	True	False
(filmRef)15790	True	Radio times	60	False	True
(filmRef)15791	True	Radio times	66	False	True
(filmRef)15792	True	Radio times	68	False	True
(filmRef)15793	True	BBC Alba	42	False	False
(filmRef)15794	True	BBC Alba	32	False	False
(filmRef)15795	True	Radio times	65	False	True
(filmRef)15796	True	Radio times	61	False	True
(filmRef)15797	True	BBC Alba	40	False	False
(filmRef)15798	True	Radio times	59	False	True
(filmRef)15799	True	Radio Times	18	False	False
(filmRef)1580	False		278	True	False
(filmRef)15800	True	Radio Times	18	False	False
(filmRef)15801	True	Radio Times	18	False	False
(filmRef)15802	True	Radio Times	18	False	False
(filmRef)15803	True	BBC Alba	142	True	False
(filmRef)15804	True	Radio times	56	False	True
(filmRef)15805	True	Radio times	59	False	True
(filmRef)15806	True	Radio times	53	False	True
(filmRef)15807	False		15	False	False
(filmRef)15808	False		29	False	False
(filmRef)15809	True	BBC Alba	32	False	False
(filmRef)1581	False		631	True	False
(filmRef)15810	False		36	True	False
(filmRef)15811	False		35	False	False
(filmRef)15812	False		36	True	False
(filmRef)15813	False		35	False	False
(filmRef)15814	False		35	False	False
(filmRef)15815	False		35	False	False
(filmRef)15816	False		35	False	False
(filmRef)15817	False		35	False	False
(filmRef)15818	False		35	False	False
(filmRef)15819	False		35	False	False
(filmRef)1582	False		424	True	False
(filmRef)15820	False		35	False	False
(filmRef)15821	False		35	False	False
(filmRef)15822	False		35	False	False
(filmRef)15823	False		35	False	False
(filmRef)15824	False		26	False	False
(filmRef)15825	True	BBC Alba	181	True	False
(filmRef)15826	True	BBC Alba	144	True	False
(filmRef)15827	True	BBC Alba	87	False	True
(filmRef)15828	True	BBC Alba	83	False	True
(filmRef)15829	True	BBC Alba	87	False	True
(filmRef)1583	False		61	True	False
(filmRef)15830	True	BBC Alba	85	False	True
(filmRef)15831	True	BBC Alba	78	False	True
(filmRef)15832	True	BBC Alba	81	False	True
(filmRef)15833	True	Radio times	59	False	True
(filmRef)15834	True	BBC Alba	25	False	False
(filmRef)15835	False		14	False	False
(filmRef)15836	False		14	False	False
(filmRef)15837	False		14	False	False
(filmRef)15838	False		14	False	False
(filmRef)15839	False		14	False	False
(filmRef)1584	False		56	True	False
(filmRef)15840	False		14	False	False
(filmRef)15841	True	Radio times	63	False	True
(filmRef)15842	True	Radio times	58	False	True
(filmRef)15843	True	Radio times	42	False	False
(filmRef)15844	True	Radio times	63	False	True
(filmRef)15845	True	BBC Alba	25	False	False
(filmRef)15847	True	BBC Alba	25	False	False
(filmRef)15848	True	BBC Alba	25	False	False
(filmRef)15849	True	BBC Alba	25	False	False
(filmRef)1585	False		67	True	False
(filmRef)15850	True	BBC Alba	25	False	False
(filmRef)15851	True	BBC Alba	25	False	False
(filmRef)15852	True	BBC Alba	25	False	False
(filmRef)15853	True	BBC Alba	25	False	False
(filmRef)15854	True	BBC Alba	25	False	False
(filmRef)15855	True	BBC Alba	25	False	False
(filmRef)15856	True	BBC Alba	25	False	False
(filmRef)15857	True	BBC Alba	25	False	False
(filmRef)15858	True	BBC Alba	25	False	False
(filmRef)15859	True	BBC Alba	25	False	False
(filmRef)1586	False		52	True	False
(filmRef)15860	True	BBC Alba	25	False	False
(filmRef)15861	True	BBC Alba	25	False	False
(filmRef)15862	True	BBC Alba	25	False	False
(filmRef)15863	True	BBC Alba	25	False	False
(filmRef)15864	True	BBC Alba	25	False	False
(filmRef)15865	True	BBC Alba	25	False	False
(filmRef)15866	True	BBC Alba	25	False	False
(filmRef)15867	True	BBC Alba	25	False	False
(filmRef)15868	True	BBC Alba	179	True	False
(filmRef)15869	True	Radio times	48	False	False
(filmRef)1587	False		149	True	False
(filmRef)15870	False		10	False	False
(filmRef)15871	True	Radio times	56	False	True
(filmRef)15872	True	BBC Alba	65	False	True
(filmRef)15873	False		66	False	False
(filmRef)15874	True	West Highland Animation	312	True	False
(filmRef)15875	True	BBC Alba	35	False	False
(filmRef)15876	True	BBC Alba	39	False	False
(filmRef)15877	True	BBC Alba	36	False	False
(filmRef)15878	True	BBC Alba	37	False	False
(filmRef)15879	True	BBC Alba	34	False	False
(filmRef)1588	False		169	True	False
(filmRef)15880	True	BBC Alba	36	False	False
(filmRef)15881	True	BBC Alba	33	False	False
(filmRef)15882	True	BBC Alba	127	True	False
(filmRef)15883	True	BBC Alba	130	True	False
(filmRef)15884	True	BBC Alba	130	True	False
(filmRef)15885	True	BBC Alba	130	True	False
(filmRef)15886	True	BBC Alba	130	True	False
(filmRef)15887	True	BBC Alba	130	True	False
(filmRef)15888	False		11	False	False
(filmRef)15889	True	BBC Alba	123	False	True
(filmRef)1589	False		187	True	False
(filmRef)15890	True	BBC Alba	174	True	False
(filmRef)15891	True	BBC Alba	46	False	False
(filmRef)15892	True	BBC Alba	46	False	False
(filmRef)15893	True	BBC Alba	39	False	False
(filmRef)15894	True	BBC Alba	39	False	False
(filmRef)15895	True	BBC Alba	36	False	False
(filmRef)15896	True	BBC Alba	35	False	False
(filmRef)15897	True	BBC Alba	40	False	False
(filmRef)15898	True	BBC Alba	44	False	False
(filmRef)15899	True	BBC Alba	49	False	False
(filmRef)1590	False		98	True	False
(filmRef)15900	True	BBC Alba	40	False	False
(filmRef)15901	True	Radio Times	21	False	False
(filmRef)15902	True	BBC Alba	72	True	False
(filmRef)15903	False		128	True	False
(filmRef)15904	False		11	False	False
(filmRef)15905	False		10	False	False
(filmRef)15906	False		11	False	False
(filmRef)15907	False		10	False	False
(filmRef)15908	False		11	False	False
(filmRef)15909	False		10	False	False
(filmRef)1591	False		72	True	False
(filmRef)15910	False		11	False	False
(filmRef)15911	False		10	False	False
(filmRef)15912	False		10	False	False
(filmRef)15913	False		10	False	False
(filmRef)15914	False		11	False	False
(filmRef)15915	False		10	False	False
(filmRef)15916	False		10	False	False
(filmRef)15917	False		10	False	False
(filmRef)15918	False		23	False	False
(filmRef)15919	False		13	False	False
(filmRef)1592	False		1143	True	False
(filmRef)15920	True	BBC Alba	47	False	False
(filmRef)15921	True	BBC Alba	38	False	False
(filmRef)15922	True	BBC Alba	42	False	False
(filmRef)15923	True	BBC Alba	36	False	False
(filmRef)15924	True	BBC Alba	152	True	False
(filmRef)15925	True	BBC Alba	161	True	False
(filmRef)15926	True	BBC Alba	163	True	False
(filmRef)15927	True	BBC Alba	169	True	False
(filmRef)15928	True	BBC Alba	216	True	False
(filmRef)15929	True	BBC Alba	168	True	False
(filmRef)1593	False		42	True	False
(filmRef)15930	True	BBC Alba	38	False	False
(filmRef)15931	True	BBC Alba	45	False	False
(filmRef)15933	False		17	False	False
(filmRef)15934	False		19	False	False
(filmRef)15935	False		19	False	False
(filmRef)15936	False		16	False	False
(filmRef)15937	False		16	False	False
(filmRef)15938	False		17	False	False
(filmRef)15939	False		16	False	False
(filmRef)1594	False		137	True	False
(filmRef)15940	False		16	False	False
(filmRef)15941	False		16	False	False
(filmRef)15942	False		16	False	False
(filmRef)15943	False		16	False	False
(filmRef)15944	False		14	False	False
(filmRef)15945	True	BBC Alba	138	True	False
(filmRef)15946	True	BBC Alba	137	True	False
(filmRef)15947	True	BBC Alba	75	False	True
(filmRef)15948	True	BBC Alba	56	False	True
(filmRef)15949	True	BBC Alba	63	False	True
(filmRef)1595	False		403	True	False
(filmRef)15950	True	BBC Alba	32	False	False
(filmRef)15951	True	BBC Alba	62	False	True
(filmRef)15952	True	BBC Alba	64	False	True
(filmRef)15953	True	BBC Alba	43	False	False
(filmRef)15954	True	BBC Alba	47	False	False
(filmRef)15957	False		0	False	False
(filmRef)15958	True	BBC Alba	18	False	False
(filmRef)15959	True	BBC Alba	13	False	False
(filmRef)1596	False		227	True	False
(filmRef)15960	True	BBC Alba	14	False	False
(filmRef)15961	True	BBC Alba	14	False	False
(filmRef)15962	True	BBC Alba	13	False	False
(filmRef)15963	True	BBC Alba	11	False	False
(filmRef)15964	True	BBC Alba	15	False	False
(filmRef)15965	True	BBC Alba	14	False	False
(filmRef)15966	True	BBC Alba	17	False	False
(filmRef)15967	True	BBC Alba	15	False	False
(filmRef)15968	True	BBC Alba	14	False	False
(filmRef)15969	True	BBC Alba	15	False	False
(filmRef)1597	False		348	True	False
(filmRef)15970	True	BBC Alba	11	False	False
(filmRef)15971	True	BBC Alba	10	False	False
(filmRef)15972	True	BBC Alba	13	False	False
(filmRef)15973	True	BBC Alba	34	False	False
(filmRef)15974	True	BBC Alba	213	True	False
(filmRef)15975	True	BBC Alba	29	False	False
(filmRef)15976	True	BBC Alba	34	False	False
(filmRef)15977	True	BBC Alba	26	False	False
(filmRef)15978	True	BBC Alba	97	False	True
(filmRef)15979	True	BBC Alba	40	False	False
(filmRef)1598	False		124	True	False
(filmRef)15980	True	BBC Alba	41	False	False
(filmRef)15981	True	BBC Alba	44	False	False
(filmRef)15982	True	BBC Alba	40	False	False
(filmRef)15983	True	BBC Alba	46	False	False
(filmRef)15984	True	BBC Alba	48	False	False
(filmRef)15985	True	BBC Alba	44	False	False
(filmRef)15986	True	BBC Alba	45	False	False
(filmRef)15987	True	BBC Alba	46	False	False
(filmRef)15988	True	BBC Alba	39	False	False
(filmRef)15989	True	BBC Alba	23	False	False
(filmRef)1599	False		231	True	False
(filmRef)15990	True	BBC Alba	21	False	False
(filmRef)15991	True	BBC Alba	32	False	False
(filmRef)15992	True	BBC Alba	32	False	False
(filmRef)15993	True	BBC Alba	30	False	False
(filmRef)15994	True	BBC Alba	31	False	False
(filmRef)15995	True	BBC online	53	False	True
(filmRef)15996	True	BBC online	56	False	True
(filmRef)15997	True	BBC online	57	False	True
(filmRef)15998	True	BBC online	55	False	True
(filmRef)15999	True	BBC online	85	False	True
(filmRef)1600	False		116	True	False
(filmRef)16000	True	BBC online	76	False	True
(filmRef)16001	True	BBC online	86	False	True
(filmRef)16002	True	BBC online	77	False	True
(filmRef)16003	True	BBC online	82	False	True
(filmRef)16004	True	BBC online	82	False	True
(filmRef)16005	True	BBC online	51	False	True
(filmRef)16006	True	BBC online	75	False	True
(filmRef)16007	True	BBC online	75	False	True
(filmRef)16008	True	Radio times	76	False	True
(filmRef)16009	True	Radio times	51	False	True
(filmRef)1601	False		514	True	False
(filmRef)16010	True	Radio times	59	False	True
(filmRef)16011	True	Radio times	65	False	True
(filmRef)16012	True	Radio times	60	False	True
(filmRef)16013	True	Radio times	66	False	True
(filmRef)16014	True	Radio times	71	False	True
(filmRef)16015	True	Radio times	59	False	True
(filmRef)16016	True	Radio times	71	False	True
(filmRef)16017	True	Radio times	62	False	True
(filmRef)16018	True	Radio times	74	False	True
(filmRef)16019	True	Radio times	63	False	True
(filmRef)1602	False		474	True	False
(filmRef)16020	True	Radio times	83	False	True
(filmRef)16021	True	Radio times	60	False	True
(filmRef)16022	True	Radio times	42	False	False
(filmRef)16023	True	Radio times	79	False	True
(filmRef)16024	True	Radio times	58	False	True
(filmRef)16025	True	Radio times	80	False	True
(filmRef)16026	False		11	False	False
(filmRef)16027	False		7	False	False
(filmRef)16028	True	BBC online	32	False	False
(filmRef)16029	True	BBC Alba	81	True	False
(filmRef)1603	False		578	True	False
(filmRef)16030	True	BBC Alba	38	False	False
(filmRef)16031	False		18	False	False
(filmRef)16032	True	BBC Alba	30	False	False
(filmRef)16033	True	BBC Alba	30	False	False
(filmRef)16034	False		20	False	False
(filmRef)16035	True	BBC Alba	36	False	False
(filmRef)16036	True	BBC Alba	32	False	False
(filmRef)16037	True	BBC Alba	31	False	False
(filmRef)16038	True	BBC Alba	26	False	False
(filmRef)16039	True	BBC Alba	34	False	False
(filmRef)1604	False		818	True	False
(filmRef)16040	True	BBC Alba	34	False	False
(filmRef)16041	True	BBC Alba	24	False	False
(filmRef)16042	True	BBC Alba	38	False	False
(filmRef)16043	True	BBC Alba	21	False	False
(filmRef)16044	True	BBC Alba	21	False	False
(filmRef)16045	True	BBC online	43	False	False
(filmRef)16046	True	BBC Alba	266	True	False
(filmRef)16047	True	BBC Alba	305	True	False
(filmRef)16048	True	BBC Alba	231	True	False
(filmRef)16049	True	BBC Alba	285	True	False
(filmRef)1605	False		88	True	False
(filmRef)16050	True	BBC Alba	244	True	False
(filmRef)16051	True	BBC Alba	246	True	False
(filmRef)16052	True	BBC Alba	180	True	False
(filmRef)16053	True	BBC Alba	245	True	False
(filmRef)16054	False		45	False	False
(filmRef)16055	False		34	False	False
(filmRef)16058	False		18	False	False
(filmRef)16059	False		18	False	False
(filmRef)1606	False		715	True	False
(filmRef)16060	False		18	False	False
(filmRef)16061	False		18	False	False
(filmRef)16062	False		18	False	False
(filmRef)16063	True	BBC Alba	36	False	False
(filmRef)16064	True	BBC Alba	38	False	False
(filmRef)16065	True	BBC Alba	34	False	False
(filmRef)16066	True	BBC Alba	32	False	False
(filmRef)16067	True	BBC Alba	35	False	False
(filmRef)16068	True	BBC Alba	32	False	False
(filmRef)16069	True	BBC Alba	34	False	False
(filmRef)1607	False		112	True	False
(filmRef)16070	True	BBC Alba	34	False	False
(filmRef)16071	True	BBC Alba	31	False	False
(filmRef)16072	True	BBC Alba	38	False	False
(filmRef)16073	True	BBC Alba	32	False	False
(filmRef)16074	True	BBC Alba	33	False	False
(filmRef)16075	True	BBC Alba	35	False	False
(filmRef)16076	True	BBC Alba	34	False	False
(filmRef)16077	True	BBC Alba	31	False	False
(filmRef)16078	True	BBC Alba	34	False	False
(filmRef)16079	True	BBC Alba	37	False	False
(filmRef)1608	False		43	True	False
(filmRef)16080	True	BBC Alba	36	False	False
(filmRef)16081	True	BBC Alba	34	False	False
(filmRef)16082	True	BBC Alba	32	False	False
(filmRef)16083	True	BBC Alba	51	False	True
(filmRef)16084	True	BBC Alba	42	False	False
(filmRef)16085	True	BBC Alba	41	False	False
(filmRef)16086	True	BBC Alba	49	False	False
(filmRef)16087	True	BBC Alba	152	True	False
(filmRef)16088	True	BBC Alba	227	True	False
(filmRef)16089	True	BBC Alba	249	True	False
(filmRef)1609	False		213	True	False
(filmRef)16090	True	BBC Alba	280	True	False
(filmRef)16091	True	BBC Alba	269	True	False
(filmRef)16092	True	BBC Alba	32	False	False
(filmRef)16093	True	BBC Alba	32	False	False
(filmRef)16094	True	BBC Alba	32	False	False
(filmRef)16095	True	BBC Alba	32	False	False
(filmRef)16096	True	BBC Alba	32	False	False
(filmRef)16097	True	BBC Alba	32	False	False
(filmRef)16098	True	BBC Alba	94	False	True
(filmRef)16099	True	BBC Alba	28	False	False
(filmRef)1610	False		393	True	False
(filmRef)16100	True	BBC Alba	25	False	False
(filmRef)16101	True	BBC Alba	25	False	False
(filmRef)16102	True	BBC Alba	25	False	False
(filmRef)16103	True	BBC Alba	25	False	False
(filmRef)16104	True	BBC Alba	25	False	False
(filmRef)16105	True	BBC Alba	25	False	False
(filmRef)16106	True	BBC Alba	25	False	False
(filmRef)16107	True	BBC Alba	25	False	False
(filmRef)16108	True	BBC Alba	25	False	False
(filmRef)16109	True	BBC Alba	25	False	False
(filmRef)1611	False		271	True	False
(filmRef)16110	True	BBC Alba	25	False	False
(filmRef)16111	True	BBC Alba	25	False	False
(filmRef)16112	True	BBC Alba	25	False	False
(filmRef)16113	True	BBC Alba	25	False	False
(filmRef)16114	True	BBC Alba	25	False	False
(filmRef)16115	True	BBC Alba	25	False	False
(filmRef)16116	True	BBC Alba	25	False	False
(filmRef)16117	True	BBC Alba	25	False	False
(filmRef)16118	True	BBC Alba	25	False	False
(filmRef)16119	True	BBC Alba	25	False	False
(filmRef)1612	False		125	True	False
(filmRef)16120	True	BBC Alba	25	False	False
(filmRef)16121	True	BBC Alba	25	False	False
(filmRef)16122	True	BBC Alba	25	False	False
(filmRef)16123	True	BBC Alba	25	False	False
(filmRef)16124	True	BBC Alba	25	False	False
(filmRef)16125	True	BBC Alba	25	False	False
(filmRef)16126	True	BBC Alba	25	False	False
(filmRef)16127	True	BBC Alba	25	False	False
(filmRef)16128	True	BBC Alba	25	False	False
(filmRef)16129	True	BBC Alba	25	False	False
(filmRef)1613	False		374	True	False
(filmRef)16130	True	BBC Alba	25	False	False
(filmRef)16131	True	BBC Alba	25	False	False
(filmRef)16132	True	BBC Alba	35	False	False
(filmRef)16133	True	BBC Alba	35	False	False
(filmRef)16134	True	BBC Alba	31	False	False
(filmRef)16135	True	BBC Alba	32	False	False
(filmRef)16136	True	BBC Alba Programme 4 Fairies	31	False	False
(filmRef)16137	True	BBC Alba	31	False	False
(filmRef)16138	True	BBC Alba	34	False	False
(filmRef)16139	True	BBC Alba	34	False	False
(filmRef)1614	False		369	True	False
(filmRef)16140	True	BBC Alba	53	False	True
(filmRef)16141	True	BBC Alba	52	False	True
(filmRef)16142	True	BBC Alba	52	False	True
(filmRef)16143	True	BBC Alba	53	False	True
(filmRef)16144	True	BBC Alba	52	False	True
(filmRef)16145	True	BBC Alba	52	False	True
(filmRef)16146	True	BBC Alba	53	False	True
(filmRef)16147	True	BBC Alba	53	False	True
(filmRef)16148	True	BBC Alba	52	False	True
(filmRef)16149	True	BBC Alba	54	False	True
(filmRef)1615	False		277	True	False
(filmRef)16150	True	BBC Alba	53	False	True
(filmRef)16151	True	BBC Alba	53	False	True
(filmRef)16152	True	BBC Alba	52	False	True
(filmRef)16153	True	BBC Alba	52	False	True
(filmRef)16154	True	BBC Alba	52	False	True
(filmRef)16155	True	BBC Alba	298	True	False
(filmRef)16156	True	BBC Alba	53	False	True
(filmRef)16157	True	BBC Alba	52	False	True
(filmRef)16158	True	BBC Alba	53	False	True
(filmRef)16159	True	BBC Alba	53	False	True
(filmRef)1616	False		906	True	False
(filmRef)16160	True	BBC Alba	52	False	True
(filmRef)16161	True	BBC Alba	53	False	True
(filmRef)16162	True	BBC Alba	52	False	True
(filmRef)16163	True	BBC Alba	53	False	True
(filmRef)16164	True	BBC Alba	52	False	True
(filmRef)16165	True	BBC Alba	52	False	True
(filmRef)16166	True	BBC Alba	52	False	True
(filmRef)16167	True	BBC Alba	54	False	True
(filmRef)16168	True	BBC Alba	53	False	True
(filmRef)16169	True	BBC Alba	52	False	True
(filmRef)1617	False		222	True	False
(filmRef)16170	True	BBC Alba	52	False	True
(filmRef)16171	True	BBC Alba	48	False	False
(filmRef)16172	True	BBC Alba	53	False	True
(filmRef)16173	True	BBC Alba	52	False	True
(filmRef)16174	True	BBC Alba	48	False	False
(filmRef)16175	True	BBC Alba	176	True	False
(filmRef)16176	True	BBC Alba	200	True	False
(filmRef)16177	True	BBC Alba	14	False	False
(filmRef)16178	True	BBC Alba	15	False	False
(filmRef)16179	True	BBC Alba	14	False	False
(filmRef)1618	False		428	True	False
(filmRef)16180	True	BBC Alba	14	False	False
(filmRef)16181	True	BBC Alba	14	False	False
(filmRef)16182	True	BBC Alba	14	False	False
(filmRef)16183	True	BBC Alba	14	False	False
(filmRef)16184	True	BBC Alba	14	False	False
(filmRef)16185	True	BBC Alba	14	False	False
(filmRef)16186	True	BBC Alba	14	False	False
(filmRef)16187	True	BBC Alba	14	False	False
(filmRef)16188	True	BBC Alba	14	False	False
(filmRef)16189	True	BBC Alba	218	True	False
(filmRef)1619	False		81	True	False
(filmRef)16190	True	BBC Alba	67	False	True
(filmRef)16191	True	BBC Alba	60	False	True
(filmRef)16192	True	YouTube	67	False	True
(filmRef)16193	True	YouTube	67	False	True
(filmRef)16194	True	YouTube	68	False	True
(filmRef)16195	True	BBC Alba	41	False	False
(filmRef)16196	True	BBC Alba	48	False	False
(filmRef)16197	True	BBC Alba	42	False	False
(filmRef)16198	True	BBC Alba	42	False	False
(filmRef)16199	True	BBC Alba	51	False	True
(filmRef)1620	False		102	True	False
(filmRef)16200	True	BBC Alba	40	False	False
(filmRef)16201	True	BBC Alba	40	False	False
(filmRef)16202	True	BBC Alba	36	False	False
(filmRef)16203	True	BBC Alba	35	False	False
(filmRef)16204	True	BBC Alba	40	False	False
(filmRef)16205	True	BBC Alba	56	False	True
(filmRef)16206	True	BBC Alba	55	False	True
(filmRef)16207	True	BBC Alba	56	False	True
(filmRef)16208	True	BBC Alba	61	False	True
(filmRef)16209	True	BBC Alba	60	False	True
(filmRef)1621	False		272	True	False
(filmRef)16210	True	BBC Alba	62	False	True
(filmRef)16211	True	BBC Alba	59	False	True
(filmRef)16212	True	BBC Alba	62	False	True
(filmRef)16213	True	BBC Alba	60	False	True
(filmRef)16214	True	BBC Alba	60	False	True
(filmRef)16215	True	BBC Alba	128	True	False
(filmRef)16216	True	BBC Alba	68	False	True
(filmRef)16217	True	BBC Alba	123	True	False
(filmRef)16218	True	BBC Alba	76	False	True
(filmRef)16219	True	BBC Alba	66	False	True
(filmRef)1622	False		69	True	False
(filmRef)16220	True	BBC Alba	67	False	True
(filmRef)16221	True	BBC Alba	61	False	True
(filmRef)16222	True	BBC Alba	85	False	True
(filmRef)16223	True	BBC Alba	65	False	True
(filmRef)16224	True	BBC Alba	66	False	True
(filmRef)16225	True	BBC Alba	70	False	True
(filmRef)16226	True	BBC Alba	14	False	False
(filmRef)16227	True	BBC Alba	14	False	False
(filmRef)16228	True	BBC Alba	14	False	False
(filmRef)16229	True	BBC Alba	14	False	False
(filmRef)16230	True	BBC Alba	20	False	False
(filmRef)16231	True	BBC Alba	20	False	False
(filmRef)16232	True	BBC Alba	17	False	False
(filmRef)16233	True	BBC Alba	17	False	False
(filmRef)16234	True	BBC Alba	17	False	False
(filmRef)16235	True	BBC Alba	15	False	False
(filmRef)16236	False		41	False	False
(filmRef)16237	True	BBC Alba	39	False	False
(filmRef)16238	True	All Media Scotland	35	False	False
(filmRef)16239	True	All Media Scotland	34	False	False
(filmRef)1624	False		154	True	False
(filmRef)16240	True	All Media Scotland	35	False	False
(filmRef)16241	True	All Media Scotland	43	False	False
(filmRef)16242	True	All Media Scotland	38	False	False
(filmRef)16243	True	All Media Scotland	36	False	False
(filmRef)16244	False		12	False	False
(filmRef)16245	False		12	False	False
(filmRef)16246	False		12	False	False
(filmRef)16247	False		12	False	False
(filmRef)16248	False		12	False	False
(filmRef)16249	False		12	False	False
(filmRef)1625	False		128	True	False
(filmRef)16250	False		12	False	False
(filmRef)16251	False		13	False	False
(filmRef)16252	False		12	False	False
(filmRef)16253	False		38	False	False
(filmRef)16254	False		18	False	False
(filmRef)16255	True	All Media Scotland	38	False	False
(filmRef)16256	True	All Media Scotland	37	False	False
(filmRef)16257	True	All Media Scotland	35	False	False
(filmRef)16258	True	BBC Alba	51	False	True
(filmRef)16259	True	BBC Alba	46	False	False
(filmRef)1626	False		574	True	False
(filmRef)16260	True	BBC Alba	48	False	False
(filmRef)16261	True	BBC Alba	49	False	False
(filmRef)16262	True	BBC Alba	45	False	False
(filmRef)16263	True	BBC Alba	259	True	False
(filmRef)16264	True	BBC Alba	81	False	True
(filmRef)16265	True	BBC Alba	52	False	True
(filmRef)16266	True	BBC Alba	56	False	True
(filmRef)16267	True	BBC Alba	20	False	False
(filmRef)16268	True	BBC Alba	189	True	False
(filmRef)16269	True	BBC online	75	False	True
(filmRef)1627	False		127	True	False
(filmRef)16270	True	BBC online	66	False	True
(filmRef)16271	True	BBC online	61	False	True
(filmRef)16272	True	BBC online	51	False	True
(filmRef)16273	True	BBC online	50	False	True
(filmRef)16274	True	BBC online	57	False	True
(filmRef)16275	True	BBC online	53	False	True
(filmRef)16276	True	BBC online	53	False	True
(filmRef)16277	True	BBC online	58	False	True
(filmRef)16278	True	BBC online	58	False	True
(filmRef)16279	True	BBC online	43	False	False
(filmRef)1628	False		50	True	False
(filmRef)16280	True	BBC online	51	False	True
(filmRef)16281	True	BBC online	55	False	True
(filmRef)16282	False		12	False	False
(filmRef)16283	False		12	False	False
(filmRef)16284	False		13	False	False
(filmRef)16285	False		12	False	False
(filmRef)16286	False		13	False	False
(filmRef)16287	False		12	False	False
(filmRef)16288	False		13	False	False
(filmRef)16289	False		13	False	False
(filmRef)1629	False		480	True	False
(filmRef)16290	False		13	False	False
(filmRef)16291	True	All Media Scotland	33	False	False
(filmRef)16292	True	All Media Scotland	37	False	False
(filmRef)16293	True	All Media Scotland	38	False	False
(filmRef)16294	True	BBC Alba	38	False	False
(filmRef)16295	True	BBC Alba	38	False	False
(filmRef)16296	True	BBC Alba	35	False	False
(filmRef)16297	True	BBC Alba	34	False	False
(filmRef)16298	True	BBC Alba	34	False	False
(filmRef)16299	True	BBC Alba	32	False	False
(filmRef)1630	False		47	True	False
(filmRef)16300	True	BBC Alba	59	False	True
(filmRef)16301	False		30	False	False
(filmRef)16302	False		25	False	False
(filmRef)16303	False		25	False	False
(filmRef)16304	False		25	False	False
(filmRef)16305	False		25	False	False
(filmRef)16306	False		26	False	False
(filmRef)16307	False		25	False	False
(filmRef)16308	False		25	False	False
(filmRef)16309	True	Radio Times	42	False	False
(filmRef)1631	False		569	True	False
(filmRef)16310	True	Radio Times	33	False	False
(filmRef)16311	True	BBC Alba	46	False	False
(filmRef)16312	True	BBC Alba	46	False	False
(filmRef)16313	False		33	False	False
(filmRef)16314	True	BBC Alba	30	False	False
(filmRef)16315	False		15	False	False
(filmRef)16316	False		15	False	False
(filmRef)16317	False		15	False	False
(filmRef)16318	True	BBC Alba	33	False	False
(filmRef)16319	True	BBC Alba	35	False	False
(filmRef)1632	False		120	True	False
(filmRef)16320	True	BBC Alba	26	False	False
(filmRef)16321	True	BBC Alba	26	False	False
(filmRef)16322	True	BBC Alba	27	False	False
(filmRef)16323	True	BBC Alba	28	False	False
(filmRef)16324	True	BBC Alba	29	False	False
(filmRef)16325	False		11	False	False
(filmRef)16326	False		11	False	False
(filmRef)16327	False		11	False	False
(filmRef)16328	False		11	False	False
(filmRef)16329	False		11	False	False
(filmRef)1633	False		142	True	False
(filmRef)16330	False		11	False	False
(filmRef)16331	False		11	False	False
(filmRef)16332	False		11	False	False
(filmRef)16333	False		11	False	False
(filmRef)16334	False		11	False	False
(filmRef)16335	False		15	False	False
(filmRef)16336	False		14	False	False
(filmRef)16337	False		15	False	False
(filmRef)16338	False		15	False	False
(filmRef)16339	False		16	False	False
(filmRef)1634	False		196	True	False
(filmRef)16340	True	Radio times	57	False	True
(filmRef)16341	True	Radio times	60	False	True
(filmRef)16342	True	Radio times	68	False	True
(filmRef)16343	True	Radio times	59	False	True
(filmRef)16344	True	Radio times	44	False	False
(filmRef)16345	True	Radio times	73	False	True
(filmRef)16346	True	Radio times	50	False	True
(filmRef)16347	True	Radio times	60	False	True
(filmRef)16348	True	Radio times	65	False	True
(filmRef)16349	True	Radio times	50	False	True
(filmRef)1635	False		86	True	False
(filmRef)16350	True	Radio times	62	False	True
(filmRef)16351	True	Radio times	64	False	True
(filmRef)16352	True	Radio times	48	False	False
(filmRef)16353	True	Radio times	59	False	True
(filmRef)16354	True	Radio times	59	False	True
(filmRef)16355	True	Radio times	65	False	True
(filmRef)16356	True	Radio times	69	False	True
(filmRef)16357	True	Radio times	66	False	True
(filmRef)16358	True	Radio times	67	False	True
(filmRef)16359	True	Radio times	68	False	True
(filmRef)1636	False		670	True	False
(filmRef)16360	True	Radio times	74	False	True
(filmRef)16361	True	Radio times	67	False	True
(filmRef)16362	True	Radio times	63	False	True
(filmRef)16363	True	Radio times	51	False	True
(filmRef)16364	True	Radio times	51	False	True
(filmRef)16365	True	BBC Alba	34	False	False
(filmRef)16366	True	BBC Alba	66	False	True
(filmRef)16367	False		12	False	False
(filmRef)16368	True	BBC Alba	36	False	False
(filmRef)16369	True	BBC Alba	27	False	False
(filmRef)1637	False		209	True	False
(filmRef)16370	True	BBC Alba	32	False	False
(filmRef)16371	True	BBC Alba	25	False	False
(filmRef)16372	True	BBC Alba	25	False	False
(filmRef)16373	True	BBC Alba	25	False	False
(filmRef)16374	True	BBC Alba	25	False	False
(filmRef)16375	True	BBC Alba	25	False	False
(filmRef)16376	True	BBC Alba	25	False	False
(filmRef)16377	True	BBC Alba	25	False	False
(filmRef)16378	True	BBC Alba	25	False	False
(filmRef)16379	True	BBC Alba	25	False	False
(filmRef)1638	False		364	True	False
(filmRef)16380	True	BBC Alba	25	False	False
(filmRef)16381	True	BBC Alba	25	False	False
(filmRef)16382	True	BBC Alba	25	False	False
(filmRef)16383	True	BBC Alba	25	False	False
(filmRef)16384	True	BBC Alba	25	False	False
(filmRef)16385	True	BBC Alba	25	False	False
(filmRef)16386	True	BBC Alba	25	False	False
(filmRef)16387	True	BBC Alba	25	False	False
(filmRef)16388	True	BBC Alba	25	False	False
(filmRef)16389	True	BBC Alba	25	False	False
(filmRef)1639	False		64	True	False
(filmRef)16390	True	BBC Alba	25	False	False
(filmRef)16391	True	BBC Alba	25	False	False
(filmRef)16392	True	BBC Alba	25	False	False
(filmRef)16393	True	BBC Alba	25	False	False
(filmRef)16394	False		28	False	False
(filmRef)16395	False		38	False	False
(filmRef)16396	False		37	False	False
(filmRef)16397	False		38	False	False
(filmRef)16398	True	BBC Alba	140	True	False
(filmRef)16399	True	BBC Alba	140	True	False
(filmRef)1640	False		177	True	False
(filmRef)16400	True	BBC Alba	140	True	False
(filmRef)16401	True	BBC Alba	140	True	False
(filmRef)16402	True	BBC Alba	140	True	False
(filmRef)16403	True	BBC Alba	45	False	False
(filmRef)16404	True	BBC Alba	45	False	False
(filmRef)16405	True	BBC Alba	47	False	False
(filmRef)16406	True	BBC Alba	40	False	False
(filmRef)16407	True	BBC Alba	38	False	False
(filmRef)16408	True	BBC Alba	50	False	True
(filmRef)16409	True	BBC online	53	False	True
(filmRef)1641	False		1446	True	False
(filmRef)16410	True	BBC online	54	False	True
(filmRef)16411	True	BBC Alba	36	False	False
(filmRef)16412	True	BBC Alba	33	False	False
(filmRef)16413	True	BBC Alba	67	False	True
(filmRef)16414	False		12	False	False
(filmRef)16415	True	BBC Alba	37	False	False
(filmRef)16416	True	BBC Alba	34	False	False
(filmRef)16417	True	BBC Alba	33	False	False
(filmRef)16418	True	BBC Alba	58	False	True
(filmRef)16419	True	BBC Alba	38	False	False
(filmRef)1642	False		98	True	False
(filmRef)16420	False		1	False	False
(filmRef)16421	True	BBC Alba	29	False	False
(filmRef)16422	True	BBC Alba	73	False	True
(filmRef)16423	True	BBC Alba	19	False	False
(filmRef)16424	True	BBC Alba	28	False	False
(filmRef)16425	True	BBC Alba	145	True	False
(filmRef)16426	False		16	False	False
(filmRef)16427	False		1	False	False
(filmRef)16428	True	BBC Alba	112	True	False
(filmRef)16429	True	BBC Alba	145	True	False
(filmRef)1643	False		215	True	False
(filmRef)16430	True	BBC Alba	140	True	False
(filmRef)16431	True	BBC Alba	84	False	True
(filmRef)16432	True	BBC Alba	126	True	False
(filmRef)16433	True	BBC Alba	80	False	True
(filmRef)16434	True	BBC Alba	153	True	False
(filmRef)16435	True	BBC Alba	107	True	False
(filmRef)16436	True	BBC Alba	99	True	False
(filmRef)16437	True	BBC Alba	118	True	False
(filmRef)16438	True	BBC Alba	112	True	False
(filmRef)16439	True	BBC Alba	113	True	False
(filmRef)1644	False		352	True	False
(filmRef)16440	True	BBC Alba	63	False	True
(filmRef)16441	True	BBC Alba	36	False	False
(filmRef)16442	True	BBC Alba	51	False	True
(filmRef)16443	True	BBC Alba	36	False	False
(filmRef)16444	True	BBC Alba	50	False	True
(filmRef)16445	True	BBC Alba	43	False	False
(filmRef)16446	True	BBC online	172	True	False
(filmRef)16447	True	BBC Alba	47	False	False
(filmRef)16448	True	BBC Alba	37	False	False
(filmRef)16449	True	BBC Alba	22	False	False
(filmRef)1645	False		458	True	False
(filmRef)16450	True	BBC Alba	29	False	False
(filmRef)16451	True	BBC Alba	29	False	False
(filmRef)16452	True	BBC Alba	52	False	True
(filmRef)16453	True	BBC Alba	52	False	True
(filmRef)16454	True	BBC Alba	52	False	True
(filmRef)16455	True	BBC Alba	52	False	True
(filmRef)16456	True	BBC Alba	52	False	True
(filmRef)16457	True	BBC Alba	52	False	True
(filmRef)16458	False		40	False	False
(filmRef)16459	True	BBC Alba	36	False	False
(filmRef)1646	False		387	True	False
(filmRef)16460	True	BBC Alba	69	False	True
(filmRef)16461	True	BBC Alba	129	True	False
(filmRef)16462	True	BBC Alba	129	True	False
(filmRef)16463	True	BBC Alba	35	False	False
(filmRef)16464	True	BBC Alba	37	False	False
(filmRef)16465	True	BBC Alba	83	False	True
(filmRef)16466	True	BBC Alba	83	False	True
(filmRef)16467	True	BBC Alba	83	False	True
(filmRef)16468	True	BBC Alba	35	False	False
(filmRef)16469	True	BBC Alba	93	False	True
(filmRef)1647	False		216	True	False
(filmRef)16470	True	BBC Alba	91	False	True
(filmRef)16471	True	BBC Alba	30	False	False
(filmRef)16472	True	BBC Alba	87	False	True
(filmRef)16473	True	BBC Alba	35	False	False
(filmRef)16474	True	BBC Alba	35	False	False
(filmRef)16475	True	BBC Alba	75	False	True
(filmRef)16476	True	BBC Alba	108	False	True
(filmRef)16477	False		26	False	False
(filmRef)16478	False		18	False	False
(filmRef)16479	False		23	False	False
(filmRef)1648	False		295	True	False
(filmRef)16480	False		14	False	False
(filmRef)16481	False		29	False	False
(filmRef)16482	True	BBC Alba	54	False	True
(filmRef)16483	True	BBC Alba	54	False	True
(filmRef)16484	True	BBC Alba	54	False	True
(filmRef)16485	True	BBC Alba	54	False	True
(filmRef)16487	True	BBC Alba	34	False	False
(filmRef)16488	True	BBC Alba	30	False	False
(filmRef)16489	True	BBC Alba	73	False	True
(filmRef)1649	False		300	True	False
(filmRef)16490	True	BBC Alba	64	False	True
(filmRef)16491	True	BBC Alba	61	False	True
(filmRef)16492	True	BBC Alba	67	False	True
(filmRef)16493	True	BBC Alba	62	False	True
(filmRef)16494	True	BBC Alba	61	False	True
(filmRef)16495	True	BBC Alba	69	False	True
(filmRef)16496	True	BBC Alba	65	False	True
(filmRef)16497	True	BBC Alba	62	False	True
(filmRef)16498	True	BBC Alba	206	True	False
(filmRef)16499	True	BBC Alba	204	True	False
(filmRef)1650	False		255	True	False
(filmRef)16500	True	BBC Alba	186	True	False
(filmRef)16501	True	BBC Alba	190	True	False
(filmRef)16502	True	BBC Alba	144	True	False
(filmRef)16503	True	BBC Alba	253	True	False
(filmRef)16504	True	BBC Alba	229	True	False
(filmRef)16505	True	BBC Alba	228	True	False
(filmRef)16506	True	BBC Alba	41	False	False
(filmRef)16507	True	BBC Alba	42	False	False
(filmRef)16508	True	BBC Alba	47	False	False
(filmRef)16509	True	BBC Alba	49	False	False
(filmRef)1651	False		303	True	False
(filmRef)16510	True	BBC Alba	36	False	False
(filmRef)16511	True	BBC Alba	46	False	False
(filmRef)16512	True	BBC Alba	48	False	False
(filmRef)16513	True	BBC Alba	51	False	True
(filmRef)16514	True	BBC Alba	34	False	False
(filmRef)16515	True	BBC Alba	37	False	False
(filmRef)16516	True	BBC Alba	60	False	True
(filmRef)16517	True	BBC Alba	105	False	True
(filmRef)16518	True	BBC Alba	90	False	True
(filmRef)16519	True	BBC Alba	46	False	False
(filmRef)1652	False		182	True	False
(filmRef)16520	True	BBC Alba	59	False	True
(filmRef)16521	True	BBC Alba	60	False	True
(filmRef)16522	True	BBC Alba	66	False	True
(filmRef)16523	False		61	False	False
(filmRef)16524	False		35	False	False
(filmRef)16525	True	BBC Alba	48	False	False
(filmRef)16526	True	BBC Alba	53	False	True
(filmRef)16527	True	BBC Alba	58	False	True
(filmRef)16528	True	BBC Alba	32	False	False
(filmRef)16529	True	BBC Alba	32	False	False
(filmRef)1653	False		371	True	False
(filmRef)16530	True	BBC Alba	32	False	False
(filmRef)16531	True	BBC Alba	135	False	True
(filmRef)16532	True	BBC Alba	126	False	True
(filmRef)16533	True	BBC Alba	132	False	True
(filmRef)16534	True	BBC Alba	143	False	True
(filmRef)16535	True	BBC Alba	133	False	True
(filmRef)16536	True	BBC Alba	129	False	True
(filmRef)16537	True	BBC Alba	135	False	True
(filmRef)16538	True	BBC Alba	144	False	True
(filmRef)16539	True	BBC Alba	155	False	True
(filmRef)1654	False		204	True	False
(filmRef)16540	True	BBC Alba	131	False	True
(filmRef)16541	True	BBC Alba	110	False	True
(filmRef)16542	True	BBC Alba	147	False	True
(filmRef)16543	True	BBC Alba	209	False	True
(filmRef)16544	True	BBC Alba	132	False	True
(filmRef)16545	True	BBC Alba	32	False	False
(filmRef)16546	True	BBC Alba	73	False	True
(filmRef)16547	True	BBC Alba	73	False	True
(filmRef)16548	True	BBC Alba	76	False	True
(filmRef)16549	True	BBC Alba	87	False	True
(filmRef)1655	False		520	True	False
(filmRef)16550	True	BBC Alba	76	False	True
(filmRef)16551	True	BBC Alba	119	True	False
(filmRef)16552	True	BBC Alba	147	True	False
(filmRef)16553	True	BBC Alba	140	True	False
(filmRef)16554	True	BBC Alba	192	True	False
(filmRef)16555	True	BBC Alba	14	False	False
(filmRef)16556	True	BBC Alba	14	False	False
(filmRef)16557	True	BBC Alba	14	False	False
(filmRef)16558	True	BBC Alba	47	False	False
(filmRef)16559	True	BBC Alba	52	False	True
(filmRef)1656	False		58	True	False
(filmRef)16560	True	BBC Alba	71	False	True
(filmRef)16561	True	BBC Alba	59	False	True
(filmRef)16562	True	BBC Alba	51	False	True
(filmRef)16563	True	BBC Alba	30	False	False
(filmRef)16564	True	BBC Alba	30	False	False
(filmRef)16565	True	BBC Alba	99	False	True
(filmRef)16566	True	BBC Alba	72	False	True
(filmRef)16567	True	BBC Alba	60	False	True
(filmRef)16568	True	BBC Alba	35	False	False
(filmRef)16569	True	BBC Alba	77	False	True
(filmRef)1657	False		110	True	False
(filmRef)16570	True	BBC Alba	55	False	True
(filmRef)16571	True	BBC Alba	29	False	False
(filmRef)16572	True	BBC Alba	225	True	False
(filmRef)16573	True	BBC Alba	147	True	False
(filmRef)16574	True	BBC Alba	201	True	False
(filmRef)16575	True	BBC Alba	174	True	False
(filmRef)16576	True	BBC Alba	173	True	False
(filmRef)16577	True	BBC Alba	160	True	False
(filmRef)16578	True	All Media Scotland	35	False	False
(filmRef)16579	True	All Media Scotland	33	False	False
(filmRef)1658	False		301	True	False
(filmRef)16580	True	All Media Scotland	35	False	False
(filmRef)16581	True	All Media Scotland	36	False	False
(filmRef)16582	True	BBC Alba	267	True	False
(filmRef)16583	False		27	False	False
(filmRef)16587	False		19	False	False
(filmRef)16588	False		16	False	False
(filmRef)16589	True	Radio Times	19	False	False
(filmRef)1659	False		102	True	False
(filmRef)16590	False		21	False	False
(filmRef)16591	True	BBC Alba	14	False	False
(filmRef)16592	True	BBC Alba	14	False	False
(filmRef)16593	True	BBC Alba	14	False	False
(filmRef)16594	True	BBC Alba	14	False	False
(filmRef)16595	True	BBC Alba	14	False	False
(filmRef)16596	True	BBC Alba	14	False	False
(filmRef)16597	True	BBC Alba	14	False	False
(filmRef)16598	True	BBC Alba	14	False	False
(filmRef)16599	False		22	False	False
(filmRef)1660	False		84	True	False
(filmRef)16600	False		21	False	False
(filmRef)16601	False		22	False	False
(filmRef)16602	False		21	False	False
(filmRef)16603	False		22	False	False
(filmRef)16604	False		23	False	False
(filmRef)16605	False		26	False	False
(filmRef)1661	False		165	True	False
(filmRef)1662	False		75	True	False
(filmRef)1663	False		986	True	False
(filmRef)16631	True	BBC Alba	14	False	False
(filmRef)16632	True	BBC Alba	14	False	False
(filmRef)16634	True	BBC Alba	14	False	False
(filmRef)16635	True	BBC Alba	14	False	False
(filmRef)16636	False		145	True	False
(filmRef)16637	False		120	True	False
(filmRef)16638	False		153	True	False
(filmRef)16640	False		27	False	False
(filmRef)16641	False		27	False	False
(filmRef)16642	False		29	False	False
(filmRef)16643	False		29	False	False
(filmRef)16644	False		29	False	False
(filmRef)16645	False		31	False	False
(filmRef)16646	True	Radio Times	37	False	False
(filmRef)16648	False		28	False	False
(filmRef)16649	False		22	False	False
(filmRef)16650	False		41	False	False
(filmRef)16651	False		40	False	False
(filmRef)16652	False		40	False	False
(filmRef)16653	False		40	False	False
(filmRef)16654	False		40	False	False
(filmRef)16655	False		40	False	False
(filmRef)16656	False		31	False	False
(filmRef)16657	False		31	False	False
(filmRef)16658	False		31	False	False
(filmRef)16659	False		31	False	False
(filmRef)1666	False		90	True	False
(filmRef)16660	False		31	False	False
(filmRef)16661	False		32	False	False
(filmRef)16662	False		31	False	False
(filmRef)16663	False		31	False	False
(filmRef)16664	False		31	False	False
(filmRef)16665	False		31	False	False
(filmRef)16666	False		31	False	False
(filmRef)16667	False		31	False	False
(filmRef)16668	False		31	False	False
(filmRef)16669	False		29	False	False
(filmRef)16670	False		31	False	False
(filmRef)16671	False		31	False	False
(filmRef)16672	False		31	False	False
(filmRef)16673	False		31	False	False
(filmRef)16674	False		28	False	False
(filmRef)16675	False		31	False	False
(filmRef)16676	False		26	False	False
(filmRef)16677	False		32	False	False
(filmRef)16678	False		26	False	False
(filmRef)16679	False		33	False	False
(filmRef)1668	False		306	True	False
(filmRef)16680	False		27	False	False
(filmRef)16681	False		31	False	False
(filmRef)16682	False		29	False	False
(filmRef)16683	False		31	False	False
(filmRef)16684	False		29	False	False
(filmRef)16685	False		31	False	False
(filmRef)16686	False		39	False	False
(filmRef)16687	False		29	False	False
(filmRef)16688	False		29	False	False
(filmRef)16689	False		31	False	False
(filmRef)1669	False		234	True	False
(filmRef)16690	False		31	False	False
(filmRef)16691	False		29	False	False
(filmRef)16692	False		65	False	False
(filmRef)16693	False		62	False	False
(filmRef)16694	False		34	False	False
(filmRef)16695	False		57	False	False
(filmRef)16696	False		34	False	False
(filmRef)16697	False		34	False	False
(filmRef)16698	False		34	False	False
(filmRef)16699	False		69	True	False
(filmRef)1670	False		103	True	False
(filmRef)16700	False		29	False	False
(filmRef)16701	False		31	False	False
(filmRef)16702	False		31	False	False
(filmRef)16703	False		29	False	False
(filmRef)16704	False		29	False	False
(filmRef)16705	False		30	False	False
(filmRef)16706	False		25	False	False
(filmRef)16707	False		33	False	False
(filmRef)16708	False		21	False	False
(filmRef)16709	False		29	False	False
(filmRef)1671	False		73	True	False
(filmRef)16710	False		29	False	False
(filmRef)16711	False		31	False	False
(filmRef)16712	False		31	False	False
(filmRef)16713	False		31	False	False
(filmRef)16714	False		31	False	False
(filmRef)16715	False		19	False	False
(filmRef)16716	True	Radio Times	41	False	False
(filmRef)16717	False		29	False	False
(filmRef)16718	False		29	False	False
(filmRef)16719	False		31	False	False
(filmRef)1672	False		189	True	False
(filmRef)16720	False		31	False	False
(filmRef)16721	False		31	False	False
(filmRef)16722	False		31	False	False
(filmRef)16723	False		29	False	False
(filmRef)16724	False		29	False	False
(filmRef)16725	False		29	False	False
(filmRef)16726	False		31	False	False
(filmRef)16727	False		29	False	False
(filmRef)16728	False		31	False	False
(filmRef)16729	False		31	False	False
(filmRef)1673	False		335	True	False
(filmRef)16730	False		29	False	False
(filmRef)16731	False		31	False	False
(filmRef)16732	False		31	False	False
(filmRef)16733	False		29	False	False
(filmRef)16734	False		29	False	False
(filmRef)16735	False		31	False	False
(filmRef)16736	False		29	False	False
(filmRef)16737	False		21	False	False
(filmRef)1674	False		203	True	False
(filmRef)16741	False		29	False	False
(filmRef)16742	False		31	False	False
(filmRef)16743	False		31	False	False
(filmRef)16744	False		31	False	False
(filmRef)16745	False		31	False	False
(filmRef)16746	False		31	False	False
(filmRef)16747	False		29	False	False
(filmRef)16748	False		31	False	False
(filmRef)16749	False		31	False	False
(filmRef)1675	False		151	True	False
(filmRef)16750	False		29	False	False
(filmRef)16751	False		31	False	False
(filmRef)16752	False		31	False	False
(filmRef)16753	True	Radio Times	40	False	False
(filmRef)16754	True	Radio Times	40	False	False
(filmRef)16755	False		31	False	False
(filmRef)16756	False		31	False	False
(filmRef)16757	False		60	False	False
(filmRef)16758	False		57	False	False
(filmRef)16759	False		53	False	False
(filmRef)1676	False		421	True	False
(filmRef)16760	False		54	False	False
(filmRef)16761	False		55	False	False
(filmRef)16762	False		60	False	False
(filmRef)16763	False		35	False	False
(filmRef)16764	True	Radio times	29	False	False
(filmRef)16765	False		31	False	False
(filmRef)16766	False		31	False	False
(filmRef)16767	False		29	False	False
(filmRef)16768	False		31	False	False
(filmRef)16770	False		31	False	False
(filmRef)16771	False		29	False	False
(filmRef)16772	False		29	False	False
(filmRef)16774	False		31	False	False
(filmRef)16775	False		29	False	False
(filmRef)16776	False		31	False	False
(filmRef)16777	False		31	False	False
(filmRef)16778	False		29	False	False
(filmRef)16779	False		29	False	False
(filmRef)1678	False		102	True	False
(filmRef)16780	False		31	False	False
(filmRef)16781	False		29	False	False
(filmRef)16782	False		29	False	False
(filmRef)16783	False		29	False	False
(filmRef)16784	False		22	False	False
(filmRef)16785	False		22	False	False
(filmRef)16786	False		22	False	False
(filmRef)16787	False		21	False	False
(filmRef)16788	False		22	False	False
(filmRef)16789	False		22	False	False
(filmRef)1679	False		321	True	False
(filmRef)16790	False		15	False	False
(filmRef)16791	True	BBC Alba	54	False	True
(filmRef)16793	True	BBC Alba	55	False	True
(filmRef)16794	True	BBC Alba	51	False	True
(filmRef)16795	True	BBC Alba	75	False	True
(filmRef)16796	True	BBC Alba	70	False	True
(filmRef)16797	True	BBC Alba	86	False	True
(filmRef)16798	True	BBC Alba	49	False	False
(filmRef)16799	True	BBC Alba	155	True	False
(filmRef)1680	False		209	True	False
(filmRef)16800	True	BBC Alba	139	True	False
(filmRef)16801	True	BBC Alba	140	True	False
(filmRef)16802	True	BBC Alba	109	True	False
(filmRef)16803	True	BBC Alba	95	True	False
(filmRef)16804	True	BBC Alba	96	True	False
(filmRef)16805	True	BBC Alba	170	True	False
(filmRef)16806	True	BBC Alba	193	True	False
(filmRef)16807	True	BBC Alba	136	True	False
(filmRef)16808	True	BBC Alba	111	True	False
(filmRef)16809	False		9	False	False
(filmRef)1681	False		206	True	False
(filmRef)16810	False		9	False	False
(filmRef)16811	False		9	False	False
(filmRef)16812	False		9	False	False
(filmRef)16813	False		9	False	False
(filmRef)16814	True	BBC Alba	13	False	False
(filmRef)16815	True	BBC Alba	226	True	False
(filmRef)16817	True	BBC Alba	63	False	True
(filmRef)16818	True	BBC Alba	166	True	False
(filmRef)16819	True	BBC Alba	167	True	False
(filmRef)1682	False		289	True	False
(filmRef)16820	True	BBC Alba	166	True	False
(filmRef)16821	True	BBC Alba	164	True	False
(filmRef)16822	True	BBC Alba	30	False	False
(filmRef)16823	True	BBC Alba	23	False	False
(filmRef)16824	True	BBC Alba	23	False	False
(filmRef)16825	False		46	False	False
(filmRef)16826	False		30	False	False
(filmRef)16827	False		40	False	False
(filmRef)16828	False		43	False	False
(filmRef)16829	False		44	False	False
(filmRef)1683	False		317	True	False
(filmRef)16830	False		37	False	False
(filmRef)16831	False		41	False	False
(filmRef)16832	False		51	False	False
(filmRef)16833	False		39	False	False
(filmRef)16834	False		35	False	False
(filmRef)16835	True	BBC online	144	True	False
(filmRef)16836	True	BBC online	138	True	False
(filmRef)16837	True	BBC online	142	True	False
(filmRef)16838	True	BBC online	155	True	False
(filmRef)16839	True	BBC online	161	True	False
(filmRef)1684	False		638	True	False
(filmRef)16840	True	BBC online	134	True	False
(filmRef)16841	True	BBC online	138	True	False
(filmRef)16842	True	BBC online	122	True	False
(filmRef)16843	True	BBC Alba	141	True	False
(filmRef)16844	True	BBC Alba	194	True	False
(filmRef)16845	True	BBC Alba	45	False	False
(filmRef)16846	False		21	False	False
(filmRef)16847	False		33	False	False
(filmRef)16848	True	BBC Alba	54	False	True
(filmRef)16849	True	BBC Alba	142	True	False
(filmRef)1685	False		335	True	False
(filmRef)16850	True	BBC Alba	142	True	False
(filmRef)16851	True	BBC Alba	45	False	False
(filmRef)16852	True	BBC Alba	139	True	False
(filmRef)16853	True	BBC Alba	294	True	False
(filmRef)16854	False		12	False	False
(filmRef)16855	False		12	False	False
(filmRef)16856	False		12	False	False
(filmRef)16857	False		24	False	False
(filmRef)16858	False		25	False	False
(filmRef)16859	False		24	False	False
(filmRef)1686	False		453	True	False
(filmRef)16860	False		24	False	False
(filmRef)16861	False		24	False	False
(filmRef)16862	False		25	False	False
(filmRef)16863	True	Radio times	68	False	True
(filmRef)16864	True	Radio times	62	False	True
(filmRef)16865	True	Radio times	61	False	True
(filmRef)16866	True	Radio times	65	False	True
(filmRef)16867	True	Radio times	61	False	True
(filmRef)16868	True	Radio times	60	False	True
(filmRef)16869	True	Radio times	61	False	True
(filmRef)1687	False		534	True	False
(filmRef)16870	True	Radio times	49	False	False
(filmRef)16871	True	Radio times	69	False	True
(filmRef)16872	False		12	False	False
(filmRef)16873	False		17	False	False
(filmRef)16874	False		15	False	False
(filmRef)16875	False		16	False	False
(filmRef)16876	True	MG Alba	233	True	False
(filmRef)16877	True	BBC Alba	35	False	False
(filmRef)16878	True	All Media Scotland	47	False	False
(filmRef)16879	True	All Media Scotland	41	False	False
(filmRef)1688	False		115	True	False
(filmRef)16880	True	BBC Alba	71	False	True
(filmRef)16881	True	BBC Alba	82	False	True
(filmRef)16882	True	BBC Alba	79	False	True
(filmRef)16883	True	BBC Alba	81	False	True
(filmRef)16884	True	BBC Alba	75	False	True
(filmRef)16885	True	BBC Alba	72	False	True
(filmRef)16886	True	BBC Alba	72	False	True
(filmRef)16887	True	BBC Alba	76	False	True
(filmRef)16888	True	BBC Alba	87	False	True
(filmRef)16889	True	BBC Alba	63	False	True
(filmRef)1689	False		229	True	False
(filmRef)16890	True	BBC Alba	14	False	False
(filmRef)16891	True	BBC Alba	14	False	False
(filmRef)16892	True	BBC Alba	14	False	False
(filmRef)16893	True	BBC Alba	14	False	False
(filmRef)16894	True	BBC Alba	14	False	False
(filmRef)16895	True	BBC Online	55	False	True
(filmRef)16896	True	BBC Online	51	False	True
(filmRef)16897	True	BBC Online	54	False	True
(filmRef)16898	True	BBC Online	56	False	True
(filmRef)16899	True	BBC Alba	23	False	False
(filmRef)1690	False		102	True	False
(filmRef)16900	False		19	False	False
(filmRef)16901	False		19	False	False
(filmRef)16902	False		18	False	False
(filmRef)16903	False		19	False	False
(filmRef)16904	False		19	False	False
(filmRef)16905	False		18	False	False
(filmRef)16906	False		19	False	False
(filmRef)16907	False		18	False	False
(filmRef)16908	False		19	False	False
(filmRef)16909	False		19	False	False
(filmRef)1691	False		673	True	False
(filmRef)16910	False		19	False	False
(filmRef)16911	False		19	False	False
(filmRef)16912	False		19	False	False
(filmRef)16913	False		19	False	False
(filmRef)16914	False		19	False	False
(filmRef)16915	False		19	False	False
(filmRef)16916	False		25	False	False
(filmRef)16917	False		25	False	False
(filmRef)16918	False		30	False	False
(filmRef)16919	True	BBC Alba	208	False	True
(filmRef)1692	False		311	True	False
(filmRef)16920	True	BBC Alba	157	False	True
(filmRef)16921	True	BBC Alba	171	False	True
(filmRef)16922	True	BBC Alba	149	False	True
(filmRef)16923	True	BBC Alba	132	False	True
(filmRef)16924	True	BBC Alba	117	False	True
(filmRef)16925	True	BBC Alba	46	False	False
(filmRef)16926	True	BBC Alba	40	False	False
(filmRef)16927	True	BBC Alba	22	False	False
(filmRef)16928	True	BBC Alba	39	False	False
(filmRef)16929	True	BBC Alba	43	False	False
(filmRef)1693	False		638	True	False
(filmRef)16930	True	BBC Alba	56	False	True
(filmRef)16931	True	BBC Alba	38	False	False
(filmRef)16932	True	BBC Alba	33	False	False
(filmRef)16933	False		20	False	False
(filmRef)16934	True	BBC Alba	37	False	False
(filmRef)16935	True	BBC Alba	63	False	True
(filmRef)16936	True	BBC Alba	89	False	True
(filmRef)16937	True	BBC Alba	194	True	False
(filmRef)16938	False		55	False	False
(filmRef)16939	False		50	False	False
(filmRef)1694	False		446	True	False
(filmRef)16940	False		38	False	False
(filmRef)16941	False		29	False	False
(filmRef)16942	False		41	False	False
(filmRef)16943	False		35	False	False
(filmRef)16944	False		46	False	False
(filmRef)16945	False		43	False	False
(filmRef)16946	False		39	False	False
(filmRef)16947	False		57	False	False
(filmRef)16948	False		22	False	False
(filmRef)16949	False		43	False	False
(filmRef)1695	False		280	True	False
(filmRef)16950	False		48	False	False
(filmRef)16951	False		46	False	False
(filmRef)16952	False		29	False	False
(filmRef)16953	False		25	False	False
(filmRef)16954	False		25	False	False
(filmRef)16955	False		25	False	False
(filmRef)16956	False		26	False	False
(filmRef)16957	False		25	False	False
(filmRef)16958	False		25	False	False
(filmRef)16959	False		25	False	False
(filmRef)1696	False		364	True	False
(filmRef)16960	False		26	False	False
(filmRef)16961	False		25	False	False
(filmRef)16962	True	BBC Alba	57	False	True
(filmRef)16963	True	BBC Alba	43	False	False
(filmRef)16964	True	BBC Alba	47	False	False
(filmRef)16965	True	BBC Alba	44	False	False
(filmRef)16966	True	BBC Alba	39	False	False
(filmRef)16967	True	BBC Alba	41	False	False
(filmRef)16968	True	BBC Alba	47	False	False
(filmRef)16969	False		22	False	False
(filmRef)1697	False		50	True	False
(filmRef)16970	False		25	False	False
(filmRef)16971	False		25	False	False
(filmRef)16972	False		25	False	False
(filmRef)16973	False		25	False	False
(filmRef)16974	False		25	False	False
(filmRef)16975	False		259	False	False
(filmRef)16976	True	BBC Alba	249	True	False
(filmRef)16977	False		0	False	False
(filmRef)16978	False		0	False	False
(filmRef)16979	False		0	False	False
(filmRef)1698	False		60	True	False
(filmRef)16980	False		50	False	False
(filmRef)16981	True	Radio times	68	False	True
(filmRef)16982	True	Radio times	49	False	False
(filmRef)16983	True	Radio times	60	False	True
(filmRef)16984	True	Radio times	40	False	False
(filmRef)16985	True	Radio times	57	False	True
(filmRef)16986	True	Radio times	42	False	False
(filmRef)16987	True	Radio times	58	False	True
(filmRef)16988	True	BBC Alba	62	False	True
(filmRef)16989	False		12	False	False
(filmRef)1699	False		279	True	False
(filmRef)16990	False		12	False	False
(filmRef)16991	False		11	False	False
(filmRef)16992	False		12	False	False
(filmRef)16993	False		12	False	False
(filmRef)16994	False		12	False	False
(filmRef)16995	False		12	False	False
(filmRef)16996	False		12	False	False
(filmRef)16997	False		12	False	False
(filmRef)16998	True	BBC Alba	14	False	False
(filmRef)16999	True	BBC Alba	14	False	False
(filmRef)1700	False		212	True	False
(filmRef)17000	True	BBC Alba	14	False	False
(filmRef)17001	True	BBC Alba	14	False	False
(filmRef)17002	True	BBC Alba	14	False	False
(filmRef)17003	True	BBC Alba	16	False	False
(filmRef)17004	True	BBC Alba	16	False	False
(filmRef)17005	True	BBC Alba	16	False	False
(filmRef)17006	True	BBC Alba	16	False	False
(filmRef)17007	True	BBC Alba	16	False	False
(filmRef)17008	True	BBC Alba	16	False	False
(filmRef)17009	True	BBC Alba	16	False	False
(filmRef)1701	False		363	True	False
(filmRef)17010	True	BBC Alba	30	False	False
(filmRef)17011	True	BBC Alba	98	False	True
(filmRef)17012	True	BBC Alba	118	True	False
(filmRef)17013	True	BBC Alba	112	True	False
(filmRef)17014	True	BBC Alba	120	True	False
(filmRef)17015	True	BBC Alba	116	True	False
(filmRef)17016	True	BBC Alba	114	True	False
(filmRef)17017	True	BBC Alba	110	True	False
(filmRef)17018	True	BBC Alba	110	True	False
(filmRef)17019	True	BBC Alba	112	True	False
(filmRef)1702	False		203	True	False
(filmRef)17020	True	BBC Alba	111	True	False
(filmRef)17021	True	BBC Alba	114	True	False
(filmRef)17022	True	BBC Alba	116	True	False
(filmRef)17023	True	BBC Alba	108	True	False
(filmRef)17024	True	BBC Alba	115	True	False
(filmRef)17025	True	BBC Alba	118	True	False
(filmRef)17026	True	BBC Alba	115	True	False
(filmRef)17027	True	BBC Alba	112	True	False
(filmRef)17028	True	BBC Alba	107	True	False
(filmRef)17029	True	BBC Alba	109	True	False
(filmRef)1703	False		369	True	False
(filmRef)17030	True	BBC Alba	114	True	False
(filmRef)17031	True	Radio times	69	False	True
(filmRef)17032	True	Radio times	63	False	True
(filmRef)17033	True	Radio times	62	False	True
(filmRef)17034	True	Radio times	66	False	True
(filmRef)17035	True	Radio times	62	False	True
(filmRef)17036	True	Radio times	61	False	True
(filmRef)17037	True	Radio times	62	False	True
(filmRef)17038	True	Radio times	50	False	True
(filmRef)17039	True	Radio times	70	False	True
(filmRef)1704	False		167	True	False
(filmRef)17040	False		13	False	False
(filmRef)17041	False		18	False	False
(filmRef)17042	True	Radio times	43	False	False
(filmRef)17043	False		17	False	False
(filmRef)17044	True	Radio times	69	False	True
(filmRef)17045	True	Radio times	50	False	True
(filmRef)17046	True	Radio times	61	False	True
(filmRef)17047	True	Radio times	44	False	False
(filmRef)17048	True	Radio times	58	False	True
(filmRef)17049	False		16	False	False
(filmRef)1705	False		279	True	False
(filmRef)17050	True	Radio times	59	False	True
(filmRef)17051	True	BBC Alba	28	False	False
(filmRef)17052	True	BBC Alba	25	False	False
(filmRef)17053	True	BBC Alba	25	False	False
(filmRef)17054	True	BBC Alba	25	False	False
(filmRef)17055	True	BBC Alba	25	False	False
(filmRef)17056	True	BBC Alba	25	False	False
(filmRef)17057	True	BBC Alba	25	False	False
(filmRef)17058	True	BBC Alba	25	False	False
(filmRef)17059	True	BBC Alba	25	False	False
(filmRef)1706	False		48	True	False
(filmRef)17060	True	BBC Alba	25	False	False
(filmRef)17061	True	BBC Alba	25	False	False
(filmRef)17062	True	BBC Alba	23	False	False
(filmRef)17063	True	BBC Alba	25	False	False
(filmRef)17064	True	BBC Alba	25	False	False
(filmRef)17065	True	BBC Alba	25	False	False
(filmRef)17066	True	BBC Alba	25	False	False
(filmRef)17067	True	BBC Alba	25	False	False
(filmRef)17068	True	BBC Alba	25	False	False
(filmRef)17069	True	BBC Alba	25	False	False
(filmRef)1707	False		125	True	False
(filmRef)17070	True	BBC Alba	25	False	False
(filmRef)17071	True	BBC Alba	97	False	True
(filmRef)17072	True	BBC Alba	64	False	True
(filmRef)17073	True	BBC Alba	44	False	False
(filmRef)17074	True	BBC Alba	55	False	True
(filmRef)17075	True	BBC Alba	74	False	True
(filmRef)17076	True	BBC Alba	85	False	True
(filmRef)17077	True	BBC Alba	115	False	True
(filmRef)17078	True	BBC Alba	207	False	True
(filmRef)17079	True	BBC Alba	253	False	True
(filmRef)1708	False		113	True	False
(filmRef)17080	True	BBC Alba	181	False	True
(filmRef)17081	True	BBC Alba	137	False	True
(filmRef)17082	True	BBC Alba	182	False	True
(filmRef)17083	True	BBC Alba	204	False	True
(filmRef)17084	True	BBC Alba	164	False	True
(filmRef)17085	True	BBC Alba	237	False	True
(filmRef)17086	True	BBC Alba	242	False	True
(filmRef)17087	True	BBC Alba	35	False	False
(filmRef)17088	True	BBC Alba	30	False	False
(filmRef)17089	True	BBC Alba	181	True	False
(filmRef)1709	False		46	True	False
(filmRef)17090	True	BBC Alba	161	True	False
(filmRef)17091	True	BBC Alba	45	False	False
(filmRef)17092	True	BBC Alba	59	False	True
(filmRef)17093	False		11	False	False
(filmRef)17094	False		11	False	False
(filmRef)17095	True	BBC Alba	13	False	False
(filmRef)17096	True	BBC Alba	17	False	False
(filmRef)17097	True	BBC Alba	238	True	False
(filmRef)17098	True	BBC Alba	351	True	False
(filmRef)17099	True	BBC Alba	126	True	False
(filmRef)1710	False		187	True	False
(filmRef)17100	True	BBC Alba	106	True	False
(filmRef)17101	True	BBC Alba	102	True	False
(filmRef)17102	True	BBC Alba	50	False	True
(filmRef)17103	True	BBC Alba	48	False	False
(filmRef)17104	True	BBC Alba	47	False	False
(filmRef)17105	True	BBC Alba	46	False	False
(filmRef)17106	True	BBC Alba	134	True	False
(filmRef)17107	True	BBC Alba	49	False	False
(filmRef)17108	True	BBC Alba	46	False	False
(filmRef)17109	True	BBC Alba	31	False	False
(filmRef)1711	False		125	True	False
(filmRef)17110	False		22	False	False
(filmRef)17111	False		22	False	False
(filmRef)17112	False		22	False	False
(filmRef)17113	False		22	False	False
(filmRef)17114	False		22	False	False
(filmRef)17115	False		22	False	False
(filmRef)17116	True	BBC Alba	58	False	True
(filmRef)17117	True	BBC Alba	47	False	False
(filmRef)17118	False		6	False	False
(filmRef)17119	True	BBC Alba	170	True	False
(filmRef)1712	False		159	True	False
(filmRef)17120	True	BBC Alba	176	True	False
(filmRef)17121	True	BBC Alba	178	True	False
(filmRef)17122	True	BBC Alba	148	True	False
(filmRef)17123	True	BBC Alba	175	True	False
(filmRef)17124	True	BBC Alba	49	False	False
(filmRef)17125	True	BBC Alba	50	False	True
(filmRef)17126	True	BBC online	150	True	False
(filmRef)17127	True	BBC online	147	True	False
(filmRef)17128	True	BBC online	166	True	False
(filmRef)17129	True	BBC online	156	True	False
(filmRef)1713	False		62	True	False
(filmRef)17130	True	BBC Alba	50	False	True
(filmRef)17131	True	BBC Alba	50	False	True
(filmRef)17132	True	BBC Alba	36	False	False
(filmRef)17133	True	BBC Alba	55	False	True
(filmRef)17134	True	BBC Alba	55	False	True
(filmRef)17135	True	BBC Alba	55	False	True
(filmRef)17136	True	BBC Alba	55	False	True
(filmRef)17137	True	BBC Alba	55	False	True
(filmRef)17138	True	BBC Alba	55	False	True
(filmRef)17139	True	BBC Alba	55	False	True
(filmRef)1714	False		63	True	False
(filmRef)17140	True	BBC Alba	55	False	True
(filmRef)17141	True	BBC Alba	57	False	True
(filmRef)17142	True	BBC Alba	40	False	False
(filmRef)17143	True	BBC Alba	53	False	True
(filmRef)17144	True	BBC Alba	47	False	False
(filmRef)17145	True	BBC Alba	318	True	False
(filmRef)17146	True	BBC Alba	45	False	False
(filmRef)17147	True	BBC Alba	53	False	True
(filmRef)17148	False		45	False	False
(filmRef)17149	True	BBC Alba	60	False	True
(filmRef)1715	False		35	True	False
(filmRef)17150	True	BBC Alba	40	False	False
(filmRef)17151	True	BBC Alba	57	False	True
(filmRef)17152	False		45	False	False
(filmRef)17153	True	BBC Alba	200	True	False
(filmRef)17154	True	BBC Alba	55	False	True
(filmRef)17155	True	BBC Alba	55	False	True
(filmRef)17156	True	BBC Alba	156	True	False
(filmRef)17157	True	BBC Alba	158	True	False
(filmRef)17158	True	BBC Alba	148	True	False
(filmRef)17159	True	BBC Alba	160	True	False
(filmRef)1716	False		78	True	False
(filmRef)17160	True	BBC Alba	178	True	False
(filmRef)17161	True	BBC Alba	48	False	False
(filmRef)17162	True	BBC Alba	48	False	False
(filmRef)17163	True	BBC Alba	48	False	False
(filmRef)17164	True	BBC Alba	48	False	False
(filmRef)17165	True	BBC Alba	48	False	False
(filmRef)17166	True	BBC Alba	48	False	False
(filmRef)17167	True	BBC Alba	46	False	False
(filmRef)17168	True	BBC Alba	39	False	False
(filmRef)17169	True	BBC Alba	25	False	False
(filmRef)1717	False		27	True	False
(filmRef)17170	True	BBC Alba	51	False	True
(filmRef)17171	True	BBC Alba	64	False	True
(filmRef)17172	True	BBC Alba	65	False	True
(filmRef)17173	True	BBC Alba	80	False	True
(filmRef)17174	True	BBC Alba	65	False	True
(filmRef)17175	True	BBC Alba	72	False	True
(filmRef)17176	True	BBC Alba	65	False	True
(filmRef)17177	True	BBC Alba	57	False	True
(filmRef)17178	True	BBC Alba	40	False	False
(filmRef)17179	True	BBC Alba	29	False	False
(filmRef)1718	False		168	True	False
(filmRef)17180	False		1	False	False
(filmRef)17181	True	BBC online	371	True	False
(filmRef)17182	True	BBC online	350	True	False
(filmRef)17183	True	BBC online	121	True	False
(filmRef)17184	True	BBC online	361	True	False
(filmRef)17185	True	BBC online	350	True	False
(filmRef)17186	True	BBC online	345	True	False
(filmRef)17187	True	BBC online	330	True	False
(filmRef)17188	True	BBC online	350	True	False
(filmRef)17189	True	BBC Alba	13	False	False
(filmRef)1719	False		23	True	False
(filmRef)17190	False		7	False	False
(filmRef)17191	True	BBC Alba	13	False	False
(filmRef)17192	True	BBC Alba	51	False	True
(filmRef)17193	True	MG Alba	23	False	False
(filmRef)17194	False		19	False	False
(filmRef)17195	True	MG Alba	23	False	False
(filmRef)17196	True	MG Alba	23	False	False
(filmRef)17197	True	MG Alba	23	False	False
(filmRef)17198	True	MG Alba	23	False	False
(filmRef)17199	True	MG Alba	23	False	False
(filmRef)1720	False		89	True	False
(filmRef)17200	False		22	False	False
(filmRef)17201	False		22	False	False
(filmRef)17202	False		22	False	False
(filmRef)17203	False		22	False	False
(filmRef)17204	False		22	False	False
(filmRef)17205	False		22	False	False
(filmRef)17206	False		22	False	False
(filmRef)17207	False		22	False	False
(filmRef)17208	False		22	False	False
(filmRef)17209	False		22	False	False
(filmRef)1721	False		303	True	False
(filmRef)17210	True	BBC Alba	55	False	True
(filmRef)17211	True	BBC Alba	55	False	True
(filmRef)17212	True	BBC Alba	32	False	False
(filmRef)17213	True	BBC Alba	48	False	False
(filmRef)17214	True	BBC Alba	48	False	False
(filmRef)17215	True	BBC Alba	56	False	True
(filmRef)17216	True	BBC Alba	44	False	False
(filmRef)17217	True	BBC Alba	46	False	False
(filmRef)17218	True	BBC Alba	55	False	True
(filmRef)17219	True	MG Alba	23	False	False
(filmRef)1722	False		162	True	False
(filmRef)17220	True	BBC Alba	139	True	False
(filmRef)17221	True	BBC Alba	71	False	True
(filmRef)17222	True	BBC Alba	55	False	True
(filmRef)17223	True	BBC Alba	55	False	True
(filmRef)17224	True	BBC Alba	86	False	True
(filmRef)17225	True	BBC Alba	35	False	False
(filmRef)17226	False		13	False	False
(filmRef)17227	False		13	False	False
(filmRef)17228	False		14	False	False
(filmRef)17229	False		13	False	False
(filmRef)1723	False		408	True	False
(filmRef)17230	False		13	False	False
(filmRef)17231	False		13	False	False
(filmRef)17232	False		25	False	False
(filmRef)17233	False		26	False	False
(filmRef)17234	False		25	False	False
(filmRef)17235	False		25	False	False
(filmRef)17236	False		25	False	False
(filmRef)17237	False		25	False	False
(filmRef)17238	False		25	False	False
(filmRef)17239	False		25	False	False
(filmRef)1724	False		35	True	False
(filmRef)17240	False		25	False	False
(filmRef)17241	False		26	False	False
(filmRef)17242	False		54	False	False
(filmRef)17243	False		43	False	False
(filmRef)17244	False		49	False	False
(filmRef)17245	False		51	False	False
(filmRef)17246	True	BBC Alba	17	False	False
(filmRef)17247	True	BBC Alba	17	False	False
(filmRef)17248	True	BBC Alba	17	False	False
(filmRef)17249	True	BBC Alba	17	False	False
(filmRef)1725	False		648	True	False
(filmRef)17250	False		23	False	False
(filmRef)17251	False		23	False	False
(filmRef)17252	False		23	False	False
(filmRef)17253	False		23	False	False
(filmRef)17254	False		21	False	False
(filmRef)17255	True	BBC Alba	20	False	False
(filmRef)17256	False		23	False	False
(filmRef)17257	False		23	False	False
(filmRef)17258	False		23	False	False
(filmRef)17259	False		23	False	False
(filmRef)1726	False		324	True	False
(filmRef)17260	False		23	False	False
(filmRef)17261	False		24	True	False
(filmRef)17262	False		51	False	False
(filmRef)17263	False		23	False	False
(filmRef)17264	False		23	False	False
(filmRef)17265	False		23	False	False
(filmRef)17266	False		23	False	False
(filmRef)17267	False		23	False	False
(filmRef)17268	False		23	False	False
(filmRef)17269	False		23	False	False
(filmRef)1727	False		322	True	False
(filmRef)17270	False		28	False	False
(filmRef)17271	True	BBC Alba	76	False	True
(filmRef)17272	True	BBC Alba	77	False	True
(filmRef)17273	True	BBC Alba	68	False	True
(filmRef)17274	True	BBC Alba	64	False	True
(filmRef)17275	True	BBC Alba	69	False	True
(filmRef)17276	True	BBC Alba	64	False	True
(filmRef)17277	True	BBC Alba	82	False	True
(filmRef)17278	True	BBC Alba	74	False	True
(filmRef)17279	True	BBC Alba	68	False	True
(filmRef)1728	False		281	True	False
(filmRef)17280	True	BBC Alba	64	False	True
(filmRef)17281	True	BBC Alba	60	False	True
(filmRef)17282	True	Radio times	65	False	True
(filmRef)17283	True	Radio times	57	False	True
(filmRef)17284	True	Radio times	47	False	False
(filmRef)17285	True	Radio times	57	False	True
(filmRef)17286	True	Radio times	52	False	True
(filmRef)17287	True	Radio times	61	False	True
(filmRef)17288	True	Radio times	46	False	False
(filmRef)17289	True	Radio times	49	False	False
(filmRef)1729	False		104	True	False
(filmRef)17290	True	Radio times	42	False	False
(filmRef)17291	True	Radio times	59	False	True
(filmRef)17292	True	Radio times	51	False	True
(filmRef)17293	True	Radio times	47	False	False
(filmRef)17294	True	Radio times	54	False	True
(filmRef)17295	False		22	False	False
(filmRef)17296	False		15	False	False
(filmRef)17297	False		16	False	False
(filmRef)17298	True	Radio times	51	False	True
(filmRef)17299	True	Radio times	50	False	True
(filmRef)1730	False		276	True	False
(filmRef)17300	True	Radio times	52	False	True
(filmRef)17301	True	Radio times	60	False	True
(filmRef)17302	True	Radio times	50	False	True
(filmRef)17303	True	Radio times	46	False	False
(filmRef)17304	True	Radio times	55	False	True
(filmRef)17305	True	Radio times	47	False	False
(filmRef)17306	True	BBC Alba	55	False	True
(filmRef)17307	True	BBC Alba	57	False	True
(filmRef)17308	True	BBC Alba	62	False	True
(filmRef)17309	True	BBC Alba	13	False	False
(filmRef)1731	False		60	True	False
(filmRef)17310	True	BBC Alba	25	False	False
(filmRef)17311	True	BBC Alba	25	False	False
(filmRef)17312	True	BBC Alba	25	False	False
(filmRef)17313	True	BBC Alba	25	False	False
(filmRef)17314	True	BBC Alba	25	False	False
(filmRef)17315	True	BBC Alba	25	False	False
(filmRef)17316	True	BBC Alba	25	False	False
(filmRef)17317	True	BBC Alba	25	False	False
(filmRef)17318	True	BBC Alba	25	False	False
(filmRef)17319	True	BBC Alba	25	False	False
(filmRef)1732	False		249	True	False
(filmRef)17320	True	BBC Alba	25	False	False
(filmRef)17321	True	BBC Alba	25	False	False
(filmRef)17322	True	Radio times	65	False	True
(filmRef)17323	True	Radio times	58	False	True
(filmRef)17324	True	Radio times	48	False	False
(filmRef)17325	True	Radio times	58	False	True
(filmRef)17326	True	Radio times	53	False	True
(filmRef)17327	True	Radio times	61	False	True
(filmRef)17328	True	Radio times	67	False	True
(filmRef)17329	True	Radio times	59	False	True
(filmRef)1733	False		107	True	False
(filmRef)17330	True	Radio times	48	False	False
(filmRef)17331	True	Radio times	55	False	True
(filmRef)17332	True	Radio times	52	False	True
(filmRef)17333	True	Radio times	52	False	True
(filmRef)17334	True	Radio times	51	False	True
(filmRef)17335	True	Radio times	53	False	True
(filmRef)17336	True	Radio times	61	False	True
(filmRef)17337	True	Radio times	51	False	True
(filmRef)17338	True	Radio times	47	False	False
(filmRef)17339	True	Radio times	56	False	True
(filmRef)1734	False		171	True	False
(filmRef)17340	True	Radio times	48	False	False
(filmRef)17341	True	Radio times	50	False	True
(filmRef)17342	True	Radio times	43	False	False
(filmRef)17343	True	Radio times	47	False	False
(filmRef)17344	False		16	False	False
(filmRef)17345	False		23	False	False
(filmRef)17346	False		17	False	False
(filmRef)17347	True	Radio times	40	False	False
(filmRef)17348	True	BBC Alba	27	False	False
(filmRef)17349	True	BBC Alba	27	False	False
(filmRef)1735	False		91	True	False
(filmRef)17350	True	BBC Alba	25	False	False
(filmRef)17351	True	BBC Alba	25	False	False
(filmRef)17352	True	BBC Alba	25	False	False
(filmRef)17353	True	BBC Alba	25	False	False
(filmRef)17354	True	BBC Alba	25	False	False
(filmRef)17355	True	BBC Alba	25	False	False
(filmRef)17356	True	BBC Alba	25	False	False
(filmRef)17357	True	BBC Alba	25	False	False
(filmRef)17358	True	BBC Alba	25	False	False
(filmRef)17359	True	BBC Alba	25	False	False
(filmRef)17360	True	BBC Alba	25	False	False
(filmRef)17361	True	BBC Alba	25	False	False
(filmRef)17362	True	BBC Alba	25	False	False
(filmRef)17363	True	BBC Alba	25	False	False
(filmRef)17364	True	BBC Alba	25	False	False
(filmRef)17365	True	BBC Alba	25	False	False
(filmRef)17366	True	BBC Alba	25	False	False
(filmRef)17367	True	BBC Alba	25	False	False
(filmRef)17368	True	BBC Alba	25	False	False
(filmRef)17369	True	BBC Alba	25	False	False
(filmRef)1737	False		22	True	False
(filmRef)17370	True	BBC Alba	25	False	False
(filmRef)17371	True	BBC Alba	25	False	False
(filmRef)17372	True	BBC Alba	63	False	True
(filmRef)17373	True	BBC Alba	61	False	True
(filmRef)17374	True	BBC Alba	54	False	True
(filmRef)17375	True	BBC Alba	62	False	True
(filmRef)17376	True	BBC Alba	55	False	True
(filmRef)17377	True	BBC Alba	35	False	False
(filmRef)17378	True	BBC Alba	51	False	True
(filmRef)17379	True	BBC Alba	60	False	True
(filmRef)1738	False		29	True	False
(filmRef)17380	False		30	False	False
(filmRef)17381	False		46	False	False
(filmRef)17382	False		46	False	False
(filmRef)17383	False		47	False	False
(filmRef)17384	False		51	False	False
(filmRef)17385	False		57	False	False
(filmRef)17386	False		45	False	False
(filmRef)17387	False		45	False	False
(filmRef)17388	False		48	False	False
(filmRef)17389	False		49	False	False
(filmRef)1739	False		139	True	False
(filmRef)17390	False		51	False	False
(filmRef)17391	False		45	False	False
(filmRef)17392	False		53	False	False
(filmRef)17393	False		51	False	False
(filmRef)17394	False		61	False	False
(filmRef)17395	True	BBC Alba	183	True	False
(filmRef)17396	True	BBC Alba	156	True	False
(filmRef)17397	True	BBC Alba	143	True	False
(filmRef)17398	True	BBC Alba	169	True	False
(filmRef)17399	True	BBC Alba	167	True	False
(filmRef)1740	False		284	True	False
(filmRef)17400	True	BBC Alba	186	True	False
(filmRef)17401	True	BBC Alba	18	False	False
(filmRef)17402	True	BBC Alba	17	False	False
(filmRef)17403	True	BBC Alba	19	False	False
(filmRef)17404	True	BBC Alba	17	False	False
(filmRef)17405	True	BBC Alba	20	False	False
(filmRef)17406	True	BBC Alba	20	False	False
(filmRef)17407	True	BBC Alba	258	True	False
(filmRef)17408	True	BBC Alba	292	True	False
(filmRef)17409	True	BBC Alba	195	True	False
(filmRef)1741	False		43	True	False
(filmRef)17410	True	BBC Alba	201	True	False
(filmRef)17411	True	BBC Alba	271	True	False
(filmRef)17412	True	BBC Alba	251	True	False
(filmRef)17413	True	BBC Alba	181	True	False
(filmRef)17414	True	BBC Alba	216	True	False
(filmRef)17415	True	BBC Alba	35	False	False
(filmRef)17416	True	BBC Alba	34	False	False
(filmRef)17417	True	BBC Alba	193	True	False
(filmRef)17418	True	BBC Alba	88	False	True
(filmRef)17419	True	BBC Alba	91	False	True
(filmRef)1742	False		131	True	False
(filmRef)17420	True	BBC Alba	67	False	True
(filmRef)17421	True	BBC Alba	59	False	True
(filmRef)17422	True	BBC Alba	57	False	True
(filmRef)17423	True	BBC Alba	60	False	True
(filmRef)17424	True	BBC Alba	17	False	False
(filmRef)17425	True	BBC Alba	40	False	False
(filmRef)17426	True	BBC Alba	175	True	False
(filmRef)17427	True	BBC Alba	95	False	True
(filmRef)17428	True	BBC Alba	50	False	True
(filmRef)17429	False		49	False	False
(filmRef)1743	False		91	True	False
(filmRef)17430	False		56	False	False
(filmRef)17431	False		56	False	False
(filmRef)17432	False		59	False	False
(filmRef)17433	False		60	False	False
(filmRef)17434	False		57	False	False
(filmRef)17435	True	BBC Alba	48	False	False
(filmRef)17436	True	BBC Alba	48	False	False
(filmRef)17437	True	BBC Alba	56	False	True
(filmRef)17438	True	BBC Alba	44	False	False
(filmRef)17439	True	BBC Alba	55	False	True
(filmRef)1744	False		214	True	False
(filmRef)17440	True	BBC Alba	37	False	False
(filmRef)17441	True	BBC Alba	49	False	False
(filmRef)17442	True	BBC Alba	40	False	False
(filmRef)17443	True	BBC Alba	38	False	False
(filmRef)17444	True	BBC Alba	27	False	False
(filmRef)17445	True	BBC Alba	40	False	False
(filmRef)17446	True	BBC Alba	40	False	False
(filmRef)17447	True	BBC Alba	65	False	True
(filmRef)17448	True	BBC Alba	56	False	True
(filmRef)17449	True	BBC Alba	50	False	True
(filmRef)1745	False		558	True	False
(filmRef)17450	True	BBC Alba	46	False	False
(filmRef)17451	True	BBC Alba	77	False	True
(filmRef)17452	True	BBC Alba	72	False	True
(filmRef)17453	True	BBC Alba	111	False	True
(filmRef)17454	True	BBC Alba	102	False	True
(filmRef)17455	True	BBC Alba	102	False	True
(filmRef)17456	True	BBC Alba	165	True	False
(filmRef)17457	True	BBC Alba	122	True	False
(filmRef)17458	True	BBC Alba	134	True	False
(filmRef)17459	True	BBC Alba	82	False	True
(filmRef)1746	False		97	True	False
(filmRef)17460	True	BBC Alba	100	False	True
(filmRef)17461	True	BBC Alba	55	False	True
(filmRef)17462	True	BBC Alba	314	False	True
(filmRef)17463	True	BBC Alba	152	False	True
(filmRef)17464	True	BBC Alba	360	False	True
(filmRef)17465	True	BBC Alba	315	False	True
(filmRef)17466	True	BBC Alba	268	False	True
(filmRef)17467	True	BBC Alba	228	False	True
(filmRef)17468	True	BBC Alba	254	False	True
(filmRef)1747	False		184	True	False
(filmRef)17470	True	BBC Alba	305	False	True
(filmRef)17471	True	BBC Alba	309	False	True
(filmRef)17473	False		7	False	False
(filmRef)17475	True	BBC Alba	325	False	True
(filmRef)17476	True	BBC Alba	160	False	True
(filmRef)17477	True	BBC Alba	294	False	True
(filmRef)17478	True	BBC Alba	346	False	True
(filmRef)17479	True	BBC Alba	320	False	True
(filmRef)1748	False		53	True	False
(filmRef)17480	True	BBC Alba	374	False	True
(filmRef)17481	True	BBC Alba	76	False	True
(filmRef)17482	True	BBC Alba	370	False	True
(filmRef)17483	True	BBC Alba	715	True	False
(filmRef)17484	True	BBC Alba	359	False	True
(filmRef)17485	True	BBC Alba	370	False	True
(filmRef)17486	True	BBC Alba	325	False	True
(filmRef)17487	True	BBC Alba	360	False	True
(filmRef)17488	True	BBC Alba	363	False	True
(filmRef)17489	True	BBC Alba	354	False	True
(filmRef)1749	False		227	True	False
(filmRef)17490	True	BBC Alba	354	False	True
(filmRef)17491	True	BBC Alba	610	True	False
(filmRef)17492	True	BBC Alba	55	False	True
(filmRef)17493	True	BBC Alba	53	False	True
(filmRef)17494	True	BBC Alba	227	True	False
(filmRef)17495	True	BBC Alba	165	True	False
(filmRef)17496	True	BBC Alba	137	True	False
(filmRef)17497	True	BBC Alba	117	True	False
(filmRef)17498	True	BBC Alba	146	True	False
(filmRef)17499	True	BBC Alba	126	True	False
(filmRef)1750	False		44	True	False
(filmRef)17500	True	BBC Alba	149	True	False
(filmRef)17501	True	BBC Alba	121	True	False
(filmRef)17502	True	BBC Alba	120	True	False
(filmRef)17503	True	BBC Alba	127	True	False
(filmRef)17504	True	BBC Alba	127	True	False
(filmRef)17505	True	BBC Alba	68	False	True
(filmRef)17506	True	BBC Alba	183	True	False
(filmRef)17507	True	BBC Alba	63	False	True
(filmRef)17508	True	BBC Alba	59	False	True
(filmRef)17509	True	BBC Alba	73	False	True
(filmRef)1751	False		83	True	False
(filmRef)17510	True	BBC Alba	103	False	True
(filmRef)17511	True	BBC Alba	100	False	True
(filmRef)17512	True	BBC Alba	221	True	False
(filmRef)17513	True	BBC Alba	170	True	False
(filmRef)17514	True	BBC Alba	191	True	False
(filmRef)17515	True	BBC Alba	78	False	True
(filmRef)17516	True	BBC Alba	211	True	False
(filmRef)17517	True	BBC Alba	125	True	False
(filmRef)17518	True	BBC Alba	68	False	True
(filmRef)17519	True	BBC Alba	72	False	True
(filmRef)1752	False		276	True	False
(filmRef)17520	True	BBC Alba	68	False	True
(filmRef)17521	True	BBC Alba	67	False	True
(filmRef)17522	True	BBC Alba	67	False	True
(filmRef)17523	True	BBC Alba	74	False	True
(filmRef)17524	True	BBC Alba	48	False	False
(filmRef)17525	True	BBC Alba	53	False	True
(filmRef)17526	True	BBC Alba	48	False	False
(filmRef)17527	True	BBC Alba	37	False	False
(filmRef)17528	True	BBC Alba	43	False	False
(filmRef)17529	True	BBC Alba	110	False	True
(filmRef)17530	True	BBC Alba	112	False	True
(filmRef)17531	True	BBC online	154	True	False
(filmRef)17532	True	BBC online	169	True	False
(filmRef)17533	True	BBC online	111	True	False
(filmRef)17534	True	BBC online	110	True	False
(filmRef)17535	True	BBC Alba	47	False	False
(filmRef)17536	True	BBC Alba	45	False	False
(filmRef)17537	True	BBC Alba	202	True	False
(filmRef)17538	True	BBC Alba	208	True	False
(filmRef)17539	False		203	True	False
(filmRef)1754	False		192	True	False
(filmRef)17540	True	BBC Alba	180	True	False
(filmRef)17541	True	BBC Alba	184	True	False
(filmRef)17542	False		116	True	False
(filmRef)17543	True	BBC Alba	111	True	False
(filmRef)17544	True	BBC Alba	187	True	False
(filmRef)17545	True	BBC Alba	127	True	False
(filmRef)17546	True	BBC Alba	42	False	False
(filmRef)17547	True	BBC Alba	46	False	False
(filmRef)17548	True	BBC Alba	43	False	False
(filmRef)17549	False		35	False	False
(filmRef)1755	False		97	True	False
(filmRef)17550	True	BBC Alba	57	False	True
(filmRef)17551	True	BBC Alba	61	False	True
(filmRef)17552	True	BBC Alba	61	False	True
(filmRef)17553	True	BBC Alba	64	False	True
(filmRef)17554	True	BBC Alba	59	False	True
(filmRef)17555	True	BBC Alba	275	True	False
(filmRef)17556	True	BBC Alba	104	False	True
(filmRef)17557	True	BBC Alba	52	False	True
(filmRef)17558	True	BBC Alba	46	False	False
(filmRef)17559	True	BBC Alba	57	False	True
(filmRef)1756	False		106	True	False
(filmRef)17560	True	BBC Alba	53	False	True
(filmRef)17561	True	BBC Alba	50	False	True
(filmRef)17562	True	BBC Alba	54	False	True
(filmRef)17563	True	BBC Alba	23	False	False
(filmRef)17564	True	BBC Alba	55	False	True
(filmRef)17565	True	BBC Alba	215	True	False
(filmRef)17566	True	BBC Alba	190	True	False
(filmRef)17567	True	BBC Alba	158	True	False
(filmRef)17568	True	BBC Alba	181	True	False
(filmRef)17569	True	BBC Alba	184	True	False
(filmRef)1757	False		112	True	False
(filmRef)17570	True	BBC online	374	True	False
(filmRef)17571	True	BBC online	328	True	False
(filmRef)17572	True	BBC online	313	True	False
(filmRef)17573	True	BBC online	241	True	False
(filmRef)17574	True	BBC online	313	True	False
(filmRef)17575	True	BBC online	319	True	False
(filmRef)17576	True	BBC online	314	True	False
(filmRef)17577	True	BBC online	392	True	False
(filmRef)17578	True	BBC Alba	367	True	False
(filmRef)17579	True	BBC Alba	339	True	False
(filmRef)1758	False		73	True	False
(filmRef)17580	True	BBC Alba	348	True	False
(filmRef)17581	True	BBC Alba	320	True	False
(filmRef)17582	True	BBC Alba	320	True	False
(filmRef)17583	True	BBC Alba	306	True	False
(filmRef)17584	True	BBC Alba	352	True	False
(filmRef)17585	True	BBC Alba	338	True	False
(filmRef)17586	False		19	False	False
(filmRef)17587	False		19	False	False
(filmRef)17588	False		19	False	False
(filmRef)17589	False		19	False	False
(filmRef)1759	False		357	True	False
(filmRef)17590	False		19	False	False
(filmRef)17591	False		19	False	False
(filmRef)17592	False		19	False	False
(filmRef)17593	False		19	False	False
(filmRef)17594	True	BBC Alba	325	True	False
(filmRef)17595	True	BBC Alba	326	True	False
(filmRef)17596	True	BBC Alba	25	False	False
(filmRef)17597	True	BBC Alba	27	False	False
(filmRef)17598	True	BBC Alba	27	False	False
(filmRef)17599	True	BBC Alba	25	False	False
(filmRef)1760	False		275	True	False
(filmRef)17600	True	BBC Alba	25	False	False
(filmRef)17601	True	BBC Alba	25	False	False
(filmRef)17602	True	BBC Alba	25	False	False
(filmRef)17603	True	BBC Alba	25	False	False
(filmRef)17604	True	BBC Alba	25	False	False
(filmRef)17605	True	BBC Alba	25	False	False
(filmRef)17606	True	BBC Alba	25	False	False
(filmRef)17607	True	BBC Alba	25	False	False
(filmRef)17608	True	BBC Alba	25	False	False
(filmRef)17609	True	BBC Alba	25	False	False
(filmRef)1761	False		268	True	False
(filmRef)17610	True	BBC Alba	25	False	False
(filmRef)17611	True	BBC Alba	125	True	False
(filmRef)17612	True	BBC Alba	340	True	False
(filmRef)17613	True	BBC Alba	245	True	False
(filmRef)17614	True	BBC Alba	150	True	False
(filmRef)17615	True	BBC Alba	30	False	False
(filmRef)17616	True	BBC Alba	30	False	False
(filmRef)17617	True	BBC Alba	30	False	False
(filmRef)17618	True	BBC Alba	30	False	False
(filmRef)17619	True	BBC Alba	30	False	False
(filmRef)1762	False		221	True	False
(filmRef)17620	True	BBC online	166	True	False
(filmRef)17621	True	BBC Alba	187	True	False
(filmRef)17622	True	BBC Alba	136	True	False
(filmRef)17623	True	BBC Alba	156	True	False
(filmRef)17624	True	BBC Alba	154	True	False
(filmRef)17625	True	BBC Alba	178	True	False
(filmRef)17626	True	BBC Alba	147	True	False
(filmRef)17627	True	BBC Alba	161	True	False
(filmRef)17628	True	BBC Alba	144	True	False
(filmRef)17629	True	BBC Alba	148	True	False
(filmRef)1763	False		312	True	False
(filmRef)17630	True	BBC Alba	146	True	False
(filmRef)17631	True	BBC Alba	90	True	False
(filmRef)17632	True	BBC Alba	119	True	False
(filmRef)17633	True	BBC Alba	58	False	True
(filmRef)17634	True	BBC Alba	58	False	True
(filmRef)17635	True	BBC Alba	58	False	True
(filmRef)17636	True	BBC Alba	60	False	True
(filmRef)17637	True	BBC Alba	51	False	True
(filmRef)17638	True	BBC Alba	57	False	True
(filmRef)17639	False		248	True	False
(filmRef)1764	False		231	True	False
(filmRef)17640	True	BBC Alba	55	False	True
(filmRef)17641	False		33	False	False
(filmRef)17642	False		33	False	False
(filmRef)17643	False		33	False	False
(filmRef)17644	False		33	False	False
(filmRef)17645	False		33	False	False
(filmRef)17646	False		33	False	False
(filmRef)17647	True	BBC Alba	66	False	True
(filmRef)17648	True	BBC Alba	157	True	False
(filmRef)17649	True	BBC Alba	134	True	False
(filmRef)1765	False		388	True	False
(filmRef)17650	True	BBC Alba	164	True	False
(filmRef)17651	True	BBC Alba	107	True	False
(filmRef)17652	True	BBC Alba	120	True	False
(filmRef)17653	False		113	True	False
(filmRef)17654	True	BBC Alba	49	False	False
(filmRef)17655	True	BBC Alba	57	False	True
(filmRef)17656	True	BBC Alba	338	False	True
(filmRef)17657	True	BBC Alba	360	False	True
(filmRef)17658	True	BBC Alba	379	False	True
(filmRef)17659	True	BBC Alba	236	False	True
(filmRef)1766	False		831	True	False
(filmRef)17660	True	BBC Alba	113	False	True
(filmRef)17661	True	BBC Alba	335	False	True
(filmRef)17662	True	BBC Alba	387	False	True
(filmRef)17663	True	BBC Alba	279	False	True
(filmRef)17664	False		9	False	False
(filmRef)17665	True	BBC Alba	332	False	True
(filmRef)17666	False		25	False	False
(filmRef)17667	False		22	False	False
(filmRef)17668	False		27	False	False
(filmRef)17669	False		23	False	False
(filmRef)1767	False		489	True	False
(filmRef)17670	True	BBC Alba	55	False	True
(filmRef)17671	True	BBC Alba	14	False	False
(filmRef)17672	True	BBC Alba	15	False	False
(filmRef)17673	True	BBC Alba	14	False	False
(filmRef)17674	True	BBC Alba	16	False	False
(filmRef)17675	True	BBC Alba	16	False	False
(filmRef)17676	True	BBC Alba	16	False	False
(filmRef)17677	True	BBC Alba	16	False	False
(filmRef)17678	True	BBC Alba	16	False	False
(filmRef)17679	True	BBC Alba	16	False	False
(filmRef)17680	True	Radio times	51	False	True
(filmRef)17681	True	Radio times	50	False	True
(filmRef)17682	True	Radio times	57	False	True
(filmRef)17683	True	Radio times	52	False	True
(filmRef)17684	True	Radio times	50	False	True
(filmRef)17685	True	Radio times	52	False	True
(filmRef)17686	True	Radio times	45	False	False
(filmRef)17687	True	Radio times	45	False	False
(filmRef)17688	True	Radio times	51	False	True
(filmRef)17689	True	Radio times	48	False	False
(filmRef)1769	False		163	True	False
(filmRef)17690	True	Radio times	48	False	False
(filmRef)17691	True	Radio times	55	False	True
(filmRef)17692	True	Radio times	52	False	True
(filmRef)17693	True	Radio times	50	False	True
(filmRef)17694	True	Radio times	56	False	True
(filmRef)17695	True	Radio times	44	False	False
(filmRef)17696	True	Radio times	45	False	False
(filmRef)17697	True	Radio times	57	False	True
(filmRef)17698	True	Radio times	61	False	True
(filmRef)17699	True	Radio times	55	False	True
(filmRef)1770	False		151	True	False
(filmRef)17700	True	Radio times	47	False	False
(filmRef)17701	True	Radio times	54	False	True
(filmRef)17702	True	Radio times	52	False	True
(filmRef)17703	True	Radio times	48	False	False
(filmRef)17704	True	BBC Alba	25	False	False
(filmRef)17705	True	BBC Alba	25	False	False
(filmRef)17706	True	BBC Alba	25	False	False
(filmRef)17707	True	BBC Alba	25	False	False
(filmRef)17708	True	BBC Alba	25	False	False
(filmRef)17709	True	BBC Alba	25	False	False
(filmRef)1771	False		77	True	False
(filmRef)17710	True	BBC Alba	25	False	False
(filmRef)17711	True	BBC Alba	25	False	False
(filmRef)17712	True	BBC Alba	25	False	False
(filmRef)17713	True	BBC Alba	168	True	False
(filmRef)17714	True	BBC Alba	168	True	False
(filmRef)17715	True	BBC Alba	187	True	False
(filmRef)17716	True	BBC Alba	179	True	False
(filmRef)17717	True	BBC Alba	219	True	False
(filmRef)17718	True	BBC Alba	182	True	False
(filmRef)17719	True	BBC Alba	178	True	False
(filmRef)1772	False		76	True	False
(filmRef)17720	True	BBC Alba	178	True	False
(filmRef)17721	True	BBC Alba	166	True	False
(filmRef)17722	True	BBC Alba	177	True	False
(filmRef)17723	True	BBC Alba	118	False	True
(filmRef)17724	True	BBC Alba	50	False	True
(filmRef)17725	True	BBC Alba	50	False	True
(filmRef)17726	True	BBC Alba	50	False	True
(filmRef)17727	True	BBC Alba	50	False	True
(filmRef)17728	True	BBC Alba	50	False	True
(filmRef)17729	False		26	False	False
(filmRef)1773	False		296	True	False
(filmRef)17730	False		28	False	False
(filmRef)17731	True	BBC Alba	105	False	True
(filmRef)17732	True	BBC Alba	99	False	True
(filmRef)17733	True	BBC Alba	101	False	True
(filmRef)17734	True	BBC Alba	100	False	True
(filmRef)17735	True	BBC Alba	55	False	True
(filmRef)17736	True	BBC Alba	34	False	False
(filmRef)17737	True	BBC Alba	38	False	False
(filmRef)17738	True	BBC Alba	30	False	False
(filmRef)17739	True	BBC Alba	37	False	False
(filmRef)1774	False		192	True	False
(filmRef)17740	True	BBC Alba	55	False	True
(filmRef)17741	True	BBC Alba	158	True	False
(filmRef)17742	True	BBC Alba	160	True	False
(filmRef)17743	True	BBC Alba	153	True	False
(filmRef)17744	True	BBC Alba	152	True	False
(filmRef)17745	True	BBC Alba	183	True	False
(filmRef)17746	True	BBC Alba	44	False	False
(filmRef)17747	True	BBC Alba	83	True	False
(filmRef)17748	True	BBC Alba	86	True	False
(filmRef)17749	True	BBC Alba	76	True	False
(filmRef)1775	False		81	True	False
(filmRef)17750	True	BBC Alba	101	False	True
(filmRef)17751	True	BBC Alba	101	False	True
(filmRef)17752	True	BBC Alba	96	False	True
(filmRef)17753	True	BBC Alba	112	False	True
(filmRef)17754	True	BBC Alba	43	False	False
(filmRef)17755	True	BBC Alba	60	False	True
(filmRef)17756	True	BBC Alba	42	False	False
(filmRef)17757	True	BBC Alba	51	False	True
(filmRef)17758	True	BBC Alba	53	False	True
(filmRef)17759	True	BBC Alba	52	False	True
(filmRef)1776	False		75	True	False
(filmRef)17760	True	BBC Alba	50	False	True
(filmRef)17761	True	BBC Alba	52	False	True
(filmRef)17762	True	BBC Alba	75	False	True
(filmRef)17763	True	BBC Alba	361	False	True
(filmRef)17764	True	BBC Alba	358	False	True
(filmRef)17765	True	BBC Alba	377	False	True
(filmRef)17766	True	BBC Alba	341	False	True
(filmRef)17767	True	BBC Alba	269	False	True
(filmRef)17768	True	BBC Alba	82	False	True
(filmRef)17769	True	BBC Alba	74	False	True
(filmRef)1777	False		1020	True	False
(filmRef)17770	True	BBC Alba	81	False	True
(filmRef)17771	True	BBC Alba	75	False	True
(filmRef)17772	True	BBC Alba	309	False	True
(filmRef)17773	True	BBC Alba	217	True	False
(filmRef)17774	True	BBC Alba	217	True	False
(filmRef)17775	True	BBC Alba	202	True	False
(filmRef)17776	True	BBC Alba	54	False	True
(filmRef)17777	True	BBC Alba	184	True	False
(filmRef)17778	True	BBC Alba	146	False	True
(filmRef)17779	True	BBC Alba	168	True	False
(filmRef)1778	False		189	True	False
(filmRef)17780	True	BBC Alba	168	True	False
(filmRef)17781	True	BBC Alba	187	True	False
(filmRef)17782	True	BBC Alba	179	True	False
(filmRef)17783	True	BBC Alba	219	True	False
(filmRef)17784	True	BBC Alba	182	True	False
(filmRef)17785	True	BBC Alba	62	False	True
(filmRef)17786	True	BBC Alba	79	False	True
(filmRef)17787	True	BBC Alba	86	False	True
(filmRef)17788	True	BBC Alba	314	True	False
(filmRef)17789	True	BBC Alba	314	True	False
(filmRef)1779	False		189	True	False
(filmRef)17790	True	BBC Alba	239	True	False
(filmRef)17791	True	BBC Alba	254	True	False
(filmRef)17792	True	BBC Alba	200	True	False
(filmRef)17793	True	BBC Alba	200	True	False
(filmRef)17794	False		310	True	False
(filmRef)17795	True	BBC Alba	159	True	False
(filmRef)17796	True	BBC Alba	149	True	False
(filmRef)17797	True	BBC Alba	75	False	True
(filmRef)17798	True	BBC Alba	85	False	True
(filmRef)17799	True	BBC Alba	188	True	False
(filmRef)1780	False		293	True	False
(filmRef)17800	True	BBC Alba	99	False	True
(filmRef)17801	True	BBC Alba	133	True	False
(filmRef)17802	True	BBC Alba	132	False	True
(filmRef)17803	True	BBC Alba	150	True	False
(filmRef)17804	True	BBC Alba	152	True	False
(filmRef)17805	True	BBC online	286	True	False
(filmRef)17806	True	BBC online	237	True	False
(filmRef)17807	True	Radio Times	53	False	True
(filmRef)17808	True	Radio Times	45	False	False
(filmRef)17809	True	BBC Alba	48	False	False
(filmRef)1781	False		181	True	False
(filmRef)17810	False		155	True	False
(filmRef)17811	False		158	True	False
(filmRef)17812	False		183	True	False
(filmRef)17813	False		157	True	False
(filmRef)17814	False		155	True	False
(filmRef)17815	False		158	True	False
(filmRef)17816	False		160	True	False
(filmRef)17817	False		161	True	False
(filmRef)17818	False		155	True	False
(filmRef)17819	False		155	True	False
(filmRef)1782	False		405	True	False
(filmRef)17820	False		154	True	False
(filmRef)17821	False		154	True	False
(filmRef)17822	True	BBC Alba	75	False	True
(filmRef)17823	True	BBC online	111	True	False
(filmRef)17824	True	BBC Alba	75	False	True
(filmRef)17825	True	BBC Alba	75	False	True
(filmRef)17826	True	BBC online	105	True	False
(filmRef)17827	True	BBC online	105	True	False
(filmRef)17828	True	BBC Alba	61	False	True
(filmRef)17829	True	BBC Alba	182	True	False
(filmRef)1783	False		557	True	False
(filmRef)17830	True	BBC Alba	194	True	False
(filmRef)17831	True	BBC Alba	162	True	False
(filmRef)17832	True	BBC Alba	91	True	False
(filmRef)17833	True	BBC Alba	96	False	True
(filmRef)17834	True	BBC Alba	89	False	True
(filmRef)17835	True	BBC Alba	78	False	True
(filmRef)17836	True	BBC Alba	91	False	True
(filmRef)17837	True	BBC Alba	89	False	True
(filmRef)17838	True	BBC Alba	91	False	True
(filmRef)17839	True	BBC Alba	85	False	True
(filmRef)1784	False		1051	True	False
(filmRef)17840	True	BBC Alba	78	False	True
(filmRef)17841	True	BBC Alba	64	False	True
(filmRef)17842	True	BBC Alba	61	False	True
(filmRef)17843	True	BBC Alba	64	False	True
(filmRef)17844	True	BBC Alba	62	False	True
(filmRef)17845	True	BBC Alba	60	False	True
(filmRef)17846	True	BBC Alba	48	False	False
(filmRef)17847	True	BBC Alba	52	False	True
(filmRef)17848	True	BBC Alba	58	False	True
(filmRef)17849	True	BBC Alba	67	False	True
(filmRef)1785	False		48	True	False
(filmRef)17850	True	BBC Alba	34	False	False
(filmRef)17851	True	BBC Alba	52	False	True
(filmRef)17852	True	BBC Alba	51	False	True
(filmRef)17853	True	BBC Alba	45	False	False
(filmRef)17854	True	BBC Alba	51	False	True
(filmRef)17855	True	BBC Alba	48	False	False
(filmRef)17856	True	BBC Alba	42	False	False
(filmRef)17857	True	BBC Alba	75	False	True
(filmRef)17858	True	BBC Alba	75	False	True
(filmRef)17859	True	BBC Alba	57	False	True
(filmRef)1786	False		170	True	False
(filmRef)17860	True	BBC Alba	66	False	True
(filmRef)17861	True	BBC Alba	58	False	True
(filmRef)17862	True	BBC Alba	53	False	True
(filmRef)17863	True	BBC Alba	43	False	False
(filmRef)17864	True	BBC Alba	46	False	False
(filmRef)17865	True	BBC Alba	98	True	False
(filmRef)17866	True	BBC Alba	204	True	False
(filmRef)17867	True	BBC Alba	53	False	True
(filmRef)17868	True	BBC Alba	88	False	True
(filmRef)17869	True	BBC Alba	116	True	False
(filmRef)1787	False		261	True	False
(filmRef)17870	True	BBC Alba	38	False	False
(filmRef)17871	True	BBC Alba	11	False	False
(filmRef)17872	True	BBC Alba	50	False	True
(filmRef)17873	True	BBC Alba	50	False	True
(filmRef)17874	True	BBC Alba	50	False	True
(filmRef)17875	True	BBC Alba	50	False	True
(filmRef)17876	True	BBC Alba	50	False	True
(filmRef)17877	True	BBC Alba	50	False	True
(filmRef)17878	True	BBC Alba	50	False	True
(filmRef)17879	True	BBC Alba	50	False	True
(filmRef)1788	False		172	True	False
(filmRef)17880	True	BBC Alba	50	False	True
(filmRef)17881	True	BBC Alba	50	False	True
(filmRef)17882	True	BBC Alba	50	False	True
(filmRef)17883	True	BBC Alba	50	False	True
(filmRef)17884	True	BBC Alba	50	False	True
(filmRef)17885	True	BBC Alba	50	False	True
(filmRef)17886	True	BBC Alba	50	False	True
(filmRef)17887	True	BBC Alba	50	False	True
(filmRef)17888	True	BBC Alba	50	False	True
(filmRef)17889	True	BBC Alba	50	False	True
(filmRef)17890	True	BBC Alba	50	False	True
(filmRef)17891	True	BBC Alba	50	False	True
(filmRef)17892	True	BBC Alba	159	True	False
(filmRef)17893	True	BBC Alba	79	False	True
(filmRef)17894	True	BBC Alba	79	False	True
(filmRef)17895	True	BBC Alba	80	False	True
(filmRef)17896	True	BBC Alba	58	False	True
(filmRef)17897	True	BBC Alba	76	False	True
(filmRef)17898	True	BBC Alba	40	False	False
(filmRef)17899	True	BBC Alba	69	False	True
(filmRef)1790	False		132	True	False
(filmRef)17900	True	BBC Alba	60	False	True
(filmRef)17901	True	BBC Alba	73	False	True
(filmRef)17902	True	BBC Alba	69	False	True
(filmRef)17903	True	BBC Alba	75	False	True
(filmRef)17904	True	Radio times	62	False	True
(filmRef)17905	True	Radio times	56	False	True
(filmRef)17906	True	Radio times	52	False	True
(filmRef)17907	True	Radio times	55	False	True
(filmRef)17908	True	Radio times	47	False	False
(filmRef)17909	True	Radio times	48	False	False
(filmRef)1791	False		91	True	False
(filmRef)17910	True	BBC Alba	207	True	False
(filmRef)17911	True	BBC Alba	275	True	False
(filmRef)17912	True	BBC Alba	190	True	False
(filmRef)17913	True	BBC Alba	190	True	False
(filmRef)17914	True	BBC Alba	214	True	False
(filmRef)17915	True	BBC Alba	25	False	False
(filmRef)17916	True	BBC Alba	25	False	False
(filmRef)17917	True	BBC Alba	25	False	False
(filmRef)17918	True	BBC Alba	25	False	False
(filmRef)17919	True	BBC Alba	25	False	False
(filmRef)1792	False		379	True	False
(filmRef)17920	True	BBC Alba	25	False	False
(filmRef)17921	True	BBC Alba	25	False	False
(filmRef)17922	True	BBC Alba	25	False	False
(filmRef)17923	True	BBC Alba	25	False	False
(filmRef)17924	True	BBC Alba	25	False	False
(filmRef)17925	True	BBC Alba	25	False	False
(filmRef)17926	True	BBC Alba	25	False	False
(filmRef)17927	True	BBC Alba	25	False	False
(filmRef)17928	True	BBC Alba	25	False	False
(filmRef)17929	True	BBC Alba	55	False	True
(filmRef)1793	False		143	True	False
(filmRef)17930	True	BBC Alba	57	False	True
(filmRef)17931	True	BBC Alba	67	False	True
(filmRef)17932	True	BBC Alba	94	False	True
(filmRef)17933	True	BBC Alba	39	False	False
(filmRef)17934	True	BBC Alba	76	False	True
(filmRef)17935	True	BBC Alba	55	False	True
(filmRef)17936	True	BBC Alba	61	False	True
(filmRef)17937	True	BBC Alba	207	True	False
(filmRef)17938	True	BBC Alba	67	False	True
(filmRef)17939	True	BBC Alba	315	True	False
(filmRef)1794	False		77	True	False
(filmRef)17940	True	BBC Alba	260	True	False
(filmRef)17941	True	BBC Alba	189	True	False
(filmRef)17942	True	BBC Alba	181	True	False
(filmRef)17943	True	BBC Alba	165	True	False
(filmRef)17944	True	BBC Alba	162	True	False
(filmRef)17945	True	BBC Alba	156	True	False
(filmRef)17946	True	BBC Alba	158	True	False
(filmRef)17947	True	BBC Alba	181	True	False
(filmRef)17948	True	BBC Alba	190	True	False
(filmRef)17949	True	BBC Alba	184	True	False
(filmRef)1795	False		156	True	False
(filmRef)17950	True	BBC Alba	191	True	False
(filmRef)17951	True	BBC online	185	True	False
(filmRef)17952	True	BBC online	299	True	False
(filmRef)17953	True	BBC online	228	True	False
(filmRef)17954	True	BBC online	236	True	False
(filmRef)17955	True	BBC online	231	True	False
(filmRef)17956	True	BBC online	272	True	False
(filmRef)17957	True	BBC online	205	True	False
(filmRef)17958	True	BBC online	229	True	False
(filmRef)17959	True	BBC Alba	110	False	True
(filmRef)1796	False		286	True	False
(filmRef)17960	True	BBC Alba	97	False	True
(filmRef)17961	True	BBC Alba	103	False	True
(filmRef)17962	True	BBC Alba	98	False	True
(filmRef)17963	True	BBC Alba	101	False	True
(filmRef)17964	True	BBC Alba	103	False	True
(filmRef)17965	True	BBC Alba	98	False	True
(filmRef)17966	True	BBC Alba	62	False	True
(filmRef)17967	True	BBC Alba	79	False	True
(filmRef)17968	True	BBC Alba	84	False	True
(filmRef)17969	True	BBC Alba	60	False	True
(filmRef)17970	False		147	True	False
(filmRef)17971	True	BBC Alba	11	False	False
(filmRef)17972	True	BBC Alba	13	False	False
(filmRef)17973	True	BBC Alba	13	False	False
(filmRef)17974	True	BBC Alba	80	False	True
(filmRef)17975	True	BBC online	109	True	False
(filmRef)17976	False		81	True	False
(filmRef)17977	False		81	True	False
(filmRef)17978	False		7	False	False
(filmRef)17979	False		7	False	False
(filmRef)1798	False		237	True	False
(filmRef)17980	False		7	False	False
(filmRef)17981	False		92	True	False
(filmRef)17982	False		92	True	False
(filmRef)17983	True	BBC online	128	True	False
(filmRef)17984	True	BBC online	128	True	False
(filmRef)17985	False		89	True	False
(filmRef)17986	False		89	True	False
(filmRef)17987	False		91	True	False
(filmRef)17988	False		91	True	False
(filmRef)17989	False		9	False	False
(filmRef)1799	False		209	True	False
(filmRef)17990	False		5	False	False
(filmRef)17991	True	BBC Alba	345	True	False
(filmRef)17992	True	BBC Alba	246	False	True
(filmRef)17993	True	BBC Alba	342	False	True
(filmRef)17994	True	BBC Alba	366	False	True
(filmRef)17995	True	BBC Alba	334	False	True
(filmRef)17996	True	BBC Alba	336	False	True
(filmRef)17997	True	BBC Alba	366	False	True
(filmRef)17998	True	BBC Alba	362	False	True
(filmRef)17999	True	BBC Alba	339	False	True
(filmRef)1800	False		214	True	False
(filmRef)18000	True	BBC Alba	684	True	False
(filmRef)18001	True	BBC Alba	79	False	True
(filmRef)18002	True	BBC Alba	78	False	True
(filmRef)18003	True	BBC Alba	83	False	True
(filmRef)18004	False		7	False	False
(filmRef)18005	True	BBC Alba	44	False	False
(filmRef)18006	False		12	False	False
(filmRef)18007	False		4	False	False
(filmRef)18008	False		3	False	False
(filmRef)18009	False		3	False	False
(filmRef)1801	False		284	True	False
(filmRef)18010	False		3	False	False
(filmRef)18011	False		3	False	False
(filmRef)18012	False		3	False	False
(filmRef)18013	False		3	False	False
(filmRef)18014	False		3	False	False
(filmRef)18015	False		3	False	False
(filmRef)18016	True	BBC Online	50	False	True
(filmRef)18017	True	BBC Online	50	False	True
(filmRef)18018	True	BBC Online	50	False	True
(filmRef)18019	True	BBC Online	50	False	True
(filmRef)1802	False		212	True	False
(filmRef)18020	True	BBC Online	50	False	True
(filmRef)18021	True	BBC Online	50	False	True
(filmRef)18022	True	Radio times	54	False	True
(filmRef)18023	True	Radio times	51	False	True
(filmRef)18024	True	Radio times	54	False	True
(filmRef)18025	True	Radio times	56	False	True
(filmRef)18026	True	Radio times	59	False	True
(filmRef)18027	True	Radio times	46	False	False
(filmRef)18028	True	Radio times	51	False	True
(filmRef)18029	True	Radio times	54	False	True
(filmRef)1803	False		101	True	False
(filmRef)18030	True	Radio times	50	False	True
(filmRef)18031	True	Radio times	48	False	False
(filmRef)18032	True	BBC Alba	50	False	True
(filmRef)18033	True	BBC Alba	50	False	True
(filmRef)18034	True	BBC Alba	50	False	True
(filmRef)18035	True	BBC Alba	50	False	True
(filmRef)18036	True	BBC Alba	50	False	True
(filmRef)18037	True	BBC Alba	50	False	True
(filmRef)18038	True	BBC Alba	50	False	True
(filmRef)18039	True	BBC Alba	50	False	True
(filmRef)1804	False		140	True	False
(filmRef)18040	True	BBC Alba	50	False	True
(filmRef)18041	True	BBC Alba	50	False	True
(filmRef)18042	True	BBC Alba	50	False	True
(filmRef)18043	True	BBC Alba	50	False	True
(filmRef)18044	True	BBC Alba	50	False	True
(filmRef)18045	True	BBC Alba	50	False	True
(filmRef)18046	True	BBC Alba	50	False	True
(filmRef)18047	True	BBC Alba	50	False	True
(filmRef)18048	True	BBC Alba	50	False	True
(filmRef)18049	True	BBC Alba	50	False	True
(filmRef)1805	False		178	True	False
(filmRef)18050	True	BBC Alba	50	False	True
(filmRef)18051	True	BBC Alba	50	False	True
(filmRef)18052	True	BBC Alba	50	False	True
(filmRef)18053	True	BBC Alba	50	False	True
(filmRef)18054	True	BBC Alba	50	False	True
(filmRef)18055	True	BBC Alba	50	False	True
(filmRef)18056	True	BBC Alba	50	False	True
(filmRef)18057	True	BBC Alba	50	False	True
(filmRef)18058	True	All Media Scotland	37	False	False
(filmRef)18059	True	All Media Scotland	41	False	False
(filmRef)18060	True	All Media Scotland	36	False	False
(filmRef)18061	True	All Media Scotland	39	False	False
(filmRef)18062	True	All Media Scotland	36	False	False
(filmRef)18063	True	All Media Scotland	43	False	False
(filmRef)18064	True	All Media Scotland	36	False	False
(filmRef)18065	True	All Media Scotland	37	False	False
(filmRef)18066	True	All Media Scotland	42	False	False
(filmRef)18067	True	All Media Scotland	37	False	False
(filmRef)18068	True	All Media Scotland	41	False	False
(filmRef)18069	True	All Media Scotland	36	False	False
(filmRef)1807	False		371	True	False
(filmRef)18070	True	BBC Alba	25	False	False
(filmRef)18071	True	BBC Alba	25	False	False
(filmRef)18072	True	BBC Alba	25	False	False
(filmRef)18073	True	BBC Alba	25	False	False
(filmRef)18074	True	BBC Alba	25	False	False
(filmRef)18075	True	BBC Alba	25	False	False
(filmRef)18076	True	BBC Alba	25	False	False
(filmRef)18077	True	BBC Alba	25	False	False
(filmRef)18078	True	BBC Alba	25	False	False
(filmRef)18079	True	BBC Alba	25	False	False
(filmRef)1808	False		148	True	False
(filmRef)18080	True	BBC Alba	202	True	False
(filmRef)18081	True	BBC Alba	171	True	False
(filmRef)18082	True	BBC Alba	167	True	False
(filmRef)18083	True	BBC Alba	184	True	False
(filmRef)18084	True	BBC Alba	180	True	False
(filmRef)18085	True	BBC Alba	170	True	False
(filmRef)18086	True	BBC Alba	180	True	False
(filmRef)18087	True	BBC Alba	189	True	False
(filmRef)18088	True	BBC Alba	177	True	False
(filmRef)18089	True	BBC Alba	210	True	False
(filmRef)1809	False		166	True	False
(filmRef)18090	True	BBC Alba	197	True	False
(filmRef)18091	True	BBC Alba	171	True	False
(filmRef)18092	True	BBC Alba	167	True	False
(filmRef)18093	True	BBC Alba	184	True	False
(filmRef)18094	True	BBC Alba	180	True	False
(filmRef)18095	True	BBC Alba	170	True	False
(filmRef)18096	True	BBC Alba	180	True	False
(filmRef)18097	True	BBC Alba	189	True	False
(filmRef)18098	True	BBC Alba	177	True	False
(filmRef)18099	True	BBC Alba	210	True	False
(filmRef)1810	False		513	True	False
(filmRef)18100	True	BBC Alba	197	True	False
(filmRef)18101	True	BBC Alba	100	False	True
(filmRef)18102	True	BBC Alba	106	False	True
(filmRef)18103	True	BBC Alba	98	False	True
(filmRef)18104	True	BBC Alba	102	False	True
(filmRef)18105	True	BBC Alba	107	False	True
(filmRef)18106	True	BBC Alba	93	False	True
(filmRef)18107	True	BBC Alba	15	False	False
(filmRef)18108	True	BBC Alba	16	False	False
(filmRef)18109	True	BBC Alba	15	False	False
(filmRef)1811	False		353	True	False
(filmRef)18110	True	BBC Alba	17	False	False
(filmRef)18111	True	BBC Alba	17	False	False
(filmRef)18112	True	BBC Alba	17	False	False
(filmRef)18113	True	BBC Alba	16	False	False
(filmRef)18114	True	BBC Alba	17	False	False
(filmRef)18115	True	BBC Alba	16	False	False
(filmRef)18116	True	BBC Alba	62	False	True
(filmRef)18117	True	BBC Alba	73	False	True
(filmRef)18118	True	BBC Alba	247	True	False
(filmRef)18119	False		79	True	False
(filmRef)1812	False		505	True	False
(filmRef)18120	False		79	True	False
(filmRef)18121	False		101	True	False
(filmRef)18122	False		101	True	False
(filmRef)18123	False		101	True	False
(filmRef)18124	False		101	True	False
(filmRef)18125	False		67	True	False
(filmRef)18126	False		67	True	False
(filmRef)18127	False		88	True	False
(filmRef)18128	False		88	True	False
(filmRef)18129	False		109	True	False
(filmRef)1813	False		680	True	False
(filmRef)18130	False		109	True	False
(filmRef)18131	False		148	True	False
(filmRef)18132	True	BBC Alba	236	True	False
(filmRef)18133	True	BBC Alba	253	True	False
(filmRef)18134	True	BBC Alba	246	True	False
(filmRef)18135	True	BBC Alba	258	True	False
(filmRef)18136	True	BBC Alba	260	True	False
(filmRef)18137	True	BBC Alba	255	True	False
(filmRef)18138	True	BBC Alba	228	True	False
(filmRef)18139	True	BBC Alba	241	True	False
(filmRef)1814	False		23	False	False
(filmRef)18140	True	BBC Alba	229	True	False
(filmRef)18141	True	BBC Alba	57	False	True
(filmRef)18142	True	BBC Alba	62	False	True
(filmRef)18143	True	BBC Alba	66	False	True
(filmRef)18144	True	BBC Alba	64	False	True
(filmRef)18145	True	BBC Alba	59	False	True
(filmRef)18146	True	BBC Alba	56	False	True
(filmRef)18147	True	BBC Alba	62	False	True
(filmRef)18148	True	BBC Alba	186	True	False
(filmRef)18149	True	BBC Alba	166	True	False
(filmRef)1815	False		201	True	False
(filmRef)18150	True	BBC Alba	30	False	False
(filmRef)18151	True	BBC Alba	30	False	False
(filmRef)18152	True	BBC Alba	30	False	False
(filmRef)18153	True	BBC Alba	30	False	False
(filmRef)18154	True	BBC Alba	30	False	False
(filmRef)18155	True	BBC Alba	30	False	False
(filmRef)18156	True	BBC Alba	30	False	False
(filmRef)18157	True	BBC Alba	30	False	False
(filmRef)18158	True	BBC Alba	337	True	False
(filmRef)18159	True	BBC Alba	34	False	False
(filmRef)1816	False		23	True	False
(filmRef)18160	True	BBC Alba	387	False	True
(filmRef)18161	True	BBC Alba	263	False	True
(filmRef)18162	True	BBC Alba	431	False	True
(filmRef)18163	True	BBC Alba	293	False	True
(filmRef)18164	True	BBC Alba	185	False	True
(filmRef)18165	True	BBC Alba	266	False	True
(filmRef)18166	True	BBC Alba	289	False	True
(filmRef)18167	True	BBC Alba	313	False	True
(filmRef)18168	True	BBC Alba	315	True	False
(filmRef)18169	True	BBC Alba	311	True	False
(filmRef)1817	False		119	True	False
(filmRef)18170	True	BBC Alba	334	True	False
(filmRef)18171	True	BBC Alba	319	True	False
(filmRef)18172	True	BBC Alba	303	True	False
(filmRef)18173	True	BBC Alba	295	True	False
(filmRef)18174	True	BBC Alba	101	True	False
(filmRef)18175	True	BBC Alba	138	True	False
(filmRef)18176	True	BBC Alba	148	True	False
(filmRef)18177	True	BBC Alba	336	True	False
(filmRef)18178	True	BBC Alba	323	True	False
(filmRef)18179	True	BBC Alba	311	True	False
(filmRef)1818	False		143	True	False
(filmRef)18180	False		55	False	False
(filmRef)18181	False		56	False	False
(filmRef)18182	False		55	False	False
(filmRef)18183	False		58	False	False
(filmRef)18184	True	BBC Alba	318	True	False
(filmRef)18185	True	BBC Alba	287	True	False
(filmRef)18186	True	BBC Alba	316	True	False
(filmRef)18187	True	BBC Alba	352	True	False
(filmRef)18188	True	BBC Alba	316	True	False
(filmRef)18189	True	BBC Alba	323	True	False
(filmRef)1819	False		30	False	False
(filmRef)18190	True	BBC Alba	483	True	False
(filmRef)18191	False		57	False	False
(filmRef)18192	False		57	False	False
(filmRef)18193	True	BBC Alba	195	True	False
(filmRef)18194	False		68	False	False
(filmRef)18195	True	BBC Alba	48	False	False
(filmRef)18196	True	BBC Alba	39	False	False
(filmRef)18197	True	BBC Alba	38	False	False
(filmRef)18198	True	BBC Alba	50	False	True
(filmRef)18199	True	BBC Alba	44	False	False
(filmRef)1820	False		563	True	False
(filmRef)18200	True	BBC Alba	49	False	False
(filmRef)18201	True	BBC Alba	46	False	False
(filmRef)18202	True	BBC Alba	44	False	False
(filmRef)18203	True	BBC Alba	36	False	False
(filmRef)18204	True	BBC Alba	46	False	False
(filmRef)18205	True	BBC Alba	39	False	False
(filmRef)18206	True	BBC Alba	45	False	False
(filmRef)18207	True	BBC Alba	38	False	False
(filmRef)18208	True	BBC Alba	44	False	False
(filmRef)18209	True	BBC Alba	37	False	False
(filmRef)1821	False		72	True	False
(filmRef)18210	True	BBC Alba	43	False	False
(filmRef)18211	True	BBC Alba	72	False	True
(filmRef)18212	True	BBC Alba	74	False	True
(filmRef)18213	True	BBC Alba	80	False	True
(filmRef)18214	True	BBC Alba	68	False	True
(filmRef)18215	True	BBC Alba	78	False	True
(filmRef)18216	True	BBC Alba	61	False	True
(filmRef)18217	True	BBC Alba	48	True	False
(filmRef)18218	True	BBC Alba	64	True	False
(filmRef)18219	True	BBC Alba	73	True	False
(filmRef)1822	False		93	True	False
(filmRef)18220	True	BBC Alba	61	True	False
(filmRef)18221	True	BBC Alba	84	False	True
(filmRef)18222	True	BBC Alba	150	True	False
(filmRef)18223	True	BBC Alba	132	True	False
(filmRef)18224	True	BBC Alba	218	True	False
(filmRef)18225	True	BBC Alba	135	True	False
(filmRef)18226	True	BBC Alba	208	True	False
(filmRef)18227	True	BBC Alba	161	True	False
(filmRef)18228	True	BBC Alba	45	False	False
(filmRef)18229	True	BBC Alba	73	False	True
(filmRef)1823	False		173	True	False
(filmRef)18230	True	BBC Alba	76	False	True
(filmRef)18231	True	BBC Alba	87	False	True
(filmRef)18232	True	BBC Alba	76	False	True
(filmRef)18233	True	BBC Alba	64	False	True
(filmRef)18234	True	BBC Alba	90	False	True
(filmRef)18235	True	BBC Alba	195	True	False
(filmRef)18236	True	BBC Alba	295	True	False
(filmRef)18237	True	BBC Alba	290	True	False
(filmRef)18238	True	BBC Alba	51	False	True
(filmRef)18239	True	BBC Alba	52	False	True
(filmRef)1824	False		336	True	False
(filmRef)18240	True	BBC Alba	56	False	True
(filmRef)18241	True	BBC Alba	347	True	False
(filmRef)18242	True	BBC Alba	330	True	False
(filmRef)18243	True	BBC Alba	344	True	False
(filmRef)18244	True	BBC Alba	361	True	False
(filmRef)18245	True	BBC Alba	276	True	False
(filmRef)18246	True	BBC Alba	43	False	False
(filmRef)18247	True	BBC Alba	45	False	False
(filmRef)18248	True	BBC Alba	43	False	False
(filmRef)18249	True	BBC Alba	45	False	False
(filmRef)1825	False		413	True	False
(filmRef)18250	True	BBC Alba	40	False	False
(filmRef)18251	True	BBC Alba	39	False	False
(filmRef)18252	True	BBC Alba	53	False	True
(filmRef)18253	True	BBC Alba	49	False	False
(filmRef)18254	True	BBC Alba	31	False	False
(filmRef)18255	True	BBC Alba	346	True	False
(filmRef)18256	True	Ros na Rùn website	28	False	False
(filmRef)18257	True	Ros na Rùn website	28	False	False
(filmRef)18258	True	Ros na Rùn website	28	False	False
(filmRef)18259	True	Ros na Rùn website	28	False	False
(filmRef)1826	False		604	True	False
(filmRef)18260	True	BBC Alba	194	True	False
(filmRef)18261	True	BBC Alba	189	True	False
(filmRef)18262	False		38	False	False
(filmRef)18263	False		26	False	False
(filmRef)18264	False		28	False	False
(filmRef)18265	False		19	False	False
(filmRef)18266	False		28	False	False
(filmRef)18267	False		36	False	False
(filmRef)18268	False		7	False	False
(filmRef)18269	True	BBC Alba	267	True	False
(filmRef)1827	False		255	True	False
(filmRef)18270	True	BBC Alba	327	True	False
(filmRef)18271	True	BBC Alba	69	False	True
(filmRef)18272	True	BBC Alba	28	False	False
(filmRef)18273	True	BBC Alba	295	True	False
(filmRef)18274	True	BBC Alba	129	True	False
(filmRef)18275	True	BBC Alba	141	True	False
(filmRef)18276	True	BBC Alba	377	True	False
(filmRef)18277	True	BBC Alba	343	True	False
(filmRef)18278	True	BBC Alba	137	True	False
(filmRef)18279	True	BBC Alba	141	True	False
(filmRef)1828	False		42	True	False
(filmRef)18280	True	BBC Alba	139	True	False
(filmRef)18281	True	BBC Alba	143	True	False
(filmRef)18282	True	BBC Alba	139	True	False
(filmRef)18283	True	BBC Alba	139	True	False
(filmRef)18284	True	BBC Alba	147	True	False
(filmRef)18285	True	BBC Alba	15	False	False
(filmRef)18286	True	BBC Alba	15	False	False
(filmRef)18287	True	BBC Alba	15	False	False
(filmRef)18288	True	BBC Alba	18	False	False
(filmRef)18289	True	BBC Alba	18	False	False
(filmRef)1829	False		123	True	False
(filmRef)18290	True	BBC Alba	18	False	False
(filmRef)18291	True	BBC Alba	19	False	False
(filmRef)18292	True	BBC Alba	19	False	False
(filmRef)18293	True	BBC Alba	19	False	False
(filmRef)18294	True	BBC Alba	56	False	True
(filmRef)18295	True	BBC Alba	44	False	False
(filmRef)18296	True	BBC Alba	47	False	False
(filmRef)18297	True	BBC Alba	49	False	False
(filmRef)18298	True	BBC Alba	41	False	False
(filmRef)18299	True	BBC Alba	50	False	True
(filmRef)1830	False		395	True	False
(filmRef)18300	False		36	False	False
(filmRef)18301	True	BBC Alba	57	False	True
(filmRef)18302	True	BBC Alba	43	False	False
(filmRef)18303	True	BBC Alba	53	False	True
(filmRef)18304	False		43	False	False
(filmRef)18305	True	BBC Alba	39	False	False
(filmRef)18306	True	BBC Alba	60	False	True
(filmRef)18307	True	BBC Alba	46	False	False
(filmRef)18308	True	BBC Alba	50	False	True
(filmRef)18309	True	BBC Alba	47	False	False
(filmRef)1831	False		38	False	False
(filmRef)18310	True	BBC Alba	44	False	False
(filmRef)18311	True	BBC Alba	25	False	False
(filmRef)18312	True	BBC Alba	368	False	True
(filmRef)18313	True	BBC Alba	373	False	True
(filmRef)18314	True	BBC Alba	364	False	True
(filmRef)18315	True	BBC Alba	469	False	True
(filmRef)18316	True	BBC Alba	235	False	True
(filmRef)18317	True	BBC Alba	346	False	True
(filmRef)18318	True	BBC Alba	321	False	True
(filmRef)18319	True	BBC Alba	215	False	True
(filmRef)1832	False		205	True	False
(filmRef)18320	True	BBC Alba	301	False	True
(filmRef)18321	True	BBC Alba	354	False	True
(filmRef)18322	True	BBC Alba	241	True	False
(filmRef)18323	False		7	False	False
(filmRef)18324	False		179	True	False
(filmRef)18325	False		303	True	False
(filmRef)18326	False		221	True	False
(filmRef)18327	False		41	False	False
(filmRef)18328	False		40	False	False
(filmRef)18329	True	BBC Alba	152	True	False
(filmRef)1833	False		370	True	False
(filmRef)18330	True	BBC Alba	339	True	False
(filmRef)18331	True	BBC Alba	344	True	False
(filmRef)18332	True	BBC Alba	347	True	False
(filmRef)18333	True	BBC Alba	349	True	False
(filmRef)18334	True	BBC Alba	351	True	False
(filmRef)18335	True	BBC Alba	343	True	False
(filmRef)18336	True	BBC Alba	57	False	True
(filmRef)18337	True	BBC Alba	200	True	False
(filmRef)18338	True	BBC Alba	262	True	False
(filmRef)18339	True	BBC Alba	471	True	False
(filmRef)1834	False		84	True	False
(filmRef)18340	True	BBC Alba	267	True	False
(filmRef)18341	True	BBC Alba	59	False	True
(filmRef)18342	True	BBC Alba	57	False	True
(filmRef)18343	True	BBC Alba	56	False	True
(filmRef)18344	True	All Media Scotland	42	False	False
(filmRef)18345	True	All Media Scotland	41	False	False
(filmRef)18346	True	All Media Scotland	40	False	False
(filmRef)18347	True	All Media Scotland	40	False	False
(filmRef)18348	True	All Media Scotland	42	False	False
(filmRef)18349	True	All Media Scotland	40	False	False
(filmRef)1835	False		122	True	False
(filmRef)18350	True	All Media Scotland	38	False	False
(filmRef)18351	True	All Media Scotland	44	False	False
(filmRef)18352	False		25	False	False
(filmRef)18353	False		25	False	False
(filmRef)18354	False		25	False	False
(filmRef)18355	False		25	False	False
(filmRef)18356	False		25	False	False
(filmRef)18357	False		25	False	False
(filmRef)18358	False		25	False	False
(filmRef)18359	False		25	False	False
(filmRef)1836	False		48	True	False
(filmRef)18360	True	BBC Alba	291	True	False
(filmRef)18361	True	BBC Alba	291	True	False
(filmRef)18362	True	BBC Alba	324	True	False
(filmRef)18363	True	BBC Alba	336	True	False
(filmRef)18364	True	BBC Alba	331	True	False
(filmRef)18365	True	BBC Alba	140	True	False
(filmRef)18366	True	BBC Alba	324	True	False
(filmRef)18367	True	BBC Alba	331	True	False
(filmRef)18368	True	BBC Alba	91	True	False
(filmRef)18369	True	BBC Alba	94	True	False
(filmRef)1837	False		45	True	False
(filmRef)18370	True	BBC Alba	88	True	False
(filmRef)18371	True	BBC Alba	121	True	False
(filmRef)18372	True	Radio times	43	False	False
(filmRef)18373	True	Radio times	57	False	True
(filmRef)18374	True	Radio times	53	False	True
(filmRef)18375	True	Radio times	52	False	True
(filmRef)18376	True	Radio times	50	False	True
(filmRef)18377	True	Radio times	48	False	False
(filmRef)18378	True	Radio times	48	False	False
(filmRef)18379	True	Radio times	45	False	False
(filmRef)1838	False		92	True	False
(filmRef)18380	True	Radio times	54	False	True
(filmRef)18381	True	Radio times	49	False	False
(filmRef)18382	True	Radio times	51	False	True
(filmRef)18383	True	Radio times	52	False	True
(filmRef)18384	True	BBC Alba	66	False	True
(filmRef)18385	True	BBC Alba	46	False	False
(filmRef)18386	True	BBC Alba	69	False	True
(filmRef)18387	True	BBC Alba	48	False	False
(filmRef)18388	True	BBC Alba	54	False	True
(filmRef)18389	True	BBC Alba	62	False	True
(filmRef)1839	False		159	True	False
(filmRef)18390	True	BBC Alba	63	False	True
(filmRef)18391	True	BBC Alba	25	False	False
(filmRef)18392	True	BBC Alba	25	False	False
(filmRef)18393	True	BBC Alba	25	False	False
(filmRef)18394	True	BBC Alba	25	False	False
(filmRef)18395	True	BBC Alba	25	False	False
(filmRef)18396	True	BBC Alba	25	False	False
(filmRef)18397	True	BBC Alba	25	False	False
(filmRef)18398	True	BBC Alba	25	False	False
(filmRef)18399	True	BBC Alba	25	False	False
(filmRef)1840	False		187	True	False
(filmRef)18400	True	BBC Alba	25	False	False
(filmRef)18401	True	BBC Alba	25	False	False
(filmRef)18402	True	BBC Alba	25	False	False
(filmRef)18403	True	BBC Alba	25	False	False
(filmRef)18404	True	BBC Alba	25	False	False
(filmRef)18405	True	BBC Alba	25	False	False
(filmRef)18406	True	BBC Alba	25	False	False
(filmRef)18407	True	BBC Alba	25	False	False
(filmRef)18408	True	BBC Alba	25	False	False
(filmRef)18409	True	BBC Alba	25	False	False
(filmRef)1841	False		101	True	False
(filmRef)18410	True	BBC Alba	25	False	False
(filmRef)18411	True	BBC Alba	25	False	False
(filmRef)18412	True	BBC Alba	98	False	True
(filmRef)18413	False		26	False	False
(filmRef)18414	False		26	False	False
(filmRef)18415	True	Radio times	48	False	False
(filmRef)18416	True	Radio times	51	False	True
(filmRef)18417	True	BBC Alba	336	True	False
(filmRef)18418	True	BBC online	206	True	False
(filmRef)18419	True	BBC online	189	True	False
(filmRef)1842	False		47	True	False
(filmRef)18420	True	BBC online	192	True	False
(filmRef)18421	True	BBC online	271	True	False
(filmRef)18422	True	BBC online	274	True	False
(filmRef)18423	True	BBC online	129	True	False
(filmRef)18424	True	BBC online	283	True	False
(filmRef)18425	True	BBC online	180	True	False
(filmRef)18426	True	BBC Alba	342	True	False
(filmRef)18427	True	BBC Alba	276	True	False
(filmRef)18428	True	BBC Alba	315	True	False
(filmRef)18429	True	BBC Alba	326	True	False
(filmRef)1843	False		143	True	False
(filmRef)18430	True	BBC Alba	337	True	False
(filmRef)18431	True	BBC Alba	196	True	False
(filmRef)18432	True	BBC Alba	198	True	False
(filmRef)18433	True	BBC Alba	159	True	False
(filmRef)18434	True	BBC Alba	224	True	False
(filmRef)18435	True	BBC online	317	True	False
(filmRef)18436	False		71	False	False
(filmRef)18437	False		66	False	False
(filmRef)18438	False		75	False	False
(filmRef)18439	False		113	True	False
(filmRef)1844	False		43	True	False
(filmRef)18440	True	BBC Alba	48	False	False
(filmRef)18441	True	BBC Alba	93	False	True
(filmRef)18442	False		217	True	False
(filmRef)18443	False		160	True	False
(filmRef)18444	False		179	True	False
(filmRef)18445	True	BBC Alba	197	True	False
(filmRef)18446	True	BBC Alba	194	True	False
(filmRef)18447	True	BBC Alba	181	True	False
(filmRef)18448	False		18	False	False
(filmRef)18449	True	BBC Alba	294	True	False
(filmRef)1845	False		81	True	False
(filmRef)18450	True	BBC Alba	412	True	False
(filmRef)18451	True	BBC Alba	385	True	False
(filmRef)18452	True	BBC Alba	209	True	False
(filmRef)18453	True	BBC Alba	205	True	False
(filmRef)18454	True	BBC Alba	203	True	False
(filmRef)18455	True	BBC Alba	200	True	False
(filmRef)18456	True	BBC Alba	198	True	False
(filmRef)18457	True	BBC Alba	183	True	False
(filmRef)18458	True	BBC Alba	192	True	False
(filmRef)18459	True	BBC Alba	193	True	False
(filmRef)1846	False		352	True	False
(filmRef)18460	True	BBC Alba	248	True	False
(filmRef)18461	True	BBC Alba	270	True	False
(filmRef)18462	True	All Media Scotland	41	False	False
(filmRef)18463	True	All Media Scotland	37	False	False
(filmRef)18464	True	All Media Scotland	41	False	False
(filmRef)18465	True	All Media Scotland	40	False	False
(filmRef)18466	True	All Media Scotland	37	False	False
(filmRef)18467	True	All Media Scotland	40	False	False
(filmRef)18468	True	All Media Scotland	40	False	False
(filmRef)18469	True	All Media Scotland	39	False	False
(filmRef)1847	False		20	False	False
(filmRef)18470	True	All Media Scotland	40	False	False
(filmRef)18471	True	All Media Scotland	40	False	False
(filmRef)18472	True	All Media Scotland	41	False	False
(filmRef)18473	True	All Media Scotland	36	False	False
(filmRef)18474	True	BBC Alba	243	True	False
(filmRef)18475	True	BBC Alba	281	True	False
(filmRef)18476	True	BBC Alba	260	True	False
(filmRef)18477	True	BBC Alba	220	True	False
(filmRef)18478	True	BBC online	38	False	False
(filmRef)18479	True	BBC online	36	False	False
(filmRef)1848	False		301	True	False
(filmRef)18480	True	BBC online	37	False	False
(filmRef)18481	True	BBC Alba	38	False	False
(filmRef)18482	True	BBC Alba	29	False	False
(filmRef)18483	True	BBC Alba	34	False	False
(filmRef)18484	False		8	False	False
(filmRef)18485	True	Radio Times	18	False	False
(filmRef)18486	True	Radio Times	23	False	False
(filmRef)18487	False		10	False	False
(filmRef)18488	False		10	False	False
(filmRef)18489	False		10	False	False
(filmRef)1849	False		153	True	False
(filmRef)18490	False		10	False	False
(filmRef)18491	False		10	False	False
(filmRef)18492	False		10	False	False
(filmRef)18493	True	BBC Alba	25	False	False
(filmRef)18494	True	BBC Alba	255	True	False
(filmRef)18495	True	BBC Alba	254	True	False
(filmRef)18496	True	BBC Alba	254	True	False
(filmRef)18497	True	BBC Alba	151	True	False
(filmRef)18498	True	BBC Alba	188	True	False
(filmRef)18499	False		22	False	False
(filmRef)1850	False		22	False	False
(filmRef)18500	False		93	True	False
(filmRef)18501	False		93	True	False
(filmRef)18502	False		93	True	False
(filmRef)18503	True	BBC Alba	197	True	False
(filmRef)18504	True	BBC Alba	165	True	False
(filmRef)18505	True	BBC Alba	157	True	False
(filmRef)18506	True	BBC Alba	167	True	False
(filmRef)18507	True	BBC Alba	320	True	False
(filmRef)18508	False		7	False	False
(filmRef)18509	False		62	True	False
(filmRef)1851	False		55	False	False
(filmRef)18510	True	BBC Alba	165	True	False
(filmRef)18511	True	BBC Alba	170	True	False
(filmRef)18512	True	BBC Alba	144	True	False
(filmRef)18513	True	BBC Alba	218	True	False
(filmRef)18514	True	BBC Alba	110	True	False
(filmRef)18515	True	BBC Alba	25	False	False
(filmRef)18516	True	BBC Alba	119	True	False
(filmRef)18517	True	BBC Alba	158	True	False
(filmRef)18518	True	BBC Alba	162	True	False
(filmRef)18519	False		60	False	False
(filmRef)1852	False		31	False	False
(filmRef)18520	False		61	False	False
(filmRef)18521	False		67	False	False
(filmRef)18522	False		63	False	False
(filmRef)18523	False		54	False	False
(filmRef)18524	False		72	False	False
(filmRef)18525	False		40	False	False
(filmRef)18526	False		53	False	False
(filmRef)18527	False		41	False	False
(filmRef)18528	False		34	False	False
(filmRef)18529	False		25	False	False
(filmRef)1853	False		163	True	False
(filmRef)18530	True	BBC Alba	266	True	False
(filmRef)18531	True	BBC Alba	335	True	False
(filmRef)18532	False		219	True	False
(filmRef)18533	False		30	False	False
(filmRef)18534	True	BBC Alba	258	True	False
(filmRef)18535	True	BBC Alba	253	True	False
(filmRef)18536	True	BBC Alba	255	True	False
(filmRef)18537	False		26	False	False
(filmRef)18538	False		30	False	False
(filmRef)18539	False		24	False	False
(filmRef)1854	False		497	True	False
(filmRef)18540	False		33	False	False
(filmRef)18541	False		19	False	False
(filmRef)18542	True	BBC Alba	183	True	False
(filmRef)18543	True	BBC Alba	233	True	False
(filmRef)18544	True	BBC Alba	297	True	False
(filmRef)18545	True	BBC Alba	265	True	False
(filmRef)18546	True	BBC Alba	273	True	False
(filmRef)18547	True	BBC Alba	44	False	False
(filmRef)18548	True	BBC Alba	41	False	False
(filmRef)18549	True	BBC Alba	45	False	False
(filmRef)1855	False		102	True	False
(filmRef)18550	True	BBC Alba	43	False	False
(filmRef)18551	True	BBC Alba	63	False	True
(filmRef)18552	True	BBC Alba	312	True	False
(filmRef)18553	True	BBC Alba	295	True	False
(filmRef)18554	False		38	False	False
(filmRef)18555	False		38	False	False
(filmRef)18556	False		38	False	False
(filmRef)18557	False		38	False	False
(filmRef)18558	False		38	False	False
(filmRef)18559	False		38	False	False
(filmRef)1856	False		347	True	False
(filmRef)18560	False		38	False	False
(filmRef)18561	False		38	False	False
(filmRef)18562	True	BBC Alba	49	False	False
(filmRef)18563	True	BBC Alba	29	False	False
(filmRef)18564	True	BBC Alba	38	False	False
(filmRef)18565	True	BBC Alba	52	False	True
(filmRef)18566	True	BBC Alba	38	False	False
(filmRef)18567	True	BBC Alba	34	False	False
(filmRef)18568	True	BBC Alba	155	False	True
(filmRef)1857	False		163	True	False
(filmRef)18570	True	BBC Alba	389	True	False
(filmRef)18571	True	BBC Alba	233	True	False
(filmRef)18572	True	BBC Alba	310	True	False
(filmRef)18573	True	BBC Alba	317	True	False
(filmRef)18574	True	BBC Alba	221	False	True
(filmRef)18575	False		10	False	False
(filmRef)18576	False		11	False	False
(filmRef)18577	True	BBC Alba	371	False	True
(filmRef)18578	True	BBC Alba	342	False	True
(filmRef)18579	True	BBC Alba	455	False	True
(filmRef)1858	False		212	True	False
(filmRef)18580	True	BBC Alba	274	False	True
(filmRef)18581	False		8	False	False
(filmRef)18582	False		4	False	False
(filmRef)18583	True	BBC Alba	257	False	True
(filmRef)18584	True	BBC Alba	274	False	True
(filmRef)18585	True	BBC Alba	310	False	True
(filmRef)18586	True	BBC Alba	235	False	True
(filmRef)18587	True	BBC Alba	198	False	True
(filmRef)18588	False		5	False	False
(filmRef)18589	True	BBC Alba	165	False	True
(filmRef)1859	False		303	True	False
(filmRef)18590	False		24	False	False
(filmRef)18591	True	BBC Alba	296	False	True
(filmRef)18592	True	BBC Alba	199	False	True
(filmRef)18593	True	BBC Alba	172	False	True
(filmRef)18594	True	BBC Alba	266	False	True
(filmRef)18595	True	BBC online	127	True	False
(filmRef)18596	False		49	False	False
(filmRef)18597	False		36	False	False
(filmRef)18598	False		33	False	False
(filmRef)18599	False		32	False	False
(filmRef)1860	False		253	True	False
(filmRef)18600	False		38	False	False
(filmRef)18601	False		38	False	False
(filmRef)18602	True	BBC Alba	58	False	True
(filmRef)18603	True	BBC Alba	220	True	False
(filmRef)18604	False		0	False	False
(filmRef)18605	False		12	False	False
(filmRef)18606	False		15	False	False
(filmRef)18607	True	BBC Alba	168	True	False
(filmRef)18608	True	BBC Alba	210	True	False
(filmRef)18609	True	BBC Alba	211	True	False
(filmRef)1861	False		62	True	False
(filmRef)18610	True	Vimeo	100	False	True
(filmRef)18611	True	BBC Alba	327	True	False
(filmRef)18612	True	BBC Alba	40	False	False
(filmRef)18613	True	BBC Alba	74	False	True
(filmRef)18614	True	MG Alba	315	True	False
(filmRef)18615	False		15	False	False
(filmRef)18616	False		15	False	False
(filmRef)18617	False		15	False	False
(filmRef)18618	False		16	False	False
(filmRef)18619	False		15	False	False
(filmRef)1862	False		518	True	False
(filmRef)18620	False		15	False	False
(filmRef)18621	False		15	False	False
(filmRef)18622	False		15	False	False
(filmRef)18623	False		15	False	False
(filmRef)18624	False		15	False	False
(filmRef)18625	False		15	False	False
(filmRef)18626	False		15	False	False
(filmRef)18627	True	BBC Alba	286	True	False
(filmRef)18628	True	BBC online	293	True	False
(filmRef)18629	True	BBC online	298	True	False
(filmRef)1863	False		103	True	False
(filmRef)18630	True	BBC online	289	True	False
(filmRef)18631	True	BBC online	316	True	False
(filmRef)18632	True	BBC online	259	True	False
(filmRef)18633	True	BBC online	295	True	False
(filmRef)18634	True	BBC online	291	True	False
(filmRef)18635	True	BBC online	275	True	False
(filmRef)18636	True	BBC online	210	True	False
(filmRef)18637	False		53	False	False
(filmRef)18638	False		56	False	False
(filmRef)18639	False		60	False	False
(filmRef)1864	False		316	True	False
(filmRef)18640	True	BBC Alba	87	False	True
(filmRef)18641	True	BBC Alba	87	False	True
(filmRef)18642	False		46	False	False
(filmRef)18643	False		24	False	False
(filmRef)18644	True	BBC Alba	233	True	False
(filmRef)18645	True	BBC Alba	400	True	False
(filmRef)18646	True	BBC Alba	101	False	True
(filmRef)18647	False		303	True	False
(filmRef)18648	False		221	True	False
(filmRef)18649	False		179	True	False
(filmRef)1865	False		264	True	False
(filmRef)18650	False		7	False	False
(filmRef)18651	False		286	True	False
(filmRef)18652	True	BBC Alba	46	False	False
(filmRef)18653	True	BBC Alba	44	False	False
(filmRef)18654	True	BBC Alba	43	False	False
(filmRef)18655	True	BBC Alba	45	False	False
(filmRef)18656	True	BBC Alba	43	False	False
(filmRef)18657	True	BBC Alba	45	False	False
(filmRef)18658	True	BBC Alba	44	False	False
(filmRef)18659	True	BBC Alba	19	False	False
(filmRef)1866	False		163	True	False
(filmRef)18660	True	BBC Alba	25	False	False
(filmRef)18661	True	BBC Alba	25	False	False
(filmRef)18662	True	BBC Alba	28	False	False
(filmRef)18663	True	BBC Alba	28	False	False
(filmRef)18664	True	BBC Alba	30	False	False
(filmRef)18665	True	BBC Alba	30	False	False
(filmRef)18666	True	BBC Alba	18	False	False
(filmRef)18667	True	BBC Alba	18	False	False
(filmRef)18668	True	BBC Alba	18	False	False
(filmRef)18669	True	BBC Alba	17	False	False
(filmRef)1867	False		59	True	False
(filmRef)18670	True	BBC Alba	17	False	False
(filmRef)18671	True	BBC Alba	18	False	False
(filmRef)18672	True	BBC Alba	17	False	False
(filmRef)18673	True	BBC Alba	18	False	False
(filmRef)18674	True	BBC Alba	129	True	False
(filmRef)18675	False		7	False	False
(filmRef)18676	False		7	False	False
(filmRef)18677	True	BBC Alba	56	False	True
(filmRef)18678	True	BBC Alba	312	True	False
(filmRef)18679	True	BBC Alba	41	False	False
(filmRef)1868	False		327	True	False
(filmRef)18680	True	BBC Alba	34	False	False
(filmRef)18681	True	BBC Alba	42	False	False
(filmRef)18682	True	BBC Alba	41	False	False
(filmRef)18683	True	BBC Alba	38	False	False
(filmRef)18684	True	BBC Alba	41	False	False
(filmRef)18685	True	BBC Alba	43	False	False
(filmRef)18686	True	BBC Alba	36	False	False
(filmRef)18687	True	BBC Alba	61	False	True
(filmRef)18688	True	BBC Alba	66	False	True
(filmRef)18689	True	BBC Alba	63	False	True
(filmRef)1869	False		135	True	False
(filmRef)18690	False		57	False	False
(filmRef)18691	False		58	False	False
(filmRef)18692	False		51	False	False
(filmRef)18693	True	BBC Alba	92	False	True
(filmRef)18694	True	BBC Alba	313	True	False
(filmRef)18695	True	BBC Alba	354	True	False
(filmRef)18696	True	BBC Alba	331	True	False
(filmRef)18697	True	BBC Alba	332	True	False
(filmRef)18698	True	BBC Alba	388	True	False
(filmRef)18699	False		54	False	False
(filmRef)1870	False		123	True	False
(filmRef)18700	False		52	False	False
(filmRef)18701	False		51	False	False
(filmRef)18702	False		53	False	False
(filmRef)18703	False		54	False	False
(filmRef)18704	False		55	False	False
(filmRef)18705	False		46	False	False
(filmRef)18706	False		55	False	False
(filmRef)18707	False		54	False	False
(filmRef)18708	False		50	False	False
(filmRef)18709	False		54	False	False
(filmRef)1871	False		272	True	False
(filmRef)18710	False		54	False	False
(filmRef)18711	False		38	False	False
(filmRef)18712	True	Radio times	53	False	True
(filmRef)18713	True	Radio times	52	False	True
(filmRef)18714	True	Radio times	57	False	True
(filmRef)18715	True	Radio times	58	False	True
(filmRef)18716	True	Radio times	43	False	False
(filmRef)18717	True	Radio times	56	False	True
(filmRef)18718	True	Radio times	47	False	False
(filmRef)18719	True	Radio times	67	False	True
(filmRef)1872	False		400	True	False
(filmRef)18720	True	Radio times	56	False	True
(filmRef)18721	True	Radio times	65	False	True
(filmRef)18722	True	Radio times	53	False	True
(filmRef)18723	True	Radio times	76	False	True
(filmRef)18724	True	Radio times	74	False	True
(filmRef)18725	True	Radio times	65	False	True
(filmRef)18726	True	Radio times	81	False	True
(filmRef)18727	True	Radio times	57	False	True
(filmRef)18728	True	BBC Alba	26	False	False
(filmRef)18729	True	BBC Alba	26	False	False
(filmRef)1873	False		443	True	False
(filmRef)18730	True	BBC Alba	350	True	False
(filmRef)18732	False		38	False	False
(filmRef)18733	True	BBC Alba	70	False	True
(filmRef)18734	True	BBC Alba	57	False	True
(filmRef)18735	True	BBC Alba	192	True	False
(filmRef)18736	True	BBC Alba	239	True	False
(filmRef)18737	True	BBC Alba	198	True	False
(filmRef)18738	True	BBC Alba	253	True	False
(filmRef)18739	True	BBC Alba	259	True	False
(filmRef)1874	False		326	True	False
(filmRef)18740	True	BBC Alba	221	True	False
(filmRef)18741	True	BBC Alba	178	True	False
(filmRef)18742	True	BBC Alba	184	True	False
(filmRef)18743	True	BBC Alba	89	False	True
(filmRef)18744	True	BBC Alba	25	False	False
(filmRef)18745	True	BBC Alba	25	False	False
(filmRef)18746	True	BBC Alba	25	False	False
(filmRef)18747	True	BBC Alba	25	False	False
(filmRef)18748	True	BBC Alba	25	False	False
(filmRef)18749	True	BBC Alba	25	False	False
(filmRef)1875	False		139	True	False
(filmRef)18750	True	BBC Alba	25	False	False
(filmRef)18751	True	BBC Alba	25	False	False
(filmRef)18752	True	BBC Alba	25	False	False
(filmRef)18753	True	BBC Alba	25	False	False
(filmRef)18754	True	BBC Alba	25	False	False
(filmRef)18755	True	BBC Alba	25	False	False
(filmRef)18756	True	BBC Alba	25	False	False
(filmRef)18757	True	BBC Alba	268	True	False
(filmRef)18758	True	BBC	44	False	False
(filmRef)18759	True	BBC	47	False	False
(filmRef)1876	False		306	True	False
(filmRef)18760	True	BBC	45	False	False
(filmRef)18761	True	BBC	46	False	False
(filmRef)18762	True	BBC	45	False	False
(filmRef)18763	True	BBC	47	False	False
(filmRef)18764	True	BBC	48	False	False
(filmRef)18765	True	BBC	46	False	False
(filmRef)18766	True	BBC	45	False	False
(filmRef)18767	True	BBC	44	False	False
(filmRef)18768	True	BBC	45	False	False
(filmRef)18769	True	BBC Alba	188	True	False
(filmRef)1877	False		145	True	False
(filmRef)18770	True	BBC Alba	245	True	False
(filmRef)18771	True	BBC Alba	234	True	False
(filmRef)18772	True	BBC Alba	318	True	False
(filmRef)18773	True	BBC Alba	343	True	False
(filmRef)18774	True	BBC Alba	353	True	False
(filmRef)18775	False		15	False	False
(filmRef)18776	False		15	False	False
(filmRef)18777	False		7	False	False
(filmRef)18778	True	BBC Alba	77	False	True
(filmRef)18779	False		12	False	False
(filmRef)1878	False		49	True	False
(filmRef)18780	False		12	False	False
(filmRef)18781	True	BBC Alba	68	False	True
(filmRef)18782	True	BBC Alba	89	False	True
(filmRef)18783	False		169	True	False
(filmRef)18784	False		176	True	False
(filmRef)18785	False		196	True	False
(filmRef)18786	False		169	True	False
(filmRef)18787	False		184	True	False
(filmRef)18788	True	BBC online	334	True	False
(filmRef)18789	True	BBC Alba	393	True	False
(filmRef)1879	False		408	True	False
(filmRef)18790	True	BBC Alba	398	True	False
(filmRef)18791	True	BBC Alba	394	True	False
(filmRef)18792	True	BBC Alba	43	False	False
(filmRef)18793	True	BBC Alba	197	True	False
(filmRef)18794	True	BBC Alba	192	True	False
(filmRef)18795	True	BBC Alba	246	True	False
(filmRef)18796	True	BBC Alba	256	True	False
(filmRef)18797	False		19	False	False
(filmRef)18798	False		8	False	False
(filmRef)18799	True	BBC Alba	69	True	False
(filmRef)1880	False		228	True	False
(filmRef)18800	True	BBC Alba	69	True	False
(filmRef)18801	True	BBC Alba	195	True	False
(filmRef)18802	True	BBC Alba	69	True	False
(filmRef)18803	False		17	False	False
(filmRef)18804	True	BBC Alba	37	False	False
(filmRef)18805	True	BBC Alba	25	False	False
(filmRef)18806	True	BBC Alba	25	False	False
(filmRef)18807	True	BBC Alba	28	False	False
(filmRef)18808	True	BBC Alba	28	False	False
(filmRef)18809	True	BBC Alba	160	True	False
(filmRef)1881	False		184	True	False
(filmRef)18810	True	BBC Alba	25	False	False
(filmRef)18811	True	BBC Alba	131	True	False
(filmRef)18812	True	BBC Alba	115	True	False
(filmRef)18813	True	BBC Alba	139	True	False
(filmRef)18814	True	BBC Alba	327	True	False
(filmRef)18815	False		15	False	False
(filmRef)18816	False		15	False	False
(filmRef)18817	False		15	False	False
(filmRef)18818	False		15	False	False
(filmRef)18819	False		15	False	False
(filmRef)1882	False		179	True	False
(filmRef)18820	False		15	False	False
(filmRef)18821	False		15	False	False
(filmRef)18822	False		15	False	False
(filmRef)18823	False		15	False	False
(filmRef)18824	False		15	False	False
(filmRef)18825	False		15	False	False
(filmRef)18826	True	BBC Alba	255	True	False
(filmRef)18827	True	BBC Alba	228	True	False
(filmRef)18828	True	BBC Alba	245	True	False
(filmRef)18829	True	BBC Alba	232	True	False
(filmRef)1883	False		122	True	False
(filmRef)18831	True	BBC Alba	407	True	False
(filmRef)18832	True	BBC Alba	370	True	False
(filmRef)18833	True	BBC Alba	356	True	False
(filmRef)18834	True	BBC Alba	324	True	False
(filmRef)18835	True	BBC Alba	383	True	False
(filmRef)18836	True	BBC Alba	299	True	False
(filmRef)18837	True	BBC Alba	372	True	False
(filmRef)18838	True	BBC Alba	356	True	False
(filmRef)18839	True	BBC Alba	336	True	False
(filmRef)1884	False		153	True	False
(filmRef)18840	True	BBC Alba	110	True	False
(filmRef)18841	True	BBC Alba	345	True	False
(filmRef)18842	True	BBC Alba	260	True	False
(filmRef)18843	True	BBC Alba	313	True	False
(filmRef)18844	True	BBC Alba	313	True	False
(filmRef)18845	True	BBC Alba	88	False	True
(filmRef)18846	True	BBC Alba	119	False	True
(filmRef)18847	True	BBC Alba	110	True	False
(filmRef)18848	True	BBC Alba	111	True	False
(filmRef)18849	False		35	False	False
(filmRef)1885	False		106	True	False
(filmRef)18850	False		35	False	False
(filmRef)18851	False		35	False	False
(filmRef)18852	False		35	False	False
(filmRef)18853	False		35	False	False
(filmRef)18854	False		35	False	False
(filmRef)18855	False		35	False	False
(filmRef)18856	False		36	False	False
(filmRef)18857	True	BBC Alba	201	True	False
(filmRef)18858	True	BBC Alba	198	True	False
(filmRef)18859	True	BBC Alba	213	True	False
(filmRef)1886	False		118	True	False
(filmRef)18860	True	BBC Alba	194	True	False
(filmRef)18861	True	BBC Alba	25	False	False
(filmRef)18862	True	BBC Alba	25	False	False
(filmRef)18863	True	BBC Alba	25	False	False
(filmRef)18864	True	BBC Alba	25	False	False
(filmRef)18865	True	BBC Alba	25	False	False
(filmRef)18866	True	BBC Alba	25	False	False
(filmRef)18867	True	BBC Alba	25	False	False
(filmRef)18868	True	BBC Alba	25	False	False
(filmRef)18869	True	BBC Alba	25	False	False
(filmRef)1887	False		60	True	False
(filmRef)18870	False		19	False	False
(filmRef)18871	False		17	False	False
(filmRef)18872	False		18	False	False
(filmRef)18873	False		17	False	False
(filmRef)18874	False		16	False	False
(filmRef)18875	False		17	False	False
(filmRef)18876	False		17	False	False
(filmRef)18877	False		19	False	False
(filmRef)18878	False		18	False	False
(filmRef)18879	False		19	False	False
(filmRef)1888	False		263	True	False
(filmRef)18880	False		17	False	False
(filmRef)18881	False		16	False	False
(filmRef)18882	False		17	False	False
(filmRef)18883	False		17	False	False
(filmRef)18884	False		17	False	False
(filmRef)18885	False		17	False	False
(filmRef)18886	False		20	False	False
(filmRef)18887	False		20	False	False
(filmRef)18888	True	BBC Alba	50	False	True
(filmRef)18889	True	BBC Alba	227	True	False
(filmRef)1889	False		174	True	False
(filmRef)18890	True	BBC Alba	156	True	False
(filmRef)18891	False		346	True	False
(filmRef)18892	False		249	True	False
(filmRef)18893	False		195	True	False
(filmRef)18894	False		167	True	False
(filmRef)18895	False		180	True	False
(filmRef)18896	True	BBC Alba	65	False	True
(filmRef)18897	True	BBC Alba	368	False	True
(filmRef)18898	True	BBC Alba	397	False	True
(filmRef)18899	True	BBC Alba	422	False	True
(filmRef)1890	False		184	True	False
(filmRef)18900	True	BBC Alba	444	False	True
(filmRef)18901	True	BBC Alba	379	False	True
(filmRef)18902	True	BBC Alba	339	False	True
(filmRef)18903	True	BBC Alba	434	False	True
(filmRef)18904	True	BBC Alba	390	False	True
(filmRef)18905	True	BBC Alba	498	True	False
(filmRef)18906	True	BBC Alba	417	True	False
(filmRef)18907	True	BBC Alba	402	True	False
(filmRef)18908	True	BBC Alba	398	True	False
(filmRef)18909	True	BBC Alba	446	True	False
(filmRef)1891	False		130	True	False
(filmRef)18910	True	BBC Alba	179	True	False
(filmRef)18911	False		3	False	False
(filmRef)18912	False		2	False	False
(filmRef)18913	False		2	False	False
(filmRef)18914	False		0	False	False
(filmRef)18915	False		0	False	False
(filmRef)18916	False		0	False	False
(filmRef)18917	False		0	False	False
(filmRef)18918	True	BBC Alba	389	True	False
(filmRef)18919	True	BBC Alba	233	True	False
(filmRef)1892	False		69	True	False
(filmRef)18920	True	BBC Alba	310	True	False
(filmRef)18921	False		0	False	False
(filmRef)18922	False		0	False	False
(filmRef)18923	True	BBC Alba	281	False	True
(filmRef)18924	True	BBC Alba	265	False	True
(filmRef)18925	True	BBC Alba	351	False	True
(filmRef)18926	True	BBC Alba	354	False	True
(filmRef)18927	True	BBC Alba	414	False	True
(filmRef)18928	True	BBC Alba	358	False	True
(filmRef)18929	True	BBC Alba	153	False	True
(filmRef)1893	False		108	True	False
(filmRef)18930	False		174	True	False
(filmRef)18931	False		158	True	False
(filmRef)18932	False		154	True	False
(filmRef)18933	False		67	True	False
(filmRef)18934	False		67	True	False
(filmRef)18935	False		181	True	False
(filmRef)18936	True	BBC Alba	147	True	False
(filmRef)18937	True	BBC Alba	215	True	False
(filmRef)18938	True	BBC Alba	186	True	False
(filmRef)18939	True	BBC Alba	148	True	False
(filmRef)18940	True	BBC Alba	164	True	False
(filmRef)18941	True	BBC Alba	142	True	False
(filmRef)18942	True	BBC Alba	57	False	True
(filmRef)18943	True	BBC Alba	83	False	True
(filmRef)18944	True	BBC Alba	90	False	True
(filmRef)18945	True	BBC Alba	79	False	True
(filmRef)18946	True	BBC Alba	334	True	False
(filmRef)18947	False		24	False	False
(filmRef)18948	False		20	False	False
(filmRef)18949	True	BBC Alba	155	True	False
(filmRef)1895	False		139	True	False
(filmRef)18950	True	BBC Alba	118	False	True
(filmRef)18951	True	BBC Alba	396	True	False
(filmRef)18952	True	BBC Alba	25	False	False
(filmRef)18953	True	BBC Alba	25	False	False
(filmRef)18954	True	BBC Alba	25	False	False
(filmRef)18955	True	BBC Alba	25	False	False
(filmRef)18956	True	BBC Alba	25	False	False
(filmRef)18957	True	BBC Alba	25	False	False
(filmRef)18958	True	BBC Alba	25	False	False
(filmRef)18959	True	BBC Alba	25	False	False
(filmRef)1896	False		259	True	False
(filmRef)18960	True	BBC Alba	25	False	False
(filmRef)18961	True	BBC Alba	227	True	False
(filmRef)18962	True	BBC Alba	342	True	False
(filmRef)18963	True	BBC Alba	291	True	False
(filmRef)18964	True	BBC Alba	272	True	False
(filmRef)18965	True	BBC Alba	338	True	False
(filmRef)18966	False		165	True	False
(filmRef)18967	False		167	True	False
(filmRef)18968	False		161	True	False
(filmRef)18969	False		165	True	False
(filmRef)1897	False		50	True	False
(filmRef)18970	False		142	True	False
(filmRef)18971	False		166	True	False
(filmRef)18972	False		156	True	False
(filmRef)18973	False		164	True	False
(filmRef)18974	False		170	True	False
(filmRef)18975	False		148	True	False
(filmRef)18976	False		156	True	False
(filmRef)18977	False		169	True	False
(filmRef)18978	True	BBC Alba	203	True	False
(filmRef)18979	True	BBC Alba	246	True	False
(filmRef)18980	True	BBC Alba	25	False	False
(filmRef)18981	True	Radio times	70	False	True
(filmRef)18982	True	Radio times	67	False	True
(filmRef)18983	True	Radio times	67	False	True
(filmRef)18984	True	Radio times	54	False	True
(filmRef)18985	True	Radio times	74	False	True
(filmRef)18986	True	Radio times	75	False	True
(filmRef)18987	True	Radio times	85	False	True
(filmRef)18988	True	Radio times	86	False	True
(filmRef)18989	True	Radio times	92	False	True
(filmRef)18990	True	Radio times	85	False	True
(filmRef)18991	True	Radio times	78	False	True
(filmRef)18992	True	Radio times	85	False	True
(filmRef)18993	True	Radio times	82	False	True
(filmRef)18994	True	Radio times	88	False	True
(filmRef)18995	True	Radio times	51	False	True
(filmRef)18996	True	BBC Alba	62	False	True
(filmRef)18997	True	BBC Alba	60	False	True
(filmRef)18998	True	BBC Alba	53	False	True
(filmRef)18999	False		38	False	False
(filmRef)1900	False		173	True	False
(filmRef)19000	False		38	False	False
(filmRef)19001	False		38	False	False
(filmRef)19002	False		38	False	False
(filmRef)19003	False		38	False	False
(filmRef)19004	False		38	False	False
(filmRef)19005	False		38	False	False
(filmRef)19006	False		38	False	False
(filmRef)19007	False		38	False	False
(filmRef)19008	False		38	False	False
(filmRef)19009	True	BBC Alba	130	True	False
(filmRef)1901	False		346	True	False
(filmRef)19010	False		22	False	False
(filmRef)19011	False		35	False	False
(filmRef)19012	False		27	False	False
(filmRef)19013	True	BBC Alba	124	True	False
(filmRef)19014	True	BBC Alba	284	True	False
(filmRef)19015	True	BBC Alba	282	True	False
(filmRef)19016	True	BBC Alba	329	True	False
(filmRef)19017	True	BBC Alba	192	True	False
(filmRef)19018	False		19	False	False
(filmRef)19019	False		30	False	False
(filmRef)1902	False		259	True	False
(filmRef)19020	False		105	False	False
(filmRef)19021	False		48	False	False
(filmRef)19022	False		59	False	False
(filmRef)19023	False		53	False	False
(filmRef)19024	False		52	False	False
(filmRef)19025	True	BBC Alba	73	False	True
(filmRef)19026	False		66	False	False
(filmRef)19027	True	BBC Alba	313	True	False
(filmRef)19028	True	BBC	44	False	False
(filmRef)19029	True	BBC	43	False	False
(filmRef)1903	False		284	True	False
(filmRef)19030	True	BBC	43	False	False
(filmRef)19031	True	BBC	43	False	False
(filmRef)19032	True	BBC	47	False	False
(filmRef)19033	True	BBC	47	False	False
(filmRef)19034	True	BBC Alba	167	True	False
(filmRef)19035	True	BBC Alba	233	True	False
(filmRef)19036	True	BBC Alba	462	True	False
(filmRef)19037	True	BBC Alba	509	True	False
(filmRef)19038	True	BBC Alba	38	False	False
(filmRef)19039	True	BBC Alba	45	False	False
(filmRef)1904	False		222	True	False
(filmRef)19040	True	BBC Alba	41	False	False
(filmRef)19041	True	BBC Alba	40	False	False
(filmRef)19042	True	BBC Alba	25	False	False
(filmRef)19043	True	BBC Alba	25	False	False
(filmRef)19044	True	BBC Alba	25	False	False
(filmRef)19045	True	Radio times	87	False	True
(filmRef)19046	True	Radio times	98	False	True
(filmRef)19047	True	Radio times	102	False	True
(filmRef)19048	False		10	False	False
(filmRef)19049	True	BBC Alba	525	True	False
(filmRef)1905	False		425	True	False
(filmRef)19050	True	BBC Alba	79	False	True
(filmRef)19051	True	BBC online	449	True	False
(filmRef)19052	True	BBC Alba	135	True	False
(filmRef)19053	False		255	True	False
(filmRef)19054	False		283	True	False
(filmRef)19055	False		212	True	False
(filmRef)19056	True	BBC Alba	72	False	True
(filmRef)19057	False		24	False	False
(filmRef)19058	False		18	False	False
(filmRef)19059	False		11	False	False
(filmRef)1906	False		277	True	False
(filmRef)19060	False		27	False	False
(filmRef)19061	False		24	False	False
(filmRef)19062	False		22	False	False
(filmRef)19063	True	BBC Alba	25	False	False
(filmRef)19064	True	BBC Alba	25	False	False
(filmRef)19065	True	BBC Alba	25	False	False
(filmRef)19066	True	BBC Alba	25	False	False
(filmRef)19067	True	BBC Alba	25	False	False
(filmRef)19068	True	BBC Alba	25	False	False
(filmRef)19069	True	BBC Alba	376	True	False
(filmRef)1907	False		271	True	False
(filmRef)19070	True	BBC online	385	True	False
(filmRef)19071	True	BBC online	265	True	False
(filmRef)19072	True	BBC online	373	True	False
(filmRef)19073	True	BBC online	286	True	False
(filmRef)19074	True	BBC online	309	True	False
(filmRef)19075	True	BBC online	303	True	False
(filmRef)19076	True	BBC online	187	True	False
(filmRef)19077	True	BBC online	267	True	False
(filmRef)19078	True	BBC online	241	True	False
(filmRef)19079	False		94	False	False
(filmRef)1908	False		65	True	False
(filmRef)19080	False		118	False	False
(filmRef)19081	False		116	False	False
(filmRef)19082	False		115	False	False
(filmRef)19083	False		92	False	False
(filmRef)19084	False		91	False	False
(filmRef)19085	False		24	False	False
(filmRef)19086	False		24	False	False
(filmRef)19087	True	BBC Alba	39	False	False
(filmRef)19088	True	BBC Alba	24	False	False
(filmRef)19089	True	BBC Alba	209	True	False
(filmRef)1909	False		92	True	False
(filmRef)19090	True	BBC Alba	317	True	False
(filmRef)19091	True	BBC Alba	287	True	False
(filmRef)19092	True	BBC Alba	326	True	False
(filmRef)19093	True	BBC Alba	302	True	False
(filmRef)19094	True	BBC Alba	302	True	False
(filmRef)19095	True	BBC Alba	307	True	False
(filmRef)19096	True	BBC Alba	295	True	False
(filmRef)19097	True	BBC Alba	349	True	False
(filmRef)19098	True	BBC Alba	338	True	False
(filmRef)19099	True	BBC Alba	338	True	False
(filmRef)1910	False		163	True	False
(filmRef)19100	False		327	True	False
(filmRef)19101	True	BBC Alba	171	True	False
(filmRef)19102	True	BBC Alba	168	True	False
(filmRef)19103	True	BBC Alba	163	True	False
(filmRef)19104	True	BBC Alba	192	True	False
(filmRef)19105	True	BBC Alba	185	True	False
(filmRef)19106	True	Radio times	42	False	False
(filmRef)19107	True	BBC Alba	74	False	True
(filmRef)19108	False		165	True	False
(filmRef)19109	False		165	True	False
(filmRef)1911	False		153	True	False
(filmRef)19110	False		289	True	False
(filmRef)19111	False		192	True	False
(filmRef)19112	False		180	True	False
(filmRef)19113	False		162	True	False
(filmRef)19114	False		149	True	False
(filmRef)19115	True	BBC Alba	317	True	False
(filmRef)19116	True	BBC Alba	356	True	False
(filmRef)19117	False		343	True	False
(filmRef)19118	False		242	True	False
(filmRef)19119	False		174	True	False
(filmRef)1912	False		99	True	False
(filmRef)19120	False		205	True	False
(filmRef)19121	False		209	True	False
(filmRef)19122	False		213	True	False
(filmRef)19123	False		217	True	False
(filmRef)19124	False		203	True	False
(filmRef)19125	False		227	True	False
(filmRef)19126	False		209	True	False
(filmRef)19127	False		211	True	False
(filmRef)19128	False		215	True	False
(filmRef)19129	True	BBC Alba	219	True	False
(filmRef)1913	False		106	True	False
(filmRef)19130	False		35	False	False
(filmRef)19131	False		22	False	False
(filmRef)19132	False		30	False	False
(filmRef)19133	True	BBC Alba	316	True	False
(filmRef)19134	True	BBC Alba	135	True	False
(filmRef)19135	True	BBC Alba	106	False	True
(filmRef)19136	True	BBC Alba	301	True	False
(filmRef)19137	True	BBC Alba	317	True	False
(filmRef)19138	True	BBC Alba	310	True	False
(filmRef)19139	True	BBC Alba	80	False	True
(filmRef)1914	False		58	True	False
(filmRef)19140	True	BBC Alba	57	False	True
(filmRef)19141	True	BBC Alba	62	False	True
(filmRef)19142	True	BBC Alba	57	False	True
(filmRef)19143	True	BBC Alba	62	False	True
(filmRef)19144	False		156	True	False
(filmRef)19145	False		156	True	False
(filmRef)19146	True	BBC Alba	274	True	False
(filmRef)19147	True	BBC Alba	198	True	False
(filmRef)19148	True	BBC Alba	165	True	False
(filmRef)19149	True	BBC Alba	235	True	False
(filmRef)1915	False		104	True	False
(filmRef)19150	True	BBC Alba	163	True	False
(filmRef)19151	True	BBC Alba	171	True	False
(filmRef)19152	True	BBC Alba	173	True	False
(filmRef)19153	False		200	True	False
(filmRef)19154	True	BBC Alba	56	False	True
(filmRef)19155	True	BBC Alba	64	False	True
(filmRef)19156	True	BBC Alba	60	False	True
(filmRef)19157	True	BBC Alba	60	False	True
(filmRef)19158	True	BBC Alba	48	False	False
(filmRef)19159	True	BBC Alba	210	True	False
(filmRef)1916	False		99	True	False
(filmRef)19160	True	BBC Alba	424	True	False
(filmRef)19161	True	BBC Alba	270	True	False
(filmRef)19162	True	BBC Alba	262	True	False
(filmRef)19163	True	BBC Alba	253	True	False
(filmRef)19164	True	BBC Alba	241	True	False
(filmRef)19165	True	BBC Alba	270	True	False
(filmRef)19166	True	BBC Alba	281	True	False
(filmRef)19167	True	BBC Alba	191	True	False
(filmRef)19168	True	BBC Alba	223	True	False
(filmRef)19169	True	BBC Alba	266	True	False
(filmRef)1917	False		148	True	False
(filmRef)19170	False		167	True	False
(filmRef)19171	True	BBC Alba	190	True	False
(filmRef)19172	True	BBC Alba	193	True	False
(filmRef)19173	True	BBC Alba	152	True	False
(filmRef)19174	True	BBC Alba	141	True	False
(filmRef)19175	True	BBC Alba	151	True	False
(filmRef)19176	True	BBC Alba	255	True	False
(filmRef)19177	False		21	False	False
(filmRef)19178	False		21	False	False
(filmRef)19179	False		21	False	False
(filmRef)1918	False		111	True	False
(filmRef)19180	False		21	False	False
(filmRef)19181	False		23	False	False
(filmRef)19182	True	BBC Alba	54	False	True
(filmRef)19183	True	BBC Alba	75	False	True
(filmRef)19184	True	BBC Alba	60	False	True
(filmRef)19185	True	BBC Alba	59	False	True
(filmRef)19186	True	BBC Alba	67	False	True
(filmRef)19187	True	BBC Alba	62	False	True
(filmRef)19188	True	BBC Alba	32	False	False
(filmRef)19189	True	BBC Alba	32	False	False
(filmRef)1919	False		150	True	False
(filmRef)19190	True	BBC Alba	30	False	False
(filmRef)19191	True	BBC Alba	29	False	False
(filmRef)19192	True	BBC Alba	33	False	False
(filmRef)19193	True	BBC Alba	32	False	False
(filmRef)19194	True	BBC Alba	211	True	False
(filmRef)19195	False		23	False	False
(filmRef)19196	False		51	True	False
(filmRef)19197	True	BBC Alba	322	True	False
(filmRef)19198	True	BBC Alba	211	True	False
(filmRef)19199	True	BBC Alba	168	True	False
(filmRef)1920	False		65	True	False
(filmRef)19200	True	BBC Alba	199	True	False
(filmRef)19201	True	BBC Alba	183	True	False
(filmRef)19202	True	BBC Alba	224	True	False
(filmRef)19203	True	BBC Alba	542	True	False
(filmRef)19204	True	BBC Alba	284	True	False
(filmRef)19205	True	BBC Alba	34	False	False
(filmRef)19206	True	BBC Alba	77	False	True
(filmRef)19207	True	BBC Alba	72	False	True
(filmRef)19208	True	BBC Alba	64	False	True
(filmRef)19209	True	BBC Alba	82	False	True
(filmRef)1921	False		153	True	False
(filmRef)19210	True	BBC Alba	90	False	True
(filmRef)19211	True	BBC Alba	70	False	True
(filmRef)19212	True	BBC Alba	89	False	True
(filmRef)19213	False		62	False	False
(filmRef)19214	True	BBC Alba	251	True	False
(filmRef)19215	True	BBC Alba	142	True	False
(filmRef)19216	True	BBC Alba	112	True	False
(filmRef)19217	True	BBC Alba	100	True	False
(filmRef)19218	False		126	True	False
(filmRef)19219	False		143	True	False
(filmRef)1922	False		142	True	False
(filmRef)19220	False		143	True	False
(filmRef)19221	False		143	True	False
(filmRef)19222	False		96	True	False
(filmRef)19223	False		131	True	False
(filmRef)19224	False		151	True	False
(filmRef)19225	False		176	True	False
(filmRef)19226	False		32	False	False
(filmRef)19227	True	Radio times	65	False	True
(filmRef)19228	True	Radio times	97	False	True
(filmRef)19229	True	Radio times	72	False	True
(filmRef)1923	False		109	True	False
(filmRef)19230	True	Radio times	75	False	True
(filmRef)19231	True	Radio times	82	False	True
(filmRef)19232	True	Radio times	92	False	True
(filmRef)19233	True	Radio times	71	False	True
(filmRef)19234	True	Radio times	62	False	True
(filmRef)19235	True	Radio times	73	False	True
(filmRef)19236	True	Radio times	85	False	True
(filmRef)19237	True	Radio times	80	False	True
(filmRef)19238	True	Radio times	63	False	True
(filmRef)19239	False		36	False	False
(filmRef)1924	False		86	True	False
(filmRef)19240	False		36	False	False
(filmRef)19241	True	BBC Alba	19	False	False
(filmRef)19242	True	BBC Alba	18	False	False
(filmRef)19243	True	BBC Alba	18	False	False
(filmRef)19244	True	BBC Alba	20	False	False
(filmRef)19245	True	BBC Alba	20	False	False
(filmRef)19246	True	BBC Alba	301	True	False
(filmRef)19247	False		22	False	False
(filmRef)19248	False		20	False	False
(filmRef)19249	False		22	False	False
(filmRef)1925	False		133	True	False
(filmRef)19250	True	BBC Alba	403	True	False
(filmRef)19251	True	BBC Alba	19	False	False
(filmRef)19252	True	BBC Alba	18	False	False
(filmRef)19253	True	BBC Alba	18	False	False
(filmRef)19254	True	BBC Alba	304	True	False
(filmRef)19255	True	BBC Alba	245	True	False
(filmRef)19256	True	BBC Alba	259	True	False
(filmRef)19257	True	BBC Alba	295	True	False
(filmRef)19258	True	BBC Alba	340	True	False
(filmRef)19260	True	BBC online	242	True	False
(filmRef)19261	True	BBC online	224	True	False
(filmRef)19262	True	BBC online	227	True	False
(filmRef)19263	True	BBC online	306	True	False
(filmRef)19264	True	BBC online	372	True	False
(filmRef)19265	True	BBC online	259	True	False
(filmRef)19266	True	BBC online	251	True	False
(filmRef)19267	True	BBC online	238	True	False
(filmRef)19268	True	BBC online	285	True	False
(filmRef)19269	True	BBC Alba	30	False	False
(filmRef)1927	False		399	True	False
(filmRef)19270	True	BBC Alba	65	False	True
(filmRef)19271	True	BBC Alba	51	False	True
(filmRef)19272	True	BBC Alba	59	False	True
(filmRef)19273	True	BBC Alba	67	False	True
(filmRef)19274	True	BBC Alba	62	False	True
(filmRef)19275	True	BBC Alba	304	True	False
(filmRef)19276	True	BBC Alba	68	False	True
(filmRef)19277	True	BBC Alba	64	False	True
(filmRef)19278	True	BBC Alba	69	False	True
(filmRef)19279	True	BBC Alba	58	False	True
(filmRef)1928	False		374	True	False
(filmRef)19280	True	BBC Alba	58	False	True
(filmRef)19281	True	BBC Alba	223	True	False
(filmRef)19282	True	BBC Alba	173	True	False
(filmRef)19283	True	BBC Alba	164	True	False
(filmRef)19284	True	BBC Alba	196	True	False
(filmRef)19285	True	BBC Alba	197	True	False
(filmRef)19286	True	BBC Alba	183	True	False
(filmRef)19287	True	BBC Alba	176	True	False
(filmRef)19288	True	BBC Alba	244	True	False
(filmRef)19289	True	BBC Alba	156	True	False
(filmRef)1929	False		422	True	False
(filmRef)19290	True	BBC Alba	193	True	False
(filmRef)19291	True	BBC Alba	182	True	False
(filmRef)19292	True	BBC Alba	247	True	False
(filmRef)19293	True	BBC	175	True	False
(filmRef)19294	True	BBC	176	True	False
(filmRef)19295	True	BBC	190	True	False
(filmRef)19296	True	BBC	181	True	False
(filmRef)19297	True	BBC	191	True	False
(filmRef)19298	True	BBC	190	True	False
(filmRef)19299	True	BBC	188	True	False
(filmRef)1930	False		32	True	False
(filmRef)19300	True	BBC Alba	154	True	False
(filmRef)19301	True	BBC Alba	154	True	False
(filmRef)19302	True	BBC Alba	129	True	False
(filmRef)19303	True	BBC Alba	186	True	False
(filmRef)19304	True	BBC Alba	184	True	False
(filmRef)19305	True	BBC Alba	199	True	False
(filmRef)19306	True	BBC Alba	157	True	False
(filmRef)19307	True	BBC Alba	208	True	False
(filmRef)19308	True	BBC Alba	159	True	False
(filmRef)19309	True	BBC Alba	185	True	False
(filmRef)1931	False		162	True	False
(filmRef)19310	True	BBC Alba	166	True	False
(filmRef)19311	True	BBC Alba	102	True	False
(filmRef)19312	False		166	True	False
(filmRef)19313	False		123	True	False
(filmRef)19314	False		155	True	False
(filmRef)19315	False		209	True	False
(filmRef)19316	False		226	True	False
(filmRef)19317	False		137	True	False
(filmRef)19318	False		152	True	False
(filmRef)19319	False		138	True	False
(filmRef)1932	False		229	True	False
(filmRef)19320	False		138	True	False
(filmRef)19321	False		138	True	False
(filmRef)19322	True	BBC Alba	20	False	False
(filmRef)19323	True	BBC Alba	19	False	False
(filmRef)19324	True	BBC Alba	321	True	False
(filmRef)19325	True	BBC Alba	160	True	False
(filmRef)19326	False		333	True	False
(filmRef)19327	False		171	True	False
(filmRef)19328	False		125	True	False
(filmRef)19329	False		143	True	False
(filmRef)1933	False		167	True	False
(filmRef)19330	False		120	True	False
(filmRef)19331	True	BBC Alba	407	False	True
(filmRef)19332	True	BBC Alba	262	False	True
(filmRef)19333	True	BBC Alba	329	False	True
(filmRef)19334	True	BBC Alba	298	False	True
(filmRef)19335	True	BBC Alba	313	True	False
(filmRef)19336	True	BBC Alba	310	False	True
(filmRef)19337	True	BBC Alba	277	False	True
(filmRef)19338	True	BBC Alba	444	False	True
(filmRef)19339	True	BBC Alba	325	False	True
(filmRef)1934	False		68	True	False
(filmRef)19340	True	BBC Alba	496	False	True
(filmRef)19341	True	BBC Alba	216	True	False
(filmRef)19342	True	BBC Alba	212	True	False
(filmRef)19343	True	BBC Alba	187	True	False
(filmRef)19344	True	BBC Alba	343	True	False
(filmRef)19345	True	BBC Online	69	False	True
(filmRef)19346	True	BBC Online	55	False	True
(filmRef)19347	True	Radio Times	56	False	True
(filmRef)19348	True	Radio Times	54	False	True
(filmRef)19349	True	BBC Alba	50	False	True
(filmRef)1935	False		102	True	False
(filmRef)19350	True	BBC Alba	46	False	False
(filmRef)19351	True	BBC Alba	46	False	False
(filmRef)19352	True	BBC Alba	47	False	False
(filmRef)19353	True	BBC Alba	49	False	False
(filmRef)19354	True	BBC Alba	47	False	False
(filmRef)19355	True	BBC Alba	47	False	False
(filmRef)19356	True	BBC Alba	48	False	False
(filmRef)19357	True	BBC Alba	46	False	False
(filmRef)19358	True	BBC Alba	46	False	False
(filmRef)19359	True	BBC Alba	48	False	False
(filmRef)19360	True	BBC Alba	47	False	False
(filmRef)19361	True	BBC Alba	46	False	False
(filmRef)19362	True	BBC Alba	48	False	False
(filmRef)19363	True	BBC Alba	47	False	False
(filmRef)19364	True	BBC Alba	49	False	False
(filmRef)19365	True	BBC Alba	47	False	False
(filmRef)19366	True	BBC Alba	47	False	False
(filmRef)19367	True	BBC Alba	47	False	False
(filmRef)19368	True	BBC Alba	212	True	False
(filmRef)19369	True	BBC Alba	169	True	False
(filmRef)1937	False		139	True	False
(filmRef)19370	True	BBC Alba	175	True	False
(filmRef)19371	True	BBC Alba	46	False	False
(filmRef)19372	True	BBC Alba	47	False	False
(filmRef)19373	True	BBC Alba	47	False	False
(filmRef)19374	True	BBC Alba	47	False	False
(filmRef)19375	True	BBC Alba	47	False	False
(filmRef)19376	True	BBC Alba	47	False	False
(filmRef)19377	True	BBC Alba	47	False	False
(filmRef)19378	True	BBC Alba	47	False	False
(filmRef)19379	True	BBC Alba	348	True	False
(filmRef)19380	True	BBC Alba	354	True	False
(filmRef)19381	False		30	False	False
(filmRef)19382	False		35	False	False
(filmRef)19383	False		27	False	False
(filmRef)19384	False		24	False	False
(filmRef)19385	False		144	True	False
(filmRef)19386	False		199	True	False
(filmRef)19387	False		195	True	False
(filmRef)19388	False		196	True	False
(filmRef)19389	False		209	True	False
(filmRef)1939	False		358	True	False
(filmRef)19390	False		176	True	False
(filmRef)19391	False		122	True	False
(filmRef)19392	False		186	True	False
(filmRef)19393	False		151	True	False
(filmRef)19394	False		174	True	False
(filmRef)19395	False		138	True	False
(filmRef)19396	False		181	True	False
(filmRef)19397	True	BBC Alba	57	False	True
(filmRef)19398	True	BBC Alba	63	False	True
(filmRef)19399	True	BBC Alba	62	False	True
(filmRef)1940	False		197	True	False
(filmRef)19400	False		20	False	False
(filmRef)19401	False		279	True	False
(filmRef)19402	True	BBC online	333	True	False
(filmRef)19403	True	BBC online	245	True	False
(filmRef)19404	True	BBC online	268	True	False
(filmRef)19405	True	BBC online	342	True	False
(filmRef)19406	True	BBC Alba	357	True	False
(filmRef)19407	True	BBC Alba	208	True	False
(filmRef)19408	True	BBC Alba	357	True	False
(filmRef)19409	True	BBC Alba	355	True	False
(filmRef)19410	True	BBC Alba	242	True	False
(filmRef)19411	True	BBC Alba	118	True	False
(filmRef)19412	False		0	False	False
(filmRef)19413	True	BBC Alba	99	False	True
(filmRef)19414	True	BBC Alba	168	True	False
(filmRef)19415	True	BBC Alba	96	False	True
(filmRef)19416	False		41	False	False
(filmRef)19417	True	BBC Alba	153	True	False
(filmRef)19418	True	BBC Alba	138	True	False
(filmRef)19419	True	BBC Alba	90	False	True
(filmRef)1942	False		413	True	False
(filmRef)19420	True	BBC Alba	155	True	False
(filmRef)19421	True	BBC Alba	148	True	False
(filmRef)19422	True	BBC online	139	True	False
(filmRef)19423	True	BBC Alba	113	True	False
(filmRef)19424	True	BBC Alba	126	True	False
(filmRef)19425	True	BBC Alba	122	True	False
(filmRef)19426	True	BBC Alba	93	False	True
(filmRef)19427	False		0	False	False
(filmRef)19428	True	BBC Alba	38	False	False
(filmRef)19429	False		0	False	False
(filmRef)1943	False		388	True	False
(filmRef)19430	True	BBC Alba	81	False	True
(filmRef)19431	True	BBC Alba	136	True	False
(filmRef)19432	False		22	False	False
(filmRef)19433	True	BBC Alba	56	False	True
(filmRef)19434	False		31	False	False
(filmRef)19435	True	BBC Alba	94	False	True
(filmRef)19436	False		44	False	False
(filmRef)19437	False		161	True	False
(filmRef)19438	True	BBC Alba	94	False	True
(filmRef)19439	True	BBC Alba	116	False	True
(filmRef)1944	False		72	True	False
(filmRef)19440	True	BBC Alba	147	True	False
(filmRef)19441	True	BBC Alba	40	False	False
(filmRef)19442	True	BBC Alba	91	False	True
(filmRef)19443	True	BBC Alba	86	False	True
(filmRef)19444	True	BBC Alba	110	False	True
(filmRef)19445	True	BBC Alba	114	False	True
(filmRef)19446	False		78	False	False
(filmRef)19447	False		96	False	False
(filmRef)19448	False		87	False	False
(filmRef)19449	False		83	False	False
(filmRef)1945	False		45	True	False
(filmRef)19450	False		100	False	False
(filmRef)19451	False		83	False	False
(filmRef)19452	False		80	False	False
(filmRef)19453	False		88	False	False
(filmRef)19454	False		74	False	False
(filmRef)19455	False		88	False	False
(filmRef)19456	False		90	False	False
(filmRef)19457	False		84	False	False
(filmRef)19458	False		31	False	False
(filmRef)19459	False		30	False	False
(filmRef)19460	False		31	False	False
(filmRef)19461	False		31	False	False
(filmRef)19462	False		32	False	False
(filmRef)19463	False		33	False	False
(filmRef)19464	True	BBC Alba	269	True	False
(filmRef)19465	True	BBC Alba	181	True	False
(filmRef)19466	True	BBC Alba	193	True	False
(filmRef)19467	True	BBC Alba	193	True	False
(filmRef)19468	True	BBC Alba	188	True	False
(filmRef)19469	True	BBC Alba	220	False	True
(filmRef)1947	False		161	True	False
(filmRef)19470	True	BBC Alba	308	False	True
(filmRef)19471	True	BBC Alba	514	False	True
(filmRef)19472	True	BBC Alba	264	False	True
(filmRef)19473	True	BBC Alba	313	False	True
(filmRef)19474	True	BBC Alba	277	True	False
(filmRef)19475	True	BBC Alba	185	False	True
(filmRef)19476	True	BBC Alba	317	False	True
(filmRef)19477	True	BBC Alba	344	False	True
(filmRef)19478	True	BBC Alba	268	False	True
(filmRef)19479	True	BBC Alba	263	False	True
(filmRef)1948	False		184	True	False
(filmRef)19480	True	BBC Alba	326	False	True
(filmRef)19481	True	BBC Alba	311	False	True
(filmRef)19482	True	BBC Alba	282	False	True
(filmRef)19483	True	BBC Alba	433	False	True
(filmRef)19484	True	BBC Alba	172	False	True
(filmRef)1949	False		461	True	False
(filmRef)1950	False		77	True	False
(filmRef)1951	False		27	True	False
(filmRef)1952	False		244	True	False
(filmRef)1953	False		139	True	False
(filmRef)1954	False		52	True	False
(filmRef)1955	False		100	True	False
(filmRef)1956	False		354	True	False
(filmRef)1957	False		331	True	False
(filmRef)19570	False		28	True	False
(filmRef)19571	True	Radio Times	50	True	False
(filmRef)19572	False		31	False	False
(filmRef)19573	False		33	False	False
(filmRef)19574	False		51	True	False
(filmRef)19575	False		13	False	False
(filmRef)19576	False		203	True	False
(filmRef)1958	False		89	True	False
(filmRef)1959	False		540	True	False
(filmRef)19598	False		116	True	False
(filmRef)19599	False		38	False	False
(filmRef)1960	False		308	True	False
(filmRef)19600	False		44	False	False
(filmRef)19601	False		121	True	False
(filmRef)19602	False		62	True	False
(filmRef)19603	False		72	True	False
(filmRef)19604	False		87	True	False
(filmRef)19605	False		54	True	False
(filmRef)19606	False		45	True	False
(filmRef)19608	False		20	False	False
(filmRef)1961	False		324	True	False
(filmRef)19616	False		264	True	False
(filmRef)1962	False		545	True	False
(filmRef)19622	False		39	True	False
(filmRef)19623	False		42	True	False
(filmRef)19624	False		201	True	False
(filmRef)19625	False		40	True	False
(filmRef)19626	False		292	True	False
(filmRef)19628	False		93	True	False
(filmRef)19629	False		27	False	False
(filmRef)1963	False		117	True	False
(filmRef)19630	False		24	False	False
(filmRef)19631	False		24	False	False
(filmRef)19632	False		27	False	False
(filmRef)19633	False		29	False	False
(filmRef)19637	False		49	True	False
(filmRef)19638	False		44	True	False
(filmRef)1964	False		572	True	False
(filmRef)1965	False		369	True	False
(filmRef)19654	False		29	False	False
(filmRef)19658	False		47	True	False
(filmRef)1966	False		166	True	False
(filmRef)1967	False		241	True	False
(filmRef)19672	False		258	True	False
(filmRef)19673	False		966	True	False
(filmRef)19674	False		89	True	False
(filmRef)19675	False		106	True	False
(filmRef)19676	False		313	True	False
(filmRef)19677	False		419	True	False
(filmRef)19678	False		179	True	False
(filmRef)19679	False		139	True	False
(filmRef)1968	False		186	True	False
(filmRef)19680	False		398	True	False
(filmRef)19681	False		962	True	False
(filmRef)19682	False		90	True	False
(filmRef)19685	False		74	False	False
(filmRef)19686	False		98	False	False
(filmRef)19687	False		66	False	False
(filmRef)19688	False		86	False	False
(filmRef)19689	False		86	False	False
(filmRef)1969	False		381	True	False
(filmRef)19690	False		75	False	False
(filmRef)19691	False		80	False	False
(filmRef)19692	False		86	False	False
(filmRef)19693	False		73	False	False
(filmRef)19694	False		74	False	False
(filmRef)19695	False		82	False	False
(filmRef)19696	False		72	False	False
(filmRef)19697	False		72	False	False
(filmRef)19698	False		77	False	False
(filmRef)19699	False		54	False	False
(filmRef)1970	False		53	True	False
(filmRef)19700	False		78	False	False
(filmRef)19701	False		74	False	False
(filmRef)19702	False		67	False	False
(filmRef)19703	False		67	False	False
(filmRef)19704	True	BFI	50	False	True
(filmRef)19705	False		72	False	False
(filmRef)19706	False		73	False	False
(filmRef)19707	False		67	False	False
(filmRef)1971	False		50	True	False
(filmRef)1972	False		204	True	False
(filmRef)1974	False		273	True	False
(filmRef)1975	False		208	True	False
(filmRef)1976	False		153	True	False
(filmRef)1977	False		120	True	False
(filmRef)1978	False		51	True	False
(filmRef)19785	False		31	False	False
(filmRef)19786	False		31	False	False
(filmRef)19787	False		31	False	False
(filmRef)19788	False		31	False	False
(filmRef)19789	False		31	False	False
(filmRef)1979	False		462	True	False
(filmRef)19790	False		31	False	False
(filmRef)19791	False		31	False	False
(filmRef)19792	False		31	False	False
(filmRef)19793	False		0	False	False
(filmRef)19794	False		31	False	False
(filmRef)19795	False		31	False	False
(filmRef)19796	False		31	False	False
(filmRef)19797	False		31	False	False
(filmRef)19798	True	Radio Times	19	False	False
(filmRef)19799	True	Radio Times	28	False	False
(filmRef)1980	False		118	True	False
(filmRef)19800	True	Radio Times	24	False	False
(filmRef)19801	False		31	False	False
(filmRef)19802	False		31	False	False
(filmRef)19803	False		31	False	False
(filmRef)19804	False		31	False	False
(filmRef)19805	False		31	False	False
(filmRef)19806	False		31	False	False
(filmRef)19807	False		31	False	False
(filmRef)19808	False		31	False	False
(filmRef)19809	False		31	False	False
(filmRef)1981	False		70	True	False
(filmRef)19810	False		31	False	False
(filmRef)19811	False		31	False	False
(filmRef)19812	False		31	False	False
(filmRef)19813	False		31	False	False
(filmRef)19814	False		31	False	False
(filmRef)19815	False		31	False	False
(filmRef)19816	False		31	False	False
(filmRef)19817	False		31	False	False
(filmRef)19818	False		31	False	False
(filmRef)19819	False		31	False	False
(filmRef)1982	False		97	True	False
(filmRef)19820	False		31	False	False
(filmRef)19821	False		64	False	False
(filmRef)19822	False		69	False	False
(filmRef)19823	True	BBC Alba	60	False	True
(filmRef)19824	False		31	False	False
(filmRef)19825	False		31	False	False
(filmRef)19826	False		31	False	False
(filmRef)19827	False		31	False	False
(filmRef)19828	False		31	False	False
(filmRef)19829	False		23	False	False
(filmRef)1983	False		118	True	False
(filmRef)19830	False		23	False	False
(filmRef)19831	False		31	False	False
(filmRef)19832	False		31	False	False
(filmRef)19833	False		31	False	False
(filmRef)19834	False		31	False	False
(filmRef)19836	False		31	False	False
(filmRef)19837	True	BBC Alba	22	False	False
(filmRef)19838	True	BBC Alba	22	False	False
(filmRef)19839	False		31	False	False
(filmRef)1984	False		281	True	False
(filmRef)19840	False		31	False	False
(filmRef)19841	False		31	False	False
(filmRef)19842	False		31	False	False
(filmRef)19843	False		29	False	False
(filmRef)19844	False		31	False	False
(filmRef)19845	False		31	False	False
(filmRef)19846	False		31	False	False
(filmRef)19847	False		31	False	False
(filmRef)19848	False		31	False	False
(filmRef)19849	False		31	False	False
(filmRef)1985	False		61	True	False
(filmRef)19850	False		31	False	False
(filmRef)19851	False		31	False	False
(filmRef)19852	False		31	False	False
(filmRef)19853	False		31	False	False
(filmRef)19854	False		31	False	False
(filmRef)19855	False		31	False	False
(filmRef)19856	False		31	False	False
(filmRef)19857	False		74	False	False
(filmRef)19858	False		72	False	False
(filmRef)19859	True	BBC Alba	64	False	True
(filmRef)1986	False		95	True	False
(filmRef)19860	False		31	False	False
(filmRef)19861	False		31	False	False
(filmRef)19862	False		31	False	False
(filmRef)19863	False		31	False	False
(filmRef)19864	False		31	False	False
(filmRef)19865	True	Radio Times	38	False	False
(filmRef)19866	False		31	False	False
(filmRef)19867	False		31	False	False
(filmRef)19868	False		31	False	False
(filmRef)19869	False		31	False	False
(filmRef)1987	False		271	True	False
(filmRef)19870	False		31	False	False
(filmRef)19871	False		31	False	False
(filmRef)19872	False		31	False	False
(filmRef)19873	False		29	False	False
(filmRef)19874	False		31	False	False
(filmRef)19875	False		31	False	False
(filmRef)19876	False		159	True	False
(filmRef)1988	False		73	True	False
(filmRef)19883	False		1	False	False
(filmRef)19884	False		31	False	False
(filmRef)19885	False		31	False	False
(filmRef)19886	False		31	False	False
(filmRef)19887	False		31	False	False
(filmRef)19888	False		40	False	False
(filmRef)19889	True	Radio Times	34	False	False
(filmRef)1989	False		294	True	False
(filmRef)19890	False		31	False	False
(filmRef)19891	False		31	False	False
(filmRef)19892	False		31	False	False
(filmRef)19893	False		31	False	False
(filmRef)19894	False		31	False	False
(filmRef)19895	True	BBC Alba	22	False	False
(filmRef)19896	True	BBC Alba	22	False	False
(filmRef)19897	True	BBC Alba	25	False	False
(filmRef)19898	True	BBC Alba	22	False	False
(filmRef)19899	True	BBC Alba	22	False	False
(filmRef)1990	False		30	True	False
(filmRef)19900	False		32	True	False
(filmRef)19901	False		62	True	False
(filmRef)19902	False		35	True	False
(filmRef)19903	False		41	True	False
(filmRef)19904	False		41	True	False
(filmRef)19905	False		29	False	False
(filmRef)19906	False		30	False	False
(filmRef)19907	False		16	False	False
(filmRef)19908	False		20	True	False
(filmRef)19909	False		10	False	False
(filmRef)1991	False		59	True	False
(filmRef)19910	False		10	False	False
(filmRef)19911	False		31	False	False
(filmRef)19912	False		31	False	False
(filmRef)19913	False		31	False	False
(filmRef)19914	False		31	False	False
(filmRef)19915	False		31	False	False
(filmRef)19916	False		31	False	False
(filmRef)19917	False		31	False	False
(filmRef)19918	False		31	False	False
(filmRef)19919	False		31	False	False
(filmRef)1992	False		28	True	False
(filmRef)19920	False		31	False	False
(filmRef)19921	False		31	False	False
(filmRef)19922	False		31	False	False
(filmRef)19923	False		31	False	False
(filmRef)19924	False		31	False	False
(filmRef)19925	False		31	False	False
(filmRef)19926	False		31	False	False
(filmRef)19927	False		31	False	False
(filmRef)19928	False		31	False	False
(filmRef)19929	False		31	False	False
(filmRef)1993	False		52	True	False
(filmRef)19930	False		36	False	False
(filmRef)19931	False		31	False	False
(filmRef)19932	False		31	False	False
(filmRef)19933	False		31	False	False
(filmRef)19934	False		31	False	False
(filmRef)19935	False		31	False	False
(filmRef)19936	False		31	False	False
(filmRef)19937	False		31	False	False
(filmRef)19938	False		31	False	False
(filmRef)19939	False		31	False	False
(filmRef)1994	False		66	True	False
(filmRef)19940	False		31	False	False
(filmRef)19941	False		31	False	False
(filmRef)19942	False		31	False	False
(filmRef)19943	False		31	False	False
(filmRef)19944	False		31	False	False
(filmRef)19945	False		31	False	False
(filmRef)19946	False		29	False	False
(filmRef)19947	False		31	False	False
(filmRef)19948	False		31	False	False
(filmRef)19949	False		31	False	False
(filmRef)1995	False		88	True	False
(filmRef)19950	False		31	False	False
(filmRef)19951	False		31	False	False
(filmRef)19952	False		31	False	False
(filmRef)19953	False		31	False	False
(filmRef)19954	False		31	False	False
(filmRef)19955	False		31	False	False
(filmRef)19956	False		32	False	False
(filmRef)19957	False		31	False	False
(filmRef)19958	False		31	False	False
(filmRef)19959	False		31	False	False
(filmRef)1996	False		1001	True	False
(filmRef)19960	False		31	False	False
(filmRef)19961	False		31	False	False
(filmRef)19962	False		31	False	False
(filmRef)19963	False		31	False	False
(filmRef)19964	False		31	False	False
(filmRef)19965	False		31	False	False
(filmRef)19966	False		31	False	False
(filmRef)19967	False		31	False	False
(filmRef)19968	False		31	False	False
(filmRef)19969	False		31	False	False
(filmRef)1997	False		985	True	False
(filmRef)19970	False		31	False	False
(filmRef)19971	False		31	False	False
(filmRef)19972	False		33	False	False
(filmRef)19973	False		35	False	False
(filmRef)19974	False		31	False	False
(filmRef)19975	False		33	False	False
(filmRef)19976	False		31	False	False
(filmRef)19977	False		35	False	False
(filmRef)19978	False		35	False	False
(filmRef)19979	False		87	True	False
(filmRef)1998	False		132	True	False
(filmRef)19980	True	Wikipedia	60	False	True
(filmRef)19981	True	Wikipedia	62	False	True
(filmRef)19982	True	Wikipedia	69	False	True
(filmRef)19983	True	Wikipedia	68	False	True
(filmRef)19984	True	Radio Times	46	True	False
(filmRef)19985	True	Radio times	58	False	True
(filmRef)19986	True	Radio times	80	False	True
(filmRef)19987	True	Radio times	62	False	True
(filmRef)19988	True	Radio times	78	False	True
(filmRef)19989	True	Radio times	73	False	True
(filmRef)1999	False		205	True	False
(filmRef)19990	True	Radio times	65	False	True
(filmRef)19991	True	Radio times	59	False	True
(filmRef)19992	True	Radio times	49	False	False
(filmRef)19993	False		37	False	False
(filmRef)19994	False		37	False	False
(filmRef)19995	False		21	False	False
(filmRef)19999	False		111	False	False
(filmRef)20000	False		34	False	False
(filmRef)20001	False		34	False	False
(filmRef)20002	False		34	False	False
(filmRef)20003	False		34	False	False
(filmRef)20004	False		34	False	False
(filmRef)20005	False		36	False	False
(filmRef)20006	False		34	False	False
(filmRef)20007	False		36	False	False
(filmRef)20008	False		34	False	False
(filmRef)20009	False		34	False	False
(filmRef)2000A	False		534	True	False
(filmRef)2001	False		43	True	False
(filmRef)20010	False		36	False	False
(filmRef)20011	True	Wikipedia	51	False	True
(filmRef)20012	False		40	False	False
(filmRef)20013	False		42	False	False
(filmRef)20014	False		39	False	False
(filmRef)20015	False		38	False	False
(filmRef)20016	False		40	False	False
(filmRef)20017	False		37	False	False
(filmRef)20018	False		38	False	False
(filmRef)20019	False		40	False	False
(filmRef)2002	False		529	True	False
(filmRef)20020	False		35	False	False
(filmRef)20021	False		36	False	False
(filmRef)20022	False		36	False	False
(filmRef)20023	False		34	False	False
(filmRef)20024	False		35	False	False
(filmRef)20025	False		40	False	False
(filmRef)20026	False		29	False	False
(filmRef)20027	False		35	False	False
(filmRef)20028	False		35	False	False
(filmRef)20029	False		35	False	False
(filmRef)2003	False		419	True	False
(filmRef)20030	False		35	False	False
(filmRef)20031	False		33	False	False
(filmRef)20032	False		29	False	False
(filmRef)20033	False		45	False	False
(filmRef)20034	False		36	False	False
(filmRef)20035	False		36	False	False
(filmRef)20037	False		33	False	False
(filmRef)20038	False		33	False	False
(filmRef)20039	False		23	False	False
(filmRef)2004	False		326	True	False
(filmRef)20040	False		23	False	False
(filmRef)20041	False		36	False	False
(filmRef)20042	False		66	False	False
(filmRef)20043	False		47	False	False
(filmRef)20044	False		47	False	False
(filmRef)20045	False		47	False	False
(filmRef)20046	False		47	False	False
(filmRef)20047	False		46	False	False
(filmRef)20048	False		53	False	False
(filmRef)20049	False		40	False	False
(filmRef)2005	False		128	True	False
(filmRef)20050	True	Radio Times	40	False	False
(filmRef)20051	True	Radio Times	29	False	False
(filmRef)20052	True	Radio Times	29	False	False
(filmRef)20053	True	Radio Times	29	False	False
(filmRef)20054	True	Radio Times	29	False	False
(filmRef)20055	True	Radio Times	29	False	False
(filmRef)20056	False		66	False	False
(filmRef)20057	True	Radio Times	29	False	False
(filmRef)20058	True	Radio Times	29	False	False
(filmRef)20059	True	Radio Times	34	False	False
(filmRef)2006	False		64	True	False
(filmRef)20060	True	Radio times	83	False	True
(filmRef)20061	True	Radio times	61	False	True
(filmRef)20062	True	Radio times	74	False	True
(filmRef)20063	True	Radio times	68	False	True
(filmRef)20064	True	Radio times	55	False	True
(filmRef)20065	True	Radio times	74	False	True
(filmRef)20066	True	Radio times	78	False	True
(filmRef)20067	True	Radio times	53	False	True
(filmRef)20068	True	Radio times	77	False	True
(filmRef)20069	True	Radio times	56	False	True
(filmRef)2007	False		273	True	False
(filmRef)20070	True	Radio times	84	False	True
(filmRef)20071	False		25	False	False
(filmRef)20072	False		18	False	False
(filmRef)20073	False		18	False	False
(filmRef)20074	False		334	False	False
(filmRef)20075	False		104	False	False
(filmRef)20076	False		7	False	False
(filmRef)20077	False		30	False	False
(filmRef)20078	False		30	False	False
(filmRef)20079	False		30	False	False
(filmRef)2008	False		123	True	False
(filmRef)20080	False		30	False	False
(filmRef)20081	False		30	False	False
(filmRef)20082	False		30	False	False
(filmRef)20083	False		37	False	False
(filmRef)20084	False		37	False	False
(filmRef)20085	True	Radio Times	29	False	False
(filmRef)20086	True	Radio Times	29	False	False
(filmRef)20087	True	Radio Times	29	False	False
(filmRef)20088	True	Radio Times	44	False	False
(filmRef)20089	True	Radio Times	29	False	False
(filmRef)2009	False		392	True	False
(filmRef)20090	True	Radio Times	29	False	False
(filmRef)20091	False		33	False	False
(filmRef)20092	True	Wikipedia	54	False	True
(filmRef)20093	True	Wikipedia	53	False	True
(filmRef)20094	True	Wikipedia	54	False	True
(filmRef)20095	True	Wikipedia	54	False	True
(filmRef)20096	True	Wikipedia	54	False	True
(filmRef)20097	True	Wikipedia	60	False	True
(filmRef)20098	False		33	False	False
(filmRef)2011	False		64	True	False
(filmRef)20112	False		60	False	False
(filmRef)20113	False		41	False	False
(filmRef)20114	False		26	False	False
(filmRef)20115	False		35	False	False
(filmRef)20116	False		34	False	False
(filmRef)20117	False		34	False	False
(filmRef)20118	False		34	False	False
(filmRef)20119	False		34	False	False
(filmRef)2012	False		107	True	False
(filmRef)20120	False		34	False	False
(filmRef)20121	False		34	False	False
(filmRef)20122	False		35	False	False
(filmRef)20123	False		34	False	False
(filmRef)20124	False		35	False	False
(filmRef)20125	False		34	False	False
(filmRef)20126	False		34	False	False
(filmRef)20127	False		36	False	False
(filmRef)20128	False		35	False	False
(filmRef)20129	False		34	False	False
(filmRef)20130	False		34	False	False
(filmRef)20131	False		34	False	False
(filmRef)20132	False		40	False	False
(filmRef)20133	False		36	False	False
(filmRef)20134	False		30	False	False
(filmRef)20135	False		31	False	False
(filmRef)20136	False		31	False	False
(filmRef)20137	False		31	False	False
(filmRef)20138	True	Radio times	56	False	True
(filmRef)20139	False		30	False	False
(filmRef)20140	True	Radio times	53	False	True
(filmRef)20141	True	Radio times	54	False	True
(filmRef)20142	True	Radio times	51	False	True
(filmRef)20143	True	Radio times	47	False	False
(filmRef)20144	False		38	False	False
(filmRef)20145	False		30	False	False
(filmRef)20146	False		30	False	False
(filmRef)20147	False		34	False	False
(filmRef)20148	False		34	False	False
(filmRef)20149	False		34	False	False
(filmRef)20150	False		35	False	False
(filmRef)20151	False		31	False	False
(filmRef)20152	False		32	False	False
(filmRef)20153	False		34	False	False
(filmRef)20154	True	BBC Alba	25	False	False
(filmRef)20155	True	BBC Alba	25	False	False
(filmRef)20156	True	BBC Alba	25	False	False
(filmRef)20157	True	BBC Alba	25	False	False
(filmRef)20158	True	BBC Alba	25	False	False
(filmRef)20159	True	BBC Alba	25	False	False
(filmRef)2016	False		67	True	False
(filmRef)20160	True	BBC Alba	25	False	False
(filmRef)20161	True	BBC Alba	25	False	False
(filmRef)20162	True	BBC Alba	25	False	False
(filmRef)20163	True	BBC Alba	25	False	False
(filmRef)20164	True	BBC Alba	25	False	False
(filmRef)20165	True	BBC Alba	25	False	False
(filmRef)20166	True	BBC Alba	25	False	False
(filmRef)20167	False		21	False	False
(filmRef)20168	False		21	False	False
(filmRef)20169	False		21	False	False
(filmRef)2017	False		33	True	False
(filmRef)20170	False		21	False	False
(filmRef)20171	False		41	False	False
(filmRef)20177	False		59	False	False
(filmRef)20178	False		53	False	False
(filmRef)20179	False		54	False	False
(filmRef)2018	False		267	True	False
(filmRef)20180	False		37	False	False
(filmRef)20181	True	Vimeo	49	False	False
(filmRef)20182	True	Vimeo	59	False	True
(filmRef)20183	True	Vimeo	63	False	True
(filmRef)20184	True	Vimeo	90	False	True
(filmRef)20185	True	Vimeo	71	False	True
(filmRef)20186	True	Vimeo	83	False	True
(filmRef)20187	True	Vimeo	36	False	False
(filmRef)20188	True	Vimeo	36	False	False
(filmRef)20189	True	Vimeo	36	False	False
(filmRef)20190	True	Vimeo	56	False	True
(filmRef)20191	True	Vimeo	78	False	True
(filmRef)20192	True	Vimeo	75	False	True
(filmRef)20193	True	Radio times	48	False	False
(filmRef)20194	True	Radio times	61	False	True
(filmRef)20195	True	Radio times	49	False	False
(filmRef)20196	True	Radio times	51	False	True
(filmRef)20197	True	Radio times	48	False	False
(filmRef)20198	True	Radio times	59	False	True
(filmRef)20199	True	Radio times	49	False	False
(filmRef)2020	False		100	True	False
(filmRef)20200	True	Radio times	51	False	True
(filmRef)20201	True	Radio times	61	False	True
(filmRef)20202	False		24	False	False
(filmRef)20203	False		27	False	False
(filmRef)20204	False		29	False	False
(filmRef)20205	False		28	False	False
(filmRef)20206	False		26	False	False
(filmRef)20207	False		29	False	False
(filmRef)20208	True	Radio Times	38	False	False
(filmRef)20209	True	Radio Times	44	False	False
(filmRef)2021	False		45	True	False
(filmRef)20210	True	Radio Times	32	False	False
(filmRef)20211	False		34	False	False
(filmRef)20212	False		36	False	False
(filmRef)20213	False		36	False	False
(filmRef)20214	False		36	False	False
(filmRef)20215	False		36	False	False
(filmRef)20216	False		39	False	False
(filmRef)20217	True	BBC	60	False	True
(filmRef)20218	True	BBC	49	False	False
(filmRef)20219	False		19	False	False
(filmRef)2022	False		473	True	False
(filmRef)20220	True	BBC	49	False	False
(filmRef)20221	True	BBC	51	False	True
(filmRef)20222	True	BBC	50	False	True
(filmRef)20223	True	BBC	49	False	False
(filmRef)20224	True	BBC	51	False	True
(filmRef)20225	False		33	False	False
(filmRef)20226	False		28	False	False
(filmRef)20227	True	Radio Times	61	False	True
(filmRef)20228	False		31	False	False
(filmRef)20229	False		32	False	False
(filmRef)2023	False		273	True	False
(filmRef)20230	False		29	False	False
(filmRef)20231	False		42	False	False
(filmRef)20232	False		47	False	False
(filmRef)20233	False		37	False	False
(filmRef)20234	False		23	False	False
(filmRef)20235	False		22	False	False
(filmRef)20236	False		22	False	False
(filmRef)20237	False		22	False	False
(filmRef)20238	False		24	False	False
(filmRef)20239	False		22	False	False
(filmRef)2024	False		218	True	False
(filmRef)20240	True	Radio Times	42	False	False
(filmRef)20241	True	Radio Times	37	False	False
(filmRef)20242	True	Radio Times	37	False	False
(filmRef)20243	True	Radio Times	39	False	False
(filmRef)20244	True	Radio Times	39	False	False
(filmRef)20245	True	Radio Times	37	False	False
(filmRef)20246	False		37	False	False
(filmRef)20247	False		30	False	False
(filmRef)20248	False		30	False	False
(filmRef)20249	False		30	False	False
(filmRef)2025	False		163	True	False
(filmRef)20250	False		30	False	False
(filmRef)20251	False		30	False	False
(filmRef)20252	False		30	False	False
(filmRef)20253	False		46	False	False
(filmRef)20254	False		36	False	False
(filmRef)20255	False		36	False	False
(filmRef)20256	False		36	False	False
(filmRef)20257	False		36	False	False
(filmRef)20258	False		36	False	False
(filmRef)20259	False		10	False	False
(filmRef)2026	False		155	True	False
(filmRef)20260	False		49	False	False
(filmRef)20261	True	Gaelic Filmz, YouTube	182	True	False
(filmRef)20262	False		34	False	False
(filmRef)20263	False		29	False	False
(filmRef)20264	False		42	False	False
(filmRef)20265	False		30	False	False
(filmRef)20266	False		41	False	False
(filmRef)20267	False		34	False	False
(filmRef)2027	False		88	True	False
(filmRef)20273	True	BBC Alba	34	False	False
(filmRef)20274	False		53	False	False
(filmRef)20275	False		47	False	False
(filmRef)2028	False		71	True	False
(filmRef)20289	False		74	False	False
(filmRef)2029	False		71	True	False
(filmRef)20290	False		65	False	False
(filmRef)20291	False		70	False	False
(filmRef)20292	True	Radio times	62	False	True
(filmRef)20293	True	Radio times	60	False	True
(filmRef)20294	True	Radio times	65	False	True
(filmRef)20295	True	Radio times	57	False	True
(filmRef)20296	True	Radio times	69	False	True
(filmRef)20297	True	Radio times	53	False	True
(filmRef)20298	True	Radio times	56	False	True
(filmRef)20299	True	Radio times	64	False	True
(filmRef)2030	False		61	True	False
(filmRef)20300	True	Radio times	58	False	True
(filmRef)20301	True	Radio times	63	False	True
(filmRef)20302	True	Radio times	51	False	True
(filmRef)20303	True	Radio times	63	False	True
(filmRef)20304	True	Radio times	47	False	False
(filmRef)20305	True	Radio times	64	False	True
(filmRef)20306	True	Radio times	68	False	True
(filmRef)20307	True	Radio times	53	False	True
(filmRef)20308	True	Radio times	47	False	False
(filmRef)20309	True	Radio times	76	False	True
(filmRef)2031	False		198	True	False
(filmRef)20310	True	Radio times	69	False	True
(filmRef)20311	True	Radio times	62	False	True
(filmRef)20312	True	Radio times	65	False	True
(filmRef)20313	True	Radio times	64	False	True
(filmRef)20314	True	Radio times	70	False	True
(filmRef)20315	True	Radio times	53	False	True
(filmRef)20316	True	Radio times	51	False	True
(filmRef)20317	True	Radio times	75	False	True
(filmRef)20318	True	Radio Times	69	False	True
(filmRef)20319	False		38	False	False
(filmRef)2032	False		81	True	False
(filmRef)20320	False		37	False	False
(filmRef)20321	False		38	False	False
(filmRef)20322	False		49	False	False
(filmRef)20323	True	Radio Times	53	False	True
(filmRef)20324	True	BBC Alba	26	False	False
(filmRef)20325	True	BBC Alba	26	False	False
(filmRef)20326	True	BBC Alba	40	False	False
(filmRef)20327	True	BBC Alba	25	False	False
(filmRef)20328	True	BBC Alba	26	False	False
(filmRef)20329	True	BBC Alba	25	False	False
(filmRef)20330	True	BBC Alba	25	False	False
(filmRef)20331	True	BBC Alba	25	False	False
(filmRef)20332	True	BBC Alba	25	False	False
(filmRef)20333	True	BBC Alba	25	False	False
(filmRef)20334	True	BBC Alba	25	False	False
(filmRef)20335	True	BBC Alba	25	False	False
(filmRef)20336	True	BBC Alba	25	False	False
(filmRef)20337	True	BBC Alba	26	False	False
(filmRef)20338	True	BBC Alba	26	False	False
(filmRef)20339	True	BBC Alba	25	False	False
(filmRef)2034	False		32	True	False
(filmRef)20340	True	BBC Alba	25	False	False
(filmRef)20341	True	BBC Alba	25	False	False
(filmRef)20342	True	BBC Alba	25	False	False
(filmRef)20343	True	BBC Alba	26	False	False
(filmRef)20344	True	BBC Alba	26	False	False
(filmRef)20345	True	BBC Alba	26	False	False
(filmRef)20346	True	BBC Alba	26	False	False
(filmRef)20347	True	Radio Times	28	False	False
(filmRef)20348	True	Radio Times	28	False	False
(filmRef)20349	True	Radio Times	28	False	False
(filmRef)20350	True	Radio Times	28	False	False
(filmRef)20351	True	Radio Times	28	False	False
(filmRef)20352	True	Radio Times	28	False	False
(filmRef)20353	False		8	False	False
(filmRef)20354	False		183	True	False
(filmRef)20355	False		25	False	False
(filmRef)2036	False		1241	True	False
(filmRef)20369	False		41	False	False
(filmRef)2037	False		412	True	False
(filmRef)20370	False		43	False	False
(filmRef)20371	True	Radio times	61	False	True
(filmRef)20372	True	Radio times	66	False	True
(filmRef)20373	True	Radio times	67	False	True
(filmRef)20374	True	Radio times	58	False	True
(filmRef)20375	True	Radio times	71	False	True
(filmRef)20376	True	Radio times	74	False	True
(filmRef)20377	True	Radio times	67	False	True
(filmRef)20378	True	Radio times	66	False	True
(filmRef)20379	True	Radio times	72	False	True
(filmRef)2038	False		64	True	False
(filmRef)20380	True	Radio times	54	False	True
(filmRef)20381	False		29	False	False
(filmRef)20382	False		79	False	False
(filmRef)20383	False		79	False	False
(filmRef)20384	False		49	False	False
(filmRef)20385	False		49	False	False
(filmRef)20386	True	Radio Times	117	True	False
(filmRef)20387	False		35	False	False
(filmRef)20388	False		35	False	False
(filmRef)20389	False		33	False	False
(filmRef)2039	False		23	True	False
(filmRef)20390	False		30	False	False
(filmRef)20391	False		36	False	False
(filmRef)20392	False		29	False	False
(filmRef)20393	True	Radio times	61	False	True
(filmRef)20394	True	Radio times	66	False	True
(filmRef)20395	True	Radio times	67	False	True
(filmRef)20396	True	Radio times	63	False	True
(filmRef)20397	True	Radio times	52	False	True
(filmRef)20398	True	Radio times	71	False	True
(filmRef)20399	True	Radio times	74	False	True
(filmRef)2040	False		687	True	False
(filmRef)20400	True	Radio times	67	False	True
(filmRef)20401	True	Radio times	66	False	True
(filmRef)20402	True	Radio times	72	False	True
(filmRef)20403	True	Radio times	54	False	True
(filmRef)20404	True	Radio times	65	False	True
(filmRef)20405	True	Radio times	45	False	False
(filmRef)20406	True	Radio times	61	False	True
(filmRef)20407	True	Radio times	45	False	False
(filmRef)20408	True	Radio times	64	False	True
(filmRef)20409	True	Radio times	61	False	True
(filmRef)20410	True	Radio times	63	False	True
(filmRef)20411	True	Radio times	54	False	True
(filmRef)20412	True	Radio times	73	False	True
(filmRef)20413	True	Radio times	54	False	True
(filmRef)20414	True	Radio times	69	False	True
(filmRef)20415	True	Radio times	68	False	True
(filmRef)20416	True	Radio times	61	False	True
(filmRef)20417	True	Radio times	64	False	True
(filmRef)20418	True	Radio times	57	False	True
(filmRef)20419	False		149	True	False
(filmRef)2042	False		35	True	False
(filmRef)20420	True	BBC Alba	26	False	False
(filmRef)20421	True	BBC Alba	25	False	False
(filmRef)20422	True	BBC Alba	25	False	False
(filmRef)20423	True	BBC Alba	25	False	False
(filmRef)20424	True	BBC Alba	27	False	False
(filmRef)20425	True	BBC Alba	25	False	False
(filmRef)20426	True	BBC Alba	25	False	False
(filmRef)20427	True	BBC Alba	25	False	False
(filmRef)20428	True	BBC Alba	25	False	False
(filmRef)20429	True	BBC Alba	26	False	False
(filmRef)2043	False		35	True	False
(filmRef)20430	True	BBC Alba	26	False	False
(filmRef)20431	True	BBC Alba	26	False	False
(filmRef)20432	True	BBC Alba	26	False	False
(filmRef)20433	True	BBC Alba	26	False	False
(filmRef)20434	True	BBC Alba	26	False	False
(filmRef)20435	True	BBC Alba	26	False	False
(filmRef)20436	True	BBC Alba	25	False	False
(filmRef)20437	True	BBC Alba	25	False	False
(filmRef)20438	True	BBC Alba	25	False	False
(filmRef)20439	True	BBC Alba	25	False	False
(filmRef)2044	False		211	True	False
(filmRef)20440	True	BBC Alba	25	False	False
(filmRef)20441	True	BBC Alba	25	False	False
(filmRef)20442	True	BBC Alba	25	False	False
(filmRef)20443	True	BBC Alba	25	False	False
(filmRef)20444	True	BBC Alba	25	False	False
(filmRef)20445	True	BBC Alba	25	False	False
(filmRef)20446	True	Radio times	72	False	True
(filmRef)20455	True	Radio times	77	False	True
(filmRef)20456	True	Radio times	61	False	True
(filmRef)20457	True	Radio times	67	False	True
(filmRef)20458	True	Radio times	64	False	True
(filmRef)20459	True	Radio times	68	False	True
(filmRef)2046	False		415	True	False
(filmRef)20460	True	BBC Alba	39	False	False
(filmRef)20461	True	Radio times	50	False	True
(filmRef)20462	True	Radio times	50	False	True
(filmRef)20463	True	Radio times	52	False	True
(filmRef)20464	True	Radio times	59	False	True
(filmRef)20465	True	Radio times	56	False	True
(filmRef)20466	True	Radio times	59	False	True
(filmRef)20467	True	Radio times	61	False	True
(filmRef)20468	True	BBC Alba	26	False	False
(filmRef)20469	True	BBC Alba	25	False	False
(filmRef)20470	True	BBC Alba	25	False	False
(filmRef)20471	True	BBC Alba	27	False	False
(filmRef)20472	True	BBC Alba	25	False	False
(filmRef)20473	True	BBC Alba	25	False	False
(filmRef)20474	True	BBC Alba	25	False	False
(filmRef)20475	True	BBC Alba	25	False	False
(filmRef)20476	True	BBC Alba	25	False	False
(filmRef)20477	True	BBC Alba	25	False	False
(filmRef)20478	True	BBC Alba	26	False	False
(filmRef)20479	True	BBC Alba	26	False	False
(filmRef)20480	True	BBC Alba	25	False	False
(filmRef)20481	True	BBC Alba	25	False	False
(filmRef)20482	True	Radio times	53	False	True
(filmRef)20483	True	Radio times	59	False	True
(filmRef)20484	True	Radio times	47	False	False
(filmRef)20485	True	Radio times	61	False	True
(filmRef)20486	True	Radio times	60	False	True
(filmRef)20487	True	Radio times	57	False	True
(filmRef)20488	True	Radio times	56	False	True
(filmRef)20489	True	Radio times	61	False	True
(filmRef)2049	False		283	True	False
(filmRef)20490	True	Radio times	58	False	True
(filmRef)20491	True	BBC Alba	25	False	False
(filmRef)20492	True	BBC Alba	25	False	False
(filmRef)20493	True	BBC Alba	25	False	False
(filmRef)20494	True	BBC Alba	25	False	False
(filmRef)20495	True	BBC Alba	25	False	False
(filmRef)20496	True	BBC Alba	25	False	False
(filmRef)20497	True	BBC Alba	25	False	False
(filmRef)20498	True	BBC Alba	25	False	False
(filmRef)20499	True	BBC Alba	25	False	False
(filmRef)2050	False		29	True	False
(filmRef)20500	True	BBC Alba	25	False	False
(filmRef)20501	True	BBC Alba	25	False	False
(filmRef)20502	True	BBC Alba	25	False	False
(filmRef)20503	False		129	False	False
(filmRef)20504	True	Radio times	46	False	False
(filmRef)20505	True	Radio times	43	False	False
(filmRef)2053	False		256	True	False
(filmRef)20532	True	Radio Times	38	False	False
(filmRef)20533	True	Radio times	64	False	True
(filmRef)20534	True	Radio times	56	False	True
(filmRef)20535	True	BBC Alba	60	False	True
(filmRef)20536	True	BBC Alba	26	False	False
(filmRef)20537	True	BBC Alba	25	False	False
(filmRef)20538	True	BBC Alba	25	False	False
(filmRef)20539	True	Radio times	56	False	True
(filmRef)2054	False		307	True	False
(filmRef)20540	True	Radio times	55	False	True
(filmRef)20541	True	Radio times	56	False	True
(filmRef)20542	True	Radio Times	32	False	False
(filmRef)20543	True	Radio times	54	False	True
(filmRef)20544	True	Radio times	55	False	True
(filmRef)20545	True	Radio Times	48	False	False
(filmRef)20546	True	Radio times	51	False	True
(filmRef)20547	True	Radio times	59	False	True
(filmRef)20548	True	Radio times	56	False	True
(filmRef)20549	True	Radio Times	32	False	False
(filmRef)2055	False		364	True	False
(filmRef)20550	True	Radio times	52	False	True
(filmRef)20551	True	Radio times	58	False	True
(filmRef)20552	True	Radio times	53	False	True
(filmRef)20553	True	Radio times	53	False	True
(filmRef)20554	True	Radio times	51	False	True
(filmRef)20555	True	Radio times	60	False	True
(filmRef)20556	True	Radio Times	40	False	False
(filmRef)20557	True	BBC Alba	25	False	False
(filmRef)20558	True	BBC Alba	25	False	False
(filmRef)20559	True	BBC Alba	25	False	False
(filmRef)2056	False		118	True	False
(filmRef)20560	True	BBC Alba	29	False	False
(filmRef)20561	True	BBC Alba	25	False	False
(filmRef)20562	True	BBC Alba	25	False	False
(filmRef)20563	True	BBC Alba	25	False	False
(filmRef)20564	True	BBC Alba	25	False	False
(filmRef)20565	True	BBC Alba	25	False	False
(filmRef)20566	True	BBC Alba	25	False	False
(filmRef)20567	True	BBC Alba	25	False	False
(filmRef)20568	True	BBC Alba	25	False	False
(filmRef)20569	True	BBC Alba	25	False	False
(filmRef)2057	False		27	True	False
(filmRef)20570	True	BBC Alba	25	False	False
(filmRef)20571	True	BBC Alba	25	False	False
(filmRef)20572	True	BBC Alba	25	False	False
(filmRef)20573	True	BBC Alba	25	False	False
(filmRef)20574	True	BBC Alba	25	False	False
(filmRef)20575	True	BBC Alba	25	False	False
(filmRef)20576	True	BBC Alba	25	False	False
(filmRef)20577	True	BBC Alba	25	False	False
(filmRef)20578	True	BBC Alba	25	False	False
(filmRef)20579	True	BBC Alba	25	False	False
(filmRef)2058	False		292	True	False
(filmRef)20580	True	BBC Alba	30	False	False
(filmRef)20581	True	BBC Alba	25	False	False
(filmRef)20582	True	BBC Alba	25	False	False
(filmRef)20583	True	Radio times	60	False	True
(filmRef)20584	True	Radio times	61	False	True
(filmRef)20585	True	Radio Times	46	False	False
(filmRef)20586	True	BBC Alba	25	False	False
(filmRef)20587	True	BBC Alba	25	False	False
(filmRef)20588	True	BBC Alba	25	False	False
(filmRef)20589	True	Radio times	55	False	True
(filmRef)20590	True	Radio times	53	False	True
(filmRef)20591	True	BBC Alba	57	False	True
(filmRef)20592	True	Radio times	54	False	True
(filmRef)20593	True	Radio times	51	False	True
(filmRef)20594	True	BBC Alba	25	False	False
(filmRef)20595	True	BBC Alba	25	False	False
(filmRef)20596	True	BBC Alba	25	False	False
(filmRef)20597	True	Radio times	50	False	True
(filmRef)20598	True	Radio times	49	False	False
(filmRef)20599	True	BBC Alba	25	False	False
(filmRef)20600	True	Radio times	53	False	True
(filmRef)20601	True	BBC Alba	25	False	False
(filmRef)20602	True	Radio times	52	False	True
(filmRef)20603	True	Radio times	54	False	True
(filmRef)20604	True	BBC Alba	25	False	False
(filmRef)20605	True	BBC Alba	25	False	False
(filmRef)20606	True	Radio times	47	False	False
(filmRef)20607	True	BBC Alba	25	False	False
(filmRef)20608	True	Radio times	50	False	True
(filmRef)20609	True	BBC Alba	25	False	False
(filmRef)2061	False		82	True	False
(filmRef)20610	True	BBC Alba	25	False	False
(filmRef)20611	True	BBC Alba	25	False	False
(filmRef)20612	True	BBC Alba	25	False	False
(filmRef)20613	False		34	False	False
(filmRef)20614	False		34	False	False
(filmRef)20615	False		34	False	False
(filmRef)20616	False		34	False	False
(filmRef)20617	False		34	False	False
(filmRef)20618	False		34	False	False
(filmRef)20619	False		34	False	False
(filmRef)2062	False		64	True	False
(filmRef)20620	False		34	False	False
(filmRef)20621	False		34	False	False
(filmRef)20622	False		34	False	False
(filmRef)20623	True	Radio times	45	False	False
(filmRef)20624	True	Radio times	53	False	True
(filmRef)20625	True	BBC Alba	25	False	False
(filmRef)20626	True	BBC Alba	25	False	False
(filmRef)20627	True	Radio times	58	False	True
(filmRef)20628	True	BBC Alba	25	False	False
(filmRef)20629	True	Radio times	62	False	True
(filmRef)2063	False		132	True	False
(filmRef)20630	True	BBC Alba	25	False	False
(filmRef)20631	True	Radio times	61	False	True
(filmRef)20632	True	Radio times	55	False	True
(filmRef)20633	True	BBC Alba	25	False	False
(filmRef)20634	True	Radio times	59	False	True
(filmRef)20635	True	BBC Alba	25	False	False
(filmRef)20636	True	Radio times	56	False	True
(filmRef)20637	True	BBC Alba	25	False	False
(filmRef)20638	True	Radio times	55	False	True
(filmRef)20639	True	BBC Alba	25	False	False
(filmRef)2064	False		80	True	False
(filmRef)20640	True	BBC Alba	25	False	False
(filmRef)20641	True	BBC Alba	25	False	False
(filmRef)20642	True	BBC Alba	25	False	False
(filmRef)20643	True	BBC Alba	25	False	False
(filmRef)20644	True	BBC Alba	25	False	False
(filmRef)20645	True	BBC Alba	25	False	False
(filmRef)20647	True	BBC Alba	25	False	False
(filmRef)20648	True	BBC Alba	25	False	False
(filmRef)20649	True	BBC Alba	25	False	False
(filmRef)2065	False		87	True	False
(filmRef)20650	True	BBC Alba	25	False	False
(filmRef)20651	True	BBC Alba	25	False	False
(filmRef)20652	True	BBC Alba	25	False	False
(filmRef)20653	True	BBC Alba	25	False	False
(filmRef)20654	True	BBC Alba	25	False	False
(filmRef)20655	True	BBC Alba	25	False	False
(filmRef)20656	True	BBC Alba	25	False	False
(filmRef)20657	True	BBC Alba	25	False	False
(filmRef)20658	True	BBC Alba	25	False	False
(filmRef)20659	True	BBC Alba	25	False	False
(filmRef)2066	False		42	True	False
(filmRef)20660	True	BBC Alba	25	False	False
(filmRef)20661	True	BBC Alba	25	False	False
(filmRef)20662	True	BBC Alba	25	False	False
(filmRef)20663	True	BBC Alba	25	False	False
(filmRef)20664	True	BBC Alba	25	False	False
(filmRef)20665	True	BBC Alba	25	False	False
(filmRef)20666	True	BBC Alba	25	False	False
(filmRef)20668	False		51	False	False
(filmRef)20669	False		74	False	False
(filmRef)2067	False		72	True	False
(filmRef)20671	True	Radio Times	70	False	True
(filmRef)20672	False		35	False	False
(filmRef)20673	False		34	False	False
(filmRef)20674	False		35	False	False
(filmRef)20675	False		35	False	False
(filmRef)20676	False		34	False	False
(filmRef)20677	False		24	False	False
(filmRef)20678	False		27	False	False
(filmRef)20679	False		27	False	False
(filmRef)2068	False		58	True	False
(filmRef)20680	False		23	False	False
(filmRef)20681	False		31	False	False
(filmRef)20682	False		26	False	False
(filmRef)20683	False		29	False	False
(filmRef)20684	False		26	False	False
(filmRef)20685	False		26	False	False
(filmRef)20686	False		24	False	False
(filmRef)20687	False		24	False	False
(filmRef)20688	False		35	False	False
(filmRef)20689	False		34	False	False
(filmRef)2069	False		65	True	False
(filmRef)20690	False		29	False	False
(filmRef)20691	False		33	False	False
(filmRef)20692	False		40	False	False
(filmRef)20693	False		32	False	False
(filmRef)20694	False		29	False	False
(filmRef)20695	False		29	False	False
(filmRef)20696	False		29	False	False
(filmRef)20697	False		29	False	False
(filmRef)20698	False		30	False	False
(filmRef)20699	False		29	False	False
(filmRef)2070	False		277	True	False
(filmRef)20701	False		11	False	False
(filmRef)20702	False		11	False	False
(filmRef)20703	False		23	False	False
(filmRef)20704	False		19	False	False
(filmRef)20705	False		17	False	False
(filmRef)20706	True	Radio Times	45	False	False
(filmRef)20707	False		52	False	False
(filmRef)20708	False		52	False	False
(filmRef)20709	False		37	False	False
(filmRef)2071	False		175	True	False
(filmRef)20710	False		70	False	False
(filmRef)20711	False		65	False	False
(filmRef)20712	False		66	False	False
(filmRef)20713	False		55	False	False
(filmRef)20714	False		65	False	False
(filmRef)20715	False		49	False	False
(filmRef)20716	False		50	False	False
(filmRef)20717	False		53	False	False
(filmRef)20718	False		63	False	False
(filmRef)20719	False		62	False	False
(filmRef)2072	False		111	True	False
(filmRef)20720	False		63	False	False
(filmRef)20721	False		65	False	False
(filmRef)20722	False		64	False	False
(filmRef)20723	False		63	False	False
(filmRef)20724	False		44	False	False
(filmRef)20725	False		45	False	False
(filmRef)20726	False		47	False	False
(filmRef)20727	False		48	False	False
(filmRef)20728	False		42	False	False
(filmRef)20729	False		50	False	False
(filmRef)2073	False		183	True	False
(filmRef)20730	False		48	False	False
(filmRef)20731	False		51	False	False
(filmRef)20732	False		49	False	False
(filmRef)20733	False		44	False	False
(filmRef)20734	False		74	False	False
(filmRef)20735	False		61	False	False
(filmRef)20736	False		44	False	False
(filmRef)20737	False		46	False	False
(filmRef)20738	False		48	False	False
(filmRef)20739	False		43	False	False
(filmRef)2074	False		139	True	False
(filmRef)20740	False		48	False	False
(filmRef)20741	False		51	False	False
(filmRef)20742	False		50	False	False
(filmRef)20743	False		66	False	False
(filmRef)20744	False		44	False	False
(filmRef)20745	False		56	False	False
(filmRef)20746	False		44	False	False
(filmRef)20747	False		48	False	False
(filmRef)20748	False		41	False	False
(filmRef)20749	False		96	False	False
(filmRef)2075	False		134	True	False
(filmRef)20750	False		70	False	False
(filmRef)20751	False		96	False	False
(filmRef)20752	False		70	False	False
(filmRef)20753	False		95	False	False
(filmRef)20754	False		93	False	False
(filmRef)20755	False		93	False	False
(filmRef)20756	False		71	False	False
(filmRef)20757	False		87	False	False
(filmRef)20758	False		70	False	False
(filmRef)20759	False		76	False	False
(filmRef)2076	False		207	True	False
(filmRef)20760	False		75	False	False
(filmRef)20761	False		64	False	False
(filmRef)20762	False		65	False	False
(filmRef)20763	False		68	False	False
(filmRef)20764	True	BBC Alba	132	True	False
(filmRef)20765	True	BBC Alba	132	True	False
(filmRef)20767	False		29	False	False
(filmRef)2077	False		104	True	False
(filmRef)2078	False		94	True	False
(filmRef)2079	False		179	True	False
(filmRef)20792	False		66	True	False
(filmRef)20793	False		72	True	False
(filmRef)20794	False		65	True	False
(filmRef)20795	False		60	True	False
(filmRef)20796	False		64	True	False
(filmRef)20797	False		68	True	False
(filmRef)20798	False		70	True	False
(filmRef)20799	False		62	True	False
(filmRef)2080	False		34	True	False
(filmRef)20800	False		64	True	False
(filmRef)20801	False		71	True	False
(filmRef)20802	False		67	True	False
(filmRef)20803	False		70	True	False
(filmRef)20804	False		67	True	False
(filmRef)20805	False		66	True	False
(filmRef)20806	False		67	True	False
(filmRef)20807	False		58	True	False
(filmRef)20808	False		65	True	False
(filmRef)20809	False		61	True	False
(filmRef)2081	False		32	True	False
(filmRef)20810	False		67	True	False
(filmRef)20811	False		64	True	False
(filmRef)20812	False		63	True	False
(filmRef)20813	False		37	True	False
(filmRef)20814	False		69	True	False
(filmRef)20818	False		90	True	False
(filmRef)2082	False		346	True	False
(filmRef)20820	False		66	True	False
(filmRef)20823	False		90	True	False
(filmRef)20824	False		43	True	False
(filmRef)20825	False		42	True	False
(filmRef)20829	False		85	True	False
(filmRef)2083	False		93	True	False
(filmRef)20830	False		105	True	False
(filmRef)20831	False		111	True	False
(filmRef)20832	False		228	True	False
(filmRef)20833	False		42	True	False
(filmRef)20837	False		87	True	False
(filmRef)20838	False		101	True	False
(filmRef)20839	False		122	True	False
(filmRef)2084	False		182	True	False
(filmRef)20840	False		92	True	False
(filmRef)20841	False		118	True	False
(filmRef)20842	False		79	True	False
(filmRef)20843	False		86	True	False
(filmRef)20844	False		101	True	False
(filmRef)20845	False		97	True	False
(filmRef)20846	False		65	True	False
(filmRef)20847	False		105	True	False
(filmRef)20848	False		52	True	False
(filmRef)20849	False		44	True	False
(filmRef)2085	False		297	True	False
(filmRef)20850	False		59	True	False
(filmRef)20851	False		85	True	False
(filmRef)20852	False		80	True	False
(filmRef)20853	False		87	True	False
(filmRef)20854	False		69	True	False
(filmRef)20855	False		38	True	False
(filmRef)20856	False		50	True	False
(filmRef)20857	False		187	True	False
(filmRef)20859	False		141	True	False
(filmRef)2086	False		208	True	False
(filmRef)20860	False		910	True	False
(filmRef)2087	False		108	True	False
(filmRef)20879	False		111	True	False
(filmRef)2088	False		237	True	False
(filmRef)20880	False		60	True	False
(filmRef)20882	False		112	True	False
(filmRef)20883	False		109	True	False
(filmRef)20884	False		110	True	False
(filmRef)2089	False		75	True	False
(filmRef)2090	False		58	True	False
(filmRef)2091	False		46	True	False
(filmRef)2092	False		191	True	False
(filmRef)2093	False		153	True	False
(filmRef)2094	False		56	True	False
(filmRef)2095	False		159	True	False
(filmRef)2096	False		83	True	False
(filmRef)2097	False		189	True	False
(filmRef)2098	False		309	True	False
(filmRef)20985	False		40	False	False
(filmRef)20986	False		43	False	False
(filmRef)20987	False		38	False	False
(filmRef)20988	False		36	False	False
(filmRef)20989	False		37	False	False
(filmRef)2099	False		313	True	False
(filmRef)20990	False		39	False	False
(filmRef)20991	False		42	False	False
(filmRef)20992	False		38	False	False
(filmRef)20993	False		40	False	False
(filmRef)20994	False		38	False	False
(filmRef)20995	False		39	False	False
(filmRef)20996	False		37	False	False
(filmRef)20997	False		39	False	False
(filmRef)20998	False		40	False	False
(filmRef)20999	False		43	False	False
(filmRef)2100	False		76	True	False
(filmRef)21000	False		39	False	False
(filmRef)21001	False		38	False	False
(filmRef)21003	False		37	False	False
(filmRef)21004	False		37	False	False
(filmRef)21005	False		41	False	False
(filmRef)21006	False		39	False	False
(filmRef)21007	False		37	False	False
(filmRef)21008	False		38	False	False
(filmRef)21009	False		38	False	False
(filmRef)2101	False		228	True	False
(filmRef)21010	False		35	False	False
(filmRef)21011	False		37	False	False
(filmRef)21012	False		40	False	False
(filmRef)21013	False		36	False	False
(filmRef)21014	False		46	False	False
(filmRef)21015	False		44	False	False
(filmRef)21016	False		36	False	False
(filmRef)21017	False		47	False	False
(filmRef)21018	True	DigiCult	93	False	True
(filmRef)21019	False		52	False	False
(filmRef)2102	False		321	True	False
(filmRef)21022	False		39	False	False
(filmRef)21023	False		37	False	False
(filmRef)21024	False		40	False	False
(filmRef)21026	False		37	False	False
(filmRef)21027	False		38	False	False
(filmRef)21028	False		31	False	False
(filmRef)21029	False		36	False	False
(filmRef)2103	False		80	True	False
(filmRef)21030	False		29	False	False
(filmRef)21031	False		33	False	False
(filmRef)21032	False		37	False	False
(filmRef)21033	False		15	False	False
(filmRef)21036	False		173	True	False
(filmRef)21037	False		193	True	False
(filmRef)21038	False		343	True	False
(filmRef)2104	False		514	True	False
(filmRef)21040	False		151	True	False
(filmRef)21043	False		43	False	False
(filmRef)21044	False		38	False	False
(filmRef)21045	False		46	False	False
(filmRef)21046	False		35	False	False
(filmRef)21047	False		25	False	False
(filmRef)21048	False		26	False	False
(filmRef)21049	False		28	False	False
(filmRef)2105	False		110	True	False
(filmRef)21050	False		34	False	False
(filmRef)21051	False		34	False	False
(filmRef)21052	False		31	False	False
(filmRef)21053	False		39	False	False
(filmRef)21054	False		29	False	False
(filmRef)21055	False		29	False	False
(filmRef)21056	False		51	False	False
(filmRef)21057	False		49	False	False
(filmRef)21058	False		53	False	False
(filmRef)21059	False		41	False	False
(filmRef)2106	False		437	True	False
(filmRef)21060	False		45	False	False
(filmRef)21061	False		39	False	False
(filmRef)21062	False		46	False	False
(filmRef)21063	False		27	False	False
(filmRef)21064	False		43	False	False
(filmRef)21065	False		29	False	False
(filmRef)21066	False		34	False	False
(filmRef)21067	False		28	False	False
(filmRef)21068	False		44	False	False
(filmRef)21069	False		28	False	False
(filmRef)2107	False		63	True	False
(filmRef)21070	False		35	False	False
(filmRef)21077	False		29	False	False
(filmRef)21078	False		29	False	False
(filmRef)21079	False		29	False	False
(filmRef)2108	False		524	True	False
(filmRef)21080	False		29	False	False
(filmRef)21081	False		29	False	False
(filmRef)21082	False		29	False	False
(filmRef)21083	False		29	False	False
(filmRef)21084	False		29	False	False
(filmRef)21085	False		29	False	False
(filmRef)21086	False		29	False	False
(filmRef)21087	False		29	False	False
(filmRef)21088	False		29	False	False
(filmRef)21089	False		26	False	False
(filmRef)2109	False		158	True	False
(filmRef)21090	False		15	False	False
(filmRef)21091	False		33	False	False
(filmRef)21092	False		44	False	False
(filmRef)21093	False		15	False	False
(filmRef)21094	False		40	False	False
(filmRef)21095	False		63	False	False
(filmRef)21096	False		34	False	False
(filmRef)21097	False		22	False	False
(filmRef)21098	False		42	False	False
(filmRef)21099	False		19	False	False
(filmRef)2110	False		102	True	False
(filmRef)21100	False		17	False	False
(filmRef)21101	False		19	False	False
(filmRef)21102	False		13	False	False
(filmRef)21103	False		24	False	False
(filmRef)21105	False		27	False	False
(filmRef)21106	False		27	False	False
(filmRef)21107	False		27	False	False
(filmRef)21108	False		27	False	False
(filmRef)21109	False		27	False	False
(filmRef)2111	False		230	True	False
(filmRef)21110	False		27	False	False
(filmRef)21111	False		27	False	False
(filmRef)21112	False		27	False	False
(filmRef)21113	False		27	False	False
(filmRef)21114	False		27	False	False
(filmRef)21115	False		54	False	False
(filmRef)21116	False		56	False	False
(filmRef)21117	False		56	False	False
(filmRef)21118	False		46	False	False
(filmRef)21119	False		50	False	False
(filmRef)2112	False		215	True	False
(filmRef)21120	False		44	False	False
(filmRef)21121	False		56	False	False
(filmRef)21122	False		51	False	False
(filmRef)21123	False		43	False	False
(filmRef)21124	False		48	False	False
(filmRef)21125	False		40	False	False
(filmRef)21126	False		44	False	False
(filmRef)21127	False		15	False	False
(filmRef)21128	False		19	False	False
(filmRef)21129	False		16	False	False
(filmRef)2113	False		116	True	False
(filmRef)21130	False		14	False	False
(filmRef)21131	False		14	False	False
(filmRef)21132	False		22	False	False
(filmRef)21133	False		21	False	False
(filmRef)21134	False		39	False	False
(filmRef)21135	False		29	False	False
(filmRef)21136	False		31	False	False
(filmRef)21137	False		48	False	False
(filmRef)21138	False		38	False	False
(filmRef)21139	False		39	False	False
(filmRef)2114	False		642	True	False
(filmRef)21140	False		39	False	False
(filmRef)21141	False		42	False	False
(filmRef)21142	False		32	False	False
(filmRef)21143	False		28	False	False
(filmRef)21144	False		30	False	False
(filmRef)21145	False		36	False	False
(filmRef)21146	False		44	False	False
(filmRef)21147	False		45	False	False
(filmRef)21148	False		52	False	False
(filmRef)21149	False		40	False	False
(filmRef)2115	False		76	True	False
(filmRef)21150	False		43	False	False
(filmRef)21151	False		46	False	False
(filmRef)21152	False		49	False	False
(filmRef)21153	False		125	True	False
(filmRef)21155	False		341	True	False
(filmRef)21156	False		34	False	False
(filmRef)21157	False		71	True	False
(filmRef)21158	False		50	False	False
(filmRef)21159	False		43	False	False
(filmRef)2116	False		29	False	False
(filmRef)21160	False		81	False	False
(filmRef)21161	False		81	False	False
(filmRef)21162	False		32	False	False
(filmRef)21163	False		43	False	False
(filmRef)21164	False		39	False	False
(filmRef)21165	False		37	False	False
(filmRef)21166	False		79	False	False
(filmRef)21167	False		57	False	False
(filmRef)21168	False		80	False	False
(filmRef)21169	False		95	False	False
(filmRef)2117	False		178	True	False
(filmRef)21170	False		94	False	False
(filmRef)21171	False		58	False	False
(filmRef)21172	False		64	False	False
(filmRef)21173	False		81	False	False
(filmRef)21174	False		50	False	False
(filmRef)21175	False		20	False	False
(filmRef)21177	False		312	True	False
(filmRef)21178	False		191	True	False
(filmRef)21179	False		241	True	False
(filmRef)2118	False		208	True	False
(filmRef)21180	False		56	False	False
(filmRef)21181	False		80	False	False
(filmRef)21182	False		78	False	False
(filmRef)21183	False		74	False	False
(filmRef)21185	False		92	True	False
(filmRef)21186	False		209	True	False
(filmRef)21187	False		180	True	False
(filmRef)21188	False		82	True	False
(filmRef)21189	False		500	True	False
(filmRef)2119	False		91	True	False
(filmRef)21190	False		87	True	False
(filmRef)21191	False		526	True	False
(filmRef)21192	False		443	True	False
(filmRef)21193	False		364	True	False
(filmRef)21194	False		273	True	False
(filmRef)21195	False		521	True	False
(filmRef)21196	False		297	True	False
(filmRef)21197	False		44	True	False
(filmRef)21198	False		858	True	False
(filmRef)2120	False		152	True	False
(filmRef)21200	False		263	True	False
(filmRef)21201	False		220	True	False
(filmRef)21202	False		245	True	False
(filmRef)21203	False		148	True	False
(filmRef)21204	False		192	True	False
(filmRef)21205	False		158	True	False
(filmRef)21206	False		69	True	False
(filmRef)21208	False		114	True	False
(filmRef)21209	False		151	True	False
(filmRef)2121	False		365	True	False
(filmRef)21210	False		134	True	False
(filmRef)21211	False		204	True	False
(filmRef)21212	False		94	True	False
(filmRef)21213	False		115	True	False
(filmRef)21214	False		146	True	False
(filmRef)21215	False		146	True	False
(filmRef)21216	False		177	True	False
(filmRef)21217	False		174	True	False
(filmRef)21218	False		314	True	False
(filmRef)21219	False		135	True	False
(filmRef)2122	False		107	True	False
(filmRef)21220	False		134	True	False
(filmRef)21221	False		229	True	False
(filmRef)21222	False		169	True	False
(filmRef)21223	False		192	True	False
(filmRef)21224	False		509	True	False
(filmRef)21225	False		260	True	False
(filmRef)21226	False		633	True	False
(filmRef)21227	False		382	True	False
(filmRef)21228	False		333	True	False
(filmRef)21229	False		344	True	False
(filmRef)2123	False		604	True	False
(filmRef)21230	False		177	True	False
(filmRef)21231	False		180	True	False
(filmRef)21232	False		520	True	False
(filmRef)21233	False		115	True	False
(filmRef)21234	False		150	True	False
(filmRef)21235	False		313	True	False
(filmRef)21236	False		597	True	False
(filmRef)21237	False		317	True	False
(filmRef)21238	False		132	True	False
(filmRef)21239	False		111	True	False
(filmRef)2124	False		62	True	False
(filmRef)21240	False		239	True	False
(filmRef)21241	False		123	True	False
(filmRef)21242	False		155	True	False
(filmRef)21243	False		101	True	False
(filmRef)21244	False		138	True	False
(filmRef)21245	False		110	True	False
(filmRef)21246	False		275	True	False
(filmRef)21247	False		199	True	False
(filmRef)21248	False		352	True	False
(filmRef)21249	False		312	True	False
(filmRef)2125	False		310	True	False
(filmRef)21250	False		248	True	False
(filmRef)21251	False		191	True	False
(filmRef)21252	False		116	True	False
(filmRef)21253	False		162	True	False
(filmRef)21254	False		508	True	False
(filmRef)21255	False		544	True	False
(filmRef)21256	False		280	True	False
(filmRef)21257	False		454	True	False
(filmRef)21258	False		85	True	False
(filmRef)21259	False		74	True	False
(filmRef)2126	False		276	True	False
(filmRef)21260	False		381	True	False
(filmRef)21261	False		202	True	False
(filmRef)21262	False		141	True	False
(filmRef)21263	False		195	True	False
(filmRef)21264	False		86	False	False
(filmRef)21265	False		93	False	False
(filmRef)21266	False		105	False	False
(filmRef)21267	False		62	False	False
(filmRef)21268	False		59	False	False
(filmRef)21269	False		68	False	False
(filmRef)2127	False		50	True	False
(filmRef)21270	False		58	False	False
(filmRef)21271	False		57	False	False
(filmRef)21272	False		61	False	False
(filmRef)21273	False		56	False	False
(filmRef)21274	False		58	False	False
(filmRef)21275	False		51	False	False
(filmRef)21276	False		93	False	False
(filmRef)21277	False		73	False	False
(filmRef)21278	False		248	True	False
(filmRef)21279	False		292	True	False
(filmRef)2128	False		88	True	False
(filmRef)21280	False		201	True	False
(filmRef)21281	False		250	True	False
(filmRef)21282	False		127	False	False
(filmRef)21283	False		161	False	False
(filmRef)21284	False		98	False	False
(filmRef)21286	False		72	False	False
(filmRef)21287	False		71	False	False
(filmRef)21288	False		74	False	False
(filmRef)21289	False		78	False	False
(filmRef)2129	False		570	True	False
(filmRef)21290	False		83	False	False
(filmRef)21291	False		82	False	False
(filmRef)21292	False		48	False	False
(filmRef)21293	False		53	False	False
(filmRef)21294	False		49	False	False
(filmRef)21295	False		48	False	False
(filmRef)21296	False		44	False	False
(filmRef)21297	False		48	False	False
(filmRef)21298	False		50	False	False
(filmRef)21299	False		54	False	False
(filmRef)2130	False		308	True	False
(filmRef)21300	False		47	False	False
(filmRef)21301	False		52	False	False
(filmRef)21302	False		59	False	False
(filmRef)21303	False		59	False	False
(filmRef)21304	False		64	False	False
(filmRef)21305	False		68	False	False
(filmRef)21306	False		64	False	False
(filmRef)21307	False		74	False	False
(filmRef)21308	False		69	False	False
(filmRef)21309	False		69	False	False
(filmRef)2131	False		100	True	False
(filmRef)21310	False		63	False	False
(filmRef)21311	False		67	False	False
(filmRef)21312	False		58	False	False
(filmRef)21313	False		56	False	False
(filmRef)21314	False		28	False	False
(filmRef)21315	False		46	False	False
(filmRef)21316	False		49	False	False
(filmRef)21317	False		46	False	False
(filmRef)21318	False		49	False	False
(filmRef)21319	False		43	False	False
(filmRef)2132	False		109	True	False
(filmRef)21320	False		46	False	False
(filmRef)21321	False		43	False	False
(filmRef)21322	False		36	False	False
(filmRef)21323	False		39	False	False
(filmRef)21324	False		42	False	False
(filmRef)21325	False		46	False	False
(filmRef)21326	False		51	False	False
(filmRef)21327	False		51	False	False
(filmRef)21328	False		63	False	False
(filmRef)21329	False		59	False	False
(filmRef)2133	False		118	True	False
(filmRef)21330	False		60	False	False
(filmRef)21331	False		48	False	False
(filmRef)21332	False		45	False	False
(filmRef)21333	False		53	False	False
(filmRef)21334	False		51	False	False
(filmRef)21335	False		55	False	False
(filmRef)21336	False		42	False	False
(filmRef)21337	False		46	False	False
(filmRef)21338	False		48	False	False
(filmRef)21339	False		54	False	False
(filmRef)2134	False		148	True	False
(filmRef)21340	False		44	False	False
(filmRef)21341	False		48	False	False
(filmRef)21342	False		49	False	False
(filmRef)21343	False		46	False	False
(filmRef)21344	False		49	False	False
(filmRef)21345	False		55	False	False
(filmRef)21346	False		51	False	False
(filmRef)21347	False		55	False	False
(filmRef)21348	False		51	False	False
(filmRef)21349	False		47	False	False
(filmRef)2135	False		295	True	False
(filmRef)21355	True	DigiCult	85	False	True
(filmRef)21356	True	DigiCult	57	False	True
(filmRef)21357	True	DigiCult	50	False	True
(filmRef)21358	True	DigiCult	46	False	False
(filmRef)21359	True	DigiCult	45	False	False
(filmRef)2136	False		117	True	False
(filmRef)21360	True	DigiCult	68	False	True
(filmRef)21361	True	IMDB, last accessed 7/12/2023	93	False	True
(filmRef)21362	True	Scottish Documentary Institute	69	False	True
(filmRef)21363	True	Scottish Documentary Institute	65	False	True
(filmRef)21364	True	DigiCult	76	False	True
(filmRef)21365	False		49	False	False
(filmRef)21366	False		55	False	False
(filmRef)21367	False		54	False	False
(filmRef)21368	False		35	False	False
(filmRef)21369	False		40	False	False
(filmRef)2137	False		504	True	False
(filmRef)21370	False		39	False	False
(filmRef)21371	False		38	False	False
(filmRef)21372	False		37	False	False
(filmRef)21373	False		37	False	False
(filmRef)21375	True	Glasgow Short Film Festival	64	False	True
(filmRef)21376	False		52	False	False
(filmRef)21377	False		14	False	False
(filmRef)21378	True	Digicult	63	False	True
(filmRef)21379	False		36	False	False
(filmRef)2138	False		170	True	False
(filmRef)21380	False		42	False	False
(filmRef)21381	True	IMDb, last accessed 26/4/2024	70	True	False
(filmRef)21382	True	IMDb, last accessed 26/4/2024	65	False	True
(filmRef)21383	True	IMDb, last accessed 26/4/2024	58	False	True
(filmRef)21384	True	IMDb, last accessed 26/4/2024	60	False	True
(filmRef)21385	False		303	True	False
(filmRef)21386	False		226	True	False
(filmRef)21387	False		0	False	False
(filmRef)21389	False		56	True	False
(filmRef)2139	False		46	True	False
(filmRef)21390	False		51	True	False
(filmRef)21391	False		76	True	False
(filmRef)21392	False		76	True	False
(filmRef)21393	False		52	True	False
(filmRef)2140	False		168	True	False
(filmRef)2141	False		127	True	False
(filmRef)21411	False		190	False	False
(filmRef)21412	False		173	True	False
(filmRef)21413	False		379	True	False
(filmRef)21415	False		371	True	False
(filmRef)21416	False		459	True	False
(filmRef)2142	False		119	True	False
(filmRef)2143	False		114	True	False
(filmRef)2144	False		91	True	False
(filmRef)2145	False		111	True	False
(filmRef)21453	False		36	False	False
(filmRef)21454	False		68	False	False
(filmRef)21455	False		535	True	False
(filmRef)2146	False		142	True	False
(filmRef)2147	False		106	True	False
(filmRef)2148	False		106	True	False
(filmRef)21485	True	Hopscotch Films	46	False	False
(filmRef)21486	False		39	False	False
(filmRef)21487	False		21	False	False
(filmRef)21488	True	DigiCult	74	True	False
(filmRef)21489	True	DigiCult	44	False	False
(filmRef)2149	False		201	True	False
(filmRef)21490	True	DigiCult	39	False	False
(filmRef)21491	True	DigiCult	54	False	True
(filmRef)21492	True	DigiCult	61	False	True
(filmRef)21493	True	DigiCult	65	False	True
(filmRef)21495	True	DigiCult	63	False	True
(filmRef)21496	True	DigiCult	56	False	True
(filmRef)21497	True	DigiCult	64	False	True
(filmRef)21498	True	Wilder Films	122	False	True
(filmRef)21499	True	BBC Scotland	47	False	False
(filmRef)2150	False		118	True	False
(filmRef)21501	True	British Council	85	False	True
(filmRef)21502	False		48	False	False
(filmRef)21503	False		56	False	False
(filmRef)2151	False		44	True	False
(filmRef)2152	False		391	True	False
(filmRef)2154	False		281	True	False
(filmRef)2155	False		119	True	False
(filmRef)2156	False		64	True	False
(filmRef)2157	False		162	True	False
(filmRef)2158	False		66	True	False
(filmRef)21585	False		122	True	False
(filmRef)21586	False		27	True	False
(filmRef)21588	False		256	True	False
(filmRef)2159	False		156	True	False
(filmRef)21592	False		84	True	False
(filmRef)21593	False		117	True	False
(filmRef)2160	False		60	True	False
(filmRef)2161	False		65	True	False
(filmRef)2162	False		61	True	False
(filmRef)21624	False		363	True	False
(filmRef)21628	False		229	True	False
(filmRef)21629	False		195	True	False
(filmRef)2163	False		48	True	False
(filmRef)21630	False		110	True	False
(filmRef)21631	False		38	True	False
(filmRef)21632	False		345	True	False
(filmRef)21633	False		77	True	False
(filmRef)21634	False		414	True	False
(filmRef)21635	False		100	True	False
(filmRef)21636	False		150	True	False
(filmRef)21637	False		74	True	False
(filmRef)21638	False		107	True	False
(filmRef)2164	False		44	True	False
(filmRef)2165	False		36	True	False
(filmRef)2166	False		103	True	False
(filmRef)2167	False		19	True	False
(filmRef)2168	False		98	True	False
(filmRef)21685	False		114	True	False
(filmRef)21686	False		127	True	False
(filmRef)21687	False		82	True	False
(filmRef)21688	False		97	True	False
(filmRef)21689	False		75	True	False
(filmRef)2169	False		65	True	False
(filmRef)21690	False		45	True	False
(filmRef)21691	False		100	True	False
(filmRef)21692	False		71	True	False
(filmRef)21693	False		88	True	False
(filmRef)21694	False		54	True	False
(filmRef)21695	False		33	True	False
(filmRef)21696	False		82	True	False
(filmRef)21697	False		62	True	False
(filmRef)21698	False		51	True	False
(filmRef)21699	False		65	True	False
(filmRef)2170	False		35	True	False
(filmRef)21700	False		50	True	False
(filmRef)21701	False		51	True	False
(filmRef)21702	False		72	True	False
(filmRef)21703	False		29	True	False
(filmRef)21704	False		37	True	False
(filmRef)21705	False		39	True	False
(filmRef)21706	False		122	True	False
(filmRef)21707	False		50	True	False
(filmRef)2171	False		46	True	False
(filmRef)21714	False		51	True	False
(filmRef)21715	False		52	True	False
(filmRef)21716	False		50	True	False
(filmRef)21717	False		66	True	False
(filmRef)21718	False		73	True	False
(filmRef)21719	False		61	True	False
(filmRef)2172	False		160	True	False
(filmRef)21720	False		56	True	False
(filmRef)21721	False		55	True	False
(filmRef)21722	False		48	True	False
(filmRef)21723	False		47	True	False
(filmRef)21724	False		51	True	False
(filmRef)21725	False		39	True	False
(filmRef)21726	False		61	True	False
(filmRef)21727	False		37	True	False
(filmRef)21728	False		64	True	False
(filmRef)21729	False		51	True	False
(filmRef)2173	False		112	True	False
(filmRef)21730	False		51	True	False
(filmRef)21731	False		54	True	False
(filmRef)21732	False		52	True	False
(filmRef)21733	False		58	True	False
(filmRef)21734	False		63	True	False
(filmRef)21735	False		43	True	False
(filmRef)21736	False		49	True	False
(filmRef)21737	False		49	True	False
(filmRef)21738	False		43	True	False
(filmRef)21739	False		72	True	False
(filmRef)2174	False		106	True	False
(filmRef)21740	False		30	True	False
(filmRef)21741	False		64	True	False
(filmRef)21742	False		54	True	False
(filmRef)21743	False		59	True	False
(filmRef)21744	False		43	True	False
(filmRef)21745	False		61	True	False
(filmRef)21746	False		75	True	False
(filmRef)21747	False		75	True	False
(filmRef)21748	False		62	True	False
(filmRef)21749	False		75	True	False
(filmRef)2175	False		127	True	False
(filmRef)21750	False		55	True	False
(filmRef)21751	False		59	True	False
(filmRef)21752	False		76	True	False
(filmRef)21753	False		67	True	False
(filmRef)21754	False		67	True	False
(filmRef)21755	False		64	True	False
(filmRef)21756	False		87	True	False
(filmRef)21757	False		63	True	False
(filmRef)21758	False		40	True	False
(filmRef)21759	False		79	True	False
(filmRef)2176	False		82	True	False
(filmRef)21760	False		45	True	False
(filmRef)21761	False		84	True	False
(filmRef)21762	False		55	True	False
(filmRef)21763	False		56	True	False
(filmRef)21764	False		68	True	False
(filmRef)21765	False		77	True	False
(filmRef)21766	False		80	True	False
(filmRef)21767	False		45	True	False
(filmRef)21768	False		76	True	False
(filmRef)21769	False		87	True	False
(filmRef)2177	False		144	True	False
(filmRef)21770	False		60	True	False
(filmRef)21771	False		98	True	False
(filmRef)21772	False		63	True	False
(filmRef)21773	False		49	True	False
(filmRef)21774	False		72	True	False
(filmRef)21775	False		75	True	False
(filmRef)21776	False		54	True	False
(filmRef)21777	False		61	True	False
(filmRef)21778	False		41	True	False
(filmRef)21779	False		55	True	False
(filmRef)2178	False		105	True	False
(filmRef)21780	False		52	True	False
(filmRef)21787	False		50	True	False
(filmRef)21788	False		50	True	False
(filmRef)21789	False		219	True	False
(filmRef)2179	False		137	True	False
(filmRef)21790	False		263	True	False
(filmRef)21791	False		126	True	False
(filmRef)2180	False		172	True	False
(filmRef)21802	False		165	True	False
(filmRef)21803	False		146	True	False
(filmRef)21804	False		423	True	False
(filmRef)2181	False		114	True	False
(filmRef)21813	False		109	True	False
(filmRef)21815	False		210	True	False
(filmRef)21817	False		157	True	False
(filmRef)21818	False		116	True	False
(filmRef)2182	False		105	True	False
(filmRef)21820	False		147	True	False
(filmRef)21821	False		149	True	False
(filmRef)21822	False		153	True	False
(filmRef)2183	False		188	True	False
(filmRef)21835	False		57	True	False
(filmRef)21836	False		57	True	False
(filmRef)21837	False		54	True	False
(filmRef)21838	False		72	True	False
(filmRef)21839	False		83	True	False
(filmRef)2184	False		99	True	False
(filmRef)21840	False		64	True	False
(filmRef)21841	False		56	True	False
(filmRef)21842	False		42	True	False
(filmRef)21843	False		50	True	False
(filmRef)21844	False		81	True	False
(filmRef)21845	False		62	True	False
(filmRef)21846	False		65	True	False
(filmRef)21847	False		65	True	False
(filmRef)21848	False		61	True	False
(filmRef)21849	False		59	True	False
(filmRef)2185	False		59	True	False
(filmRef)21850	False		102	True	False
(filmRef)21851	False		95	True	False
(filmRef)21852	False		84	True	False
(filmRef)21853	False		68	True	False
(filmRef)21854	False		73	True	False
(filmRef)21855	False		90	True	False
(filmRef)21856	False		95	True	False
(filmRef)21857	False		79	True	False
(filmRef)21858	False		76	True	False
(filmRef)21859	False		79	True	False
(filmRef)2186	False		183	True	False
(filmRef)21864	False		464	True	False
(filmRef)21865	False		73	False	False
(filmRef)2187	False		207	True	False
(filmRef)21873	False		49	True	False
(filmRef)21874	False		33	True	False
(filmRef)21875	False		59	True	False
(filmRef)21876	False		55	True	False
(filmRef)21877	False		74	True	False
(filmRef)2188	False		261	True	False
(filmRef)21885	False		45	True	False
(filmRef)21886	False		58	True	False
(filmRef)21888	False		126	True	False
(filmRef)2189	False		282	True	False
(filmRef)21892	False		43	True	False
(filmRef)2190	False		288	True	False
(filmRef)2191	False		56	True	False
(filmRef)2192	False		71	True	False
(filmRef)2193	False		180	True	False
(filmRef)2194	False		147	True	False
(filmRef)2195	False		132	True	False
(filmRef)2196	False		666	True	False
(filmRef)2197	False		85	True	False
(filmRef)2198	False		91	True	False
(filmRef)21985	False		42	True	False
(filmRef)21986	False		129	True	False
(filmRef)21987	False		59	True	False
(filmRef)21988	False		92	True	False
(filmRef)21989	False		82	True	False
(filmRef)2199	False		168	True	False
(filmRef)21990	False		88	True	False
(filmRef)21991	False		84	True	False
(filmRef)21992	False		91	True	False
(filmRef)21993	False		61	True	False
(filmRef)21994	False		81	True	False
(filmRef)21995	False		93	True	False
(filmRef)21996	False		185	True	False
(filmRef)21997	False		101	True	False
(filmRef)21998	False		60	True	False
(filmRef)21999	False		52	True	False
(filmRef)22000	False		51	True	False
(filmRef)22001	False		79	True	False
(filmRef)22002	False		57	True	False
(filmRef)22003	False		47	True	False
(filmRef)22004	False		52	True	False
(filmRef)22005	False		40	True	False
(filmRef)22006	False		44	True	False
(filmRef)22007	False		44	True	False
(filmRef)22008	False		53	True	False
(filmRef)22009	False		57	True	False
(filmRef)2201	False		244	True	False
(filmRef)22010	False		50	True	False
(filmRef)22011	False		135	True	False
(filmRef)22012	False		53	True	False
(filmRef)22013	False		140	True	False
(filmRef)22014	False		74	True	False
(filmRef)22015	False		60	True	False
(filmRef)22016	False		30	True	False
(filmRef)22017	False		101	True	False
(filmRef)22018	False		61	True	False
(filmRef)22019	False		78	True	False
(filmRef)2202	False		288	True	False
(filmRef)22020	False		36	True	False
(filmRef)22021	False		147	True	False
(filmRef)22022	False		130	True	False
(filmRef)22023	False		96	True	False
(filmRef)22024	False		114	True	False
(filmRef)22025	False		43	True	False
(filmRef)22026	False		56	True	False
(filmRef)22027	False		30	True	False
(filmRef)22028	False		31	True	False
(filmRef)22029	False		55	True	False
(filmRef)2203	False		248	True	False
(filmRef)22030	False		50	True	False
(filmRef)22031	False		53	True	False
(filmRef)22032	False		48	True	False
(filmRef)22033	False		38	True	False
(filmRef)22034	False		44	True	False
(filmRef)22035	False		31	True	False
(filmRef)22036	False		26	True	False
(filmRef)22037	False		79	True	False
(filmRef)22038	False		52	True	False
(filmRef)22039	False		55	True	False
(filmRef)2204	False		556	True	False
(filmRef)22040	False		47	True	False
(filmRef)22041	False		92	True	False
(filmRef)22042	False		29	True	False
(filmRef)22043	False		43	True	False
(filmRef)22044	False		33	True	False
(filmRef)22045	False		59	True	False
(filmRef)22046	False		174	True	False
(filmRef)22047	False		53	True	False
(filmRef)22048	False		48	True	False
(filmRef)22049	False		71	True	False
(filmRef)2205	False		451	True	False
(filmRef)22050	False		95	True	False
(filmRef)22051	False		31	True	False
(filmRef)22052	False		61	True	False
(filmRef)22053	False		56	True	False
(filmRef)22054	False		32	True	False
(filmRef)22055	False		45	True	False
(filmRef)22056	False		55	True	False
(filmRef)22057	False		107	True	False
(filmRef)22058	False		34	True	False
(filmRef)22059	False		63	True	False
(filmRef)2206	False		376	True	False
(filmRef)22060	False		44	True	False
(filmRef)22061	False		40	True	False
(filmRef)22062	False		58	True	False
(filmRef)22063	False		34	True	False
(filmRef)22064	False		43	True	False
(filmRef)22065	False		42	True	False
(filmRef)22066	False		36	True	False
(filmRef)22067	False		42	True	False
(filmRef)22068	False		56	True	False
(filmRef)22069	False		46	True	False
(filmRef)2207	False		303	True	False
(filmRef)22070	False		29	True	False
(filmRef)22071	False		31	True	False
(filmRef)22072	False		35	True	False
(filmRef)22073	False		91	True	False
(filmRef)22074	False		37	True	False
(filmRef)22075	False		46	True	False
(filmRef)22076	False		48	True	False
(filmRef)22077	False		34	True	False
(filmRef)22078	False		52	True	False
(filmRef)22079	False		35	True	False
(filmRef)2208	False		855	True	False
(filmRef)22080	False		59	True	False
(filmRef)22081	False		42	True	False
(filmRef)22082	False		29	True	False
(filmRef)22083	False		46	True	False
(filmRef)22084	False		65	True	False
(filmRef)22085	False		73	True	False
(filmRef)22086	False		73	True	False
(filmRef)22087	False		56	True	False
(filmRef)22088	False		57	True	False
(filmRef)22089	False		84	True	False
(filmRef)2209	False		513	True	False
(filmRef)22090	False		97	True	False
(filmRef)22091	False		122	True	False
(filmRef)22092	False		109	True	False
(filmRef)22093	False		80	True	False
(filmRef)22094	False		118	True	False
(filmRef)22095	False		126	True	False
(filmRef)22096	False		114	True	False
(filmRef)22097	False		85	True	False
(filmRef)22098	False		91	True	False
(filmRef)22099	False		92	True	False
(filmRef)2210	False		415	True	False
(filmRef)22100	False		88	True	False
(filmRef)22101	False		115	True	False
(filmRef)22102	False		79	True	False
(filmRef)22103	False		55	True	False
(filmRef)22104	False		103	True	False
(filmRef)22105	False		149	True	False
(filmRef)22106	False		91	True	False
(filmRef)22107	False		126	True	False
(filmRef)22108	False		135	True	False
(filmRef)22109	False		88	True	False
(filmRef)2211	False		307	True	False
(filmRef)22110	False		86	True	False
(filmRef)22111	False		57	True	False
(filmRef)22112	False		96	True	False
(filmRef)22113	False		69	True	False
(filmRef)22114	False		93	True	False
(filmRef)22115	False		93	True	False
(filmRef)2212	False		626	True	False
(filmRef)2213	False		625	True	False
(filmRef)2214	False		319	True	False
(filmRef)2215	False		495	True	False
(filmRef)2216	False		217	True	False
(filmRef)2217	False		336	True	False
(filmRef)2218	False		209	True	False
(filmRef)22189	False		568	True	False
(filmRef)2219	False		491	True	False
(filmRef)22190	False		74	True	False
(filmRef)22196	False		60	True	False
(filmRef)22197	False		67	True	False
(filmRef)22198	False		74	True	False
(filmRef)22199	False		76	True	False
(filmRef)2220	False		468	True	False
(filmRef)22200	False		76	True	False
(filmRef)22201	False		74	True	False
(filmRef)22202	False		60	True	False
(filmRef)22203	False		65	True	False
(filmRef)22204	False		62	True	False
(filmRef)22205	False		58	True	False
(filmRef)22206	False		69	True	False
(filmRef)22207	False		83	True	False
(filmRef)22208	False		69	True	False
(filmRef)22209	False		59	True	False
(filmRef)2221	False		643	True	False
(filmRef)22210	False		74	True	False
(filmRef)2222	False		356	True	False
(filmRef)2223	False		582	True	False
(filmRef)2224	False		570	True	False
(filmRef)2225	False		896	True	False
(filmRef)2226	False		547	True	False
(filmRef)2227	False		253	True	False
(filmRef)2228	False		285	True	False
(filmRef)2229	False		372	True	False
(filmRef)2230	False		315	True	False
(filmRef)2231	False		281	True	False
(filmRef)2232	False		271	True	False
(filmRef)2233	False		218	True	False
(filmRef)2234	False		45	True	False
(filmRef)2235	False		196	True	False
(filmRef)2236	False		244	True	False
(filmRef)2237	False		213	True	False
(filmRef)2238	False		131	True	False
(filmRef)22385	False		68	True	False
(filmRef)22386	False		49	True	False
(filmRef)22387	False		41	True	False
(filmRef)22388	False		112	True	False
(filmRef)22389	False		26	True	False
(filmRef)2239	False		243	True	False
(filmRef)22390	False		49	True	False
(filmRef)22391	False		91	True	False
(filmRef)22392	False		107	True	False
(filmRef)22393	False		152	True	False
(filmRef)22394	False		75	True	False
(filmRef)22395	False		43	True	False
(filmRef)22396	False		48	True	False
(filmRef)22397	False		121	True	False
(filmRef)22398	False		49	True	False
(filmRef)22399	False		167	True	False
(filmRef)2240	False		400	True	False
(filmRef)22400	False		75	True	False
(filmRef)22401	False		118	True	False
(filmRef)22402	False		54	True	False
(filmRef)22403	False		37	True	False
(filmRef)22404	False		46	True	False
(filmRef)22405	False		82	True	False
(filmRef)22406	False		80	True	False
(filmRef)22407	False		84	True	False
(filmRef)22408	False		86	True	False
(filmRef)22409	False		28	True	False
(filmRef)2241	False		329	True	False
(filmRef)22410	False		220	True	False
(filmRef)22411	False		74	True	False
(filmRef)22412	False		99	True	False
(filmRef)22413	False		100	True	False
(filmRef)22414	False		116	True	False
(filmRef)22415	False		83	True	False
(filmRef)22416	False		94	True	False
(filmRef)22417	False		45	True	False
(filmRef)22418	False		195	True	False
(filmRef)22419	False		72	True	False
(filmRef)2242	False		537	True	False
(filmRef)22420	False		88	True	False
(filmRef)22421	False		66	True	False
(filmRef)22422	False		114	True	False
(filmRef)22423	False		106	True	False
(filmRef)22424	False		124	True	False
(filmRef)22425	False		21	True	False
(filmRef)22426	False		56	True	False
(filmRef)22427	False		145	True	False
(filmRef)22428	False		57	True	False
(filmRef)22429	False		121	True	False
(filmRef)2243	False		563	True	False
(filmRef)22430	False		62	True	False
(filmRef)22431	False		62	True	False
(filmRef)22432	False		159	True	False
(filmRef)22433	False		112	True	False
(filmRef)22434	False		92	True	False
(filmRef)22435	False		140	True	False
(filmRef)22436	False		119	True	False
(filmRef)22437	False		157	True	False
(filmRef)22438	False		136	True	False
(filmRef)22439	False		100	True	False
(filmRef)2244	False		526	True	False
(filmRef)22440	False		70	True	False
(filmRef)22441	False		82	True	False
(filmRef)22442	False		147	True	False
(filmRef)22443	False		94	True	False
(filmRef)22444	False		83	True	False
(filmRef)22445	False		36	True	False
(filmRef)22446	False		26	True	False
(filmRef)22447	False		22	True	False
(filmRef)22448	False		22	True	False
(filmRef)22449	False		86	True	False
(filmRef)2245	False		306	True	False
(filmRef)22450	False		81	True	False
(filmRef)22451	False		90	True	False
(filmRef)22452	False		63	True	False
(filmRef)22453	False		28	True	False
(filmRef)22454	False		90	True	False
(filmRef)22455	False		79	True	False
(filmRef)22456	False		44	True	False
(filmRef)22457	False		58	True	False
(filmRef)22458	False		61	True	False
(filmRef)22459	False		84	True	False
(filmRef)2246	False		310	True	False
(filmRef)22460	False		95	True	False
(filmRef)22461	False		72	True	False
(filmRef)22462	False		61	True	False
(filmRef)22463	False		69	True	False
(filmRef)22464	False		46	True	False
(filmRef)22465	False		68	True	False
(filmRef)22466	False		68	True	False
(filmRef)22467	False		31	True	False
(filmRef)22468	False		37	True	False
(filmRef)22469	False		69	True	False
(filmRef)2247	False		354	True	False
(filmRef)22470	False		55	True	False
(filmRef)22471	False		64	True	False
(filmRef)22472	False		97	True	False
(filmRef)22473	False		32	True	False
(filmRef)22474	False		63	True	False
(filmRef)22475	False		91	True	False
(filmRef)22476	False		53	True	False
(filmRef)22477	False		124	True	False
(filmRef)22478	False		41	True	False
(filmRef)22479	False		57	True	False
(filmRef)2248	False		72	True	False
(filmRef)22480	False		430	True	False
(filmRef)22481	False		56	True	False
(filmRef)22482	False		77	True	False
(filmRef)22483	False		105	True	False
(filmRef)22484	False		117	True	False
(filmRef)22485	False		30	True	False
(filmRef)22486	False		43	True	False
(filmRef)22487	False		153	True	False
(filmRef)22488	False		107	True	False
(filmRef)22489	False		66	True	False
(filmRef)2249	False		374	True	False
(filmRef)22490	False		102	True	False
(filmRef)22491	False		47	True	False
(filmRef)22492	False		60	True	False
(filmRef)22493	False		66	True	False
(filmRef)22494	False		57	True	False
(filmRef)22495	False		89	True	False
(filmRef)22496	False		61	True	False
(filmRef)22497	False		74	True	False
(filmRef)22498	False		52	True	False
(filmRef)22499	False		97	True	False
(filmRef)2250	False		399	True	False
(filmRef)22500	False		125	True	False
(filmRef)22501	False		104	True	False
(filmRef)22502	False		89	True	False
(filmRef)22503	False		86	True	False
(filmRef)22504	False		127	True	False
(filmRef)22505	False		95	True	False
(filmRef)22506	False		145	True	False
(filmRef)22507	False		86	True	False
(filmRef)22508	False		51	True	False
(filmRef)22509	False		75	True	False
(filmRef)2251	False		204	True	False
(filmRef)22510	False		53	True	False
(filmRef)22511	False		118	True	False
(filmRef)22512	False		38	True	False
(filmRef)22513	False		33	True	False
(filmRef)22514	False		43	True	False
(filmRef)22515	False		118	True	False
(filmRef)22516	False		94	True	False
(filmRef)22517	False		91	True	False
(filmRef)22518	False		64	True	False
(filmRef)22519	False		89	True	False
(filmRef)22520	False		97	True	False
(filmRef)22521	False		123	True	False
(filmRef)22522	False		84	True	False
(filmRef)22523	False		94	True	False
(filmRef)22524	False		89	True	False
(filmRef)22525	False		74	True	False
(filmRef)22526	False		69	True	False
(filmRef)22527	False		81	True	False
(filmRef)22528	False		106	True	False
(filmRef)22529	False		117	True	False
(filmRef)2253	False		344	True	False
(filmRef)22530	False		81	True	False
(filmRef)22531	False		100	True	False
(filmRef)22532	False		108	True	False
(filmRef)22533	False		81	True	False
(filmRef)22534	False		108	True	False
(filmRef)22535	False		48	True	False
(filmRef)22536	False		97	True	False
(filmRef)22537	False		82	True	False
(filmRef)22538	False		79	True	False
(filmRef)22539	False		102	True	False
(filmRef)2254	False		354	True	False
(filmRef)22540	False		76	True	False
(filmRef)22541	False		87	True	False
(filmRef)22542	False		192	True	False
(filmRef)22543	False		100	True	False
(filmRef)22544	False		38	True	False
(filmRef)22545	False		61	True	False
(filmRef)22546	False		79	True	False
(filmRef)22547	False		114	True	False
(filmRef)22548	False		40	True	False
(filmRef)22549	False		152	True	False
(filmRef)2255	False		529	True	False
(filmRef)22550	False		55	True	False
(filmRef)22551	False		23	True	False
(filmRef)22552	False		57	True	False
(filmRef)22553	False		133	True	False
(filmRef)22554	False		49	True	False
(filmRef)22555	False		52	True	False
(filmRef)22556	False		128	True	False
(filmRef)22557	False		22	True	False
(filmRef)22558	False		106	True	False
(filmRef)22559	False		87	True	False
(filmRef)2256	False		250	True	False
(filmRef)22560	False		32	True	False
(filmRef)22561	False		38	True	False
(filmRef)22562	False		43	True	False
(filmRef)22563	False		20	True	False
(filmRef)22564	False		104	True	False
(filmRef)22565	False		69	True	False
(filmRef)22566	False		113	True	False
(filmRef)22567	False		25	True	False
(filmRef)22568	False		27	True	False
(filmRef)22569	False		57	True	False
(filmRef)2257	False		488	True	False
(filmRef)22570	False		37	True	False
(filmRef)22571	False		78	True	False
(filmRef)22572	False		64	True	False
(filmRef)22573	False		44	True	False
(filmRef)22574	False		75	True	False
(filmRef)22575	False		36	True	False
(filmRef)22576	False		71	True	False
(filmRef)22577	False		81	True	False
(filmRef)22578	False		64	True	False
(filmRef)22579	False		65	True	False
(filmRef)2258	False		361	True	False
(filmRef)22580	False		48	True	False
(filmRef)22581	False		40	True	False
(filmRef)22582	False		65	True	False
(filmRef)22583	False		65	True	False
(filmRef)22584	False		42	True	False
(filmRef)22585	False		38	True	False
(filmRef)22586	False		69	True	False
(filmRef)22587	False		83	True	False
(filmRef)22588	False		101	True	False
(filmRef)22589	False		75	True	False
(filmRef)2259	False		266	True	False
(filmRef)22590	False		117	True	False
(filmRef)22591	False		93	True	False
(filmRef)22592	False		97	True	False
(filmRef)22593	False		119	True	False
(filmRef)22594	False		62	True	False
(filmRef)22595	False		233	True	False
(filmRef)22596	False		92	True	False
(filmRef)22597	False		190	True	False
(filmRef)22598	False		60	True	False
(filmRef)22599	False		60	True	False
(filmRef)2260	False		242	True	False
(filmRef)22600	False		83	True	False
(filmRef)22601	False		87	True	False
(filmRef)22602	False		65	True	False
(filmRef)22603	False		46	True	False
(filmRef)22604	False		37	True	False
(filmRef)22605	False		45	True	False
(filmRef)22606	False		64	True	False
(filmRef)22607	False		65	True	False
(filmRef)22608	False		44	True	False
(filmRef)22609	False		38	True	False
(filmRef)2261	False		398	True	False
(filmRef)22610	False		34	True	False
(filmRef)22611	False		124	True	False
(filmRef)22612	False		63	True	False
(filmRef)22613	False		32	True	False
(filmRef)22614	False		75	True	False
(filmRef)22615	False		74	True	False
(filmRef)22616	False		89	True	False
(filmRef)22617	False		108	True	False
(filmRef)22618	False		80	True	False
(filmRef)22619	False		107	True	False
(filmRef)2262	False		280	True	False
(filmRef)22620	False		132	True	False
(filmRef)22621	False		87	True	False
(filmRef)22622	False		161	True	False
(filmRef)22623	False		80	True	False
(filmRef)22624	False		35	True	False
(filmRef)22625	False		68	True	False
(filmRef)22626	False		67	True	False
(filmRef)22627	False		61	True	False
(filmRef)22628	False		130	True	False
(filmRef)22629	False		134	True	False
(filmRef)2263	False		153	True	False
(filmRef)22630	False		96	True	False
(filmRef)22631	False		20	True	False
(filmRef)22632	False		108	True	False
(filmRef)22633	False		101	True	False
(filmRef)22634	False		100	True	False
(filmRef)22635	False		60	True	False
(filmRef)22636	False		72	True	False
(filmRef)22637	False		83	True	False
(filmRef)22638	False		134	True	False
(filmRef)22639	False		109	True	False
(filmRef)2264	False		209	True	False
(filmRef)22640	False		49	True	False
(filmRef)22641	False		47	True	False
(filmRef)22642	False		66	True	False
(filmRef)22643	False		52	True	False
(filmRef)22644	False		85	True	False
(filmRef)22645	False		52	True	False
(filmRef)22646	False		42	True	False
(filmRef)22647	False		45	True	False
(filmRef)22648	False		43	True	False
(filmRef)22649	False		42	True	False
(filmRef)2265	False		158	True	False
(filmRef)22650	False		39	True	False
(filmRef)22651	False		59	True	False
(filmRef)22652	False		48	True	False
(filmRef)22653	False		70	True	False
(filmRef)22654	False		101	True	False
(filmRef)22655	False		97	True	False
(filmRef)22656	False		398	True	False
(filmRef)22657	False		233	True	False
(filmRef)22658	False		68	True	False
(filmRef)22659	False		74	True	False
(filmRef)2266	False		436	True	False
(filmRef)22660	False		65	True	False
(filmRef)22661	False		99	True	False
(filmRef)22662	False		171	True	False
(filmRef)22663	False		129	True	False
(filmRef)22664	False		98	True	False
(filmRef)22665	False		44	True	False
(filmRef)22666	False		57	True	False
(filmRef)22667	False		70	True	False
(filmRef)22668	False		56	True	False
(filmRef)22669	False		90	True	False
(filmRef)2267	False		406	True	False
(filmRef)22670	False		73	True	False
(filmRef)22671	False		46	True	False
(filmRef)22672	False		66	True	False
(filmRef)22673	False		23	True	False
(filmRef)22674	False		189	True	False
(filmRef)22675	False		56	True	False
(filmRef)22676	False		108	True	False
(filmRef)22677	False		105	True	False
(filmRef)22678	False		86	True	False
(filmRef)22679	False		109	True	False
(filmRef)2268	False		253	True	False
(filmRef)22680	False		91	True	False
(filmRef)22681	False		90	True	False
(filmRef)22682	False		80	True	False
(filmRef)22683	False		152	True	False
(filmRef)22684	False		78	True	False
(filmRef)22685	False		63	True	False
(filmRef)22686	False		53	True	False
(filmRef)22687	False		146	True	False
(filmRef)22688	False		154	True	False
(filmRef)22689	False		30	True	False
(filmRef)2269	False		113	True	False
(filmRef)22690	False		102	True	False
(filmRef)22691	False		79	True	False
(filmRef)22692	False		112	True	False
(filmRef)22693	False		29	True	False
(filmRef)22694	False		41	True	False
(filmRef)22695	False		67	True	False
(filmRef)22696	False		40	True	False
(filmRef)22697	False		152	True	False
(filmRef)22698	False		63	True	False
(filmRef)22699	False		65	True	False
(filmRef)2270	False		129	True	False
(filmRef)22700	False		62	True	False
(filmRef)22701	False		100	True	False
(filmRef)22702	False		135	True	False
(filmRef)22703	False		55	True	False
(filmRef)22704	False		158	True	False
(filmRef)22705	False		69	True	False
(filmRef)22706	False		46	True	False
(filmRef)22707	False		38	True	False
(filmRef)22708	False		94	True	False
(filmRef)22709	False		32	True	False
(filmRef)2271	False		75	True	False
(filmRef)22710	False		36	True	False
(filmRef)22711	False		146	True	False
(filmRef)22712	False		117	True	False
(filmRef)22713	False		131	True	False
(filmRef)22714	False		128	True	False
(filmRef)22715	False		201	True	False
(filmRef)22716	False		49	True	False
(filmRef)22717	False		44	True	False
(filmRef)22718	False		94	True	False
(filmRef)22719	False		112	True	False
(filmRef)2272	False		229	True	False
(filmRef)22720	False		55	True	False
(filmRef)22721	False		140	True	False
(filmRef)22722	False		162	True	False
(filmRef)22723	False		46	True	False
(filmRef)22724	False		53	True	False
(filmRef)22725	False		83	True	False
(filmRef)22726	False		74	True	False
(filmRef)22727	False		48	True	False
(filmRef)22728	False		64	True	False
(filmRef)22729	False		44	True	False
(filmRef)2273	False		111	True	False
(filmRef)22730	False		41	True	False
(filmRef)22731	False		78	True	False
(filmRef)22732	False		54	True	False
(filmRef)22733	False		56	True	False
(filmRef)22734	False		135	True	False
(filmRef)22735	False		25	True	False
(filmRef)22736	False		69	True	False
(filmRef)22737	False		93	True	False
(filmRef)22738	False		66	True	False
(filmRef)22739	False		161	True	False
(filmRef)2274	False		284	True	False
(filmRef)22740	False		32	True	False
(filmRef)22741	False		56	True	False
(filmRef)22742	False		108	True	False
(filmRef)22743	False		48	True	False
(filmRef)22744	False		32	True	False
(filmRef)22745	False		73	True	False
(filmRef)22746	False		37	True	False
(filmRef)22747	False		87	True	False
(filmRef)22748	False		86	True	False
(filmRef)22749	False		114	True	False
(filmRef)2275	False		205	True	False
(filmRef)22750	False		62	True	False
(filmRef)22751	False		50	True	False
(filmRef)22752	False		108	True	False
(filmRef)22753	False		83	True	False
(filmRef)22754	False		85	True	False
(filmRef)22755	False		84	True	False
(filmRef)22756	False		62	True	False
(filmRef)22757	False		84	True	False
(filmRef)22758	False		111	True	False
(filmRef)22759	False		62	True	False
(filmRef)2276	False		63	True	False
(filmRef)22760	False		111	True	False
(filmRef)22761	False		21	True	False
(filmRef)22762	False		316	True	False
(filmRef)22763	False		77	True	False
(filmRef)22764	False		72	True	False
(filmRef)22765	False		77	True	False
(filmRef)22766	False		91	True	False
(filmRef)22767	False		93	True	False
(filmRef)22768	False		96	True	False
(filmRef)22769	False		87	True	False
(filmRef)2277	False		213	True	False
(filmRef)22770	False		59	True	False
(filmRef)22771	False		61	True	False
(filmRef)22772	False		75	True	False
(filmRef)22773	False		145	True	False
(filmRef)22774	False		191	True	False
(filmRef)22775	False		171	True	False
(filmRef)22776	False		63	True	False
(filmRef)22777	False		40	True	False
(filmRef)22778	False		49	True	False
(filmRef)22779	False		104	True	False
(filmRef)2278	False		247	True	False
(filmRef)22780	False		32	True	False
(filmRef)22781	False		29	True	False
(filmRef)22782	False		41	True	False
(filmRef)22783	False		36	True	False
(filmRef)22784	False		53	True	False
(filmRef)22785	False		115	True	False
(filmRef)22786	False		152	True	False
(filmRef)22787	False		49	True	False
(filmRef)22788	False		103	True	False
(filmRef)22789	False		145	True	False
(filmRef)2279	False		96	True	False
(filmRef)22790	False		89	True	False
(filmRef)22791	False		52	True	False
(filmRef)22792	False		66	True	False
(filmRef)22793	False		104	True	False
(filmRef)22794	False		80	True	False
(filmRef)22795	False		139	True	False
(filmRef)22796	False		85	True	False
(filmRef)22797	False		104	True	False
(filmRef)22798	False		142	True	False
(filmRef)22799	False		275	True	False
(filmRef)2280	False		110	True	False
(filmRef)22800	False		248	True	False
(filmRef)22801	False		141	True	False
(filmRef)22802	False		157	True	False
(filmRef)22803	False		385	True	False
(filmRef)22804	False		140	True	False
(filmRef)22805	False		49	True	False
(filmRef)22806	False		79	True	False
(filmRef)22807	False		23	True	False
(filmRef)22808	False		71	True	False
(filmRef)22809	False		76	True	False
(filmRef)2281	False		145	True	False
(filmRef)22810	False		125	True	False
(filmRef)22811	False		57	True	False
(filmRef)22812	False		95	True	False
(filmRef)22813	False		48	True	False
(filmRef)22814	False		52	True	False
(filmRef)22815	False		77	True	False
(filmRef)22816	False		46	True	False
(filmRef)22817	False		303	True	False
(filmRef)22818	False		94	True	False
(filmRef)22819	False		65	True	False
(filmRef)2282	False		66	True	False
(filmRef)22820	False		91	True	False
(filmRef)22821	False		55	True	False
(filmRef)22822	False		132	True	False
(filmRef)22823	False		59	True	False
(filmRef)22824	False		86	True	False
(filmRef)22825	False		86	True	False
(filmRef)22826	False		68	True	False
(filmRef)22827	False		267	True	False
(filmRef)22828	False		134	True	False
(filmRef)22829	False		34	True	False
(filmRef)2283	False		62	True	False
(filmRef)22830	False		59	True	False
(filmRef)22831	False		49	True	False
(filmRef)22832	False		143	True	False
(filmRef)22833	False		109	True	False
(filmRef)22834	False		113	True	False
(filmRef)22835	False		52	True	False
(filmRef)22836	False		82	True	False
(filmRef)22837	False		105	True	False
(filmRef)22838	False		59	True	False
(filmRef)22839	False		287	True	False
(filmRef)2284	False		17	False	False
(filmRef)22840	False		174	True	False
(filmRef)22841	False		56	True	False
(filmRef)22842	False		87	True	False
(filmRef)22843	False		57	True	False
(filmRef)22844	False		52	True	False
(filmRef)22845	False		126	True	False
(filmRef)22846	False		110	True	False
(filmRef)22847	False		49	True	False
(filmRef)22848	False		79	True	False
(filmRef)22849	False		73	True	False
(filmRef)2285	False		29	True	False
(filmRef)22850	False		49	True	False
(filmRef)22851	False		69	True	False
(filmRef)22852	False		71	True	False
(filmRef)22853	False		50	True	False
(filmRef)22854	False		77	True	False
(filmRef)22855	False		78	True	False
(filmRef)22856	False		44	True	False
(filmRef)22857	False		167	True	False
(filmRef)22858	False		160	True	False
(filmRef)22859	False		50	True	False
(filmRef)2286	False		28	True	False
(filmRef)22860	False		196	True	False
(filmRef)22861	False		139	True	False
(filmRef)22862	False		52	True	False
(filmRef)22863	False		30	True	False
(filmRef)22864	False		109	True	False
(filmRef)22865	False		20	True	False
(filmRef)22866	False		44	True	False
(filmRef)22867	False		25	True	False
(filmRef)22868	False		70	True	False
(filmRef)22869	False		152	True	False
(filmRef)2287	False		86	True	False
(filmRef)22870	False		264	True	False
(filmRef)22871	False		59	True	False
(filmRef)22872	False		46	True	False
(filmRef)22873	False		115	True	False
(filmRef)22874	False		93	True	False
(filmRef)22875	False		81	True	False
(filmRef)22876	False		38	True	False
(filmRef)22877	False		152	True	False
(filmRef)22878	False		214	True	False
(filmRef)22879	False		64	True	False
(filmRef)2288	False		58	True	False
(filmRef)22880	False		75	True	False
(filmRef)22881	False		180	True	False
(filmRef)22882	False		99	True	False
(filmRef)22883	False		163	True	False
(filmRef)22884	False		97	True	False
(filmRef)22885	False		63	True	False
(filmRef)22886	False		195	True	False
(filmRef)22887	False		50	True	False
(filmRef)22888	False		53	True	False
(filmRef)22889	False		32	True	False
(filmRef)2289	False		354	True	False
(filmRef)22890	False		53	True	False
(filmRef)22891	False		58	True	False
(filmRef)22892	False		60	True	False
(filmRef)22893	False		55	True	False
(filmRef)22894	False		51	True	False
(filmRef)22895	False		76	True	False
(filmRef)22896	False		58	True	False
(filmRef)22897	False		77	True	False
(filmRef)22898	False		77	True	False
(filmRef)22899	False		35	True	False
(filmRef)2290	False		202	True	False
(filmRef)22900	False		45	True	False
(filmRef)22901	False		68	True	False
(filmRef)22902	False		70	True	False
(filmRef)22903	False		67	True	False
(filmRef)22904	False		36	True	False
(filmRef)22905	False		107	True	False
(filmRef)22906	False		138	True	False
(filmRef)22907	False		165	True	False
(filmRef)22908	False		30	True	False
(filmRef)22909	False		45	True	False
(filmRef)2291	False		300	True	False
(filmRef)22910	False		74	True	False
(filmRef)22911	False		91	True	False
(filmRef)22912	False		52	True	False
(filmRef)22913	False		50	True	False
(filmRef)22914	False		117	True	False
(filmRef)22915	False		60	True	False
(filmRef)22916	False		133	True	False
(filmRef)22917	False		30	True	False
(filmRef)22918	False		92	True	False
(filmRef)22919	False		73	True	False
(filmRef)2292	False		116	True	False
(filmRef)22920	False		115	True	False
(filmRef)22921	False		109	True	False
(filmRef)22922	False		219	True	False
(filmRef)22923	False		191	True	False
(filmRef)22924	False		57	True	False
(filmRef)22925	False		80	True	False
(filmRef)22926	False		66	True	False
(filmRef)22927	False		80	True	False
(filmRef)22928	False		72	True	False
(filmRef)22929	False		49	True	False
(filmRef)2293	False		245	True	False
(filmRef)22930	False		30	True	False
(filmRef)22931	False		66	True	False
(filmRef)22932	False		60	True	False
(filmRef)22933	False		65	True	False
(filmRef)22934	False		48	True	False
(filmRef)22935	False		105	True	False
(filmRef)22936	False		28	True	False
(filmRef)22937	False		89	True	False
(filmRef)22938	False		54	True	False
(filmRef)22939	False		41	True	False
(filmRef)2294	False		225	True	False
(filmRef)22940	False		43	True	False
(filmRef)22941	False		41	True	False
(filmRef)22942	False		62	True	False
(filmRef)22943	False		33	True	False
(filmRef)22944	False		63	True	False
(filmRef)22945	False		131	True	False
(filmRef)22946	False		62	True	False
(filmRef)22947	False		96	True	False
(filmRef)22948	False		49	True	False
(filmRef)22949	False		49	True	False
(filmRef)2295	False		145	True	False
(filmRef)22950	False		82	True	False
(filmRef)22951	False		35	True	False
(filmRef)22952	False		32	True	False
(filmRef)22953	False		80	True	False
(filmRef)22954	False		42	True	False
(filmRef)22955	False		119	True	False
(filmRef)22956	False		52	True	False
(filmRef)22957	False		57	True	False
(filmRef)22958	False		37	True	False
(filmRef)22959	False		79	True	False
(filmRef)2296	False		186	True	False
(filmRef)22960	False		82	True	False
(filmRef)22961	False		70	True	False
(filmRef)22962	False		38	True	False
(filmRef)22963	False		55	True	False
(filmRef)22964	False		49	True	False
(filmRef)22965	False		101	True	False
(filmRef)22966	False		88	True	False
(filmRef)22967	False		103	True	False
(filmRef)22968	False		75	True	False
(filmRef)22969	False		52	True	False
(filmRef)2297	False		149	True	False
(filmRef)22970	False		141	True	False
(filmRef)22971	False		100	True	False
(filmRef)22972	False		64	True	False
(filmRef)22973	False		202	True	False
(filmRef)22974	False		62	True	False
(filmRef)22975	False		114	True	False
(filmRef)22976	False		32	True	False
(filmRef)22977	False		64	True	False
(filmRef)22978	False		48	True	False
(filmRef)22979	False		41	True	False
(filmRef)2298	False		87	True	False
(filmRef)22980	False		47	True	False
(filmRef)22981	False		73	True	False
(filmRef)22982	False		54	True	False
(filmRef)22983	False		114	True	False
(filmRef)22984	False		73	True	False
(filmRef)22985	False		86	True	False
(filmRef)22986	False		50	True	False
(filmRef)22987	False		91	True	False
(filmRef)22988	False		73	True	False
(filmRef)22989	False		85	True	False
(filmRef)2299	False		126	True	False
(filmRef)22990	False		134	True	False
(filmRef)22991	False		31	True	False
(filmRef)22992	False		64	True	False
(filmRef)22993	False		66	True	False
(filmRef)22994	False		118	True	False
(filmRef)2300	False		140	True	False
(filmRef)2301	False		150	True	False
(filmRef)2302	False		145	True	False
(filmRef)2303	False		349	True	False
(filmRef)2304	False		308	True	False
(filmRef)2305	False		81	True	False
(filmRef)2306	False		57	True	False
(filmRef)2307	False		245	True	False
(filmRef)2308	False		271	True	False
(filmRef)2309	False		548	True	False
(filmRef)2310	False		100	True	False
(filmRef)2311	False		64	True	False
(filmRef)2312	False		277	True	False
(filmRef)2313	False		337	True	False
(filmRef)2314	False		129	True	False
(filmRef)2315	False		627	True	False
(filmRef)2317	False		468	True	False
(filmRef)2318	False		219	True	False
(filmRef)2319	False		452	True	False
(filmRef)2320	False		534	True	False
(filmRef)2321	False		435	True	False
(filmRef)2322	False		110	True	False
(filmRef)2323	False		106	True	False
(filmRef)2324	False		92	True	False
(filmRef)2325	False		139	True	False
(filmRef)2326	False		113	True	False
(filmRef)2327	False		120	True	False
(filmRef)2328	False		116	True	False
(filmRef)2329	False		117	True	False
(filmRef)2331	False		139	True	False
(filmRef)2332	False		69	True	False
(filmRef)2333	False		45	True	False
(filmRef)2334	False		125	True	False
(filmRef)2335	False		115	True	False
(filmRef)2336	False		252	True	False
(filmRef)2337	False		117	True	False
(filmRef)2338	False		171	True	False
(filmRef)2339	False		183	True	False
(filmRef)2340	False		43	True	False
(filmRef)2341	False		146	True	False
(filmRef)2342	False		131	True	False
(filmRef)2343	False		87	True	False
(filmRef)2344	False		85	True	False
(filmRef)2345	False		223	True	False
(filmRef)2346	False		115	True	False
(filmRef)2347	False		170	True	False
(filmRef)2348	False		112	True	False
(filmRef)2349	False		242	True	False
(filmRef)2350	False		133	True	False
(filmRef)2351	False		311	True	False
(filmRef)2352	False		52	True	False
(filmRef)2353	False		113	True	False
(filmRef)2354	False		124	True	False
(filmRef)2355	False		288	True	False
(filmRef)2356	False		314	True	False
(filmRef)2357	False		245	True	False
(filmRef)2358	False		82	True	False
(filmRef)2359	False		161	True	False
(filmRef)2360	False		232	True	False
(filmRef)2361	False		103	True	False
(filmRef)2362	False		230	True	False
(filmRef)2363	False		62	True	False
(filmRef)2364	False		50	True	False
(filmRef)2365	False		326	True	False
(filmRef)2366	False		108	True	False
(filmRef)2367	False		271	True	False
(filmRef)2368	False		104	True	False
(filmRef)2369	False		174	True	False
(filmRef)2370	False		117	True	False
(filmRef)2371	False		113	True	False
(filmRef)2372	False		154	True	False
(filmRef)2373	False		302	True	False
(filmRef)2374	False		166	True	False
(filmRef)2375	False		96	True	False
(filmRef)2376	False		197	True	False
(filmRef)2377	False		11	False	False
(filmRef)2378	False		74	True	False
(filmRef)2379	False		308	True	False
(filmRef)2380	False		330	True	False
(filmRef)23805	False		179	True	False
(filmRef)23806	False		470	True	False
(filmRef)23807	False		164	True	False
(filmRef)23808	False		201	True	False
(filmRef)23809	False		192	True	False
(filmRef)2381	False		262	True	False
(filmRef)23810	False		40	True	False
(filmRef)23811	False		207	True	False
(filmRef)23812	False		97	True	False
(filmRef)23813	False		388	True	False
(filmRef)23814	False		545	True	False
(filmRef)23815	False		293	True	False
(filmRef)23816	False		286	True	False
(filmRef)23817	False		380	True	False
(filmRef)23818	False		189	True	False
(filmRef)23819	False		94	True	False
(filmRef)2382	False		127	True	False
(filmRef)23820	False		141	True	False
(filmRef)23821	False		99	True	False
(filmRef)23822	False		250	True	False
(filmRef)23824	False		130	True	False
(filmRef)23825	False		230	True	False
(filmRef)23826	False		188	True	False
(filmRef)23827	False		134	True	False
(filmRef)23828	False		87	True	False
(filmRef)23829	False		237	True	False
(filmRef)2383	False		145	True	False
(filmRef)23830	False		121	True	False
(filmRef)23831	False		262	True	False
(filmRef)23832	False		203	True	False
(filmRef)23833	False		276	True	False
(filmRef)23834	False		305	True	False
(filmRef)23835	False		221	True	False
(filmRef)23836	False		241	True	False
(filmRef)23837	False		187	True	False
(filmRef)23838	False		236	True	False
(filmRef)23839	False		237	True	False
(filmRef)2384	False		141	True	False
(filmRef)23840	False		103	True	False
(filmRef)23841	False		569	True	False
(filmRef)23842	False		160	True	False
(filmRef)23843	False		202	True	False
(filmRef)23844	False		160	True	False
(filmRef)23845	False		98	True	False
(filmRef)23846	False		130	True	False
(filmRef)23847	False		221	True	False
(filmRef)23848	False		125	True	False
(filmRef)23849	False		118	True	False
(filmRef)2385	False		104	True	False
(filmRef)23850	False		283	True	False
(filmRef)23851	False		414	True	False
(filmRef)23852	False		340	True	False
(filmRef)23853	False		83	True	False
(filmRef)23854	False		32	True	False
(filmRef)23855	False		139	True	False
(filmRef)23856	False		170	True	False
(filmRef)23857	False		189	True	False
(filmRef)23858	False		55	True	False
(filmRef)23859	False		172	True	False
(filmRef)2386	False		47	True	False
(filmRef)23860	False		171	True	False
(filmRef)23861	False		118	True	False
(filmRef)23862	False		192	True	False
(filmRef)23863	False		73	True	False
(filmRef)23864	False		127	True	False
(filmRef)23865	False		75	True	False
(filmRef)23866	False		278	True	False
(filmRef)23867	False		88	True	False
(filmRef)23869	False		63	True	False
(filmRef)2387	False		84	True	False
(filmRef)23870	False		206	True	False
(filmRef)23871	False		59	True	False
(filmRef)23872	False		144	True	False
(filmRef)23873	False		138	True	False
(filmRef)23874	False		91	True	False
(filmRef)23875	False		102	True	False
(filmRef)23876	False		451	True	False
(filmRef)23878	False		181	True	False
(filmRef)23879	False		324	True	False
(filmRef)2388	False		128	True	False
(filmRef)23880	False		338	True	False
(filmRef)23881	False		92	True	False
(filmRef)23882	False		144	True	False
(filmRef)23883	False		293	True	False
(filmRef)23884	False		558	True	False
(filmRef)23885	False		401	True	False
(filmRef)23886	False		443	True	False
(filmRef)23887	False		343	True	False
(filmRef)23888	False		170	True	False
(filmRef)23889	False		75	True	False
(filmRef)2389	False		34	True	False
(filmRef)23890	False		42	True	False
(filmRef)23891	False		130	True	False
(filmRef)23892	False		388	True	False
(filmRef)23893	False		233	True	False
(filmRef)23894	False		128	True	False
(filmRef)23895	False		113	True	False
(filmRef)23896	False		356	True	False
(filmRef)23897	False		50	True	False
(filmRef)23898	False		42	True	False
(filmRef)23899	False		116	True	False
(filmRef)2390	False		127	True	False
(filmRef)23900	False		239	True	False
(filmRef)23902	False		355	True	False
(filmRef)23903	False		164	True	False
(filmRef)23904	False		306	True	False
(filmRef)23905	False		380	True	False
(filmRef)23906	False		22	False	False
(filmRef)23908	False		455	True	False
(filmRef)23909	False		217	True	False
(filmRef)2391	False		45	True	False
(filmRef)23913	False		150	True	False
(filmRef)23914	False		6	False	False
(filmRef)23915	False		85	True	False
(filmRef)23916	False		142	True	False
(filmRef)23918	False		13	False	False
(filmRef)23919	False		282	True	False
(filmRef)2392	False		246	True	False
(filmRef)23920	False		261	True	False
(filmRef)23925	False		329	True	False
(filmRef)23926	False		197	True	False
(filmRef)23927	False		56	True	False
(filmRef)23928	False		95	True	False
(filmRef)23929	False		89	True	False
(filmRef)2393	False		200	True	False
(filmRef)23930	False		132	True	False
(filmRef)2394	False		114	True	False
(filmRef)2395	False		163	True	False
(filmRef)2396	False		269	True	False
(filmRef)2397	False		195	True	False
(filmRef)2398	False		365	True	False
(filmRef)2399	False		465	True	False
(filmRef)2400	False		425	True	False
(filmRef)2401	False		181	True	False
(filmRef)2402	False		207	True	False
(filmRef)2403	False		203	True	False
(filmRef)2404	False		223	True	False
(filmRef)2405	False		186	True	False
(filmRef)2406	False		196	True	False
(filmRef)2407	False		118	True	False
(filmRef)2408	False		216	True	False
(filmRef)2409	False		252	True	False
(filmRef)2410	False		119	True	False
(filmRef)2411	False		104	True	False
(filmRef)2412	False		244	True	False
(filmRef)2413	False		241	True	False
(filmRef)2414	False		100	True	False
(filmRef)2415	False		1099	True	False
(filmRef)2416	False		37	True	False
(filmRef)2417	False		87	True	False
(filmRef)2418	False		127	True	False
(filmRef)2419	False		72	True	False
(filmRef)2420	False		104	True	False
(filmRef)2421	False		96	True	False
(filmRef)2422	False		156	True	False
(filmRef)2423	False		83	True	False
(filmRef)2424	False		399	True	False
(filmRef)2425	False		106	True	False
(filmRef)2426	False		36	True	False
(filmRef)2427	False		102	True	False
(filmRef)2428	False		130	True	False
(filmRef)2429	False		124	True	False
(filmRef)2430	False		67	True	False
(filmRef)2431	False		66	True	False
(filmRef)2432	False		46	True	False
(filmRef)2433	False		86	True	False
(filmRef)2434	False		72	True	False
(filmRef)2435	False		58	True	False
(filmRef)2436	False		102	True	False
(filmRef)2437	False		67	True	False
(filmRef)2438	False		38	True	False
(filmRef)2439	False		36	True	False
(filmRef)2440	False		109	True	False
(filmRef)2441	False		96	True	False
(filmRef)2442	False		29	True	False
(filmRef)2443	False		46	True	False
(filmRef)2444	False		69	True	False
(filmRef)2445	False		50	True	False
(filmRef)2446	False		36	True	False
(filmRef)2447	False		191	True	False
(filmRef)2448	False		347	True	False
(filmRef)2449	False		82	True	False
(filmRef)2450	False		56	True	False
(filmRef)2451	False		278	True	False
(filmRef)2452	False		28	True	False
(filmRef)2453	False		47	True	False
(filmRef)2454	False		354	True	False
(filmRef)2455	False		199	True	False
(filmRef)2456	False		74	True	False
(filmRef)2457	False		87	True	False
(filmRef)2458	False		75	True	False
(filmRef)2459	False		117	True	False
(filmRef)2460	False		105	True	False
(filmRef)2461	False		117	True	False
(filmRef)2462	False		82	True	False
(filmRef)2463	False		170	True	False
(filmRef)2464	False		84	True	False
(filmRef)2465A	False		74	True	False
(filmRef)2465B	False		155	True	False
(filmRef)2466	False		117	True	False
(filmRef)2467	False		100	True	False
(filmRef)2468	False		112	True	False
(filmRef)2469	False		92	True	False
(filmRef)2470	False		89	True	False
(filmRef)2471	False		296	True	False
(filmRef)2472	False		148	True	False
(filmRef)2473	False		350	True	False
(filmRef)2474	False		59	True	False
(filmRef)2475	False		209	True	False
(filmRef)2476A	False		83	True	False
(filmRef)2476B	False		73	True	False
(filmRef)2476C	False		75	True	False
(filmRef)2478	False		103	True	False
(filmRef)2479	False		74	True	False
(filmRef)2480	False		112	True	False
(filmRef)2481	False		106	True	False
(filmRef)2482	False		57	True	False
(filmRef)2483	False		85	True	False
(filmRef)2484	False		77	True	False
(filmRef)2485	False		79	True	False
(filmRef)2486	False		137	True	False
(filmRef)2487	False		1685	True	False
(filmRef)2488	False		39	True	False
(filmRef)2489	False		32	True	False
(filmRef)2491	False		212	True	False
(filmRef)2492	False		32	True	False
(filmRef)2493	False		28	True	False
(filmRef)2494	False		28	True	False
(filmRef)2495	False		77	True	False
(filmRef)2496	False		122	True	False
(filmRef)2497	False		130	True	False
(filmRef)2498	False		262	True	False
(filmRef)2499	False		169	True	False
(filmRef)2500	False		265	True	False
(filmRef)2501	False		315	True	False
(filmRef)2502	False		55	True	False
(filmRef)2503	False		64	True	False
(filmRef)2504	False		113	True	False
(filmRef)2505	False		123	True	False
(filmRef)2506	False		513	True	False
(filmRef)2507	False		333	True	False
(filmRef)2508	False		261	True	False
(filmRef)2509	False		27	False	False
(filmRef)2510	False		172	True	False
(filmRef)2511	False		160	True	False
(filmRef)2512	False		176	True	False
(filmRef)2513	False		93	True	False
(filmRef)2514	False		115	True	False
(filmRef)2515	False		78	True	False
(filmRef)2516	False		101	True	False
(filmRef)2517	False		79	True	False
(filmRef)2518	False		169	True	False
(filmRef)2519	False		129	True	False
(filmRef)2520	False		146	True	False
(filmRef)2521	False		120	True	False
(filmRef)2522	False		110	True	False
(filmRef)2523	False		180	True	False
(filmRef)2524	False		88	True	False
(filmRef)2525	False		59	True	False
(filmRef)2526	False		60	True	False
(filmRef)2527	False		114	True	False
(filmRef)2528	False		51	True	False
(filmRef)2529	False		49	True	False
(filmRef)2530	False		48	True	False
(filmRef)2531	False		42	True	False
(filmRef)2532	False		67	True	False
(filmRef)2533	False		107	True	False
(filmRef)2534	False		35	True	False
(filmRef)2535	False		70	True	False
(filmRef)2536	False		75	True	False
(filmRef)2537	False		276	True	False
(filmRef)2538	False		211	True	False
(filmRef)2539	False		200	True	False
(filmRef)2540	False		184	True	False
(filmRef)2541	False		285	True	False
(filmRef)2542	False		76	True	False
(filmRef)2543	False		93	True	False
(filmRef)2544	False		212	True	False
(filmRef)2545	False		193	True	False
(filmRef)2546	False		292	True	False
(filmRef)2547	False		205	True	False
(filmRef)2548	False		224	True	False
(filmRef)2549	False		254	True	False
(filmRef)2550	False		234	True	False
(filmRef)2551	False		264	True	False
(filmRef)2552	False		294	True	False
(filmRef)2553	False		248	True	False
(filmRef)2554	False		188	True	False
(filmRef)2555	False		62	True	False
(filmRef)2556	False		196	True	False
(filmRef)2557	False		195	True	False
(filmRef)2558	False		163	True	False
(filmRef)2559	False		167	True	False
(filmRef)2560	False		142	True	False
(filmRef)2561	False		147	True	False
(filmRef)2562	False		77	True	False
(filmRef)2563	False		63	True	False
(filmRef)2564	False		135	True	False
(filmRef)2565	False		115	True	False
(filmRef)2566	False		63	True	False
(filmRef)2567	False		60	True	False
(filmRef)2568	False		125	True	False
(filmRef)2569	False		123	True	False
(filmRef)2570	False		249	True	False
(filmRef)2572	False		283	True	False
(filmRef)2573	False		186	True	False
(filmRef)2574	False		291	True	False
(filmRef)2575	False		174	True	False
(filmRef)2576	False		263	True	False
(filmRef)2577A	False		161	True	False
(filmRef)2577B	False		42	True	False
(filmRef)2578	False		99	True	False
(filmRef)2579	False		77	True	False
(filmRef)2580	False		173	True	False
(filmRef)2581	False		45	True	False
(filmRef)2582	False		522	True	False
(filmRef)2583	False		309	True	False
(filmRef)2584	False		259	True	False
(filmRef)2585	False		57	True	False
(filmRef)2586	False		158	True	False
(filmRef)2587	False		105	True	False
(filmRef)2588	False		77	True	False
(filmRef)2589	False		41	True	False
(filmRef)2590	False		109	True	False
(filmRef)2591	False		209	True	False
(filmRef)2592	False		312	True	False
(filmRef)2593	False		253	True	False
(filmRef)2594	False		74	True	False
(filmRef)2595	False		203	True	False
(filmRef)2596	False		134	True	False
(filmRef)2597	False		62	True	False
(filmRef)2598	False		50	True	False
(filmRef)2599	False		37	True	False
(filmRef)2600	False		60	True	False
(filmRef)2601	False		384	True	False
(filmRef)2602	False		239	True	False
(filmRef)2603	False		188	True	False
(filmRef)2604	False		181	True	False
(filmRef)2605	False		345	True	False
(filmRef)2606	False		185	True	False
(filmRef)2607	False		169	True	False
(filmRef)2608	False		108	True	False
(filmRef)2609	False		419	True	False
(filmRef)2611	False		188	True	False
(filmRef)2612	False		127	True	False
(filmRef)2613	False		207	True	False
(filmRef)2614	False		303	True	False
(filmRef)2615	False		227	True	False
(filmRef)2616	False		83	True	False
(filmRef)2617	False		143	True	False
(filmRef)2618A	False		105	True	False
(filmRef)2618B	False		214	True	False
(filmRef)2619	False		332	True	False
(filmRef)2620	False		141	True	False
(filmRef)2621	False		188	True	False
(filmRef)2622	False		392	True	False
(filmRef)2623	False		169	True	False
(filmRef)2624	False		30	True	False
(filmRef)2625	False		50	True	False
(filmRef)2626	False		86	True	False
(filmRef)2627	False		30	True	False
(filmRef)2628	False		100	True	False
(filmRef)2629	False		34	True	False
(filmRef)2630	False		49	True	False
(filmRef)2631	False		611	True	False
(filmRef)2632	False		79	True	False
(filmRef)2633	False		38	True	False
(filmRef)2634	False		69	True	False
(filmRef)2635	False		197	True	False
(filmRef)2636	False		88	True	False
(filmRef)2637	False		223	True	False
(filmRef)2638	False		165	True	False
(filmRef)2639	False		219	True	False
(filmRef)2640	False		46	True	False
(filmRef)2641	False		87	True	False
(filmRef)2642	False		40	True	False
(filmRef)2643	False		127	True	False
(filmRef)2644	False		93	True	False
(filmRef)2645	False		62	True	False
(filmRef)2646	False		112	True	False
(filmRef)2647	False		134	True	False
(filmRef)2648	False		232	True	False
(filmRef)2649	False		135	True	False
(filmRef)2650	False		593	True	False
(filmRef)2651	False		54	True	False
(filmRef)2652	False		45	True	False
(filmRef)2653	False		46	True	False
(filmRef)2654	False		37	True	False
(filmRef)2655	False		58	True	False
(filmRef)2656	False		63	True	False
(filmRef)2657	False		77	True	False
(filmRef)2658	False		87	True	False
(filmRef)2659	False		65	True	False
(filmRef)2660	False		39	True	False
(filmRef)2661	False		60	True	False
(filmRef)2662	False		75	True	False
(filmRef)2663	False		99	True	False
(filmRef)2664	False		40	True	False
(filmRef)2665	False		40	True	False
(filmRef)2666	False		141	True	False
(filmRef)2667	False		150	True	False
(filmRef)2668	False		161	True	False
(filmRef)2670	False		139	True	False
(filmRef)2671	False		116	True	False
(filmRef)2672	False		564	True	False
(filmRef)2673	False		96	True	False
(filmRef)2674	False		119	True	False
(filmRef)2675	False		111	True	False
(filmRef)2676	False		323	True	False
(filmRef)2677	False		205	True	False
(filmRef)2678	False		589	True	False
(filmRef)2679	False		212	True	False
(filmRef)2680	False		359	True	False
(filmRef)2681	False		123	True	False
(filmRef)2681A	False		350	True	False
(filmRef)2682	False		399	True	False
(filmRef)2683	False		187	True	False
(filmRef)2684	False		43	True	False
(filmRef)2685	False		98	True	False
(filmRef)2686	False		138	True	False
(filmRef)2687	False		325	True	False
(filmRef)2688	False		322	True	False
(filmRef)2689	False		402	True	False
(filmRef)2690	False		109	True	False
(filmRef)2691	False		241	True	False
(filmRef)2692	False		422	True	False
(filmRef)2693	False		149	True	False
(filmRef)2694	False		94	True	False
(filmRef)2695	False		164	True	False
(filmRef)2696	False		155	True	False
(filmRef)2697	False		261	True	False
(filmRef)2698	False		165	True	False
(filmRef)2699	False		94	True	False
(filmRef)2700	False		160	True	False
(filmRef)2701	False		203	True	False
(filmRef)2702	False		190	True	False
(filmRef)2703	False		118	True	False
(filmRef)2704	False		72	True	False
(filmRef)2705	False		362	True	False
(filmRef)2706	False		82	True	False
(filmRef)2707	False		88	True	False
(filmRef)2708	False		113	True	False
(filmRef)2709	False		129	True	False
(filmRef)2710	False		137	True	False
(filmRef)2711	False		43	True	False
(filmRef)2712	False		38	True	False
(filmRef)2713	False		108	True	False
(filmRef)2714	False		154	True	False
(filmRef)2715	False		63	True	False
(filmRef)2716	False		353	True	False
(filmRef)2717	False		317	True	False
(filmRef)2718	False		172	True	False
(filmRef)2719	False		452	True	False
(filmRef)2720	False		102	True	False
(filmRef)2721	False		239	True	False
(filmRef)2722	False		103	True	False
(filmRef)2723	False		62	True	False
(filmRef)2724	False		249	True	False
(filmRef)2725	False		225	True	False
(filmRef)2726	False		116	True	False
(filmRef)2727	False		329	True	False
(filmRef)2728	False		555	True	False
(filmRef)2729	False		636	True	False
(filmRef)2730	False		160	True	False
(filmRef)2731	False		360	True	False
(filmRef)2732	False		314	True	False
(filmRef)2733	False		576	True	False
(filmRef)2734	False		462	True	False
(filmRef)2735	False		567	True	False
(filmRef)2736	False		333	True	False
(filmRef)2737	False		168	True	False
(filmRef)2738	False		121	True	False
(filmRef)2739	False		51	True	False
(filmRef)2741	False		215	True	False
(filmRef)2742	False		245	True	False
(filmRef)2743	False		273	True	False
(filmRef)2744	False		110	True	False
(filmRef)2745	False		101	True	False
(filmRef)2746	False		440	True	False
(filmRef)2747	False		40	True	False
(filmRef)2748	False		193	True	False
(filmRef)2749	False		216	True	False
(filmRef)2750	False		136	True	False
(filmRef)2751	False		67	True	False
(filmRef)2752	False		69	True	False
(filmRef)2753	False		78	True	False
(filmRef)2754	False		409	True	False
(filmRef)2755	False		325	True	False
(filmRef)2756	False		412	True	False
(filmRef)2757	False		63	True	False
(filmRef)2758	False		66	True	False
(filmRef)2759	False		68	True	False
(filmRef)2760	False		84	True	False
(filmRef)2761	False		207	True	False
(filmRef)2762	False		52	True	False
(filmRef)2763	False		72	True	False
(filmRef)2764	False		168	True	False
(filmRef)2765	False		156	True	False
(filmRef)2766	False		464	True	False
(filmRef)2767	False		237	True	False
(filmRef)2768	False		261	True	False
(filmRef)2769	False		640	True	False
(filmRef)2770	False		62	True	False
(filmRef)2771	False		124	True	False
(filmRef)2772	False		61	True	False
(filmRef)2773	False		107	True	False
(filmRef)2774	False		78	True	False
(filmRef)2775	False		269	True	False
(filmRef)2776	False		401	True	False
(filmRef)2777	False		327	True	False
(filmRef)2778	False		645	True	False
(filmRef)2779	False		394	True	False
(filmRef)2780	False		237	True	False
(filmRef)2781	False		448	True	False
(filmRef)2782	False		144	True	False
(filmRef)2783	False		108	True	False
(filmRef)2784	False		197	True	False
(filmRef)2785	False		123	True	False
(filmRef)2786	False		96	True	False
(filmRef)2787	False		38	True	False
(filmRef)2788	False		33	True	False
(filmRef)2789	False		130	True	False
(filmRef)2790	False		500	True	False
(filmRef)2791	False		86	True	False
(filmRef)2792	False		259	True	False
(filmRef)2793	False		197	True	False
(filmRef)2794	False		183	True	False
(filmRef)2795	False		349	True	False
(filmRef)2796	False		234	True	False
(filmRef)2797	False		191	True	False
(filmRef)2798	False		80	True	False
(filmRef)2799	False		159	True	False
(filmRef)2800	False		60	True	False
(filmRef)2801	False		227	True	False
(filmRef)2802	False		95	True	False
(filmRef)2803	False		84	True	False
(filmRef)2804	False		339	True	False
(filmRef)2805	False		281	True	False
(filmRef)2806	False		66	True	False
(filmRef)2807	False		365	True	False
(filmRef)2808	False		443	True	False
(filmRef)2809	False		18	True	False
(filmRef)2810	False		112	True	False
(filmRef)2811	False		60	True	False
(filmRef)2812	False		37	True	False
(filmRef)2813	False		55	True	False
(filmRef)2814	False		100	True	False
(filmRef)2815	False		34	True	False
(filmRef)2816	False		166	True	False
(filmRef)2817	False		122	True	False
(filmRef)2818	False		168	True	False
(filmRef)2819	False		83	True	False
(filmRef)2820	False		250	True	False
(filmRef)2821	False		188	True	False
(filmRef)2822	False		159	True	False
(filmRef)2823	False		185	True	False
(filmRef)2824	False		87	True	False
(filmRef)2825	False		177	True	False
(filmRef)2826	False		156	True	False
(filmRef)2827	False		227	True	False
(filmRef)2828	False		154	True	False
(filmRef)2829	False		168	True	False
(filmRef)2830	False		369	True	False
(filmRef)2831	False		261	True	False
(filmRef)2832	False		288	True	False
(filmRef)2833	False		107	True	False
(filmRef)2834	False		259	True	False
(filmRef)2835	False		126	True	False
(filmRef)2836	False		239	True	False
(filmRef)2837	False		76	True	False
(filmRef)2838	False		151	True	False
(filmRef)2839	False		47	True	False
(filmRef)2840	False		45	True	False
(filmRef)2841	False		49	True	False
(filmRef)2842	False		355	True	False
(filmRef)2843	False		45	True	False
(filmRef)2844	False		541	True	False
(filmRef)2845	False		293	True	False
(filmRef)2846	False		31	True	False
(filmRef)2847	False		70	True	False
(filmRef)2848	False		108	True	False
(filmRef)2849	False		223	True	False
(filmRef)2850	False		160	True	False
(filmRef)2851	False		57	True	False
(filmRef)2852	False		327	True	False
(filmRef)2852A	False		496	True	False
(filmRef)2853	False		182	True	False
(filmRef)2854	False		90	True	False
(filmRef)2855	False		69	True	False
(filmRef)2856	False		126	True	False
(filmRef)2857	False		103	True	False
(filmRef)2858	False		182	True	False
(filmRef)2859	False		115	True	False
(filmRef)2860	False		36	True	False
(filmRef)2861	False		236	True	False
(filmRef)2862	False		207	True	False
(filmRef)2863	False		82	True	False
(filmRef)2864	False		83	True	False
(filmRef)2865	False		90	True	False
(filmRef)2866	False		46	True	False
(filmRef)2868	False		155	True	False
(filmRef)2869	False		93	True	False
(filmRef)2870	False		254	True	False
(filmRef)2871	False		375	True	False
(filmRef)2872	False		206	True	False
(filmRef)2873	False		210	True	False
(filmRef)2874	False		88	True	False
(filmRef)2875	False		64	True	False
(filmRef)2876	False		210	True	False
(filmRef)2877	False		56	True	False
(filmRef)2878	False		140	True	False
(filmRef)2879	False		262	True	False
(filmRef)2880	False		184	True	False
(filmRef)2881	False		102	True	False
(filmRef)2882	False		284	True	False
(filmRef)2883	False		296	True	False
(filmRef)2884	False		145	True	False
(filmRef)2885	False		267	True	False
(filmRef)2886	False		316	True	False
(filmRef)2887	False		87	True	False
(filmRef)2888	False		217	True	False
(filmRef)2889	False		145	True	False
(filmRef)2890	False		185	True	False
(filmRef)2891	False		290	True	False
(filmRef)2892	False		281	True	False
(filmRef)2893	False		405	True	False
(filmRef)2894	False		278	True	False
(filmRef)2895	False		57	True	False
(filmRef)2896	False		57	True	False
(filmRef)2897	False		108	True	False
(filmRef)2898	False		95	True	False
(filmRef)2899	False		183	True	False
(filmRef)2900	False		98	True	False
(filmRef)2901	False		96	True	False
(filmRef)2902	False		40	True	False
(filmRef)2903	False		83	True	False
(filmRef)2904	False		177	True	False
(filmRef)2905	False		88	True	False
(filmRef)2906	False		55	True	False
(filmRef)2907	False		143	True	False
(filmRef)2908	False		103	True	False
(filmRef)2909	False		73	True	False
(filmRef)2910	False		50	True	False
(filmRef)2911	False		98	True	False
(filmRef)2912	False		52	True	False
(filmRef)2913	False		484	True	False
(filmRef)2914	False		151	True	False
(filmRef)2915	False		959	True	False
(filmRef)2916	False		169	True	False
(filmRef)2917	False		376	True	False
(filmRef)2918	False		6	False	False
(filmRef)2919	False		6	False	False
(filmRef)2920	False		6	False	False
(filmRef)2921	False		4	False	False
(filmRef)2922	False		89	True	False
(filmRef)2923	False		4	False	False
(filmRef)2924	False		12	True	False
(filmRef)2925	False		4	False	False
(filmRef)2926	False		4	False	False
(filmRef)2927	False		5	False	False
(filmRef)2929	False		292	True	False
(filmRef)2930	False		158	True	False
(filmRef)2931	False		57	True	False
(filmRef)2932	False		114	True	False
(filmRef)2933	False		316	True	False
(filmRef)2934	False		96	True	False
(filmRef)2935	False		58	True	False
(filmRef)2936	False		59	True	False
(filmRef)2937	False		204	True	False
(filmRef)2938	False		149	True	False
(filmRef)2940	False		707	True	False
(filmRef)2941	False		386	True	False
(filmRef)2942	False		61	True	False
(filmRef)2943	False		513	True	False
(filmRef)2944	False		115	True	False
(filmRef)2945	False		7	False	False
(filmRef)2946	False		6	False	False
(filmRef)2947	False		148	True	False
(filmRef)2948	False		244	True	False
(filmRef)2949	False		398	True	False
(filmRef)2950	False		122	True	False
(filmRef)2951	False		46	True	False
(filmRef)2952	False		60	True	False
(filmRef)2953	False		70	True	False
(filmRef)2954	False		92	True	False
(filmRef)2955	False		51	True	False
(filmRef)2956	False		83	True	False
(filmRef)2957	False		71	True	False
(filmRef)2958	False		32	True	False
(filmRef)2959	False		55	True	False
(filmRef)2960	False		69	True	False
(filmRef)2961	False		87	True	False
(filmRef)2962	False		27	True	False
(filmRef)2963	False		85	True	False
(filmRef)2964	False		22	True	False
(filmRef)2965	False		76	True	False
(filmRef)2966	False		59	True	False
(filmRef)2967	False		50	True	False
(filmRef)2968	False		87	True	False
(filmRef)2969	False		65	True	False
(filmRef)2970	False		65	True	False
(filmRef)2971	False		53	True	False
(filmRef)2972	False		36	True	False
(filmRef)2973	False		82	True	False
(filmRef)2974	False		75	True	False
(filmRef)2975	False		66	True	False
(filmRef)2976	False		78	True	False
(filmRef)2977	False		44	True	False
(filmRef)2978	False		34	True	False
(filmRef)2979	False		48	True	False
(filmRef)2980	False		46	True	False
(filmRef)2981	False		82	True	False
(filmRef)2982	False		54	True	False
(filmRef)2983	False		111	True	False
(filmRef)2984	False		540	True	False
(filmRef)2985	False		389	True	False
(filmRef)2986	False		119	True	False
(filmRef)2987	False		148	True	False
(filmRef)2988	False		171	True	False
(filmRef)2989	False		322	True	False
(filmRef)2990	False		341	True	False
(filmRef)2991	False		231	True	False
(filmRef)2992	False		110	True	False
(filmRef)2993	False		129	True	False
(filmRef)2994	False		120	True	False
(filmRef)2995	False		386	True	False
(filmRef)2996	False		419	True	False
(filmRef)2997	False		56	True	False
(filmRef)2998	False		55	True	False
(filmRef)2999	False		398	True	False
(filmRef)3000	False		363	True	False
(filmRef)3001	False		359	True	False
(filmRef)3002	False		79	True	False
(filmRef)3003	False		101	True	False
(filmRef)3004	False		109	True	False
(filmRef)3005	False		122	True	False
(filmRef)3006	False		58	True	False
(filmRef)3007	False		146	True	False
(filmRef)3008	False		643	True	False
(filmRef)3009	False		137	True	False
(filmRef)3010	False		120	True	False
(filmRef)3011	False		194	True	False
(filmRef)3012	False		240	True	False
(filmRef)3013	False		259	True	False
(filmRef)3014	False		116	True	False
(filmRef)3015	False		167	True	False
(filmRef)3016	False		182	True	False
(filmRef)3017	False		106	True	False
(filmRef)3018	False		58	True	False
(filmRef)3019	False		1053	True	False
(filmRef)3020	False		429	True	False
(filmRef)3021	False		715	True	False
(filmRef)3022	False		41	True	False
(filmRef)3023	False		246	True	False
(filmRef)3027	False		47	True	False
(filmRef)3028	False		214	True	False
(filmRef)3029	False		21	True	False
(filmRef)3030	False		17	True	False
(filmRef)3031	False		344	True	False
(filmRef)3032	False		153	True	False
(filmRef)3033	False		227	True	False
(filmRef)3034	False		133	True	False
(filmRef)3035	False		167	True	False
(filmRef)3036	False		97	True	False
(filmRef)3038	False		341	True	False
(filmRef)3039	False		265	True	False
(filmRef)3040	False		446	True	False
(filmRef)3041	False		130	True	False
(filmRef)3042	False		201	True	False
(filmRef)3043	False		192	True	False
(filmRef)3044	False		215	True	False
(filmRef)3045	False		455	True	False
(filmRef)3046	False		706	True	False
(filmRef)3047	False		564	True	False
(filmRef)3048	False		118	True	False
(filmRef)3049	False		124	True	False
(filmRef)3050	False		250	True	False
(filmRef)3051	False		51	True	False
(filmRef)3052	False		294	True	False
(filmRef)3053	False		664	True	False
(filmRef)3054	False		430	True	False
(filmRef)3055	False		151	True	False
(filmRef)3056	False		129	True	False
(filmRef)3057	False		318	True	False
(filmRef)3058	False		70	True	False
(filmRef)3059	False		205	True	False
(filmRef)3060	False		464	True	False
(filmRef)3061	False		287	True	False
(filmRef)3062	False		354	True	False
(filmRef)3063	False		260	True	False
(filmRef)3064	False		371	True	False
(filmRef)3065	False		251	True	False
(filmRef)3067	False		575	True	False
(filmRef)3068	False		461	True	False
(filmRef)3069	False		355	True	False
(filmRef)3070	False		581	True	False
(filmRef)3071	False		67	True	False
(filmRef)3072	False		184	True	False
(filmRef)3073	False		133	True	False
(filmRef)3074	False		206	True	False
(filmRef)3075	False		53	True	False
(filmRef)3076	False		103	True	False
(filmRef)3077	False		154	True	False
(filmRef)3078	False		383	True	False
(filmRef)3079	False		56	True	False
(filmRef)3080	False		112	True	False
(filmRef)3081	False		278	True	False
(filmRef)3082	False		131	True	False
(filmRef)3083	False		362	True	False
(filmRef)3084	False		253	True	False
(filmRef)3085	False		200	True	False
(filmRef)3086	False		48	True	False
(filmRef)3087	False		201	True	False
(filmRef)3088	False		146	True	False
(filmRef)3088A	False		58	True	False
(filmRef)3089	False		73	True	False
(filmRef)3090	False		505	True	False
(filmRef)3091	False		140	True	False
(filmRef)3092	False		123	True	False
(filmRef)3093	False		108	True	False
(filmRef)3094	False		466	True	False
(filmRef)3095	False		440	True	False
(filmRef)3096	False		296	True	False
(filmRef)3097	False		106	True	False
(filmRef)3098	False		281	True	False
(filmRef)3099	False		301	True	False
(filmRef)3100	False		373	True	False
(filmRef)3101	False		113	True	False
(filmRef)3102	False		104	True	False
(filmRef)3103	False		232	True	False
(filmRef)3104	False		120	True	False
(filmRef)3105	False		119	True	False
(filmRef)3106	False		107	True	False
(filmRef)3107	False		121	True	False
(filmRef)3108	False		157	True	False
(filmRef)3109	False		194	True	False
(filmRef)3110	False		198	True	False
(filmRef)3111	False		161	True	False
(filmRef)3112	False		137	True	False
(filmRef)3113	False		219	True	False
(filmRef)3114	False		138	True	False
(filmRef)3115	False		124	True	False
(filmRef)3116	False		286	True	False
(filmRef)3117	False		205	True	False
(filmRef)3118	False		99	True	False
(filmRef)3119	False		128	True	False
(filmRef)3120	False		129	True	False
(filmRef)3121	False		389	True	False
(filmRef)3122	False		126	True	False
(filmRef)3123	False		125	True	False
(filmRef)3124	False		498	True	False
(filmRef)3125	False		237	True	False
(filmRef)3126	False		357	True	False
(filmRef)3127	False		250	True	False
(filmRef)3128	False		231	True	False
(filmRef)3129	False		156	True	False
(filmRef)3130	False		54	True	False
(filmRef)3131	False		29	True	False
(filmRef)3132	False		23	True	False
(filmRef)3133	False		444	True	False
(filmRef)3134	False		193	True	False
(filmRef)3135	False		337	True	False
(filmRef)3136	False		163	True	False
(filmRef)3137	False		206	True	False
(filmRef)3138	False		254	True	False
(filmRef)3139	False		122	True	False
(filmRef)3140	False		75	True	False
(filmRef)3141	False		272	True	False
(filmRef)3142	False		468	True	False
(filmRef)3143	False		22	True	False
(filmRef)3144	False		27	True	False
(filmRef)3145	False		220	True	False
(filmRef)3146	False		203	True	False
(filmRef)3147	False		584	True	False
(filmRef)3148	False		582	True	False
(filmRef)3149	False		143	True	False
(filmRef)3150	False		409	True	False
(filmRef)3151	False		616	True	False
(filmRef)3152	False		198	True	False
(filmRef)3153	False		311	True	False
(filmRef)3154	False		179	True	False
(filmRef)3155	False		352	True	False
(filmRef)3156	False		248	True	False
(filmRef)3158	False		305	True	False
(filmRef)3159	False		47	True	False
(filmRef)3160	False		111	True	False
(filmRef)3161	False		185	True	False
(filmRef)3162	False		456	True	False
(filmRef)3163	False		487	True	False
(filmRef)3164	False		59	True	False
(filmRef)3165	False		427	True	False
(filmRef)3166	False		120	True	False
(filmRef)3167	False		140	True	False
(filmRef)3168	False		61	True	False
(filmRef)3169	False		209	True	False
(filmRef)3170	False		404	True	False
(filmRef)3171	False		198	True	False
(filmRef)3172	False		141	True	False
(filmRef)3173	False		47	True	False
(filmRef)3174	False		42	True	False
(filmRef)3175	False		70	True	False
(filmRef)3176	False		57	True	False
(filmRef)3177	False		138	True	False
(filmRef)3178	False		63	True	False
(filmRef)3179	False		18	True	False
(filmRef)3180	False		49	True	False
(filmRef)3181	False		147	True	False
(filmRef)3182	False		236	True	False
(filmRef)3183	False		34	True	False
(filmRef)3184	False		48	True	False
(filmRef)3185	False		91	True	False
(filmRef)3186	False		107	True	False
(filmRef)3187	False		45	True	False
(filmRef)3188	False		28	True	False
(filmRef)3189	False		39	True	False
(filmRef)3190	False		59	True	False
(filmRef)3190A	False		69	True	False
(filmRef)3191	False		29	True	False
(filmRef)3192	False		113	True	False
(filmRef)3193	False		33	True	False
(filmRef)3194	False		60	True	False
(filmRef)3195	False		37	True	False
(filmRef)3196	False		46	True	False
(filmRef)3197	False		61	True	False
(filmRef)3198	False		70	True	False
(filmRef)3199	False		55	True	False
(filmRef)3200	False		22	True	False
(filmRef)3201	False		76	True	False
(filmRef)3202	False		51	True	False
(filmRef)3203	False		92	True	False
(filmRef)3204	False		102	True	False
(filmRef)3205	False		31	True	False
(filmRef)3206	False		70	True	False
(filmRef)3207	False		165	True	False
(filmRef)3208	False		246	True	False
(filmRef)3209	False		201	True	False
(filmRef)3210	False		21	True	False
(filmRef)3211	False		23	True	False
(filmRef)3212	False		122	True	False
(filmRef)3213	False		109	True	False
(filmRef)3214	False		24	True	False
(filmRef)3215	False		125	True	False
(filmRef)3216	False		57	True	False
(filmRef)3217	False		193	True	False
(filmRef)3218	False		74	True	False
(filmRef)3219	False		36	True	False
(filmRef)3220	False		79	True	False
(filmRef)3221	False		450	True	False
(filmRef)3222	False		307	True	False
(filmRef)3223	False		422	True	False
(filmRef)3224	False		229	True	False
(filmRef)3225	False		164	True	False
(filmRef)3226	False		373	True	False
(filmRef)3227	False		163	True	False
(filmRef)3228	False		120	True	False
(filmRef)3229	False		172	True	False
(filmRef)3230	False		109	True	False
(filmRef)3231	False		61	True	False
(filmRef)3232	False		85	True	False
(filmRef)3233	False		77	True	False
(filmRef)3234	False		88	True	False
(filmRef)3235	False		294	True	False
(filmRef)3236	False		80	True	False
(filmRef)3237	False		36	True	False
(filmRef)3238	False		83	True	False
(filmRef)3239	False		52	True	False
(filmRef)3240	False		127	True	False
(filmRef)3241	False		107	True	False
(filmRef)3242	False		73	True	False
(filmRef)3243	False		76	True	False
(filmRef)3244	False		66	True	False
(filmRef)3245	False		82	True	False
(filmRef)3246	False		359	True	False
(filmRef)3247	False		431	True	False
(filmRef)3248	False		259	True	False
(filmRef)3249	False		372	True	False
(filmRef)3250	False		229	True	False
(filmRef)3251	False		165	True	False
(filmRef)3254	False		36	True	False
(filmRef)3255	False		45	True	False
(filmRef)3256	False		51	True	False
(filmRef)3257	False		41	True	False
(filmRef)3258	False		124	True	False
(filmRef)3259	False		51	True	False
(filmRef)3260	False		299	True	False
(filmRef)3261	False		53	True	False
(filmRef)3262	False		38	True	False
(filmRef)3263	False		111	True	False
(filmRef)3264	False		127	True	False
(filmRef)3265	False		467	True	False
(filmRef)3266	False		785	True	False
(filmRef)3267	False		67	True	False
(filmRef)3268	False		347	True	False
(filmRef)3269	False		241	True	False
(filmRef)3270	False		289	True	False
(filmRef)3271	False		122	False	False
(filmRef)3272	False		313	True	False
(filmRef)3273	False		318	True	False
(filmRef)3274	False		33	True	False
(filmRef)3275	False		63	True	False
(filmRef)3276	False		31	True	False
(filmRef)3277	False		44	True	False
(filmRef)3278	False		67	True	False
(filmRef)3279	False		37	True	False
(filmRef)3280	False		149	True	False
(filmRef)3281	False		45	True	False
(filmRef)3282	False		373	True	False
(filmRef)3283	False		152	True	False
(filmRef)3284	False		155	True	False
(filmRef)3285	False		193	True	False
(filmRef)3286	False		423	True	False
(filmRef)3287	False		194	True	False
(filmRef)3288	False		363	True	False
(filmRef)3289	False		416	True	False
(filmRef)3290	False		182	True	False
(filmRef)3291	False		76	True	False
(filmRef)3292	False		59	True	False
(filmRef)3293	False		102	True	False
(filmRef)3294	False		78	True	False
(filmRef)3295	False		75	True	False
(filmRef)3296	False		578	True	False
(filmRef)3297	False		33	True	False
(filmRef)3298	False		81	True	False
(filmRef)3299	False		334	True	False
(filmRef)3300	False		216	True	False
(filmRef)3301	False		154	True	False
(filmRef)3302	False		159	True	False
(filmRef)3303	False		80	True	False
(filmRef)3304	False		28	True	False
(filmRef)3305	False		29	True	False
(filmRef)3306	False		29	True	False
(filmRef)3307	False		11	False	False
(filmRef)3308	False		830	True	False
(filmRef)3309	False		238	True	False
(filmRef)3310	False		82	True	False
(filmRef)3311	False		53	True	False
(filmRef)3312	False		318	True	False
(filmRef)3313	False		57	True	False
(filmRef)3314	False		115	True	False
(filmRef)3315	False		164	True	False
(filmRef)3316	False		137	True	False
(filmRef)3317	False		26	True	False
(filmRef)3318	False		131	True	False
(filmRef)3319	False		106	True	False
(filmRef)3320	False		79	True	False
(filmRef)3321	False		61	True	False
(filmRef)3322	False		47	True	False
(filmRef)3323	False		50	True	False
(filmRef)3324	False		101	True	False
(filmRef)3325	False		51	True	False
(filmRef)3326	False		78	True	False
(filmRef)3327	False		40	True	False
(filmRef)3328	False		31	True	False
(filmRef)3329	False		25	True	False
(filmRef)3330	False		41	True	False
(filmRef)3331	False		50	True	False
(filmRef)3332	False		21	True	False
(filmRef)3333	False		31	True	False
(filmRef)3334	False		51	True	False
(filmRef)3335	False		71	True	False
(filmRef)3336	False		80	True	False
(filmRef)3337	False		55	True	False
(filmRef)3338	False		113	True	False
(filmRef)3339	False		307	True	False
(filmRef)3340	False		452	True	False
(filmRef)3343	False		331	True	False
(filmRef)3344	False		92	True	False
(filmRef)3345	False		126	True	False
(filmRef)3346	False		97	True	False
(filmRef)3347	False		42	True	False
(filmRef)3348	False		132	True	False
(filmRef)3349	False		58	True	False
(filmRef)3350	False		130	True	False
(filmRef)3351	False		40	True	False
(filmRef)3352	False		211	True	False
(filmRef)3353	False		157	True	False
(filmRef)3354	False		136	True	False
(filmRef)3355	False		87	True	False
(filmRef)3356	False		68	True	False
(filmRef)3357	False		213	True	False
(filmRef)3358	False		196	True	False
(filmRef)3359	False		208	True	False
(filmRef)3360	False		144	True	False
(filmRef)3361	False		70	True	False
(filmRef)3362	False		163	True	False
(filmRef)3363	False		59	True	False
(filmRef)3364	False		112	True	False
(filmRef)3365	False		32	True	False
(filmRef)3366	False		33	True	False
(filmRef)3367	False		135	True	False
(filmRef)3368	False		128	True	False
(filmRef)3369	False		243	True	False
(filmRef)3370	False		99	True	False
(filmRef)3371	False		677	True	False
(filmRef)3372	False		179	True	False
(filmRef)3373	False		243	True	False
(filmRef)3375	False		50	True	False
(filmRef)3376	False		31	True	False
(filmRef)3376A	False		24	True	False
(filmRef)3377	False		102	True	False
(filmRef)3378	False		139	True	False
(filmRef)3379	False		505	True	False
(filmRef)3380	False		391	True	False
(filmRef)3381	False		223	True	False
(filmRef)3382	False		175	True	False
(filmRef)3383	False		43	True	False
(filmRef)3384	False		660	True	False
(filmRef)3385	False		57	True	False
(filmRef)3386	False		135	True	False
(filmRef)3387	False		166	True	False
(filmRef)3388	False		222	True	False
(filmRef)3389	False		146	True	False
(filmRef)3390	False		365	True	False
(filmRef)3391	False		135	True	False
(filmRef)3392	False		332	True	False
(filmRef)3393	False		144	True	False
(filmRef)3394	False		174	True	False
(filmRef)3395	False		327	True	False
(filmRef)3396	False		228	True	False
(filmRef)3397	False		70	True	False
(filmRef)3398	False		249	True	False
(filmRef)3399	False		81	True	False
(filmRef)3400	False		97	True	False
(filmRef)3401	False		115	True	False
(filmRef)3402	False		58	True	False
(filmRef)3403	False		58	True	False
(filmRef)3404	False		206	True	False
(filmRef)3405	False		71	True	False
(filmRef)3406	False		38	True	False
(filmRef)3407	False		75	True	False
(filmRef)3408	False		76	True	False
(filmRef)3409	False		79	True	False
(filmRef)3410	False		55	True	False
(filmRef)3411	False		112	True	False
(filmRef)3412	False		30	True	False
(filmRef)3413	False		136	True	False
(filmRef)3414	False		167	True	False
(filmRef)3415	False		68	True	False
(filmRef)3416	False		41	True	False
(filmRef)3417	False		883	True	False
(filmRef)3418	False		177	True	False
(filmRef)3419	False		80	True	False
(filmRef)3420	False		202	True	False
(filmRef)3421	False		202	True	False
(filmRef)3422	False		133	True	False
(filmRef)3423	False		601	True	False
(filmRef)3424	False		1161	True	False
(filmRef)3425	False		92	True	False
(filmRef)3426	False		89	False	False
(filmRef)3427	False		30	True	False
(filmRef)3428	False		162	True	False
(filmRef)3429	False		299	True	False
(filmRef)3430	False		56	True	False
(filmRef)3431	False		82	True	False
(filmRef)3432	False		49	True	False
(filmRef)3433	False		37	True	False
(filmRef)3434	False		639	True	False
(filmRef)3435	False		201	True	False
(filmRef)3436	False		51	True	False
(filmRef)3437	False		103	True	False
(filmRef)3438	False		141	True	False
(filmRef)3439	False		96	True	False
(filmRef)3440	False		31	False	False
(filmRef)3441	False		131	True	False
(filmRef)3442	False		114	True	False
(filmRef)3443	False		55	True	False
(filmRef)3444	False		241	True	False
(filmRef)3445	False		49	True	False
(filmRef)3446	False		44	True	False
(filmRef)3447	False		36	True	False
(filmRef)3448	False		75	True	False
(filmRef)3449	False		105	True	False
(filmRef)3450	False		90	True	False
(filmRef)3451	False		243	True	False
(filmRef)3452	False		124	True	False
(filmRef)3453	False		150	True	False
(filmRef)3454	False		100	True	False
(filmRef)3455	False		318	True	False
(filmRef)3456	False		508	True	False
(filmRef)3457	False		298	True	False
(filmRef)3458	False		118	True	False
(filmRef)3459	False		79	True	False
(filmRef)3460	False		73	True	False
(filmRef)3461	False		109	True	False
(filmRef)3462	False		126	True	False
(filmRef)3463	False		196	True	False
(filmRef)3464	False		83	False	False
(filmRef)3465	False		69	False	False
(filmRef)3466	False		279	True	False
(filmRef)3467	False		90	False	False
(filmRef)3468	False		84	False	False
(filmRef)3469	False		89	True	False
(filmRef)3470	False		147	True	False
(filmRef)3471	False		7	False	False
(filmRef)3472	False		398	True	False
(filmRef)3473	False		155	True	False
(filmRef)3474	False		468	True	False
(filmRef)3475	False		92	True	False
(filmRef)3476	False		62	True	False
(filmRef)3477	False		62	True	False
(filmRef)3478	False		80	True	False
(filmRef)3479	False		96	True	False
(filmRef)3480	False		140	True	False
(filmRef)3481	False		167	True	False
(filmRef)3482	False		285	True	False
(filmRef)3483	False		414	True	False
(filmRef)3484	False		162	True	False
(filmRef)3485	False		286	True	False
(filmRef)3486	False		445	True	False
(filmRef)3487	False		105	True	False
(filmRef)3488	False		412	True	False
(filmRef)3489	False		222	True	False
(filmRef)3490	False		280	True	False
(filmRef)3491	False		143	True	False
(filmRef)3492	False		186	True	False
(filmRef)3493	False		386	True	False
(filmRef)3494	False		263	True	False
(filmRef)3495	False		318	True	False
(filmRef)3496	False		512	True	False
(filmRef)3497	False		263	True	False
(filmRef)3498	False		341	True	False
(filmRef)3499	False		318	True	False
(filmRef)3500	False		166	True	False
(filmRef)3501	False		282	True	False
(filmRef)3502	False		256	True	False
(filmRef)3503	False		309	True	False
(filmRef)3504	False		264	True	False
(filmRef)3505	False		323	True	False
(filmRef)3506	False		378	True	False
(filmRef)3507	False		342	True	False
(filmRef)3508	False		301	True	False
(filmRef)3509	False		132	True	False
(filmRef)3510	False		395	True	False
(filmRef)3511	False		136	True	False
(filmRef)3512	False		514	True	False
(filmRef)3513	False		574	True	False
(filmRef)3514	False		467	True	False
(filmRef)3515	False		367	True	False
(filmRef)3516	False		165	True	False
(filmRef)3517	False		287	True	False
(filmRef)3518	False		448	True	False
(filmRef)3519	False		546	True	False
(filmRef)3520	False		530	True	False
(filmRef)3521	False		343	True	False
(filmRef)3522	False		401	True	False
(filmRef)3523	False		363	True	False
(filmRef)3524	False		411	True	False
(filmRef)3525	False		377	True	False
(filmRef)3526	False		717	True	False
(filmRef)3527	False		676	True	False
(filmRef)3528	False		696	True	False
(filmRef)3529	False		429	True	False
(filmRef)3530	False		544	True	False
(filmRef)3531	False		316	True	False
(filmRef)3532	False		237	True	False
(filmRef)3533	False		106	True	False
(filmRef)3534	False		263	True	False
(filmRef)3535	False		191	True	False
(filmRef)3536	False		202	True	False
(filmRef)3537	False		170	True	False
(filmRef)3538	False		253	True	False
(filmRef)3539	False		122	True	False
(filmRef)3540	False		126	True	False
(filmRef)3541	False		160	True	False
(filmRef)3542	False		179	True	False
(filmRef)3543	False		203	True	False
(filmRef)3544	False		64	True	False
(filmRef)3545	False		201	True	False
(filmRef)3546	False		491	True	False
(filmRef)3547	False		84	True	False
(filmRef)3548	False		388	True	False
(filmRef)3549	False		183	True	False
(filmRef)3551	False		58	True	False
(filmRef)3552	False		118	True	False
(filmRef)3553	False		83	True	False
(filmRef)3554	False		358	True	False
(filmRef)3555	False		117	True	False
(filmRef)3556	False		277	True	False
(filmRef)3557	False		75	True	False
(filmRef)3558	False		282	True	False
(filmRef)3559	False		141	True	False
(filmRef)3560	False		52	True	False
(filmRef)3561	False		207	True	False
(filmRef)3562	False		218	True	False
(filmRef)3563	False		199	True	False
(filmRef)3564	False		138	True	False
(filmRef)3565	False		144	True	False
(filmRef)3566	False		296	True	False
(filmRef)3567	False		468	True	False
(filmRef)3568	False		134	True	False
(filmRef)3569	False		30	True	False
(filmRef)3570	False		204	True	False
(filmRef)3571	False		142	True	False
(filmRef)3572	False		77	True	False
(filmRef)3573	False		111	True	False
(filmRef)3574	False		125	True	False
(filmRef)3575	False		262	True	False
(filmRef)3576	False		163	True	False
(filmRef)3577	False		129	True	False
(filmRef)3578	False		136	True	False
(filmRef)3580	False		389	True	False
(filmRef)3581	False		321	True	False
(filmRef)3582	False		434	True	False
(filmRef)3583	False		73	True	False
(filmRef)3584	False		150	True	False
(filmRef)3585	False		191	True	False
(filmRef)3586	False		152	True	False
(filmRef)3587	False		73	True	False
(filmRef)3588	False		149	True	False
(filmRef)3589	False		113	True	False
(filmRef)3590	False		464	True	False
(filmRef)3591	False		150	True	False
(filmRef)3592	False		107	True	False
(filmRef)3593	False		96	True	False
(filmRef)3594	False		451	True	False
(filmRef)3595	False		664	True	False
(filmRef)3597	False		1126	True	False
(filmRef)3598	False		89	True	False
(filmRef)3599	False		802	True	False
(filmRef)3600	False		833	True	False
(filmRef)3601	False		306	True	False
(filmRef)3602	False		125	True	False
(filmRef)3603	False		107	True	False
(filmRef)3604	False		518	True	False
(filmRef)3605	False		267	True	False
(filmRef)3606	False		443	True	False
(filmRef)3607	False		198	True	False
(filmRef)3608	False		130	True	False
(filmRef)3609	False		235	True	False
(filmRef)3610	False		193	True	False
(filmRef)3611	False		381	True	False
(filmRef)3612	False		366	True	False
(filmRef)3613	False		157	True	False
(filmRef)3614	False		73	True	False
(filmRef)3615	False		394	True	False
(filmRef)3616	False		163	True	False
(filmRef)3617	False		322	True	False
(filmRef)3618	False		252	True	False
(filmRef)3619	False		131	True	False
(filmRef)3620	False		2266	True	False
(filmRef)3621	False		175	True	False
(filmRef)3622	False		172	True	False
(filmRef)3623	False		562	True	False
(filmRef)3624	False		511	True	False
(filmRef)3625	False		175	True	False
(filmRef)3626	False		779	True	False
(filmRef)3627	False		153	True	False
(filmRef)3628	False		286	True	False
(filmRef)3629	False		749	True	False
(filmRef)3630	False		624	True	False
(filmRef)3631	False		141	True	False
(filmRef)3633	False		827	True	False
(filmRef)3634	False		84	True	False
(filmRef)3635	False		589	True	False
(filmRef)3636	False		707	True	False
(filmRef)3637	False		302	True	False
(filmRef)3638	False		61	True	False
(filmRef)3639	False		41	True	False
(filmRef)3640	False		416	True	False
(filmRef)3641	False		392	True	False
(filmRef)3642	False		167	True	False
(filmRef)3643	False		146	True	False
(filmRef)3644	False		160	True	False
(filmRef)3645	False		74	True	False
(filmRef)3646	False		161	True	False
(filmRef)3647	False		793	True	False
(filmRef)3648	False		477	True	False
(filmRef)3649	False		491	True	False
(filmRef)3650	False		52	True	False
(filmRef)3651	False		583	True	False
(filmRef)3652	False		129	True	False
(filmRef)3653	False		60	True	False
(filmRef)3654	False		267	True	False
(filmRef)3655	False		556	True	False
(filmRef)3656	False		90	True	False
(filmRef)3657	False		651	True	False
(filmRef)3658	False		61	True	False
(filmRef)3659	False		142	True	False
(filmRef)3660	False		166	True	False
(filmRef)3661	False		86	True	False
(filmRef)3662	False		309	True	False
(filmRef)3663	False		109	True	False
(filmRef)3664	False		75	True	False
(filmRef)3665	False		877	True	False
(filmRef)3666	False		905	True	False
(filmRef)3667	False		113	True	False
(filmRef)3668	False		599	True	False
(filmRef)3669	False		50	True	False
(filmRef)3670	False		127	True	False
(filmRef)3671	False		190	True	False
(filmRef)3672	False		134	True	False
(filmRef)3673	False		194	True	False
(filmRef)3674	False		708	True	False
(filmRef)3675	False		447	True	False
(filmRef)3676	False		144	True	False
(filmRef)3677	False		138	True	False
(filmRef)3678	False		462	True	False
(filmRef)3679	False		421	True	False
(filmRef)3680	False		357	True	False
(filmRef)3681	False		664	True	False
(filmRef)3682	False		802	True	False
(filmRef)3683	False		149	True	False
(filmRef)3684	False		240	True	False
(filmRef)3685	False		125	True	False
(filmRef)3686	False		135	True	False
(filmRef)3687	False		111	True	False
(filmRef)3688	False		103	True	False
(filmRef)3689	False		342	True	False
(filmRef)3690	False		64	True	False
(filmRef)3691	False		116	True	False
(filmRef)3692	False		464	True	False
(filmRef)3694	False		189	True	False
(filmRef)3695	False		378	True	False
(filmRef)3696	False		630	True	False
(filmRef)3697	False		348	True	False
(filmRef)3698	False		211	True	False
(filmRef)3699	False		159	True	False
(filmRef)3700	False		770	True	False
(filmRef)3701	False		748	True	False
(filmRef)3702	False		1229	True	False
(filmRef)3703	False		517	True	False
(filmRef)3704	False		582	True	False
(filmRef)3705	False		434	True	False
(filmRef)3706	False		388	True	False
(filmRef)3707	False		243	True	False
(filmRef)3708	False		367	True	False
(filmRef)3709	False		109	True	False
(filmRef)3710	False		96	True	False
(filmRef)3711	False		165	True	False
(filmRef)3712	False		99	True	False
(filmRef)3713	False		192	True	False
(filmRef)3714	False		697	True	False
(filmRef)3715	False		446	True	False
(filmRef)3716	False		102	True	False
(filmRef)3717	False		27	False	False
(filmRef)3718	False		2454	True	False
(filmRef)3719	False		131	True	False
(filmRef)3720	False		646	True	False
(filmRef)3721	False		418	True	False
(filmRef)3722	False		811	True	False
(filmRef)3723	False		722	True	False
(filmRef)3724	False		363	True	False
(filmRef)3725	False		1050	True	False
(filmRef)3726	False		856	True	False
(filmRef)3727	False		962	True	False
(filmRef)3728	False		802	True	False
(filmRef)3729	False		864	True	False
(filmRef)3730	False		1021	True	False
(filmRef)3731	False		868	True	False
(filmRef)3732	False		925	True	False
(filmRef)3733	False		937	True	False
(filmRef)3734	False		888	True	False
(filmRef)3735	False		2018	True	False
(filmRef)3736	False		148	True	False
(filmRef)3737	False		209	True	False
(filmRef)3738	False		144	True	False
(filmRef)3739	False		51	True	False
(filmRef)3740	False		126	True	False
(filmRef)3741	False		37	True	False
(filmRef)3742	False		182	True	False
(filmRef)3743	False		23	True	False
(filmRef)3745	False		136	True	False
(filmRef)3746	False		106	True	False
(filmRef)3747	False		155	True	False
(filmRef)3748	False		56	True	False
(filmRef)3749	False		24	True	False
(filmRef)3750	False		94	True	False
(filmRef)3751	False		535	True	False
(filmRef)3752	False		126	True	False
(filmRef)3753	False		105	True	False
(filmRef)3754	False		143	True	False
(filmRef)3755	False		57	True	False
(filmRef)3756	False		130	True	False
(filmRef)3757	False		596	True	False
(filmRef)3758	False		469	True	False
(filmRef)3759	False		75	True	False
(filmRef)3760	False		92	True	False
(filmRef)3761	False		70	True	False
(filmRef)3762	False		253	True	False
(filmRef)3763	False		65	True	False
(filmRef)3764	False		105	True	False
(filmRef)3765	False		154	True	False
(filmRef)3766	False		90	True	False
(filmRef)3767	False		107	True	False
(filmRef)3768	False		141	True	False
(filmRef)3769	False		102	True	False
(filmRef)3770	False		251	True	False
(filmRef)3771	False		183	True	False
(filmRef)3772	False		178	True	False
(filmRef)3773	False		178	True	False
(filmRef)3774	False		157	True	False
(filmRef)3775	False		144	True	False
(filmRef)3776	False		82	True	False
(filmRef)3777	False		166	True	False
(filmRef)3778	False		32	True	False
(filmRef)3779	False		164	True	False
(filmRef)3780	False		127	True	False
(filmRef)3781	False		152	True	False
(filmRef)3782	False		63	True	False
(filmRef)3783	False		257	True	False
(filmRef)3784	False		105	True	False
(filmRef)3785	False		146	True	False
(filmRef)3786	False		270	True	False
(filmRef)3787	False		227	True	False
(filmRef)3788	False		101	True	False
(filmRef)3789	False		424	True	False
(filmRef)3790	False		153	True	False
(filmRef)3791	False		175	True	False
(filmRef)3792	False		221	True	False
(filmRef)3793	False		327	True	False
(filmRef)3794	False		318	True	False
(filmRef)3795	False		438	True	False
(filmRef)3796	False		172	True	False
(filmRef)3797	False		41	True	False
(filmRef)3798	False		211	True	False
(filmRef)3799	False		456	True	False
(filmRef)3800	False		308	True	False
(filmRef)3801	False		205	True	False
(filmRef)3802	False		254	True	False
(filmRef)3803	False		374	True	False
(filmRef)3804	False		431	True	False
(filmRef)3805	False		695	True	False
(filmRef)3806	False		436	True	False
(filmRef)3807	False		411	True	False
(filmRef)3808	False		78	True	False
(filmRef)3809	False		166	True	False
(filmRef)3810	False		142	True	False
(filmRef)3811	False		343	True	False
(filmRef)3812	False		136	True	False
(filmRef)3813	False		198	True	False
(filmRef)3814	False		445	True	False
(filmRef)3815	False		181	True	False
(filmRef)3816	False		382	True	False
(filmRef)3817	False		330	True	False
(filmRef)3818	False		84	True	False
(filmRef)3819	False		211	True	False
(filmRef)3820	False		96	True	False
(filmRef)3821	False		216	True	False
(filmRef)3822	False		225	True	False
(filmRef)3823	False		225	True	False
(filmRef)3824	False		197	True	False
(filmRef)3825	False		139	True	False
(filmRef)3826	False		231	True	False
(filmRef)3827	False		338	True	False
(filmRef)3828	False		188	True	False
(filmRef)3829	False		239	True	False
(filmRef)3830	False		91	True	False
(filmRef)3831	False		161	True	False
(filmRef)3832	False		272	True	False
(filmRef)3833	False		216	True	False
(filmRef)3834	False		85	True	False
(filmRef)3835	False		127	True	False
(filmRef)3836	False		496	True	False
(filmRef)3837	False		285	True	False
(filmRef)3838	False		494	True	False
(filmRef)3839	False		726	True	False
(filmRef)3840	False		270	True	False
(filmRef)3841	False		168	True	False
(filmRef)3842	False		90	True	False
(filmRef)3843	False		163	True	False
(filmRef)3845	False		258	True	False
(filmRef)3846	False		100	True	False
(filmRef)3847	False		176	True	False
(filmRef)3848	False		281	True	False
(filmRef)3849	False		98	True	False
(filmRef)3850	False		426	True	False
(filmRef)3851	False		278	True	False
(filmRef)3852	False		141	True	False
(filmRef)3853	False		134	True	False
(filmRef)3854	False		131	True	False
(filmRef)3855	False		161	True	False
(filmRef)3857	False		530	True	False
(filmRef)3858	False		462	True	False
(filmRef)3859	False		115	True	False
(filmRef)3860	False		278	True	False
(filmRef)3861	False		175	True	False
(filmRef)3862	False		44	True	False
(filmRef)3863	False		63	True	False
(filmRef)3864	False		94	True	False
(filmRef)3865	False		51	True	False
(filmRef)3866	False		157	True	False
(filmRef)3867	False		75	True	False
(filmRef)3868	False		465	True	False
(filmRef)3869	False		313	True	False
(filmRef)3870	False		131	True	False
(filmRef)3871	False		46	True	False
(filmRef)3872	False		143	True	False
(filmRef)3873	False		234	True	False
(filmRef)3874	False		212	True	False
(filmRef)3875	False		198	True	False
(filmRef)3876A	False		317	True	False
(filmRef)3876B	False		258	True	False
(filmRef)3877	False		146	True	False
(filmRef)3878	False		201	True	False
(filmRef)3879	False		448	True	False
(filmRef)3880	False		84	True	False
(filmRef)3881	False		91	True	False
(filmRef)3883	False		295	True	False
(filmRef)3884	False		80	True	False
(filmRef)3885	False		268	True	False
(filmRef)3886	False		128	True	False
(filmRef)3887	False		272	True	False
(filmRef)3888	False		157	True	False
(filmRef)3889	False		479	True	False
(filmRef)3890	False		156	True	False
(filmRef)3891	False		291	True	False
(filmRef)3892	False		177	True	False
(filmRef)3893	False		80	True	False
(filmRef)3894	False		314	True	False
(filmRef)3895	False		21	True	False
(filmRef)3896	False		260	True	False
(filmRef)3897	False		61	True	False
(filmRef)3898	False		225	True	False
(filmRef)3899	False		134	True	False
(filmRef)3900	False		256	True	False
(filmRef)3901	False		235	True	False
(filmRef)3902	False		327	True	False
(filmRef)3903	False		345	True	False
(filmRef)3904	False		193	True	False
(filmRef)3905	False		111	True	False
(filmRef)3906	False		103	True	False
(filmRef)3907	False		125	True	False
(filmRef)3908	False		117	True	False
(filmRef)3909	False		94	True	False
(filmRef)3910	False		44	True	False
(filmRef)3911	False		775	True	False
(filmRef)3912	False		73	True	False
(filmRef)3913	False		135	True	False
(filmRef)3914	False		391	True	False
(filmRef)3915	False		570	True	False
(filmRef)3916	False		185	True	False
(filmRef)3917	False		192	True	False
(filmRef)3918	False		190	True	False
(filmRef)3919	False		221	True	False
(filmRef)3920	False		595	True	False
(filmRef)3921	False		176	True	False
(filmRef)3922	False		71	True	False
(filmRef)3923	False		137	True	False
(filmRef)3924	False		129	True	False
(filmRef)3925	False		402	True	False
(filmRef)3926	False		98	True	False
(filmRef)3927	False		41	True	False
(filmRef)3928	False		117	True	False
(filmRef)3929	False		145	True	False
(filmRef)3930	False		116	True	False
(filmRef)3931	False		139	True	False
(filmRef)3932	False		70	True	False
(filmRef)3933	False		232	True	False
(filmRef)3934	False		283	True	False
(filmRef)3935	False		298	True	False
(filmRef)3936	False		330	True	False
(filmRef)3937	False		284	True	False
(filmRef)3938	False		80	True	False
(filmRef)3939	False		73	True	False
(filmRef)3940	False		476	True	False
(filmRef)3941	False		367	True	False
(filmRef)3942	False		505	True	False
(filmRef)3943	False		301	True	False
(filmRef)3944	False		154	True	False
(filmRef)3945	False		60	True	False
(filmRef)3946	False		78	True	False
(filmRef)3947	False		67	True	False
(filmRef)3948	False		183	True	False
(filmRef)3949	False		57	True	False
(filmRef)3950	False		208	True	False
(filmRef)3952	False		425	True	False
(filmRef)3953	False		139	True	False
(filmRef)3954	False		148	True	False
(filmRef)3955	False		283	True	False
(filmRef)3958	False		28	True	False
(filmRef)3959	False		53	True	False
(filmRef)3960	False		152	True	False
(filmRef)3961	False		400	True	False
(filmRef)3962	False		480	True	False
(filmRef)3963	False		323	True	False
(filmRef)3964	False		101	True	False
(filmRef)3965	False		111	True	False
(filmRef)3966	False		120	True	False
(filmRef)3967	False		155	True	False
(filmRef)3969	False		383	True	False
(filmRef)3970	False		109	True	False
(filmRef)3971	False		96	True	False
(filmRef)3972	False		169	True	False
(filmRef)3973	False		80	True	False
(filmRef)3974	False		165	True	False
(filmRef)3975	False		104	True	False
(filmRef)3976	False		304	True	False
(filmRef)3977	False		67	True	False
(filmRef)3978	False		236	True	False
(filmRef)3979	False		187	True	False
(filmRef)3980	False		85	True	False
(filmRef)3981	False		583	True	False
(filmRef)3982	False		224	True	False
(filmRef)3983	False		237	True	False
(filmRef)3984	False		83	True	False
(filmRef)3985	False		53	True	False
(filmRef)3986	False		150	True	False
(filmRef)3987	False		51	True	False
(filmRef)3988	False		61	True	False
(filmRef)3989	False		61	True	False
(filmRef)3990	False		52	True	False
(filmRef)3991	False		341	True	False
(filmRef)3992	False		19	True	False
(filmRef)3993	False		215	True	False
(filmRef)3994	False		413	True	False
(filmRef)3995	False		134	True	False
(filmRef)3996	False		66	True	False
(filmRef)3997	False		124	True	False
(filmRef)3998	False		65	True	False
(filmRef)3999	False		275	True	False
(filmRef)4000	False		187	True	False
(filmRef)4001	False		129	True	False
(filmRef)4002	False		205	True	False
(filmRef)4003	False		90	True	False
(filmRef)4004	False		336	True	False
(filmRef)4005	False		203	True	False
(filmRef)4006	False		319	True	False
(filmRef)4007	False		326	True	False
(filmRef)4008	False		76	True	False
(filmRef)4009	False		173	True	False
(filmRef)4010	False		87	True	False
(filmRef)4011	False		170	True	False
(filmRef)4012	False		117	True	False
(filmRef)4013	False		231	True	False
(filmRef)4014	False		43	True	False
(filmRef)4015	False		170	True	False
(filmRef)4016	False		402	True	False
(filmRef)4017	False		210	True	False
(filmRef)4018	False		100	True	False
(filmRef)4020	False		601	True	False
(filmRef)4021	False		112	True	False
(filmRef)4022	False		166	True	False
(filmRef)4023	False		122	True	False
(filmRef)4024	False		140	True	False
(filmRef)4025	False		252	True	False
(filmRef)4027	False		209	True	False
(filmRef)4028	False		71	True	False
(filmRef)4030	False		295	True	False
(filmRef)4031	False		593	True	False
(filmRef)4032	False		39	True	False
(filmRef)4033	False		203	True	False
(filmRef)4034	False		514	True	False
(filmRef)4035	False		94	True	False
(filmRef)4036	False		959	True	False
(filmRef)4037	False		828	True	False
(filmRef)4039	False		107	True	False
(filmRef)4040	False		232	True	False
(filmRef)4041	False		83	True	False
(filmRef)4042	False		324	True	False
(filmRef)4043	False		196	True	False
(filmRef)4045	False		239	True	False
(filmRef)4046	False		253	True	False
(filmRef)4048	False		248	True	False
(filmRef)4049	False		123	True	False
(filmRef)4050	False		257	True	False
(filmRef)4051	False		589	True	False
(filmRef)4052	False		122	True	False
(filmRef)4053	False		150	True	False
(filmRef)4055	False		174	True	False
(filmRef)4056	False		508	True	False
(filmRef)4057	False		99	True	False
(filmRef)4058	False		57	True	False
(filmRef)4059	False		122	True	False
(filmRef)4060	False		234	True	False
(filmRef)4061	False		222	True	False
(filmRef)4062	False		283	True	False
(filmRef)4063	False		543	True	False
(filmRef)4064	False		238	True	False
(filmRef)4065	False		499	True	False
(filmRef)4066	False		104	True	False
(filmRef)4067	False		225	True	False
(filmRef)4069	False		13	False	False
(filmRef)4070	False		53	False	False
(filmRef)4071	False		98	True	False
(filmRef)4072	False		92	True	False
(filmRef)4073	False		110	True	False
(filmRef)4074	False		374	True	False
(filmRef)4075	False		207	True	False
(filmRef)4076	False		179	True	False
(filmRef)4077	False		172	True	False
(filmRef)4078	False		83	False	False
(filmRef)4079	False		67	True	False
(filmRef)4080	False		427	True	False
(filmRef)4081	False		187	True	False
(filmRef)4083	False		211	True	False
(filmRef)4084	False		91	True	False
(filmRef)4085	False		163	True	False
(filmRef)4086	False		103	True	False
(filmRef)4087	False		281	True	False
(filmRef)4088	False		588	True	False
(filmRef)4089	False		275	True	False
(filmRef)4090	False		44	True	False
(filmRef)4091	False		232	True	False
(filmRef)4093	False		210	True	False
(filmRef)4094	False		738	True	False
(filmRef)4095	False		439	True	False
(filmRef)4096	False		216	True	False
(filmRef)4097	False		210	True	False
(filmRef)4099	False		28	True	False
(filmRef)4100	False		70	True	False
(filmRef)4101	False		54	True	False
(filmRef)4102	False		143	True	False
(filmRef)4103	False		105	True	False
(filmRef)4104	False		389	True	False
(filmRef)4105	False		80	True	False
(filmRef)4106	False		171	True	False
(filmRef)4107	False		559	True	False
(filmRef)4108	False		238	True	False
(filmRef)4109	False		262	True	False
(filmRef)4110	False		586	True	False
(filmRef)4111	False		95	True	False
(filmRef)4112	False		227	True	False
(filmRef)4114	False		303	True	False
(filmRef)4115	False		83	True	False
(filmRef)4116	False		161	True	False
(filmRef)4117	False		212	True	False
(filmRef)4118	False		480	True	False
(filmRef)4119	False		259	True	False
(filmRef)4120	False		277	True	False
(filmRef)4121	False		85	True	False
(filmRef)4122	False		308	True	False
(filmRef)4123	False		363	True	False
(filmRef)4124	False		422	True	False
(filmRef)4125	False		99	True	False
(filmRef)4126	False		93	True	False
(filmRef)4127	False		69	True	False
(filmRef)4128	False		55	True	False
(filmRef)4129	False		65	True	False
(filmRef)4130	False		83	True	False
(filmRef)4131	False		81	True	False
(filmRef)4132	False		105	True	False
(filmRef)4133	False		489	True	False
(filmRef)4134	False		78	True	False
(filmRef)4135	False		202	True	False
(filmRef)4136	False		106	True	False
(filmRef)4137	False		277	True	False
(filmRef)4138	False		112	True	False
(filmRef)4139	False		94	True	False
(filmRef)4140	False		122	True	False
(filmRef)4141	False		309	True	False
(filmRef)4142	False		326	True	False
(filmRef)4143	False		387	True	False
(filmRef)4144	False		156	True	False
(filmRef)4145	False		323	True	False
(filmRef)4146	False		186	True	False
(filmRef)4147	False		278	True	False
(filmRef)4148	False		376	True	False
(filmRef)4149	False		48	True	False
(filmRef)4150	False		183	True	False
(filmRef)4151	False		176	True	False
(filmRef)4152	False		69	True	False
(filmRef)4153	False		150	True	False
(filmRef)4154	False		116	True	False
(filmRef)4155	False		4	False	False
(filmRef)4156	False		494	True	False
(filmRef)4157	False		59	True	False
(filmRef)4158	False		172	True	False
(filmRef)4159	False		108	True	False
(filmRef)4160	False		92	True	False
(filmRef)4161	False		379	True	False
(filmRef)4162	False		252	True	False
(filmRef)4163	False		464	True	False
(filmRef)4164	False		75	True	False
(filmRef)4165	False		123	True	False
(filmRef)4166	False		26	False	False
(filmRef)4167	False		90	True	False
(filmRef)4168	False		131	True	False
(filmRef)4169	False		132	True	False
(filmRef)4170	False		4	False	False
(filmRef)4171	False		156	True	False
(filmRef)4172	False		291	True	False
(filmRef)4173	False		115	True	False
(filmRef)4174	False		103	True	False
(filmRef)4175	False		301	True	False
(filmRef)4176	False		74	False	False
(filmRef)4177	False		60	False	False
(filmRef)4178	False		338	True	False
(filmRef)4179	False		245	True	False
(filmRef)4180	False		130	True	False
(filmRef)4181	False		210	True	False
(filmRef)4183	False		63	False	False
(filmRef)4184	False		102	True	False
(filmRef)4185	False		92	True	False
(filmRef)4186	False		95	True	False
(filmRef)4188	False		98	True	False
(filmRef)4189	False		495	True	False
(filmRef)4190	False		836	True	False
(filmRef)4191	False		146	True	False
(filmRef)4192	False		97	True	False
(filmRef)4193	False		30	False	False
(filmRef)4194	False		231	True	False
(filmRef)4195	False		228	True	False
(filmRef)4196	False		229	True	False
(filmRef)4197	False		150	True	False
(filmRef)4198	False		47	False	False
(filmRef)4199	False		75	False	False
(filmRef)4200	False		19	False	False
(filmRef)4201	False		241	True	False
(filmRef)4203	False		378	True	False
(filmRef)4204	False		54	True	False
(filmRef)4205	False		582	True	False
(filmRef)4206	False		69	True	False
(filmRef)4207	False		230	True	False
(filmRef)4208	False		90	True	False
(filmRef)4209	False		642	True	False
(filmRef)4210	False		648	True	False
(filmRef)4211	False		193	True	False
(filmRef)4212	False		129	True	False
(filmRef)4213	False		129	True	False
(filmRef)4214	False		352	True	False
(filmRef)4215	False		132	True	False
(filmRef)4216	False		137	True	False
(filmRef)4217	False		205	True	False
(filmRef)4218	False		33	True	False
(filmRef)4219	False		26	True	False
(filmRef)4220	False		216	True	False
(filmRef)4221	False		260	True	False
(filmRef)4222	False		158	True	False
(filmRef)4223	False		37	True	False
(filmRef)4224	False		120	True	False
(filmRef)4225	False		224	True	False
(filmRef)4226	False		18	True	False
(filmRef)4227	False		158	True	False
(filmRef)4228	False		149	True	False
(filmRef)4229	False		83	True	False
(filmRef)4230	False		149	True	False
(filmRef)4232	False		28	True	False
(filmRef)4233	False		210	True	False
(filmRef)4234	False		38	True	False
(filmRef)4235	False		59	True	False
(filmRef)4237	False		86	True	False
(filmRef)4238	False		236	True	False
(filmRef)4239	False		61	True	False
(filmRef)4240	False		124	True	False
(filmRef)4241	False		35	True	False
(filmRef)4242	False		37	True	False
(filmRef)4243	False		73	True	False
(filmRef)4244	False		67	True	False
(filmRef)4245	False		58	True	False
(filmRef)4246	False		44	True	False
(filmRef)4247	False		62	True	False
(filmRef)4248	False		15	True	False
(filmRef)4249	False		43	True	False
(filmRef)4250	False		79	True	False
(filmRef)4251	False		58	True	False
(filmRef)4252	False		57	True	False
(filmRef)4253	False		24	True	False
(filmRef)4254	False		93	True	False
(filmRef)4255	False		46	True	False
(filmRef)4256	False		44	True	False
(filmRef)4258	False		123	True	False
(filmRef)4259	False		110	True	False
(filmRef)4260	False		85	True	False
(filmRef)4261	False		66	False	False
(filmRef)4262	False		656	True	False
(filmRef)4263	False		184	True	False
(filmRef)4264	False		75	True	False
(filmRef)4265	False		250	True	False
(filmRef)4266	False		48	True	False
(filmRef)4267	False		263	True	False
(filmRef)4268	False		137	True	False
(filmRef)4269	False		368	True	False
(filmRef)4270	False		74	True	False
(filmRef)4271	False		165	True	False
(filmRef)4272	False		29	True	False
(filmRef)4273	False		197	True	False
(filmRef)4274	False		86	True	False
(filmRef)4275	False		92	True	False
(filmRef)4276	False		42	True	False
(filmRef)4277	False		261	True	False
(filmRef)4278	False		49	True	False
(filmRef)4279	False		70	True	False
(filmRef)4280	False		352	True	False
(filmRef)4283	False		287	True	False
(filmRef)4284	False		112	True	False
(filmRef)4285	False		174	True	False
(filmRef)4286	False		100	True	False
(filmRef)4287	False		49	True	False
(filmRef)4288	False		191	True	False
(filmRef)4289	False		655	True	False
(filmRef)4290	False		84	True	False
(filmRef)4291	False		69	True	False
(filmRef)4292	False		342	True	False
(filmRef)4293	False		493	True	False
(filmRef)4294	False		211	True	False
(filmRef)4295	False		46	True	False
(filmRef)4296	False		294	True	False
(filmRef)4297	False		301	True	False
(filmRef)4298	False		221	True	False
(filmRef)4299	False		117	True	False
(filmRef)4300	False		169	True	False
(filmRef)4301	False		89	True	False
(filmRef)4302	False		161	True	False
(filmRef)4303	False		36	True	False
(filmRef)4304	False		102	True	False
(filmRef)4305	False		100	True	False
(filmRef)4306	False		180	True	False
(filmRef)4307	False		129	True	False
(filmRef)4308	False		115	True	False
(filmRef)4309	False		156	True	False
(filmRef)4311	False		298	True	False
(filmRef)4312	False		68	True	False
(filmRef)4313	False		61	True	False
(filmRef)4316	False		63	True	False
(filmRef)4317	False		85	True	False
(filmRef)4318	False		137	True	False
(filmRef)4319	False		271	True	False
(filmRef)4320	False		120	True	False
(filmRef)4321	False		276	True	False
(filmRef)4322	False		301	True	False
(filmRef)4323	False		125	True	False
(filmRef)4324	False		225	True	False
(filmRef)4325	False		355	True	False
(filmRef)4326	False		248	True	False
(filmRef)4327	False		319	True	False
(filmRef)4328	False		215	True	False
(filmRef)4329	False		333	True	False
(filmRef)4330	False		21	True	False
(filmRef)4331	False		77	True	False
(filmRef)4332	False		174	True	False
(filmRef)4333	False		129	True	False
(filmRef)4334	False		187	True	False
(filmRef)4335	False		75	True	False
(filmRef)4336	False		103	True	False
(filmRef)4337	False		158	True	False
(filmRef)4338	False		146	True	False
(filmRef)4339	False		51	True	False
(filmRef)4340	False		171	True	False
(filmRef)4341	False		38	True	False
(filmRef)4342	False		27	True	False
(filmRef)4343	False		62	True	False
(filmRef)4344	False		68	True	False
(filmRef)4345	False		40	True	False
(filmRef)4346	False		77	True	False
(filmRef)4347	False		121	True	False
(filmRef)4348	False		85	True	False
(filmRef)4349	False		161	True	False
(filmRef)4350	False		380	True	False
(filmRef)4351	False		168	True	False
(filmRef)4352	False		72	True	False
(filmRef)4355	False		171	True	False
(filmRef)4358	False		173	True	False
(filmRef)4360	False		164	True	False
(filmRef)4361	False		90	True	False
(filmRef)4363	False		215	True	False
(filmRef)4364	False		439	True	False
(filmRef)4365	False		68	True	False
(filmRef)4366	False		55	True	False
(filmRef)4367	False		36	True	False
(filmRef)4368	False		53	True	False
(filmRef)4369	False		66	True	False
(filmRef)4370	False		62	True	False
(filmRef)4371	False		385	True	False
(filmRef)4372	False		265	True	False
(filmRef)4373	False		521	True	False
(filmRef)4374	False		146	True	False
(filmRef)4375	False		125	True	False
(filmRef)4376	False		116	True	False
(filmRef)4377	False		102	True	False
(filmRef)4380	False		99	True	False
(filmRef)4383	False		210	True	False
(filmRef)4386	False		131	True	False
(filmRef)4387	False		117	True	False
(filmRef)4388	False		220	True	False
(filmRef)4389	False		252	True	False
(filmRef)4390	False		205	True	False
(filmRef)4391	False		487	True	False
(filmRef)4393	False		134	True	False
(filmRef)4407	False		47	True	False
(filmRef)4408	False		104	True	False
(filmRef)4409	False		96	True	False
(filmRef)4410	False		90	True	False
(filmRef)4411	False		111	True	False
(filmRef)4412	False		80	True	False
(filmRef)4413	False		74	True	False
(filmRef)4414	False		49	True	False
(filmRef)4415	False		412	True	False
(filmRef)4416	False		335	True	False
(filmRef)4417	False		300	True	False
(filmRef)4418	False		260	True	False
(filmRef)4419	False		281	True	False
(filmRef)4420	False		83	True	False
(filmRef)4422	False		353	True	False
(filmRef)4423	False		181	True	False
(filmRef)4424	False		143	True	False
(filmRef)4425	False		193	True	False
(filmRef)4426	False		269	True	False
(filmRef)4427	False		36	True	False
(filmRef)4429	False		132	True	False
(filmRef)4430	False		120	True	False
(filmRef)4431	False		365	True	False
(filmRef)4432	False		327	True	False
(filmRef)4433	False		115	True	False
(filmRef)4434	False		763	True	False
(filmRef)4435	False		235	True	False
(filmRef)4436	False		269	True	False
(filmRef)4437	False		334	True	False
(filmRef)4438	False		401	True	False
(filmRef)4439	False		130	True	False
(filmRef)4440	False		213	True	False
(filmRef)4441	False		78	True	False
(filmRef)4442	False		378	True	False
(filmRef)4443	False		184	False	False
(filmRef)4444	False		242	True	False
(filmRef)4444A	False		204	True	False
(filmRef)4445	False		114	True	False
(filmRef)4445A	False		92	True	False
(filmRef)4446	False		133	True	False
(filmRef)4447	False		60	True	False
(filmRef)4448	False		180	True	False
(filmRef)4449	False		749	True	False
(filmRef)4450	False		64	True	False
(filmRef)4451	False		232	True	False
(filmRef)4452	False		103	True	False
(filmRef)4453	False		96	True	False
(filmRef)4454	False		148	True	False
(filmRef)4455	False		268	True	False
(filmRef)4456	False		934	True	False
(filmRef)4457	False		214	True	False
(filmRef)4458	False		311	True	False
(filmRef)4459	False		541	True	False
(filmRef)4460	False		373	True	False
(filmRef)4461	False		850	True	False
(filmRef)4462	False		142	True	False
(filmRef)4463	False		198	True	False
(filmRef)4464	False		70	True	False
(filmRef)4465	False		85	True	False
(filmRef)4466	False		128	True	False
(filmRef)4467	False		99	True	False
(filmRef)4468	False		72	True	False
(filmRef)4469	False		389	True	False
(filmRef)4470	False		281	True	False
(filmRef)4471	False		46	True	False
(filmRef)4472	False		185	True	False
(filmRef)4473	False		81	True	False
(filmRef)4474	False		116	True	False
(filmRef)4475	False		44	True	False
(filmRef)4476	False		94	True	False
(filmRef)4477	False		41	True	False
(filmRef)4478	False		61	True	False
(filmRef)4479	False		57	True	False
(filmRef)4480	False		89	True	False
(filmRef)4481	False		395	True	False
(filmRef)4482	False		321	True	False
(filmRef)4483	False		185	True	False
(filmRef)4484	False		360	True	False
(filmRef)4485	False		431	True	False
(filmRef)4486	False		440	True	False
(filmRef)4487	False		93	True	False
(filmRef)4488	False		305	True	False
(filmRef)4489	False		194	True	False
(filmRef)4490	False		175	True	False
(filmRef)4491	False		377	True	False
(filmRef)4492	False		640	True	False
(filmRef)4493	False		651	True	False
(filmRef)4494	False		469	True	False
(filmRef)4495	False		426	True	False
(filmRef)4496	False		374	True	False
(filmRef)4497	False		256	True	False
(filmRef)4498	False		444	True	False
(filmRef)4499	False		203	True	False
(filmRef)4500	False		542	True	False
(filmRef)4501	False		778	True	False
(filmRef)4502	False		743	True	False
(filmRef)4503	False		147	True	False
(filmRef)4504	False		841	True	False
(filmRef)4505	False		601	True	False
(filmRef)4506	False		104	True	False
(filmRef)4507	False		580	True	False
(filmRef)4508	False		74	True	False
(filmRef)4509	False		323	True	False
(filmRef)4510	False		965	True	False
(filmRef)4511	False		120	True	False
(filmRef)4512	False		150	True	False
(filmRef)4513	False		283	True	False
(filmRef)4514	False		255	True	False
(filmRef)4515	False		266	True	False
(filmRef)4516	False		194	True	False
(filmRef)4517	False		816	True	False
(filmRef)4518	False		139	True	False
(filmRef)4519	False		134	True	False
(filmRef)4520	False		62	True	False
(filmRef)4522	False		112	True	False
(filmRef)4523	False		101	True	False
(filmRef)4524	False		179	True	False
(filmRef)4525	False		198	True	False
(filmRef)4526	False		41	True	False
(filmRef)4528	False		203	True	False
(filmRef)4529	False		225	True	False
(filmRef)4530	False		445	True	False
(filmRef)4531	False		922	True	False
(filmRef)4532	False		510	True	False
(filmRef)4533	False		530	True	False
(filmRef)4534	False		564	True	False
(filmRef)4535	False		363	True	False
(filmRef)4536	False		689	True	False
(filmRef)4537	False		497	True	False
(filmRef)4538	False		614	True	False
(filmRef)4539	False		813	True	False
(filmRef)4540	False		1097	True	False
(filmRef)4541	False		1014	True	False
(filmRef)4542	False		155	True	False
(filmRef)4543	False		300	True	False
(filmRef)4544	False		112	True	False
(filmRef)4545	False		110	True	False
(filmRef)4546	False		78	True	False
(filmRef)4547	False		288	True	False
(filmRef)4548	False		338	True	False
(filmRef)4549	False		158	True	False
(filmRef)4550	False		424	True	False
(filmRef)4551	False		126	True	False
(filmRef)4552	False		394	True	False
(filmRef)4553	False		299	True	False
(filmRef)4554	False		628	True	False
(filmRef)4555	False		719	True	False
(filmRef)4556	False		388	True	False
(filmRef)4557	False		137	True	False
(filmRef)4558	False		183	True	False
(filmRef)4559	False		137	True	False
(filmRef)4560	False		193	True	False
(filmRef)4561	False		61	True	False
(filmRef)4562	False		205	True	False
(filmRef)4563	False		434	True	False
(filmRef)4564	False		394	True	False
(filmRef)4565	False		49	True	False
(filmRef)4567	False		191	True	False
(filmRef)4568	False		753	True	False
(filmRef)4569	False		361	True	False
(filmRef)4570	False		293	True	False
(filmRef)4571	False		248	True	False
(filmRef)4572	False		56	True	False
(filmRef)4573	False		403	True	False
(filmRef)4574	False		473	True	False
(filmRef)4575	False		373	True	False
(filmRef)4576	False		122	True	False
(filmRef)4577	False		464	True	False
(filmRef)4578	False		397	True	False
(filmRef)4579	False		206	True	False
(filmRef)4580	False		175	True	False
(filmRef)4581	False		254	True	False
(filmRef)4582	False		367	True	False
(filmRef)4583	False		290	True	False
(filmRef)4584	False		521	True	False
(filmRef)4585	False		636	True	False
(filmRef)4586	False		284	True	False
(filmRef)4587	False		512	True	False
(filmRef)4588	False		529	True	False
(filmRef)4589	False		278	True	False
(filmRef)4590	False		179	True	False
(filmRef)4591	False		446	True	False
(filmRef)4592	False		206	True	False
(filmRef)4593	False		380	True	False
(filmRef)4594	False		141	True	False
(filmRef)4595	False		311	True	False
(filmRef)4596	False		267	True	False
(filmRef)4597	False		448	True	False
(filmRef)4598	False		216	True	False
(filmRef)4599	False		152	True	False
(filmRef)4600	False		85	True	False
(filmRef)4601	False		259	True	False
(filmRef)4602	False		282	True	False
(filmRef)4603	False		348	True	False
(filmRef)4604	False		1558	True	False
(filmRef)4605	False		264	True	False
(filmRef)4606	False		46	True	False
(filmRef)4607	False		89	True	False
(filmRef)4608	False		452	True	False
(filmRef)4609	False		139	True	False
(filmRef)4610	False		188	True	False
(filmRef)4611	False		497	True	False
(filmRef)4612	False		264	True	False
(filmRef)4613	False		313	True	False
(filmRef)4614	False		495	True	False
(filmRef)4615	False		121	True	False
(filmRef)4616	False		102	True	False
(filmRef)4617	False		149	True	False
(filmRef)4618	False		313	True	False
(filmRef)4619	False		327	True	False
(filmRef)4620	False		506	True	False
(filmRef)4621	False		538	True	False
(filmRef)4622	False		771	True	False
(filmRef)4623	False		196	True	False
(filmRef)4624	False		573	True	False
(filmRef)4625	False		478	True	False
(filmRef)4626	False		1368	True	False
(filmRef)4627	False		581	True	False
(filmRef)4632	False		275	True	False
(filmRef)4633	False		94	True	False
(filmRef)4634	False		70	True	False
(filmRef)4635	False		961	True	False
(filmRef)4636	False		887	True	False
(filmRef)4637	False		251	True	False
(filmRef)4638	False		149	True	False
(filmRef)4639	False		135	True	False
(filmRef)4640	False		140	True	False
(filmRef)4641	False		156	True	False
(filmRef)4642	False		185	True	False
(filmRef)4643	False		305	True	False
(filmRef)4644	False		257	True	False
(filmRef)4645	False		430	True	False
(filmRef)4646	False		81	True	False
(filmRef)4647	False		57	True	False
(filmRef)4648	False		123	True	False
(filmRef)4649	False		95	True	False
(filmRef)4650	False		584	True	False
(filmRef)4651	False		329	True	False
(filmRef)4652	False		413	True	False
(filmRef)4653	False		513	True	False
(filmRef)4654	False		397	True	False
(filmRef)4655	False		194	True	False
(filmRef)4656	False		260	True	False
(filmRef)4657	False		538	True	False
(filmRef)4658	False		443	True	False
(filmRef)4659	False		489	True	False
(filmRef)4660	False		445	True	False
(filmRef)4665	False		168	True	False
(filmRef)4667	False		146	True	False
(filmRef)4671	False		136	True	False
(filmRef)4672	False		71	True	False
(filmRef)4673	False		177	True	False
(filmRef)4674	False		248	True	False
(filmRef)4675	False		140	True	False
(filmRef)4676	False		39	True	False
(filmRef)4677	False		325	True	False
(filmRef)4678	False		380	True	False
(filmRef)4679	False		480	True	False
(filmRef)4680	False		104	True	False
(filmRef)4681	False		6	True	False
(filmRef)4682	False		447	True	False
(filmRef)4683	False		120	True	False
(filmRef)4684	False		390	True	False
(filmRef)4685	False		243	True	False
(filmRef)4686	False		122	True	False
(filmRef)4687	False		161	True	False
(filmRef)4688	False		225	True	False
(filmRef)4689	False		236	True	False
(filmRef)4690	False		161	True	False
(filmRef)4691	False		289	True	False
(filmRef)4693	False		219	True	False
(filmRef)4694	False		140	True	False
(filmRef)4695	False		143	True	False
(filmRef)4696	False		294	True	False
(filmRef)4697	False		107	True	False
(filmRef)4698	False		276	True	False
(filmRef)4700	False		89	True	False
(filmRef)4701	False		81	True	False
(filmRef)4702	False		212	True	False
(filmRef)4703	False		130	True	False
(filmRef)4704	False		90	True	False
(filmRef)4705	False		215	True	False
(filmRef)4706	False		135	True	False
(filmRef)4707	False		381	True	False
(filmRef)4708	False		159	True	False
(filmRef)4709	False		77	True	False
(filmRef)4710	False		81	True	False
(filmRef)4711	False		81	True	False
(filmRef)4712	False		81	True	False
(filmRef)4713	False		427	True	False
(filmRef)4714	False		548	True	False
(filmRef)4715	False		119	True	False
(filmRef)4716	False		123	True	False
(filmRef)4717	False		271	True	False
(filmRef)4718	False		544	True	False
(filmRef)4719	False		258	True	False
(filmRef)4720	False		392	True	False
(filmRef)4721	False		436	True	False
(filmRef)4722	False		219	True	False
(filmRef)4723	False		23	True	False
(filmRef)4724	False		68	True	False
(filmRef)4725	False		101	True	False
(filmRef)4726	False		84	True	False
(filmRef)4727	False		153	True	False
(filmRef)4728	False		173	True	False
(filmRef)4729	False		194	True	False
(filmRef)4730	False		362	True	False
(filmRef)4731	False		87	True	False
(filmRef)4732	False		129	True	False
(filmRef)4733	False		106	True	False
(filmRef)4734	False		88	True	False
(filmRef)4735	False		96	True	False
(filmRef)4736	False		165	True	False
(filmRef)4737	False		214	True	False
(filmRef)4738	False		381	True	False
(filmRef)4739	False		180	True	False
(filmRef)4740	False		181	True	False
(filmRef)4741	False		733	True	False
(filmRef)4742	False		223	True	False
(filmRef)4743	False		196	True	False
(filmRef)4744	False		197	True	False
(filmRef)4745	False		83	True	False
(filmRef)4746	False		135	True	False
(filmRef)4747	False		211	True	False
(filmRef)4748	False		112	True	False
(filmRef)4749	False		257	True	False
(filmRef)4750	False		545	True	False
(filmRef)4751	False		175	True	False
(filmRef)4752	False		75	True	False
(filmRef)4753	False		200	True	False
(filmRef)4754	False		103	True	False
(filmRef)4755	False		77	True	False
(filmRef)4756	False		39	True	False
(filmRef)4757	False		75	True	False
(filmRef)4758	False		22	True	False
(filmRef)4759	False		22	True	False
(filmRef)4760	False		59	True	False
(filmRef)4761	False		20	True	False
(filmRef)4762	False		115	True	False
(filmRef)4763	False		132	True	False
(filmRef)4764	False		95	True	False
(filmRef)4765	False		50	True	False
(filmRef)4766	False		39	True	False
(filmRef)4767	False		57	True	False
(filmRef)4768	False		62	True	False
(filmRef)4769	False		36	True	False
(filmRef)4770	False		26	True	False
(filmRef)4771	False		34	True	False
(filmRef)4772	False		43	True	False
(filmRef)4773	False		44	True	False
(filmRef)4774	False		80	True	False
(filmRef)4775	False		74	True	False
(filmRef)4776	False		38	True	False
(filmRef)4777	False		54	True	False
(filmRef)4778	False		60	True	False
(filmRef)4779	False		74	True	False
(filmRef)4780	False		77	True	False
(filmRef)4781	False		42	True	False
(filmRef)4782	False		50	True	False
(filmRef)4783	False		51	True	False
(filmRef)4784	False		24	True	False
(filmRef)4785	False		86	True	False
(filmRef)4786	False		44	True	False
(filmRef)4787	False		28	True	False
(filmRef)4788	False		44	True	False
(filmRef)4789	False		18	True	False
(filmRef)4790	False		61	True	False
(filmRef)4791	False		58	True	False
(filmRef)4792	False		92	True	False
(filmRef)4793	False		52	True	False
(filmRef)4794	False		17	True	False
(filmRef)4795	False		21	True	False
(filmRef)4796	False		52	True	False
(filmRef)4797	False		36	True	False
(filmRef)4798	False		46	True	False
(filmRef)4799	False		83	True	False
(filmRef)4800	False		54	True	False
(filmRef)4801	False		39	True	False
(filmRef)4802	False		52	True	False
(filmRef)4803	False		78	True	False
(filmRef)4804	False		36	True	False
(filmRef)4805	False		86	True	False
(filmRef)4806	False		26	True	False
(filmRef)4807	False		87	True	False
(filmRef)4808	False		24	True	False
(filmRef)4809	False		144	True	False
(filmRef)4810	False		14	True	False
(filmRef)4811	False		61	True	False
(filmRef)4812	False		62	True	False
(filmRef)4813	False		168	True	False
(filmRef)4814	False		142	True	False
(filmRef)4815	False		77	True	False
(filmRef)4816	False		208	True	False
(filmRef)4817	False		389	True	False
(filmRef)4818	False		986	True	False
(filmRef)4819	False		201	True	False
(filmRef)4820	False		153	True	False
(filmRef)4821	False		268	True	False
(filmRef)4822	False		12	True	False
(filmRef)4823	False		24	True	False
(filmRef)4824	False		30	True	False
(filmRef)4825	False		24	True	False
(filmRef)4828	False		67	True	False
(filmRef)4829	False		51	True	False
(filmRef)4830	False		68	True	False
(filmRef)4831	False		47	True	False
(filmRef)4832	False		79	True	False
(filmRef)4833	False		74	True	False
(filmRef)4834	False		93	True	False
(filmRef)4835	False		155	True	False
(filmRef)4836	False		81	True	False
(filmRef)4837	False		45	True	False
(filmRef)4838	False		110	True	False
(filmRef)4839	False		49	True	False
(filmRef)4840	False		100	True	False
(filmRef)4841	False		57	True	False
(filmRef)4842	False		174	True	False
(filmRef)4843	False		160	True	False
(filmRef)4844	False		37	True	False
(filmRef)4845	False		121	True	False
(filmRef)4846	False		68	True	False
(filmRef)4847	False		63	True	False
(filmRef)4848	False		61	True	False
(filmRef)4849	False		71	True	False
(filmRef)4850	False		51	True	False
(filmRef)4851	False		70	True	False
(filmRef)4852	False		73	True	False
(filmRef)4853	False		88	True	False
(filmRef)4854	False		52	True	False
(filmRef)4855	False		54	True	False
(filmRef)4856	False		45	True	False
(filmRef)4857	False		63	True	False
(filmRef)4858	False		229	True	False
(filmRef)4859	False		69	True	False
(filmRef)4860	False		96	True	False
(filmRef)4861	False		79	True	False
(filmRef)4863	False		44	True	False
(filmRef)4864	False		73	True	False
(filmRef)4865	False		74	True	False
(filmRef)4866	False		54	True	False
(filmRef)4867	False		87	True	False
(filmRef)4868	False		52	True	False
(filmRef)4869	False		192	True	False
(filmRef)4870	False		63	True	False
(filmRef)4871	False		88	True	False
(filmRef)4872	False		53	True	False
(filmRef)4873	False		71	True	False
(filmRef)4874	False		111	True	False
(filmRef)4875	False		46	True	False
(filmRef)4876	False		118	True	False
(filmRef)4877	False		116	True	False
(filmRef)4878	False		55	True	False
(filmRef)4879	False		33	True	False
(filmRef)4880	False		20	False	False
(filmRef)4881	False		148	True	False
(filmRef)4882	False		31	True	False
(filmRef)4883	False		66	True	False
(filmRef)4884	False		41	True	False
(filmRef)4885	False		58	True	False
(filmRef)4886	False		61	True	False
(filmRef)4887	False		52	True	False
(filmRef)4888	False		103	True	False
(filmRef)4889	False		83	True	False
(filmRef)4890	False		85	True	False
(filmRef)4891	False		109	True	False
(filmRef)4892	False		53	True	False
(filmRef)4893	False		55	True	False
(filmRef)4894	False		65	True	False
(filmRef)4895	False		73	True	False
(filmRef)4896	False		60	True	False
(filmRef)4897	False		206	True	False
(filmRef)4898	False		105	True	False
(filmRef)4899	False		101	True	False
(filmRef)4900	False		113	True	False
(filmRef)4901	False		92	True	False
(filmRef)4902	False		78	True	False
(filmRef)4903	False		73	True	False
(filmRef)4904	False		49	True	False
(filmRef)4905	False		31	True	False
(filmRef)4906	False		64	True	False
(filmRef)4907	False		121	True	False
(filmRef)4908	False		99	True	False
(filmRef)4909	False		81	True	False
(filmRef)4910	False		196	True	False
(filmRef)4911	False		79	True	False
(filmRef)4912	False		51	True	False
(filmRef)4913	False		49	True	False
(filmRef)4914	False		67	True	False
(filmRef)4915	False		58	True	False
(filmRef)4916	False		85	True	False
(filmRef)4917	False		50	True	False
(filmRef)4918	False		121	True	False
(filmRef)4919	False		33	True	False
(filmRef)4920	False		77	True	False
(filmRef)4921	False		78	True	False
(filmRef)4922	False		41	True	False
(filmRef)4923	False		34	True	False
(filmRef)4924	False		39	True	False
(filmRef)4925	False		67	True	False
(filmRef)4926	False		47	True	False
(filmRef)4927	False		188	True	False
(filmRef)4928	False		5	True	False
(filmRef)4929	False		23	True	False
(filmRef)4930	False		31	True	False
(filmRef)4931	False		298	True	False
(filmRef)4932	False		143	True	False
(filmRef)4933	False		71	True	False
(filmRef)4934	False		93	True	False
(filmRef)4935	False		109	True	False
(filmRef)4936	False		60	True	False
(filmRef)4937	False		56	True	False
(filmRef)4938	False		128	True	False
(filmRef)4939	False		155	True	False
(filmRef)4940	False		98	True	False
(filmRef)4941	False		1077	True	False
(filmRef)4942	False		59	True	False
(filmRef)4943	False		37	True	False
(filmRef)4944	False		57	True	False
(filmRef)4945	False		57	True	False
(filmRef)4946	False		54	True	False
(filmRef)4947	False		71	True	False
(filmRef)4948	False		231	True	False
(filmRef)4949	False		46	True	False
(filmRef)4950	False		150	True	False
(filmRef)4951	False		55	True	False
(filmRef)4952	False		79	True	False
(filmRef)4953	False		32	True	False
(filmRef)4954	False		43	True	False
(filmRef)4955	False		61	True	False
(filmRef)4956	False		148	True	False
(filmRef)4957	False		83	True	False
(filmRef)4958	False		194	True	False
(filmRef)4959	False		126	True	False
(filmRef)4960	False		112	True	False
(filmRef)4961	False		111	True	False
(filmRef)4962	False		131	True	False
(filmRef)4963	False		47	True	False
(filmRef)4964	False		32	True	False
(filmRef)4965	False		32	True	False
(filmRef)4966	False		100	True	False
(filmRef)4967	False		326	True	False
(filmRef)4968	False		517	True	False
(filmRef)4969	False		137	True	False
(filmRef)4970	False		109	True	False
(filmRef)4971	False		105	True	False
(filmRef)4972	False		342	True	False
(filmRef)4973	False		43	True	False
(filmRef)4974	False		82	True	False
(filmRef)4975	False		79	True	False
(filmRef)4976	False		157	True	False
(filmRef)4977	False		227	True	False
(filmRef)4978	False		587	True	False
(filmRef)4979	False		47	True	False
(filmRef)4980	False		98	True	False
(filmRef)4981	False		86	True	False
(filmRef)4982	False		75	True	False
(filmRef)4983	False		70	True	False
(filmRef)4984	False		100	True	False
(filmRef)4985	False		87	True	False
(filmRef)4987	False		446	True	False
(filmRef)4988	False		896	True	False
(filmRef)4989	False		197	True	False
(filmRef)4990	False		129	True	False
(filmRef)4991	False		210	True	False
(filmRef)4992	False		269	True	False
(filmRef)4993	False		160	True	False
(filmRef)4994	False		523	True	False
(filmRef)4995	False		288	True	False
(filmRef)4996	False		522	True	False
(filmRef)4997	False		413	True	False
(filmRef)4998	False		29	True	False
(filmRef)4999	False		116	True	False
(filmRef)5000	False		52	True	False
(filmRef)5001	False		426	True	False
(filmRef)5002	False		236	True	False
(filmRef)5003	False		302	True	False
(filmRef)5004	False		132	True	False
(filmRef)5005	False		74	True	False
(filmRef)5006	False		152	True	False
(filmRef)5007	False		52	True	False
(filmRef)5008	False		250	True	False
(filmRef)5009	False		34	True	False
(filmRef)5010	False		48	True	False
(filmRef)5011	False		30	True	False
(filmRef)5012	False		40	True	False
(filmRef)5013	False		82	True	False
(filmRef)5014	False		90	True	False
(filmRef)5015	False		165	True	False
(filmRef)5016	False		317	True	False
(filmRef)5017	False		58	True	False
(filmRef)5018	False		203	True	False
(filmRef)5019	False		185	True	False
(filmRef)5020	False		91	True	False
(filmRef)5021	False		127	True	False
(filmRef)5022	False		182	True	False
(filmRef)5023	False		159	True	False
(filmRef)5024	False		127	True	False
(filmRef)5025	False		101	True	False
(filmRef)5026	False		47	True	False
(filmRef)5027	False		25	True	False
(filmRef)5029	False		81	True	False
(filmRef)5030	False		129	True	False
(filmRef)5031	False		203	True	False
(filmRef)5032	False		226	True	False
(filmRef)5034	False		141	True	False
(filmRef)5035	False		112	True	False
(filmRef)5036	False		109	True	False
(filmRef)5037	False		69	True	False
(filmRef)5038	False		55	True	False
(filmRef)5039	False		215	True	False
(filmRef)5040	False		260	True	False
(filmRef)5041	False		111	True	False
(filmRef)5042	False		236	True	False
(filmRef)5043	False		198	True	False
(filmRef)5046	False		109	True	False
(filmRef)5047	False		284	True	False
(filmRef)5048	False		82	True	False
(filmRef)5049	False		317	True	False
(filmRef)5050	False		62	True	False
(filmRef)5051	False		36	True	False
(filmRef)5052	False		225	True	False
(filmRef)5053	False		45	True	False
(filmRef)5054	False		132	True	False
(filmRef)5055	False		79	True	False
(filmRef)5056	False		34	True	False
(filmRef)5057	False		40	False	False
(filmRef)5058	False		20	True	False
(filmRef)5059	False		17	True	False
(filmRef)5060	False		45	True	False
(filmRef)5061	False		132	True	False
(filmRef)5062	False		48	True	False
(filmRef)5063	False		87	True	False
(filmRef)5064	False		105	True	False
(filmRef)5065	False		96	True	False
(filmRef)5066	False		102	True	False
(filmRef)5067	False		62	True	False
(filmRef)5068	False		249	True	False
(filmRef)5069	False		151	True	False
(filmRef)5070	False		49	True	False
(filmRef)5071	False		57	True	False
(filmRef)5072	False		66	True	False
(filmRef)5073	False		67	True	False
(filmRef)5074	False		86	True	False
(filmRef)5075	False		73	True	False
(filmRef)5076	False		70	True	False
(filmRef)5077	False		141	True	False
(filmRef)5078	False		24	True	False
(filmRef)5079	False		43	True	False
(filmRef)5080	False		62	True	False
(filmRef)5084	False		19	True	False
(filmRef)5085	False		104	True	False
(filmRef)5086	False		43	True	False
(filmRef)5087	False		59	True	False
(filmRef)5088	False		70	True	False
(filmRef)5089	False		40	True	False
(filmRef)5090	False		71	True	False
(filmRef)5091	False		415	True	False
(filmRef)5092	False		87	True	False
(filmRef)5093	False		399	True	False
(filmRef)5094	False		281	True	False
(filmRef)5095	False		228	True	False
(filmRef)5096	False		91	True	False
(filmRef)5097	False		358	True	False
(filmRef)5098	False		99	True	False
(filmRef)5099	False		548	True	False
(filmRef)5100	False		20	True	False
(filmRef)5101	False		264	True	False
(filmRef)5102	False		362	True	False
(filmRef)5103	False		497	True	False
(filmRef)5104	False		372	True	False
(filmRef)5106	False		418	True	False
(filmRef)5107	False		249	True	False
(filmRef)5108	False		334	True	False
(filmRef)5109	False		27	True	False
(filmRef)5110	False		27	True	False
(filmRef)5111	False		338	True	False
(filmRef)5112	False		130	True	False
(filmRef)5113	False		53	True	False
(filmRef)5114	False		44	True	False
(filmRef)5115	False		86	True	False
(filmRef)5116	False		89	True	False
(filmRef)5117	False		90	True	False
(filmRef)5118	False		44	True	False
(filmRef)5119	False		103	True	False
(filmRef)5120	False		47	True	False
(filmRef)5121	False		277	True	False
(filmRef)5122	False		66	True	False
(filmRef)5123	False		41	True	False
(filmRef)5124	False		81	True	False
(filmRef)5125	False		44	True	False
(filmRef)5126	False		75	True	False
(filmRef)5127	False		55	True	False
(filmRef)5128	False		59	True	False
(filmRef)5129	False		42	True	False
(filmRef)5130	False		81	True	False
(filmRef)5131	False		60	True	False
(filmRef)5132	False		69	True	False
(filmRef)5133	False		76	True	False
(filmRef)5134	False		66	True	False
(filmRef)5135	False		25	True	False
(filmRef)5136	False		54	True	False
(filmRef)5137	False		28	True	False
(filmRef)5138	False		31	True	False
(filmRef)5139	False		60	True	False
(filmRef)5140	False		64	True	False
(filmRef)5141	False		46	True	False
(filmRef)5142	False		76	True	False
(filmRef)5143	False		100	True	False
(filmRef)5144	False		60	True	False
(filmRef)5145	False		48	True	False
(filmRef)5147	False		80	True	False
(filmRef)5148	False		47	True	False
(filmRef)5149	False		61	True	False
(filmRef)5150	False		103	True	False
(filmRef)5151	False		46	True	False
(filmRef)5152	False		82	True	False
(filmRef)5153	False		100	True	False
(filmRef)5154	False		61	True	False
(filmRef)5155	False		170	True	False
(filmRef)5156	False		697	True	False
(filmRef)5157	False		48	True	False
(filmRef)5158	False		38	True	False
(filmRef)5159	False		42	True	False
(filmRef)5160	False		35	True	False
(filmRef)5161	False		57	True	False
(filmRef)5162	False		36	True	False
(filmRef)5163	False		79	True	False
(filmRef)5164	False		86	True	False
(filmRef)5165	False		111	True	False
(filmRef)5166	False		59	True	False
(filmRef)5167	False		59	True	False
(filmRef)5168	False		23	True	False
(filmRef)5169	False		32	True	False
(filmRef)5170	False		53	True	False
(filmRef)5171	False		116	True	False
(filmRef)5172	False		21	True	False
(filmRef)5173	False		115	True	False
(filmRef)5174	False		44	True	False
(filmRef)5175	False		59	True	False
(filmRef)5176	False		67	True	False
(filmRef)5177	False		47	True	False
(filmRef)5178	False		80	True	False
(filmRef)5179	False		64	True	False
(filmRef)5180	False		51	True	False
(filmRef)5181	False		68	True	False
(filmRef)5182	False		43	True	False
(filmRef)5183	False		35	True	False
(filmRef)5184	False		52	True	False
(filmRef)5185	False		44	True	False
(filmRef)5186	False		19	True	False
(filmRef)5187	False		30	True	False
(filmRef)5188	False		43	True	False
(filmRef)5189	False		107	True	False
(filmRef)5190	False		64	True	False
(filmRef)5191	False		23	True	False
(filmRef)5192	False		57	True	False
(filmRef)5193	False		51	True	False
(filmRef)5194	False		30	True	False
(filmRef)5195	False		37	True	False
(filmRef)5196	False		58	True	False
(filmRef)5197	False		45	True	False
(filmRef)5198	False		68	True	False
(filmRef)5199	False		86	True	False
(filmRef)5200	False		45	True	False
(filmRef)5201	False		46	True	False
(filmRef)5202	False		100	True	False
(filmRef)5203	False		33	True	False
(filmRef)5204	False		80	True	False
(filmRef)5205	False		49	True	False
(filmRef)5206	False		103	True	False
(filmRef)5207	False		73	True	False
(filmRef)5208	False		58	True	False
(filmRef)5209	False		58	True	False
(filmRef)5210	False		66	True	False
(filmRef)5211	False		30	True	False
(filmRef)5212	False		42	True	False
(filmRef)5213	False		28	True	False
(filmRef)5214	False		34	True	False
(filmRef)5215	False		66	True	False
(filmRef)5216	False		68	True	False
(filmRef)5217	False		67	True	False
(filmRef)5218	False		37	True	False
(filmRef)5219	False		59	True	False
(filmRef)5220	False		59	True	False
(filmRef)5221	False		75	True	False
(filmRef)5222	False		69	True	False
(filmRef)5223	False		104	True	False
(filmRef)5224	False		61	True	False
(filmRef)5225	False		27	True	False
(filmRef)5226	False		37	True	False
(filmRef)5227	False		82	True	False
(filmRef)5228	False		51	True	False
(filmRef)5229	False		60	True	False
(filmRef)5230	False		49	True	False
(filmRef)5231	False		35	True	False
(filmRef)5232	False		22	True	False
(filmRef)5233	False		21	True	False
(filmRef)5234	False		42	True	False
(filmRef)5235	False		36	True	False
(filmRef)5236	False		70	True	False
(filmRef)5237	False		109	True	False
(filmRef)5238	False		109	True	False
(filmRef)5239	False		73	True	False
(filmRef)5240	False		24	True	False
(filmRef)5241	False		29	True	False
(filmRef)5242	False		61	True	False
(filmRef)5243	False		16	True	False
(filmRef)5244	False		16	True	False
(filmRef)5245	False		131	True	False
(filmRef)5246	False		24	True	False
(filmRef)5247	False		24	True	False
(filmRef)5248	False		48	True	False
(filmRef)5249	False		21	True	False
(filmRef)5250	False		66	True	False
(filmRef)5251	False		45	True	False
(filmRef)5252	False		40	True	False
(filmRef)5253	False		53	True	False
(filmRef)5254	False		31	True	False
(filmRef)5255	False		49	True	False
(filmRef)5256	False		28	True	False
(filmRef)5257	False		15	True	False
(filmRef)5258	False		21	True	False
(filmRef)5259	False		34	True	False
(filmRef)5260	False		85	True	False
(filmRef)5261	False		90	True	False
(filmRef)5262	False		34	True	False
(filmRef)5263	False		69	True	False
(filmRef)5264	False		26	True	False
(filmRef)5265	False		26	True	False
(filmRef)5266	False		38	True	False
(filmRef)5267	False		22	True	False
(filmRef)5268	False		27	True	False
(filmRef)5269	False		104	True	False
(filmRef)5270	False		38	True	False
(filmRef)5271	False		33	True	False
(filmRef)5272	False		43	True	False
(filmRef)5273	False		32	True	False
(filmRef)5274	False		63	True	False
(filmRef)5275	False		29	True	False
(filmRef)5276	False		34	True	False
(filmRef)5277	False		30	True	False
(filmRef)5278	False		34	True	False
(filmRef)5279	False		57	True	False
(filmRef)5280	False		307	True	False
(filmRef)5282	False		249	True	False
(filmRef)5283	False		269	True	False
(filmRef)5284	False		81	True	False
(filmRef)5285	False		75	True	False
(filmRef)5287	False		63	True	False
(filmRef)5288	False		84	True	False
(filmRef)5289	False		42	True	False
(filmRef)5290	False		527	True	False
(filmRef)5291	False		211	True	False
(filmRef)5292	False		69	True	False
(filmRef)5293	False		153	True	False
(filmRef)5294	False		374	True	False
(filmRef)5295	False		61	True	False
(filmRef)5296	False		132	True	False
(filmRef)5297	False		22	True	False
(filmRef)5298	False		30	True	False
(filmRef)5299	False		32	True	False
(filmRef)5300	False		36	True	False
(filmRef)5301	False		69	True	False
(filmRef)5302	False		27	True	False
(filmRef)5303	False		33	True	False
(filmRef)5304	False		55	True	False
(filmRef)5305	False		40	True	False
(filmRef)5306	False		99	True	False
(filmRef)5307	False		28	True	False
(filmRef)5308	False		165	True	False
(filmRef)5309	False		39	True	False
(filmRef)5310	False		53	True	False
(filmRef)5311	False		23	True	False
(filmRef)5312	False		44	True	False
(filmRef)5313	False		44	True	False
(filmRef)5314	False		34	True	False
(filmRef)5315	False		36	True	False
(filmRef)5316	False		60	True	False
(filmRef)5317	False		32	True	False
(filmRef)5318	False		386	True	False
(filmRef)5319	False		209	True	False
(filmRef)5320	False		47	True	False
(filmRef)5321	False		165	True	False
(filmRef)5322	False		388	True	False
(filmRef)5323	False		29	True	False
(filmRef)5324	False		29	True	False
(filmRef)5325	False		273	True	False
(filmRef)5326	False		25	True	False
(filmRef)5327	False		306	True	False
(filmRef)5328	False		181	True	False
(filmRef)5329	False		27	True	False
(filmRef)5330	False		140	True	False
(filmRef)5331	False		57	True	False
(filmRef)5332	False		123	True	False
(filmRef)5333	False		53	True	False
(filmRef)5334	False		161	True	False
(filmRef)5335	False		103	True	False
(filmRef)5336	False		76	True	False
(filmRef)5337	False		67	True	False
(filmRef)5338	False		217	True	False
(filmRef)5339	False		286	True	False
(filmRef)5340	False		62	True	False
(filmRef)5341	False		149	True	False
(filmRef)5342	False		102	True	False
(filmRef)5343	False		137	True	False
(filmRef)5344	False		62	True	False
(filmRef)5345	False		97	True	False
(filmRef)5346	False		457	True	False
(filmRef)5347	False		191	True	False
(filmRef)5348	False		148	True	False
(filmRef)5349	False		208	True	False
(filmRef)5350	False		113	True	False
(filmRef)5351	False		84	True	False
(filmRef)5352	False		144	True	False
(filmRef)5353	False		47	True	False
(filmRef)5354	False		91	True	False
(filmRef)5355	False		117	True	False
(filmRef)5356	False		147	True	False
(filmRef)5357	False		61	True	False
(filmRef)5358	False		55	True	False
(filmRef)5359	False		623	True	False
(filmRef)5360	False		32	True	False
(filmRef)5361	False		99	True	False
(filmRef)5362	False		24	True	False
(filmRef)5363	False		37	True	False
(filmRef)5364	False		67	True	False
(filmRef)5365	False		57	True	False
(filmRef)5366	False		30	True	False
(filmRef)5367	False		40	True	False
(filmRef)5368	False		46	True	False
(filmRef)5369	False		53	True	False
(filmRef)5370	False		36	True	False
(filmRef)5371	False		49	True	False
(filmRef)5372	False		46	True	False
(filmRef)5373	False		48	True	False
(filmRef)5374	False		45	True	False
(filmRef)5376	False		405	True	False
(filmRef)5377	False		54	True	False
(filmRef)5378	False		114	True	False
(filmRef)5379	False		344	True	False
(filmRef)5380	False		166	True	False
(filmRef)5381	False		337	True	False
(filmRef)5382	False		109	True	False
(filmRef)5383	False		165	True	False
(filmRef)5384	False		59	True	False
(filmRef)5385	False		60	True	False
(filmRef)5386	False		52	True	False
(filmRef)5387	False		52	True	False
(filmRef)5388	False		58	True	False
(filmRef)5389	False		184	True	False
(filmRef)5390	False		66	True	False
(filmRef)5391	False		65	True	False
(filmRef)5392	False		69	True	False
(filmRef)5393	False		42	True	False
(filmRef)5394	False		63	True	False
(filmRef)5395	False		80	True	False
(filmRef)5396	False		42	True	False
(filmRef)5397	False		89	True	False
(filmRef)5398	False		89	True	False
(filmRef)5399	False		109	True	False
(filmRef)5400	False		49	True	False
(filmRef)5401	False		121	True	False
(filmRef)5402	False		36	True	False
(filmRef)5403	False		93	True	False
(filmRef)5404	False		57	True	False
(filmRef)5405	False		94	True	False
(filmRef)5406	False		85	True	False
(filmRef)5407	False		80	True	False
(filmRef)5408	False		38	True	False
(filmRef)5409	False		112	True	False
(filmRef)5410	False		106	True	False
(filmRef)5411	False		53	True	False
(filmRef)5412	False		50	True	False
(filmRef)5413	False		112	True	False
(filmRef)5414	False		105	True	False
(filmRef)5415	False		32	True	False
(filmRef)5416	False		57	True	False
(filmRef)5417	False		97	True	False
(filmRef)5418	False		96	True	False
(filmRef)5419	False		80	True	False
(filmRef)5420	False		97	True	False
(filmRef)5421	False		79	True	False
(filmRef)5422	False		232	True	False
(filmRef)5423	False		68	True	False
(filmRef)5424	False		118	True	False
(filmRef)5426	False		86	True	False
(filmRef)5427	False		97	True	False
(filmRef)5428	False		62	True	False
(filmRef)5429	False		54	True	False
(filmRef)5430	False		75	True	False
(filmRef)5431	False		144	True	False
(filmRef)5432	False		164	True	False
(filmRef)5433	False		676	True	False
(filmRef)5434	False		156	True	False
(filmRef)5435	False		163	True	False
(filmRef)5436	False		31	True	False
(filmRef)5437	False		84	True	False
(filmRef)5438	False		71	True	False
(filmRef)5439	False		80	True	False
(filmRef)5440	False		55	True	False
(filmRef)5441	False		84	True	False
(filmRef)5442	False		45	True	False
(filmRef)5443	False		111	True	False
(filmRef)5444	False		45	True	False
(filmRef)5445	False		40	True	False
(filmRef)5446	False		79	True	False
(filmRef)5447	False		228	True	False
(filmRef)5448	False		57	True	False
(filmRef)5449	False		56	True	False
(filmRef)5451	False		96	True	False
(filmRef)5452	False		156	True	False
(filmRef)5453	False		59	True	False
(filmRef)5454	False		99	True	False
(filmRef)5455	False		154	True	False
(filmRef)5456	False		72	True	False
(filmRef)5457	False		86	True	False
(filmRef)5458	False		83	True	False
(filmRef)5459	False		35	True	False
(filmRef)5460	False		72	True	False
(filmRef)5461	False		63	True	False
(filmRef)5463	False		222	True	False
(filmRef)5464	False		36	True	False
(filmRef)5465	False		31	True	False
(filmRef)5467	False		100	True	False
(filmRef)5469	False		166	True	False
(filmRef)5470	False		307	True	False
(filmRef)5471	False		476	True	False
(filmRef)5472	False		41	True	False
(filmRef)5473	False		517	True	False
(filmRef)5474	False		43	True	False
(filmRef)5475	False		29	True	False
(filmRef)5476	False		44	True	False
(filmRef)5477	False		103	True	False
(filmRef)5478	False		119	True	False
(filmRef)5479	False		118	True	False
(filmRef)5480	False		99	True	False
(filmRef)5481	False		78	True	False
(filmRef)5482	False		40	True	False
(filmRef)5483	False		79	True	False
(filmRef)5484	False		30	True	False
(filmRef)5485	False		114	True	False
(filmRef)5486	False		79	True	False
(filmRef)5487	False		80	True	False
(filmRef)5488	False		96	True	False
(filmRef)5489	False		111	True	False
(filmRef)5491	False		48	True	False
(filmRef)5492	False		69	True	False
(filmRef)5493	False		117	True	False
(filmRef)5494	False		45	True	False
(filmRef)5495	False		106	True	False
(filmRef)5496	False		67	True	False
(filmRef)5497	False		39	True	False
(filmRef)5498	False		169	True	False
(filmRef)5499	False		46	True	False
(filmRef)5500	False		46	True	False
(filmRef)5501	False		69	True	False
(filmRef)5502	False		134	True	False
(filmRef)5503	False		71	True	False
(filmRef)5504	False		24	True	False
(filmRef)5505	False		124	True	False
(filmRef)5506	False		107	True	False
(filmRef)5507	False		111	True	False
(filmRef)5508	False		208	True	False
(filmRef)5509	False		86	True	False
(filmRef)5510	False		62	True	False
(filmRef)5511	False		84	True	False
(filmRef)5512	False		56	True	False
(filmRef)5513	False		69	True	False
(filmRef)5514	False		118	True	False
(filmRef)5515	False		56	True	False
(filmRef)5516	False		35	True	False
(filmRef)5517	False		74	True	False
(filmRef)5518	False		48	True	False
(filmRef)5519	False		87	True	False
(filmRef)5520	False		199	True	False
(filmRef)5521	False		66	True	False
(filmRef)5522	False		36	True	False
(filmRef)5523	False		22	True	False
(filmRef)5524	False		89	True	False
(filmRef)5525	False		290	True	False
(filmRef)5526	False		116	True	False
(filmRef)5528	False		75	True	False
(filmRef)5529	False		100	True	False
(filmRef)5530	False		50	True	False
(filmRef)5531	False		130	True	False
(filmRef)5533	False		194	True	False
(filmRef)5534	False		171	True	False
(filmRef)5535	False		241	True	False
(filmRef)5536	False		283	True	False
(filmRef)5537	False		291	True	False
(filmRef)5538	False		192	True	False
(filmRef)5539	False		73	True	False
(filmRef)5540	False		88	True	False
(filmRef)5541	False		180	True	False
(filmRef)5542	False		88	True	False
(filmRef)5543	False		77	True	False
(filmRef)5544	False		110	True	False
(filmRef)5545	False		70	True	False
(filmRef)5546	False		85	True	False
(filmRef)5547	False		105	True	False
(filmRef)5548	False		461	True	False
(filmRef)5549	False		65	True	False
(filmRef)5550	False		149	True	False
(filmRef)5551	False		23	True	False
(filmRef)5552	False		61	True	False
(filmRef)5554	True		368	True	False
(filmRef)5555	False		39	True	False
(filmRef)5556	False		201	True	False
(filmRef)5557	False		122	True	False
(filmRef)5559	False		104	True	False
(filmRef)5560	False		390	True	False
(filmRef)5561	False		66	True	False
(filmRef)5562	False		332	True	False
(filmRef)5563	False		198	True	False
(filmRef)5564	False		333	True	False
(filmRef)5565	False		69	True	False
(filmRef)5566	False		246	True	False
(filmRef)5567	False		122	True	False
(filmRef)5568	False		75	True	False
(filmRef)5569	False		30	True	False
(filmRef)5570	False		77	True	False
(filmRef)5571	False		138	True	False
(filmRef)5572	False		71	True	False
(filmRef)5573	False		170	True	False
(filmRef)5574	False		44	True	False
(filmRef)5576	False		183	True	False
(filmRef)5577	False		52	True	False
(filmRef)5578	False		91	True	False
(filmRef)5579	False		29	True	False
(filmRef)5580	False		411	True	False
(filmRef)5581	False		91	True	False
(filmRef)5582	False		45	True	False
(filmRef)5583	False		46	True	False
(filmRef)5584	False		36	True	False
(filmRef)5585	False		247	True	False
(filmRef)5586	False		72	True	False
(filmRef)5587	False		34	True	False
(filmRef)5588	False		21	True	False
(filmRef)5589	False		81	True	False
(filmRef)5590	False		108	True	False
(filmRef)5591	False		250	True	False
(filmRef)5592	False		187	True	False
(filmRef)5594	False		89	True	False
(filmRef)5595	False		204	True	False
(filmRef)5596	False		82	True	False
(filmRef)5598	False		99	True	False
(filmRef)5599	False		108	True	False
(filmRef)5600	False		425	True	False
(filmRef)5601	False		538	True	False
(filmRef)5602	False		401	True	False
(filmRef)5603	False		965	True	False
(filmRef)5604	False		278	True	False
(filmRef)5605	False		33	False	False
(filmRef)5606	False		292	True	False
(filmRef)5607	False		341	True	False
(filmRef)5608	False		445	True	False
(filmRef)5609	False		268	True	False
(filmRef)5610	False		151	True	False
(filmRef)5611	False		171	True	False
(filmRef)5612	False		64	True	False
(filmRef)5613	False		79	True	False
(filmRef)5614	False		447	True	False
(filmRef)5615	False		304	True	False
(filmRef)5616	False		145	True	False
(filmRef)5618	False		109	True	False
(filmRef)5619	False		125	True	False
(filmRef)5620	False		100	True	False
(filmRef)5621	False		159	True	False
(filmRef)5622	False		393	True	False
(filmRef)5623	False		445	True	False
(filmRef)5624	False		90	True	False
(filmRef)5625	False		266	True	False
(filmRef)5626	False		162	True	False
(filmRef)5627	False		350	True	False
(filmRef)5628	False		223	True	False
(filmRef)5629	False		205	True	False
(filmRef)5630	False		270	True	False
(filmRef)5631	False		65	True	False
(filmRef)5632	False		66	True	False
(filmRef)5633	False		186	True	False
(filmRef)5634	False		557	True	False
(filmRef)5635	False		362	True	False
(filmRef)5636	False		740	True	False
(filmRef)5637	False		128	True	False
(filmRef)5638	False		196	True	False
(filmRef)5639	False		213	True	False
(filmRef)5640	False		363	True	False
(filmRef)5641	False		465	True	False
(filmRef)5642	False		62	True	False
(filmRef)5643	False		470	True	False
(filmRef)5645	False		188	True	False
(filmRef)5647	False		464	True	False
(filmRef)5649	False		70	True	False
(filmRef)5650	False		39	True	False
(filmRef)5651	False		361	True	False
(filmRef)5652	False		801	True	False
(filmRef)5653	False		160	True	False
(filmRef)5654	False		110	True	False
(filmRef)5655	False		104	True	False
(filmRef)5656	False		165	True	False
(filmRef)5657	False		327	True	False
(filmRef)5658	False		816	True	False
(filmRef)5659	False		500	True	False
(filmRef)5660	False		251	True	False
(filmRef)5661	False		342	True	False
(filmRef)5662	False		246	True	False
(filmRef)5663	False		164	True	False
(filmRef)5664	False		110	True	False
(filmRef)5665	False		162	True	False
(filmRef)5666	False		174	True	False
(filmRef)5667	False		147	True	False
(filmRef)5668	False		70	True	False
(filmRef)5669	False		136	True	False
(filmRef)5671	False		317	True	False
(filmRef)5672	False		56	True	False
(filmRef)5673	False		68	True	False
(filmRef)5674	False		106	True	False
(filmRef)5675	False		108	True	False
(filmRef)5676	False		293	True	False
(filmRef)5677	False		283	True	False
(filmRef)5678	False		301	True	False
(filmRef)5679	False		193	True	False
(filmRef)5680	False		192	True	False
(filmRef)5681	False		201	True	False
(filmRef)5682	False		186	True	False
(filmRef)5683	False		233	True	False
(filmRef)5684	False		298	True	False
(filmRef)5685	False		277	True	False
(filmRef)5686	False		233	True	False
(filmRef)5687	False		225	True	False
(filmRef)5688	False		245	True	False
(filmRef)5689	False		171	True	False
(filmRef)5690	False		186	True	False
(filmRef)5691	False		228	True	False
(filmRef)5692	False		271	True	False
(filmRef)5693	False		231	True	False
(filmRef)5694	False		227	True	False
(filmRef)5695	False		228	True	False
(filmRef)5696	False		280	True	False
(filmRef)5697	False		188	True	False
(filmRef)5698	False		158	True	False
(filmRef)5699	False		187	True	False
(filmRef)5700	False		207	True	False
(filmRef)5701	False		231	True	False
(filmRef)5702	False		208	True	False
(filmRef)5703	False		208	True	False
(filmRef)5704	False		257	True	False
(filmRef)5705	False		233	True	False
(filmRef)5706	False		320	True	False
(filmRef)5707	False		218	True	False
(filmRef)5708	False		214	True	False
(filmRef)5709	False		228	True	False
(filmRef)5710	False		203	True	False
(filmRef)5711	False		1122	True	False
(filmRef)5712	False		199	True	False
(filmRef)5713	False		249	True	False
(filmRef)5714	False		236	True	False
(filmRef)5715	False		199	True	False
(filmRef)5716	False		171	True	False
(filmRef)5717	False		207	True	False
(filmRef)5718	False		218	True	False
(filmRef)5719	False		202	True	False
(filmRef)5720	False		223	True	False
(filmRef)5721	False		171	True	False
(filmRef)5722	False		258	True	False
(filmRef)5723	False		202	True	False
(filmRef)5724	False		225	True	False
(filmRef)5725	False		145	True	False
(filmRef)5726	False		208	True	False
(filmRef)5727	False		217	True	False
(filmRef)5728	False		66	True	False
(filmRef)5729	False		42	True	False
(filmRef)5730	False		308	True	False
(filmRef)5732	False		313	True	False
(filmRef)5733	False		430	True	False
(filmRef)5734	False		231	True	False
(filmRef)5735	False		189	True	False
(filmRef)5736	False		820	True	False
(filmRef)5737	False		802	True	False
(filmRef)5738	False		280	True	False
(filmRef)5739	False		470	True	False
(filmRef)5740	False		33	True	False
(filmRef)5741	False		99	True	False
(filmRef)5742	False		80	True	False
(filmRef)5744	False		138	True	False
(filmRef)5745	False		139	True	False
(filmRef)5746	False		51	True	False
(filmRef)5747	False		154	True	False
(filmRef)5749	False		93	True	False
(filmRef)5752	False		95	True	False
(filmRef)5753	False		290	True	False
(filmRef)5754	False		86	True	False
(filmRef)5756	False		131	True	False
(filmRef)5757	False		247	True	False
(filmRef)5758	False		136	True	False
(filmRef)5759	False		223	True	False
(filmRef)5761	False		228	True	False
(filmRef)5762	False		210	True	False
(filmRef)5763	False		112	True	False
(filmRef)5764	False		115	True	False
(filmRef)5765	False		190	True	False
(filmRef)5766	False		411	True	False
(filmRef)5767	False		101	False	False
(filmRef)5768	False		102	True	False
(filmRef)5769	False		157	True	False
(filmRef)5770	False		116	True	False
(filmRef)5771	False		118	True	False
(filmRef)5772	False		65	True	False
(filmRef)5773	False		182	True	False
(filmRef)5774	False		50	True	False
(filmRef)5775	False		233	True	False
(filmRef)5777	False		836	True	False
(filmRef)5778	False		136	True	False
(filmRef)5779	False		455	True	False
(filmRef)5780	False		381	True	False
(filmRef)5781	False		90	True	False
(filmRef)5782	False		244	True	False
(filmRef)5783	False		80	True	False
(filmRef)5784	False		113	True	False
(filmRef)5785	False		430	True	False
(filmRef)5786	False		218	True	False
(filmRef)5787	False		326	True	False
(filmRef)5788	False		972	True	False
(filmRef)5789	False		271	True	False
(filmRef)5790	False		216	True	False
(filmRef)5791	False		328	True	False
(filmRef)5792	False		228	True	False
(filmRef)5793	False		53	True	False
(filmRef)5794	False		413	True	False
(filmRef)5795	False		290	True	False
(filmRef)5796	False		239	True	False
(filmRef)5797	False		380	True	False
(filmRef)5798	False		360	True	False
(filmRef)5799	False		82	True	False
(filmRef)5800	False		132	True	False
(filmRef)5801	False		67	True	False
(filmRef)5803	False		111	True	False
(filmRef)5804	False		149	True	False
(filmRef)5805	False		1142	True	False
(filmRef)5806	False		418	True	False
(filmRef)5807	False		691	True	False
(filmRef)5809	False		76	True	False
(filmRef)5810	False		76	True	False
(filmRef)5811	False		92	True	False
(filmRef)5812	False		107	True	False
(filmRef)5814	False		41	True	False
(filmRef)5815	False		244	True	False
(filmRef)5816	False		112	True	False
(filmRef)5817	False		565	True	False
(filmRef)5818	False		457	True	False
(filmRef)5819	False		129	True	False
(filmRef)5820	False		477	True	False
(filmRef)5821	False		281	True	False
(filmRef)5822	False		78	True	False
(filmRef)5823	False		60	True	False
(filmRef)5824	False		495	True	False
(filmRef)5825	False		165	True	False
(filmRef)5826	False		96	True	False
(filmRef)5828	False		408	True	False
(filmRef)5829	False		117	True	False
(filmRef)5830	False		74	True	False
(filmRef)5831	False		107	True	False
(filmRef)5832	False		104	True	False
(filmRef)5833	False		179	True	False
(filmRef)5834	False		135	True	False
(filmRef)5835	False		130	True	False
(filmRef)5836	False		119	True	False
(filmRef)5837	False		134	True	False
(filmRef)5838	False		49	True	False
(filmRef)5839	False		192	True	False
(filmRef)5840	False		248	True	False
(filmRef)5841	False		226	True	False
(filmRef)5842	False		798	True	False
(filmRef)5843	False		31	True	False
(filmRef)5845	False		131	True	False
(filmRef)5846	False		265	True	False
(filmRef)5847	False		97	True	False
(filmRef)5848	False		73	True	False
(filmRef)5849	False		132	True	False
(filmRef)5850	False		283	True	False
(filmRef)5851	False		195	True	False
(filmRef)5852	False		186	True	False
(filmRef)5853	False		142	True	False
(filmRef)5854	False		141	True	False
(filmRef)5855	False		127	True	False
(filmRef)5856	False		157	True	False
(filmRef)5857	False		296	True	False
(filmRef)5858	False		99	True	False
(filmRef)5859	False		163	True	False
(filmRef)5860	False		340	True	False
(filmRef)5861	False		240	True	False
(filmRef)5862	False		412	True	False
(filmRef)5863	False		44	True	False
(filmRef)5864	False		92	True	False
(filmRef)5865	False		151	True	False
(filmRef)5866	False		116	True	False
(filmRef)5867	False		184	True	False
(filmRef)5868	False		138	True	False
(filmRef)5869	False		149	True	False
(filmRef)5870	False		167	True	False
(filmRef)5871	False		90	True	False
(filmRef)5872	False		134	True	False
(filmRef)5873	False		195	True	False
(filmRef)5874	False		406	True	False
(filmRef)5876	False		187	True	False
(filmRef)5877	False		205	True	False
(filmRef)5878	False		126	True	False
(filmRef)5879	False		202	True	False
(filmRef)5880	False		140	True	False
(filmRef)5882	False		337	True	False
(filmRef)5883	False		78	True	False
(filmRef)5884	False		152	True	False
(filmRef)5885	False		213	True	False
(filmRef)5886	False		421	True	False
(filmRef)5887	False		148	True	False
(filmRef)5888	False		267	True	False
(filmRef)5890	False		155	True	False
(filmRef)5893	False		205	True	False
(filmRef)5894	False		85	True	False
(filmRef)5895	False		94	True	False
(filmRef)5896	False		231	True	False
(filmRef)5897	False		197	True	False
(filmRef)5898	False		88	True	False
(filmRef)5899	False		756	True	False
(filmRef)5900	False		70	True	False
(filmRef)5902	False		210	True	False
(filmRef)5903	False		111	True	False
(filmRef)5904	False		195	True	False
(filmRef)5905	False		217	True	False
(filmRef)5906	False		84	True	False
(filmRef)5907	False		31	True	False
(filmRef)5908	False		85	True	False
(filmRef)5909	False		71	True	False
(filmRef)5910	False		32	True	False
(filmRef)5911	False		62	True	False
(filmRef)5912	False		535	True	False
(filmRef)5913	False		169	True	False
(filmRef)5914	False		210	True	False
(filmRef)5915	False		61	True	False
(filmRef)5916	False		104	True	False
(filmRef)5917	False		58	True	False
(filmRef)5918	False		229	True	False
(filmRef)5919	False		60	False	False
(filmRef)5920	False		178	True	False
(filmRef)5921	False		286	True	False
(filmRef)5922	False		287	True	False
(filmRef)5923	False		219	True	False
(filmRef)5924	False		259	True	False
(filmRef)5925	False		391	True	False
(filmRef)5926	False		78	True	False
(filmRef)5927	False		59	True	False
(filmRef)5928	False		442	True	False
(filmRef)5929	False		36	True	False
(filmRef)5930	False		51	True	False
(filmRef)5931	False		54	True	False
(filmRef)5932	False		35	True	False
(filmRef)5933	False		60	True	False
(filmRef)5934	False		28	True	False
(filmRef)5935	False		32	True	False
(filmRef)5936	False		234	True	False
(filmRef)5938	False		524	True	False
(filmRef)5939	False		65	True	False
(filmRef)5940	False		309	True	False
(filmRef)5941	False		49	True	False
(filmRef)5942	False		344	True	False
(filmRef)5944	False		39	True	False
(filmRef)5945	False		23	True	False
(filmRef)5947	False		89	True	False
(filmRef)5948	False		110	True	False
(filmRef)5949	False		56	True	False
(filmRef)5950	False		61	True	False
(filmRef)5952	False		181	True	False
(filmRef)5953	False		131	True	False
(filmRef)5954	False		106	True	False
(filmRef)5955	False		322	True	False
(filmRef)5956	False		326	True	False
(filmRef)5957	False		419	True	False
(filmRef)5958	False		250	True	False
(filmRef)5959	False		523	True	False
(filmRef)5960	False		391	True	False
(filmRef)5961	False		296	True	False
(filmRef)5962	False		112	True	False
(filmRef)5963	False		550	True	False
(filmRef)5964	False		215	True	False
(filmRef)5965	False		270	True	False
(filmRef)5966	False		248	True	False
(filmRef)5967	False		202	False	False
(filmRef)5968	False		248	True	False
(filmRef)5969	False		386	True	False
(filmRef)5970	False		427	True	False
(filmRef)5971	False		1737	True	False
(filmRef)5972	False		37	True	False
(filmRef)5973	False		298	True	False
(filmRef)5974	False		169	True	False
(filmRef)5975	False		515	True	False
(filmRef)5976	False		52	True	False
(filmRef)5977	False		50	True	False
(filmRef)5978	False		49	True	False
(filmRef)5979	False		80	True	False
(filmRef)5980	False		46	True	False
(filmRef)5981	False		36	True	False
(filmRef)5982	False		63	True	False
(filmRef)5983	False		51	True	False
(filmRef)5984	False		49	True	False
(filmRef)5985	False		47	True	False
(filmRef)5986	False		66	True	False
(filmRef)5987	False		31	True	False
(filmRef)5988	False		76	True	False
(filmRef)5989	False		223	True	False
(filmRef)5990	False		40	True	False
(filmRef)5991	False		255	True	False
(filmRef)5994	False		141	True	False
(filmRef)5995	False		477	True	False
(filmRef)5996	False		154	True	False
(filmRef)5997	False		242	True	False
(filmRef)5998	False		105	True	False
(filmRef)5999	False		623	True	False
(filmRef)6000	False		445	True	False
(filmRef)6001	False		617	True	False
(filmRef)6002	False		379	True	False
(filmRef)6003	False		144	True	False
(filmRef)6004	False		511	True	False
(filmRef)6005	False		932	True	False
(filmRef)6006	False		266	True	False
(filmRef)6007	False		595	True	False
(filmRef)6008	False		407	True	False
(filmRef)6009	False		582	True	False
(filmRef)6010	False		462	True	False
(filmRef)6011	False		397	True	False
(filmRef)6012	False		225	True	False
(filmRef)6013	False		447	True	False
(filmRef)6014	False		438	True	False
(filmRef)6015	False		410	True	False
(filmRef)6016	False		902	True	False
(filmRef)6017	False		920	True	False
(filmRef)6018	False		426	True	False
(filmRef)6019	False		238	True	False
(filmRef)6020	False		409	True	False
(filmRef)6021	False		446	True	False
(filmRef)6022	False		350	True	False
(filmRef)6023	False		336	True	False
(filmRef)6024	False		996	True	False
(filmRef)6025	False		630	True	False
(filmRef)6026	False		454	True	False
(filmRef)6027	False		317	True	False
(filmRef)6028	False		157	True	False
(filmRef)6029	False		373	True	False
(filmRef)6030	False		214	True	False
(filmRef)6031	False		396	True	False
(filmRef)6032	False		98	True	False
(filmRef)6033	False		1120	True	False
(filmRef)6034	False		374	True	False
(filmRef)6035	False		283	True	False
(filmRef)6036	False		284	True	False
(filmRef)6037	False		188	True	False
(filmRef)6038	False		871	True	False
(filmRef)6039	False		444	True	False
(filmRef)6040	False		218	True	False
(filmRef)6041	False		380	True	False
(filmRef)6042	False		428	True	False
(filmRef)6043	False		507	True	False
(filmRef)6044	False		389	True	False
(filmRef)6045	False		190	True	False
(filmRef)6046	False		232	True	False
(filmRef)6047	False		171	True	False
(filmRef)6048	False		280	True	False
(filmRef)6049	False		227	True	False
(filmRef)6050	False		367	True	False
(filmRef)6051	False		243	True	False
(filmRef)6052	False		486	True	False
(filmRef)6053	False		230	True	False
(filmRef)6054	False		336	True	False
(filmRef)6055	False		1438	True	False
(filmRef)6056	False		407	True	False
(filmRef)6057	False		1092	True	False
(filmRef)6058	False		54	False	False
(filmRef)6059	False		533	True	False
(filmRef)6060	False		534	True	False
(filmRef)6061	False		389	True	False
(filmRef)6062	False		371	True	False
(filmRef)6063	False		600	True	False
(filmRef)6064	False		804	True	False
(filmRef)6065	False		451	True	False
(filmRef)6066	False		352	True	False
(filmRef)6067	False		401	True	False
(filmRef)6068	False		690	True	False
(filmRef)6069	False		395	True	False
(filmRef)6070	False		431	True	False
(filmRef)6071	False		245	True	False
(filmRef)6072	False		811	True	False
(filmRef)6073	False		448	True	False
(filmRef)6074	False		412	True	False
(filmRef)6075	False		111	True	False
(filmRef)6076	False		126	True	False
(filmRef)6077	False		105	True	False
(filmRef)6078	False		98	True	False
(filmRef)6079	False		281	True	False
(filmRef)6080	False		80	True	False
(filmRef)6081	False		75	True	False
(filmRef)6082	False		81	True	False
(filmRef)6083	False		310	True	False
(filmRef)6084	False		100	True	False
(filmRef)6085	False		136	True	False
(filmRef)6086	False		55	True	False
(filmRef)6087	False		191	True	False
(filmRef)6088	False		48	True	False
(filmRef)6089	False		96	True	False
(filmRef)6090	False		102	True	False
(filmRef)6091	False		140	True	False
(filmRef)6092	False		85	True	False
(filmRef)6093	False		52	True	False
(filmRef)6094	False		124	True	False
(filmRef)6095	False		104	True	False
(filmRef)6096	False		137	True	False
(filmRef)6097	False		152	True	False
(filmRef)6098	False		155	True	False
(filmRef)6099	False		748	True	False
(filmRef)6100	False		1015	True	False
(filmRef)6101	False		967	True	False
(filmRef)6103	False		448	True	False
(filmRef)6104	False		627	True	False
(filmRef)6105	False		459	True	False
(filmRef)6106	False		158	True	False
(filmRef)6107	False		191	True	False
(filmRef)6108	False		239	True	False
(filmRef)6109	False		280	True	False
(filmRef)6110	False		48	True	False
(filmRef)6111	False		430	True	False
(filmRef)6112	False		245	True	False
(filmRef)6113	False		226	True	False
(filmRef)6114	False		135	True	False
(filmRef)6115	False		652	True	False
(filmRef)6116	False		466	True	False
(filmRef)6117	False		513	True	False
(filmRef)6118	False		719	True	False
(filmRef)6119	False		622	True	False
(filmRef)6120	False		350	True	False
(filmRef)6121	False		612	True	False
(filmRef)6122	False		205	True	False
(filmRef)6123	False		240	True	False
(filmRef)6124	False		1050	True	False
(filmRef)6125	False		250	True	False
(filmRef)6126	False		1154	True	False
(filmRef)6127	False		1017	True	False
(filmRef)6128	False		131	True	False
(filmRef)6129	False		380	True	False
(filmRef)6130	False		646	True	False
(filmRef)6131	False		486	True	False
(filmRef)6132	False		122	True	False
(filmRef)6133	False		1615	True	False
(filmRef)6134	False		282	True	False
(filmRef)6135	False		109	True	False
(filmRef)6136	False		130	True	False
(filmRef)6137	False		117	True	False
(filmRef)6138	False		53	True	False
(filmRef)6139	False		46	True	False
(filmRef)6140	False		121	True	False
(filmRef)6141	False		98	True	False
(filmRef)6142	False		102	True	False
(filmRef)6143	False		86	True	False
(filmRef)6144	False		161	True	False
(filmRef)6145	False		485	True	False
(filmRef)6146	False		360	True	False
(filmRef)6147	False		305	True	False
(filmRef)6148	False		264	True	False
(filmRef)6149	False		347	True	False
(filmRef)6150	False		308	True	False
(filmRef)6151	False		263	True	False
(filmRef)6152	False		494	True	False
(filmRef)6153	False		430	False	False
(filmRef)6154	False		119	True	False
(filmRef)6156	False		381	True	False
(filmRef)6157	False		418	True	False
(filmRef)6158	False		392	True	False
(filmRef)6159	False		216	True	False
(filmRef)6160	False		189	True	False
(filmRef)6161	False		304	True	False
(filmRef)6162	False		323	False	False
(filmRef)6163	False		331	True	False
(filmRef)6164	False		362	True	False
(filmRef)6165	False		145	True	False
(filmRef)6166	False		198	True	False
(filmRef)6167	False		178	True	False
(filmRef)6168	False		285	True	False
(filmRef)6169	False		333	True	False
(filmRef)6170	False		504	True	False
(filmRef)6171	False		208	True	False
(filmRef)6172	False		136	True	False
(filmRef)6173	False		501	True	False
(filmRef)6175	False		207	True	False
(filmRef)6176	False		191	True	False
(filmRef)6177	False		59	True	False
(filmRef)6178	False		172	True	False
(filmRef)6179	False		70	True	False
(filmRef)6180	False		78	True	False
(filmRef)6181	False		108	True	False
(filmRef)6182	False		62	True	False
(filmRef)6183	False		58	True	False
(filmRef)6184	False		76	True	False
(filmRef)6185	False		117	True	False
(filmRef)6186	False		89	True	False
(filmRef)6187	False		121	True	False
(filmRef)6188	False		70	True	False
(filmRef)6189	False		104	True	False
(filmRef)6190	False		52	True	False
(filmRef)6191	False		105	True	False
(filmRef)6192	False		79	True	False
(filmRef)6193	False		48	True	False
(filmRef)6194	False		122	True	False
(filmRef)6195	False		117	True	False
(filmRef)6196	False		58	True	False
(filmRef)6197	False		139	True	False
(filmRef)6198	False		82	True	False
(filmRef)6199	False		59	True	False
(filmRef)6200	False		78	True	False
(filmRef)6201	False		85	True	False
(filmRef)6202	False		77	True	False
(filmRef)6203	False		119	True	False
(filmRef)6204	False		72	True	False
(filmRef)6205	False		86	True	False
(filmRef)6206	False		281	True	False
(filmRef)6207	False		81	True	False
(filmRef)6208	False		160	True	False
(filmRef)6209	False		367	True	False
(filmRef)6210	False		184	True	False
(filmRef)6211	False		1108	True	False
(filmRef)6212	False		366	True	False
(filmRef)6213	False		30	True	False
(filmRef)6214	False		165	True	False
(filmRef)6215	False		67	True	False
(filmRef)6216	False		93	True	False
(filmRef)6217	False		154	True	False
(filmRef)6218	False		301	True	False
(filmRef)6219	False		92	True	False
(filmRef)6220	False		347	True	False
(filmRef)6221	False		576	True	False
(filmRef)6222	False		369	True	False
(filmRef)6224	False		717	True	False
(filmRef)6225	False		1243	True	False
(filmRef)6226	False		56	True	False
(filmRef)6227	False		153	True	False
(filmRef)6228	False		288	True	False
(filmRef)6229	False		417	True	False
(filmRef)6230	False		327	True	False
(filmRef)6231	False		113	True	False
(filmRef)6232	False		167	True	False
(filmRef)6233	False		225	True	False
(filmRef)6234	False		244	True	False
(filmRef)6235	False		135	True	False
(filmRef)6236	False		351	True	False
(filmRef)6237	False		117	True	False
(filmRef)6238	False		352	True	False
(filmRef)6240	False		343	True	False
(filmRef)6241	False		298	True	False
(filmRef)6242	False		184	True	False
(filmRef)6243	False		218	True	False
(filmRef)6244	False		53	True	False
(filmRef)6245	False		150	True	False
(filmRef)6246	False		110	True	False
(filmRef)6247	False		139	True	False
(filmRef)6248	False		220	True	False
(filmRef)6249	False		149	True	False
(filmRef)6250	False		90	True	False
(filmRef)6251	False		182	True	False
(filmRef)6252	False		170	True	False
(filmRef)6253	False		105	True	False
(filmRef)6254	False		174	True	False
(filmRef)6255	False		267	True	False
(filmRef)6256	False		313	True	False
(filmRef)6257	False		304	True	False
(filmRef)6258	False		260	True	False
(filmRef)6259	False		395	True	False
(filmRef)6260	False		591	True	False
(filmRef)6261	False		81	True	False
(filmRef)6262	False		754	True	False
(filmRef)6263	False		1124	True	False
(filmRef)6264	False		130	True	False
(filmRef)6265	False		162	True	False
(filmRef)6266	False		253	True	False
(filmRef)6267	False		163	True	False
(filmRef)6268	False		289	True	False
(filmRef)6269	False		229	True	False
(filmRef)6270	False		183	True	False
(filmRef)6271	False		324	True	False
(filmRef)6272	False		583	True	False
(filmRef)6273	False		783	True	False
(filmRef)6274	False		253	True	False
(filmRef)6275	False		106	True	False
(filmRef)6276	False		386	True	False
(filmRef)6277	False		1181	True	False
(filmRef)6278	False		368	True	False
(filmRef)6279	False		283	True	False
(filmRef)6280	False		213	True	False
(filmRef)6281	False		209	True	False
(filmRef)6282	False		220	True	False
(filmRef)6283	False		249	True	False
(filmRef)6284	False		335	True	False
(filmRef)6285	False		679	True	False
(filmRef)6286	False		140	True	False
(filmRef)6287	False		178	True	False
(filmRef)6288	False		179	True	False
(filmRef)6289	False		108	True	False
(filmRef)6290	False		114	True	False
(filmRef)6291	False		256	True	False
(filmRef)6292	False		183	True	False
(filmRef)6293	False		44	True	False
(filmRef)6294	False		122	True	False
(filmRef)6295	False		75	True	False
(filmRef)6296	False		110	True	False
(filmRef)6297	False		115	True	False
(filmRef)6298	False		154	True	False
(filmRef)6299	False		150	True	False
(filmRef)6300	False		129	True	False
(filmRef)6301	False		105	True	False
(filmRef)6302	False		179	True	False
(filmRef)6303	False		177	True	False
(filmRef)6304	False		42	True	False
(filmRef)6305	False		70	True	False
(filmRef)6306	False		377	True	False
(filmRef)6307	False		382	True	False
(filmRef)6308	False		550	True	False
(filmRef)6309	False		245	True	False
(filmRef)6310	False		236	True	False
(filmRef)6311	False		274	True	False
(filmRef)6312	False		192	True	False
(filmRef)6313	False		72	True	False
(filmRef)6314	False		270	True	False
(filmRef)6315	False		51	True	False
(filmRef)6316	False		144	True	False
(filmRef)6317	False		108	True	False
(filmRef)6318	False		66	True	False
(filmRef)6319	False		641	True	False
(filmRef)6320	False		623	True	False
(filmRef)6321	False		503	True	False
(filmRef)6322	False		334	True	False
(filmRef)6323	False		523	True	False
(filmRef)6324	False		156	True	False
(filmRef)6325	False		190	True	False
(filmRef)6326	False		57	True	False
(filmRef)6327	False		71	True	False
(filmRef)6328	False		96	True	False
(filmRef)6329	False		411	True	False
(filmRef)6331	False		375	True	False
(filmRef)6332	False		392	True	False
(filmRef)6333	False		444	True	False
(filmRef)6334	False		768	True	False
(filmRef)6335	False		534	True	False
(filmRef)6336	False		532	True	False
(filmRef)6337	False		265	True	False
(filmRef)6338	False		123	True	False
(filmRef)6339	False		481	True	False
(filmRef)6340	False		266	True	False
(filmRef)6341	False		508	True	False
(filmRef)6342	False		291	True	False
(filmRef)6343	False		40	True	False
(filmRef)6344	False		58	True	False
(filmRef)6345	False		126	True	False
(filmRef)6346	False		714	True	False
(filmRef)6346B	False		683	True	False
(filmRef)6346C	False		484	True	False
(filmRef)6347	False		345	True	False
(filmRef)6348	False		391	True	False
(filmRef)6349	False		922	True	False
(filmRef)6350	False		93	True	False
(filmRef)6351	False		74	True	False
(filmRef)6352	False		61	True	False
(filmRef)6353	False		79	True	False
(filmRef)6354	False		90	True	False
(filmRef)6355	False		97	True	False
(filmRef)6356	False		84	True	False
(filmRef)6357	False		97	True	False
(filmRef)6358	False		111	True	False
(filmRef)6359	False		112	True	False
(filmRef)6360	False		80	True	False
(filmRef)6361	False		81	True	False
(filmRef)6362	False		102	True	False
(filmRef)6363	False		74	True	False
(filmRef)6364	False		92	True	False
(filmRef)6365	False		122	True	False
(filmRef)6366	False		145	True	False
(filmRef)6367	False		45	False	False
(filmRef)6368	False		612	True	False
(filmRef)6369	False		539	True	False
(filmRef)6370	False		391	True	False
(filmRef)6371	False		341	True	False
(filmRef)6372	False		206	True	False
(filmRef)6373	False		118	True	False
(filmRef)6374	False		139	True	False
(filmRef)6375	False		1177	True	False
(filmRef)6376	False		346	True	False
(filmRef)6377	False		214	True	False
(filmRef)6378	False		282	True	False
(filmRef)6379	False		199	True	False
(filmRef)6380	False		113	True	False
(filmRef)6382	False		1067	True	False
(filmRef)6383	False		454	True	False
(filmRef)6384	False		400	True	False
(filmRef)6386	False		59	True	False
(filmRef)6387	False		397	True	False
(filmRef)6388	False		429	True	False
(filmRef)6389	False		397	True	False
(filmRef)6390	False		1058	True	False
(filmRef)6391	False		192	True	False
(filmRef)6392	False		161	True	False
(filmRef)6393	False		234	True	False
(filmRef)6394	False		322	True	False
(filmRef)6395	False		224	True	False
(filmRef)6396	False		303	True	False
(filmRef)6397	False		400	True	False
(filmRef)6398	False		222	True	False
(filmRef)6399	False		187	True	False
(filmRef)6400	False		238	True	False
(filmRef)6401	False		267	True	False
(filmRef)6402	False		185	True	False
(filmRef)6403	False		274	True	False
(filmRef)6404	False		98	True	False
(filmRef)6405	False		121	True	False
(filmRef)6406	False		99	True	False
(filmRef)6407	False		427	True	False
(filmRef)6408	False		196	True	False
(filmRef)6409	False		223	True	False
(filmRef)6410	False		136	True	False
(filmRef)6411	False		127	True	False
(filmRef)6412	False		364	True	False
(filmRef)6413	False		172	True	False
(filmRef)6414	False		215	True	False
(filmRef)6415	False		83	True	False
(filmRef)6416	False		277	True	False
(filmRef)6417	False		206	True	False
(filmRef)6418	False		142	True	False
(filmRef)6419	False		142	True	False
(filmRef)6420	False		259	True	False
(filmRef)6421	False		65	True	False
(filmRef)6422	False		111	True	False
(filmRef)6423	False		223	True	False
(filmRef)6424	False		123	True	False
(filmRef)6425	False		167	True	False
(filmRef)6426	False		156	True	False
(filmRef)6427	False		70	True	False
(filmRef)6428	False		86	True	False
(filmRef)6429	False		78	True	False
(filmRef)6430	False		266	True	False
(filmRef)6431	False		145	True	False
(filmRef)6432	False		77	True	False
(filmRef)6433	False		152	True	False
(filmRef)6434	False		143	True	False
(filmRef)6435	False		213	True	False
(filmRef)6436	False		93	True	False
(filmRef)6437	False		214	True	False
(filmRef)6438	False		163	True	False
(filmRef)6439	False		159	True	False
(filmRef)6440	False		240	True	False
(filmRef)6441	False		267	True	False
(filmRef)6442	False		188	True	False
(filmRef)6443	False		185	True	False
(filmRef)6444	False		313	True	False
(filmRef)6445	False		235	True	False
(filmRef)6446	False		348	True	False
(filmRef)6447	False		662	True	False
(filmRef)6448	False		176	True	False
(filmRef)6449	False		58	True	False
(filmRef)6450	False		272	True	False
(filmRef)6451	False		74	True	False
(filmRef)6452	False		434	True	False
(filmRef)6453	False		179	True	False
(filmRef)6454	False		90	True	False
(filmRef)6455	False		93	True	False
(filmRef)6456	False		152	True	False
(filmRef)6457	False		44	True	False
(filmRef)6458	False		166	True	False
(filmRef)6459	False		172	True	False
(filmRef)6460	False		139	True	False
(filmRef)6461	False		114	True	False
(filmRef)6462	False		70	True	False
(filmRef)6463	False		86	True	False
(filmRef)6464	False		106	True	False
(filmRef)6465	False		47	True	False
(filmRef)6466	False		89	True	False
(filmRef)6467	False		374	True	False
(filmRef)6468	False		117	True	False
(filmRef)6469	False		245	True	False
(filmRef)6470	False		105	True	False
(filmRef)6472	False		215	True	False
(filmRef)6473	False		217	True	False
(filmRef)6474	False		140	True	False
(filmRef)6475	False		139	True	False
(filmRef)6476	False		274	True	False
(filmRef)6477	False		283	True	False
(filmRef)6478	False		173	True	False
(filmRef)6479	False		408	True	False
(filmRef)6480	False		474	True	False
(filmRef)6481	False		163	True	False
(filmRef)6482	False		217	True	False
(filmRef)6483	False		121	True	False
(filmRef)6484	False		248	True	False
(filmRef)6485	False		51	True	False
(filmRef)6486	False		49	True	False
(filmRef)6487	False		66	True	False
(filmRef)6488	False		68	True	False
(filmRef)6489	False		73	True	False
(filmRef)6490	False		74	True	False
(filmRef)6491	False		66	True	False
(filmRef)6492	False		79	True	False
(filmRef)6493	False		87	True	False
(filmRef)6494	False		44	True	False
(filmRef)6495	False		105	True	False
(filmRef)6496	False		257	True	False
(filmRef)6497	False		89	True	False
(filmRef)6498	False		152	True	False
(filmRef)6499	False		101	True	False
(filmRef)6500	False		91	True	False
(filmRef)6501	False		301	True	False
(filmRef)6502	False		233	True	False
(filmRef)6503	False		178	True	False
(filmRef)6504	False		170	True	False
(filmRef)6505	False		310	True	False
(filmRef)6509	False		61	True	False
(filmRef)6510	False		85	True	False
(filmRef)6511	False		98	True	False
(filmRef)6512	False		95	True	False
(filmRef)6513	False		60	True	False
(filmRef)6514	False		73	True	False
(filmRef)6515	False		49	True	False
(filmRef)6516	False		40	True	False
(filmRef)6517	False		48	True	False
(filmRef)6518	False		84	True	False
(filmRef)6519	False		124	True	False
(filmRef)6520	False		88	True	False
(filmRef)6521	False		74	True	False
(filmRef)6522	False		72	True	False
(filmRef)6523	False		114	True	False
(filmRef)6524	False		86	True	False
(filmRef)6525	False		68	True	False
(filmRef)6526	False		58	True	False
(filmRef)6527	False		37	True	False
(filmRef)6528	False		769	True	False
(filmRef)6529	False		176	True	False
(filmRef)6530	False		112	True	False
(filmRef)6531	False		107	True	False
(filmRef)6532	False		84	True	False
(filmRef)6533	False		46	True	False
(filmRef)6534	False		81	True	False
(filmRef)6535	False		63	True	False
(filmRef)6536	False		49	True	False
(filmRef)6537	False		94	True	False
(filmRef)6538	False		87	True	False
(filmRef)6539	False		85	True	False
(filmRef)6540	False		43	True	False
(filmRef)6541	False		29	True	False
(filmRef)6542	False		67	True	False
(filmRef)6543	False		22	True	False
(filmRef)6544	False		114	True	False
(filmRef)6545	False		156	True	False
(filmRef)6546	False		175	True	False
(filmRef)6547	False		92	True	False
(filmRef)6548	False		130	True	False
(filmRef)6549	False		102	True	False
(filmRef)6550	False		80	True	False
(filmRef)6551	False		100	True	False
(filmRef)6552	False		65	True	False
(filmRef)6553	False		43	True	False
(filmRef)6554	False		107	True	False
(filmRef)6555	False		87	True	False
(filmRef)6556	False		53	True	False
(filmRef)6558	False		106	True	False
(filmRef)6559	False		108	True	False
(filmRef)6560	False		81	True	False
(filmRef)6561	False		69	True	False
(filmRef)6562	False		101	True	False
(filmRef)6563	False		107	True	False
(filmRef)6564	False		55	True	False
(filmRef)6565	False		264	True	False
(filmRef)6566	False		169	True	False
(filmRef)6567	False		230	True	False
(filmRef)6568	False		66	True	False
(filmRef)6569	False		38	True	False
(filmRef)6570	False		129	True	False
(filmRef)6571	False		113	True	False
(filmRef)6572	False		224	True	False
(filmRef)6573	False		163	True	False
(filmRef)6574	False		114	True	False
(filmRef)6575	False		180	True	False
(filmRef)6576	False		156	True	False
(filmRef)6577	False		76	True	False
(filmRef)6578	False		124	True	False
(filmRef)6579	False		467	True	False
(filmRef)6580	False		188	True	False
(filmRef)6581	False		233	True	False
(filmRef)6582	False		195	True	False
(filmRef)6585	False		107	True	False
(filmRef)6586	False		114	True	False
(filmRef)6587	False		118	True	False
(filmRef)6589	False		82	True	False
(filmRef)6590	False		97	True	False
(filmRef)6591	False		464	True	False
(filmRef)6592	False		1403	True	False
(filmRef)6593	False		87	True	False
(filmRef)6594	False		139	True	False
(filmRef)6595	False		76	True	False
(filmRef)6596	False		274	True	False
(filmRef)6597	False		133	True	False
(filmRef)6598	False		231	True	False
(filmRef)6599	False		169	True	False
(filmRef)6600	False		114	True	False
(filmRef)6601	False		116	True	False
(filmRef)6602	False		88	True	False
(filmRef)6603	False		362	True	False
(filmRef)6604	False		207	True	False
(filmRef)6605	False		86	True	False
(filmRef)6606	False		199	True	False
(filmRef)6607	False		158	True	False
(filmRef)6608	False		174	True	False
(filmRef)6609	False		230	True	False
(filmRef)6610	False		185	True	False
(filmRef)6611	False		293	True	False
(filmRef)6612	False		464	True	False
(filmRef)6613	False		149	True	False
(filmRef)6614	False		132	True	False
(filmRef)6615	False		27	True	False
(filmRef)6616	False		28	True	False
(filmRef)6617	False		55	True	False
(filmRef)6618	False		51	True	False
(filmRef)6619	False		65	True	False
(filmRef)6620	False		99	True	False
(filmRef)6622	False		204	True	False
(filmRef)6623	False		27	True	False
(filmRef)6624	False		81	True	False
(filmRef)6625	False		757	True	False
(filmRef)6626	False		562	True	False
(filmRef)6627	False		240	True	False
(filmRef)6628	False		231	True	False
(filmRef)6629	False		385	True	False
(filmRef)6630	False		350	True	False
(filmRef)6631	False		241	True	False
(filmRef)6632	False		154	True	False
(filmRef)6633	False		224	True	False
(filmRef)6634	False		282	True	False
(filmRef)6635	False		161	True	False
(filmRef)6636	False		114	True	False
(filmRef)6637	False		184	True	False
(filmRef)6638	False		291	True	False
(filmRef)6639	False		315	True	False
(filmRef)6640	False		363	True	False
(filmRef)6641	False		174	True	False
(filmRef)6642	False		131	True	False
(filmRef)6643	False		35	True	False
(filmRef)6644	False		70	True	False
(filmRef)6645	False		159	True	False
(filmRef)6646	False		151	True	False
(filmRef)6647	False		115	True	False
(filmRef)6648	False		234	True	False
(filmRef)6649	False		149	True	False
(filmRef)6650	False		300	True	False
(filmRef)6651	False		673	True	False
(filmRef)6652	False		44	True	False
(filmRef)6653	False		164	True	False
(filmRef)6654	False		274	True	False
(filmRef)6655	False		26	True	False
(filmRef)6656	False		33	True	False
(filmRef)6657	False		21	True	False
(filmRef)6658	False		29	True	False
(filmRef)6660	False		516	True	False
(filmRef)6661	False		139	True	False
(filmRef)6662	False		244	True	False
(filmRef)6663	False		185	True	False
(filmRef)6664	False		277	True	False
(filmRef)6665	False		365	True	False
(filmRef)6666	False		796	True	False
(filmRef)6667	False		361	True	False
(filmRef)6668	False		94	True	False
(filmRef)6669	False		294	True	False
(filmRef)6670	False		192	True	False
(filmRef)6671	False		152	True	False
(filmRef)6672	False		264	True	False
(filmRef)6674	False		132	True	False
(filmRef)6675	False		138	True	False
(filmRef)6676	False		98	True	False
(filmRef)6677	False		67	True	False
(filmRef)6678	False		89	True	False
(filmRef)6679	False		70	True	False
(filmRef)6680	False		115	True	False
(filmRef)6681	False		144	True	False
(filmRef)6682	False		128	True	False
(filmRef)6683	False		87	True	False
(filmRef)6684	False		168	True	False
(filmRef)6685	False		100	True	False
(filmRef)6686	False		161	True	False
(filmRef)6687	False		158	True	False
(filmRef)6688	False		192	True	False
(filmRef)6689	False		36	True	False
(filmRef)6690	False		189	True	False
(filmRef)6691	False		332	True	False
(filmRef)6692	False		567	True	False
(filmRef)6693	False		71	True	False
(filmRef)6694	False		214	True	False
(filmRef)6695	False		500	True	False
(filmRef)6696	False		403	True	False
(filmRef)6697	False		557	True	False
(filmRef)6698	False		396	True	False
(filmRef)6699	False		729	True	False
(filmRef)6700	False		2421	True	False
(filmRef)6701	False		251	True	False
(filmRef)6702	False		213	True	False
(filmRef)6703	False		235	True	False
(filmRef)6704	False		1111	True	False
(filmRef)6705	False		276	True	False
(filmRef)6706	False		409	True	False
(filmRef)6707	False		552	True	False
(filmRef)6708	False		167	True	False
(filmRef)6709	False		84	True	False
(filmRef)6710	False		167	True	False
(filmRef)6711	False		68	True	False
(filmRef)6712	False		191	True	False
(filmRef)6713	False		392	True	False
(filmRef)6714	False		241	True	False
(filmRef)6715	False		654	True	False
(filmRef)6716	False		394	True	False
(filmRef)6717	False		572	True	False
(filmRef)6718	False		293	True	False
(filmRef)6719	False		209	True	False
(filmRef)6720	False		212	True	False
(filmRef)6721	False		485	True	False
(filmRef)6722	False		136	True	False
(filmRef)6723	False		184	True	False
(filmRef)6724	False		117	True	False
(filmRef)6725	False		137	True	False
(filmRef)6726	False		158	True	False
(filmRef)6727	False		145	True	False
(filmRef)6728	False		251	True	False
(filmRef)6729	False		174	True	False
(filmRef)6730	False		260	True	False
(filmRef)6731	False		77	True	False
(filmRef)6732	False		106	True	False
(filmRef)6733	False		136	True	False
(filmRef)6734	False		99	True	False
(filmRef)6735	False		138	True	False
(filmRef)6736	False		209	True	False
(filmRef)6737	False		220	True	False
(filmRef)6738	False		193	True	False
(filmRef)6739	False		141	True	False
(filmRef)6740	False		292	True	False
(filmRef)6741	False		497	True	False
(filmRef)6742	False		260	True	False
(filmRef)6743	False		421	True	False
(filmRef)6744	False		213	True	False
(filmRef)6745	False		294	True	False
(filmRef)6746	False		283	True	False
(filmRef)6747	False		141	True	False
(filmRef)6748	False		210	True	False
(filmRef)6749	False		306	True	False
(filmRef)6750	False		640	True	False
(filmRef)6751	False		281	True	False
(filmRef)6752	False		440	True	False
(filmRef)6753	False		361	True	False
(filmRef)6754	False		418	True	False
(filmRef)6755	False		465	True	False
(filmRef)6756	False		473	True	False
(filmRef)6757	False		340	True	False
(filmRef)6758	False		372	True	False
(filmRef)6759	False		478	True	False
(filmRef)6760	False		65	False	False
(filmRef)6761	False		500	True	False
(filmRef)6762	False		37	True	False
(filmRef)6763	False		1342	True	False
(filmRef)6764	False		55	False	False
(filmRef)6765	False		597	True	False
(filmRef)6766	False		235	True	False
(filmRef)6767	False		80	True	False
(filmRef)6769	False		312	True	False
(filmRef)6770	False		231	True	False
(filmRef)6771	False		497	True	False
(filmRef)6772	False		442	True	False
(filmRef)6773	False		314	True	False
(filmRef)6774	False		242	True	False
(filmRef)6776	False		853	True	False
(filmRef)6777	False		1269	True	False
(filmRef)6778	False		138	True	False
(filmRef)6779	False		360	True	False
(filmRef)6781	False		158	True	False
(filmRef)6782	False		221	True	False
(filmRef)6783	False		263	True	False
(filmRef)6784	False		340	True	False
(filmRef)6785	False		222	True	False
(filmRef)6786	False		355	True	False
(filmRef)6787	False		519	True	False
(filmRef)6788	False		163	True	False
(filmRef)6789	False		118	True	False
(filmRef)6790	False		322	True	False
(filmRef)6791	False		219	True	False
(filmRef)6792	False		375	True	False
(filmRef)6793	False		386	True	False
(filmRef)6794	False		51	True	False
(filmRef)6795	False		54	True	False
(filmRef)6796	False		57	True	False
(filmRef)6797	False		71	True	False
(filmRef)6798	False		51	True	False
(filmRef)6799	False		51	True	False
(filmRef)6800	False		83	True	False
(filmRef)6801	False		47	True	False
(filmRef)6802	False		59	True	False
(filmRef)6803	False		116	True	False
(filmRef)6804	False		48	True	False
(filmRef)6805	False		37	True	False
(filmRef)6806	False		54	True	False
(filmRef)6807	False		52	True	False
(filmRef)6808	False		37	True	False
(filmRef)6809	False		36	True	False
(filmRef)681	False		543	True	False
(filmRef)6810	False		67	True	False
(filmRef)6811	False		57	True	False
(filmRef)6812	False		110	True	False
(filmRef)6813	False		594	True	False
(filmRef)6815	False		481	True	False
(filmRef)6817	False		526	True	False
(filmRef)6818	False		500	True	False
(filmRef)6819	False		299	False	False
(filmRef)6820	False		393	True	False
(filmRef)6821	False		232	True	False
(filmRef)6822	False		297	True	False
(filmRef)6823	False		557	True	False
(filmRef)6824	False		131	True	False
(filmRef)6825	False		149	True	False
(filmRef)6826	False		249	True	False
(filmRef)6827	False		446	True	False
(filmRef)6828	False		317	True	False
(filmRef)6829	False		355	True	False
(filmRef)6830	False		380	True	False
(filmRef)6831	False		423	True	False
(filmRef)6832	False		369	True	False
(filmRef)6833	False		79	True	False
(filmRef)6834	False		271	True	False
(filmRef)6835	False		517	True	False
(filmRef)6836	False		520	True	False
(filmRef)6837	False		138	True	False
(filmRef)6838	False		224	True	False
(filmRef)6839	False		646	True	False
(filmRef)6840	False		340	True	False
(filmRef)6841	False		109	True	False
(filmRef)6842	False		513	True	False
(filmRef)6843	False		134	True	False
(filmRef)6844	False		224	True	False
(filmRef)6846	False		222	True	False
(filmRef)6847	False		354	True	False
(filmRef)6848	False		216	True	False
(filmRef)6849	False		652	True	False
(filmRef)6850	False		647	True	False
(filmRef)6851	False		811	True	False
(filmRef)6852	False		230	True	False
(filmRef)6854	False		352	True	False
(filmRef)6856	False		445	True	False
(filmRef)6857	False		202	True	False
(filmRef)6858	False		331	True	False
(filmRef)6859	False		112	True	False
(filmRef)6860	False		122	True	False
(filmRef)6861	False		1241	True	False
(filmRef)6862	False		171	True	False
(filmRef)6863	False		85	True	False
(filmRef)6864	False		130	True	False
(filmRef)6865	False		196	True	False
(filmRef)6866	False		450	True	False
(filmRef)6867	False		134	True	False
(filmRef)6868	False		160	True	False
(filmRef)6869	False		175	True	False
(filmRef)6870	False		208	True	False
(filmRef)6871	False		170	True	False
(filmRef)6872	False		213	True	False
(filmRef)6873	False		128	True	False
(filmRef)6874	False		156	True	False
(filmRef)6875	False		116	True	False
(filmRef)6876	False		176	True	False
(filmRef)6877	False		74	True	False
(filmRef)6878	False		132	True	False
(filmRef)6879	False		208	True	False
(filmRef)6880	False		165	True	False
(filmRef)6881	False		168	True	False
(filmRef)6882	False		172	True	False
(filmRef)6883	False		172	True	False
(filmRef)6884	False		132	True	False
(filmRef)6885	False		174	True	False
(filmRef)6886	False		52	True	False
(filmRef)6887	False		77	True	False
(filmRef)6888	False		90	True	False
(filmRef)6889	False		92	True	False
(filmRef)6890	False		141	True	False
(filmRef)6891	False		36	True	False
(filmRef)6893	False		143	True	False
(filmRef)6894	False		291	True	False
(filmRef)6895	False		967	True	False
(filmRef)6895A	False		491	True	False
(filmRef)6899	False		450	True	False
(filmRef)6900	False		435	True	False
(filmRef)6901	False		567	True	False
(filmRef)6902	False		711	True	False
(filmRef)6903	False		418	True	False
(filmRef)6904	False		92	True	False
(filmRef)6905	False		148	True	False
(filmRef)6906	False		47	True	False
(filmRef)6908	False		100	True	False
(filmRef)6909	False		221	True	False
(filmRef)6910	False		91	True	False
(filmRef)6911	False		287	True	False
(filmRef)6912	False		219	True	False
(filmRef)6913	False		455	True	False
(filmRef)6914	False		511	True	False
(filmRef)6916	False		72	True	False
(filmRef)6917	False		35	True	False
(filmRef)6918	False		124	True	False
(filmRef)6919	False		67	True	False
(filmRef)6920	False		49	True	False
(filmRef)6921	False		44	True	False
(filmRef)6922	False		193	True	False
(filmRef)6923	False		148	True	False
(filmRef)6924	False		182	True	False
(filmRef)6925	False		1412	True	False
(filmRef)6926	False		52	True	False
(filmRef)6927	False		57	True	False
(filmRef)6928	False		284	True	False
(filmRef)6929	False		71	True	False
(filmRef)6930	False		113	True	False
(filmRef)6931	False		163	True	False
(filmRef)6932	False		217	True	False
(filmRef)6933	False		180	True	False
(filmRef)6934	False		74	True	False
(filmRef)6935	False		269	True	False
(filmRef)6944	False		947	True	False
(filmRef)6947	False		651	True	False
(filmRef)6948	False		62	True	False
(filmRef)6949	False		176	True	False
(filmRef)6950	False		275	True	False
(filmRef)6951	False		314	True	False
(filmRef)6952	False		440	True	False
(filmRef)6954	False		231	True	False
(filmRef)6955	False		484	True	False
(filmRef)6956	False		375	True	False
(filmRef)6957	False		510	True	False
(filmRef)6958	False		377	True	False
(filmRef)6959	False		584	True	False
(filmRef)6960	False		404	True	False
(filmRef)6964	False		91	True	False
(filmRef)6965	False		177	True	False
(filmRef)6966	False		70	True	False
(filmRef)6967	False		188	True	False
(filmRef)6968	False		388	True	False
(filmRef)6969	False		284	True	False
(filmRef)6970	False		234	True	False
(filmRef)6971	False		79	True	False
(filmRef)6972	False		118	True	False
(filmRef)6973	False		157	True	False
(filmRef)6974	False		108	True	False
(filmRef)6975	False		256	True	False
(filmRef)6976	False		368	True	False
(filmRef)6977	False		354	True	False
(filmRef)6978	False		99	True	False
(filmRef)6979	False		232	True	False
(filmRef)6980	False		68	True	False
(filmRef)6981	False		92	True	False
(filmRef)6982	False		68	True	False
(filmRef)6983	False		76	True	False
(filmRef)6985	False		542	True	False
(filmRef)6986	False		69	True	False
(filmRef)6987	False		134	True	False
(filmRef)6988	False		104	True	False
(filmRef)6989	False		95	True	False
(filmRef)6990	False		103	True	False
(filmRef)6991	False		112	True	False
(filmRef)6992	False		168	True	False
(filmRef)6993	False		183	True	False
(filmRef)6995	False		699	True	False
(filmRef)6996	False		1294	True	False
(filmRef)6997	False		91	True	False
(filmRef)6998	False		105	True	False
(filmRef)6999	False		247	True	False
(filmRef)7000	False		16	False	False
(filmRef)7001	False		668	True	False
(filmRef)7003	False		262	True	False
(filmRef)7004	False		339	True	False
(filmRef)7007	False		420	True	False
(filmRef)7009	False		212	True	False
(filmRef)7010	False		290	True	False
(filmRef)7011	False		207	True	False
(filmRef)7012	False		159	True	False
(filmRef)7014	False		155	True	False
(filmRef)7015	False		189	True	False
(filmRef)7016	False		201	True	False
(filmRef)7017	False		80	True	False
(filmRef)7018	False		37	True	False
(filmRef)7019	False		96	True	False
(filmRef)7021	False		91	True	False
(filmRef)7022	False		91	True	False
(filmRef)7023	False		95	True	False
(filmRef)7024	False		78	True	False
(filmRef)7026	False		99	True	False
(filmRef)7027	False		69	True	False
(filmRef)7028	False		82	True	False
(filmRef)7029	False		79	True	False
(filmRef)7030	False		96	True	False
(filmRef)7031	False		95	True	False
(filmRef)7032	False		86	True	False
(filmRef)7033	False		85	True	False
(filmRef)7034	False		84	True	False
(filmRef)7035	False		94	True	False
(filmRef)7036	False		97	True	False
(filmRef)7037	False		110	True	False
(filmRef)7038	False		67	True	False
(filmRef)7039	False		75	True	False
(filmRef)7040	False		83	True	False
(filmRef)7041	False		108	True	False
(filmRef)7042	False		55	True	False
(filmRef)7043	False		55	True	False
(filmRef)7044	False		67	True	False
(filmRef)7046	False		44	True	False
(filmRef)7048	False		33	True	False
(filmRef)7049	False		59	True	False
(filmRef)7050	False		42	True	False
(filmRef)7051	False		286	True	False
(filmRef)7052	False		54	True	False
(filmRef)7053	False		406	True	False
(filmRef)7054	False		49	True	False
(filmRef)7055	False		1482	True	False
(filmRef)7056	False		63	True	False
(filmRef)7057	False		163	True	False
(filmRef)7058	False		324	False	False
(filmRef)7059	False		243	False	False
(filmRef)7060	False		396	True	False
(filmRef)7061	False		31	False	False
(filmRef)7063	False		225	False	False
(filmRef)7064	False		425	False	False
(filmRef)7065	False		138	True	False
(filmRef)7066	False		90	True	False
(filmRef)7067	False		252	True	False
(filmRef)7068	False		83	True	False
(filmRef)7069	False		142	True	False
(filmRef)7070	False		216	False	False
(filmRef)7071	False		144	True	False
(filmRef)7072	False		346	True	False
(filmRef)7073	False		57	True	False
(filmRef)7074	False		211	False	False
(filmRef)7075	False		1045	True	False
(filmRef)7076	False		342	False	False
(filmRef)7077	False		272	False	False
(filmRef)7078	False		272	False	False
(filmRef)7079	False		201	False	False
(filmRef)7080	False		317	False	False
(filmRef)7082	False		201	False	False
(filmRef)7083	False		179	False	False
(filmRef)7084	False		252	True	False
(filmRef)7085	False		735	True	False
(filmRef)7086	False		582	True	False
(filmRef)7087	False		535	False	False
(filmRef)7088	False		215	True	False
(filmRef)7089	False		319	False	False
(filmRef)7090	False		210	True	False
(filmRef)7091	False		79	False	False
(filmRef)7092	False		99	True	False
(filmRef)7093	False		66	False	False
(filmRef)7096	False		918	True	False
(filmRef)7097	False		1440	True	False
(filmRef)7098	False		1059	True	False
(filmRef)7099	False		781	True	False
(filmRef)7100	False		781	True	False
(filmRef)7101	False		701	True	False
(filmRef)7102	False		203	True	False
(filmRef)7103	False		885	True	False
(filmRef)7104	False		448	True	False
(filmRef)7105	False		1711	True	False
(filmRef)7106	False		400	True	False
(filmRef)7107	False		803	True	False
(filmRef)7109	False		453	True	False
(filmRef)7110	False		431	True	False
(filmRef)7111	False		475	True	False
(filmRef)7112	False		377	True	False
(filmRef)7113	False		682	True	False
(filmRef)7114	False		176	True	False
(filmRef)7115	False		176	True	False
(filmRef)7116	False		81	True	False
(filmRef)7117	False		545	True	False
(filmRef)7118	False		206	True	False
(filmRef)7119	False		338	True	False
(filmRef)7120	False		575	True	False
(filmRef)7121	False		256	True	False
(filmRef)7122	False		250	True	False
(filmRef)7123	False		426	True	False
(filmRef)7124	False		102	True	False
(filmRef)7125	False		213	True	False
(filmRef)7126	False		287	True	False
(filmRef)7127	False		68	True	False
(filmRef)7128	False		230	True	False
(filmRef)7129	False		87	True	False
(filmRef)7130	False		95	True	False
(filmRef)7131	False		369	True	False
(filmRef)7132	False		246	True	False
(filmRef)7133	False		208	True	False
(filmRef)7134	False		53	True	False
(filmRef)7136	False		332	True	False
(filmRef)7137	False		270	True	False
(filmRef)7138	False		76	True	False
(filmRef)7139	False		304	True	False
(filmRef)7140	False		143	True	False
(filmRef)7142	False		245	True	False
(filmRef)7143	False		158	True	False
(filmRef)7144	False		254	True	False
(filmRef)7145	False		234	True	False
(filmRef)7146	False		65	True	False
(filmRef)7147	False		189	True	False
(filmRef)7148	False		724	True	False
(filmRef)7149	False		511	True	False
(filmRef)7150	False		640	True	False
(filmRef)7151	False		387	True	False
(filmRef)7152	False		189	True	False
(filmRef)7154	False		146	True	False
(filmRef)7155	False		163	True	False
(filmRef)7156	False		221	True	False
(filmRef)7157	False		114	True	False
(filmRef)7158	False		120	True	False
(filmRef)7159	False		188	True	False
(filmRef)7160	False		356	True	False
(filmRef)7161	False		64	True	False
(filmRef)7163	False		278	True	False
(filmRef)7164	False		530	True	False
(filmRef)7165	False		120	True	False
(filmRef)7166	False		556	True	False
(filmRef)7167	False		204	True	False
(filmRef)7168	False		114	True	False
(filmRef)7169	False		240	True	False
(filmRef)7170	False		146	True	False
(filmRef)7171	False		87	True	False
(filmRef)7172	False		224	True	False
(filmRef)7173	False		369	True	False
(filmRef)7174	False		702	True	False
(filmRef)7175	False		222	True	False
(filmRef)7176	False		177	True	False
(filmRef)7177	False		49	True	False
(filmRef)7178	False		116	True	False
(filmRef)7179	False		88	True	False
(filmRef)7180	False		58	True	False
(filmRef)7181	False		41	True	False
(filmRef)7182	False		44	True	False
(filmRef)7183	False		29	True	False
(filmRef)7184	False		161	True	False
(filmRef)7185	False		307	True	False
(filmRef)7186	False		340	True	False
(filmRef)7187	False		227	True	False
(filmRef)7188	False		285	True	False
(filmRef)7189	False		307	True	False
(filmRef)7190	False		204	True	False
(filmRef)7191	False		353	True	False
(filmRef)7192	False		542	True	False
(filmRef)7193	False		393	True	False
(filmRef)7194	False		403	True	False
(filmRef)7195	False		310	True	False
(filmRef)7197	False		158	True	False
(filmRef)7198	False		196	True	False
(filmRef)7199	False		259	True	False
(filmRef)7200	False		557	True	False
(filmRef)7201	False		223	True	False
(filmRef)7202	False		287	True	False
(filmRef)7203	False		454	True	False
(filmRef)7204	False		362	True	False
(filmRef)7205	False		321	True	False
(filmRef)7206	False		286	True	False
(filmRef)7207	False		573	True	False
(filmRef)7208	False		417	True	False
(filmRef)7209	False		71	True	False
(filmRef)7210	False		41	True	False
(filmRef)7211	False		123	True	False
(filmRef)7212	False		621	True	False
(filmRef)7214	False		670	True	False
(filmRef)7215	False		355	True	False
(filmRef)7216	False		168	True	False
(filmRef)7217	False		360	True	False
(filmRef)7218	False		230	True	False
(filmRef)7219	False		481	True	False
(filmRef)7220	False		120	True	False
(filmRef)7221	False		106	True	False
(filmRef)7222	False		65	True	False
(filmRef)7223	False		75	True	False
(filmRef)7224	False		1231	True	False
(filmRef)7225	False		335	True	False
(filmRef)7226	False		187	True	False
(filmRef)7227	False		520	True	False
(filmRef)7228	False		440	True	False
(filmRef)7229	False		355	True	False
(filmRef)7230	False		122	True	False
(filmRef)7231	False		306	True	False
(filmRef)7232	False		709	True	False
(filmRef)7233	False		88	True	False
(filmRef)7234	False		204	True	False
(filmRef)7235	False		178	True	False
(filmRef)7236	False		109	True	False
(filmRef)7237	False		350	True	False
(filmRef)7238	False		1437	True	False
(filmRef)7239	False		372	True	False
(filmRef)7240	False		129	True	False
(filmRef)7241	False		380	True	False
(filmRef)7242	False		488	True	False
(filmRef)7243	False		239	True	False
(filmRef)7245	False		279	True	False
(filmRef)7246	False		243	True	False
(filmRef)7247	False		44	True	False
(filmRef)7248	False		70	True	False
(filmRef)7249	False		81	True	False
(filmRef)7250	False		140	True	False
(filmRef)7251	False		705	True	False
(filmRef)7252	False		692	True	False
(filmRef)7253	False		689	True	False
(filmRef)7255	False		392	False	False
(filmRef)7256	False		690	True	False
(filmRef)7257	False		510	True	False
(filmRef)7258	False		281	False	False
(filmRef)7259	False		176	False	False
(filmRef)7260	False		148	False	False
(filmRef)7261	False		162	False	False
(filmRef)7263	False		350	True	False
(filmRef)7264	False		493	True	False
(filmRef)7266	False		498	False	False
(filmRef)7267	False		68	False	False
(filmRef)7268	False		128	False	False
(filmRef)7269	False		329	False	False
(filmRef)7270	False		362	False	False
(filmRef)7271	False		270	False	False
(filmRef)7272	False		162	True	False
(filmRef)7273	False		266	True	False
(filmRef)7274	False		618	True	False
(filmRef)7275	False		113	False	False
(filmRef)7276	False		412	False	False
(filmRef)7277	False		374	False	False
(filmRef)7278	False		330	False	False
(filmRef)7279	False		151	False	False
(filmRef)7280	False		360	False	False
(filmRef)7281	False		326	False	False
(filmRef)7282	False		97	True	False
(filmRef)7283	False		236	False	False
(filmRef)7284	False		259	False	False
(filmRef)7285	False		426	False	False
(filmRef)7286	False		302	False	False
(filmRef)7287	False		502	False	False
(filmRef)7288	False		322	False	False
(filmRef)7289	False		347	False	False
(filmRef)7290	False		278	False	False
(filmRef)7291	False		263	False	False
(filmRef)7292	False		203	False	False
(filmRef)7293	False		363	False	False
(filmRef)7294	False		233	True	False
(filmRef)7295	False		234	True	False
(filmRef)7296	False		134	True	False
(filmRef)7297	False		1008	True	False
(filmRef)7298	False		293	True	False
(filmRef)7299	False		284	True	False
(filmRef)7300	False		162	True	False
(filmRef)7301	False		311	True	False
(filmRef)7302	False		377	True	False
(filmRef)7303	False		254	True	False
(filmRef)7304	False		353	True	False
(filmRef)7305	False		458	True	False
(filmRef)7306	False		341	True	False
(filmRef)7307	False		380	True	False
(filmRef)7308	False		651	True	False
(filmRef)7309	False		250	True	False
(filmRef)7310	False		240	True	False
(filmRef)7311	False		441	True	False
(filmRef)7312	False		412	True	False
(filmRef)7313	False		937	True	False
(filmRef)7314	False		2782	True	False
(filmRef)7315	False		1758	True	False
(filmRef)7316	False		461	True	False
(filmRef)7317	False		272	True	False
(filmRef)7318	False		1154	True	False
(filmRef)7319	False		725	True	False
(filmRef)7320	False		2304	True	False
(filmRef)7321	False		431	True	False
(filmRef)7322	False		883	True	False
(filmRef)7323	False		162	True	False
(filmRef)7324	False		3246	True	False
(filmRef)7325	False		4574	True	False
(filmRef)7326	False		1795	True	False
(filmRef)7327	False		383	True	False
(filmRef)7328	False		126	True	False
(filmRef)7329	False		1000	True	False
(filmRef)7330	False		93	True	False
(filmRef)7331	False		43	True	False
(filmRef)7332	False		63	True	False
(filmRef)7333	False		90	True	False
(filmRef)7334	False		122	True	False
(filmRef)7335	False		50	True	False
(filmRef)7336	False		139	True	False
(filmRef)7337	False		185	True	False
(filmRef)7338	False		244	True	False
(filmRef)7340	False		845	True	False
(filmRef)7341	False		333	True	False
(filmRef)7342	False		917	True	False
(filmRef)7343	False		339	True	False
(filmRef)7344	False		672	True	False
(filmRef)7345	False		473	True	False
(filmRef)7346	False		238	True	False
(filmRef)7347	False		339	True	False
(filmRef)7348	False		343	True	False
(filmRef)7349	False		125	True	False
(filmRef)7350	False		470	True	False
(filmRef)7351	False		669	True	False
(filmRef)7352	False		488	True	False
(filmRef)7353	False		467	True	False
(filmRef)7354	False		268	True	False
(filmRef)7355	False		172	True	False
(filmRef)7356	False		188	True	False
(filmRef)7357	False		773	True	False
(filmRef)7358	False		448	True	False
(filmRef)7359	False		352	True	False
(filmRef)7360	False		674	True	False
(filmRef)7361	False		498	True	False
(filmRef)7362	False		413	False	False
(filmRef)7363	False		616	True	False
(filmRef)7364	False		235	True	False
(filmRef)7365	False		220	True	False
(filmRef)7366	False		759	True	False
(filmRef)7367	False		465	True	False
(filmRef)7368	False		278	True	False
(filmRef)7369	False		399	True	False
(filmRef)7370	False		578	True	False
(filmRef)7371	False		356	True	False
(filmRef)7372	False		673	True	False
(filmRef)7373	False		686	True	False
(filmRef)7374	False		618	True	False
(filmRef)7375	False		1137	True	False
(filmRef)7376	False		422	True	False
(filmRef)7377	False		685	True	False
(filmRef)7378	False		367	True	False
(filmRef)7379	False		239	True	False
(filmRef)7380	False		519	True	False
(filmRef)7381	False		490	True	False
(filmRef)7382	False		590	True	False
(filmRef)7383	False		310	True	False
(filmRef)7384	False		64	True	False
(filmRef)7385	False		251	True	False
(filmRef)7386	False		327	True	False
(filmRef)7387	False		185	True	False
(filmRef)7388	False		251	True	False
(filmRef)7389	False		377	True	False
(filmRef)7390	False		335	True	False
(filmRef)7391	False		76	True	False
(filmRef)7392	False		87	True	False
(filmRef)7393	False		189	True	False
(filmRef)7394	False		174	True	False
(filmRef)7395	False		149	True	False
(filmRef)7396	False		166	True	False
(filmRef)7397	False		277	True	False
(filmRef)7398	False		233	True	False
(filmRef)7399	False		181	True	False
(filmRef)7400	False		265	True	False
(filmRef)7401	False		121	True	False
(filmRef)7402	False		83	True	False
(filmRef)7403	False		171	True	False
(filmRef)7404	False		178	True	False
(filmRef)7405	False		158	True	False
(filmRef)7406	False		193	True	False
(filmRef)7407	False		115	True	False
(filmRef)7408	False		285	True	False
(filmRef)7409	False		900	True	False
(filmRef)7410	False		171	True	False
(filmRef)7411	False		105	True	False
(filmRef)7412	False		87	True	False
(filmRef)7413	False		357	True	False
(filmRef)7414	False		237	True	False
(filmRef)7415	False		342	True	False
(filmRef)7416	False		487	True	False
(filmRef)7417	False		251	True	False
(filmRef)7418	False		254	True	False
(filmRef)7419	False		251	True	False
(filmRef)7420	False		150	True	False
(filmRef)7421	False		176	True	False
(filmRef)7422	False		275	True	False
(filmRef)7423	False		152	True	False
(filmRef)7424	False		207	True	False
(filmRef)7425	False		183	True	False
(filmRef)7426	False		415	True	False
(filmRef)7427	False		343	True	False
(filmRef)7428	False		268	True	False
(filmRef)7429	False		401	True	False
(filmRef)7430	False		188	True	False
(filmRef)7431	False		265	True	False
(filmRef)7432	False		235	True	False
(filmRef)7433	False		518	True	False
(filmRef)7434	False		2487	True	False
(filmRef)7435	False		674	True	False
(filmRef)7436	False		241	True	False
(filmRef)7437	False		248	True	False
(filmRef)7438	False		301	True	False
(filmRef)7439	False		443	True	False
(filmRef)7440	False		240	True	False
(filmRef)7441	False		1227	True	False
(filmRef)7442	False		201	True	False
(filmRef)7443	False		269	True	False
(filmRef)7444	False		396	True	False
(filmRef)7445	False		2833	True	False
(filmRef)7446	False		773	True	False
(filmRef)7447	False		385	True	False
(filmRef)7448	False		88	True	False
(filmRef)7449	False		108	True	False
(filmRef)7450	False		235	True	False
(filmRef)7451	False		440	True	False
(filmRef)7452	False		241	True	False
(filmRef)7453	False		305	True	False
(filmRef)7454	False		311	True	False
(filmRef)7455	False		211	True	False
(filmRef)7456	False		26	False	False
(filmRef)7457	False		427	True	False
(filmRef)7458	False		250	True	False
(filmRef)7459	False		266	True	False
(filmRef)7460	False		308	True	False
(filmRef)7461	False		154	True	False
(filmRef)7462	False		266	True	False
(filmRef)7463	False		227	True	False
(filmRef)7464	False		386	True	False
(filmRef)7465	False		283	True	False
(filmRef)7466	False		273	True	False
(filmRef)7467	False		348	True	False
(filmRef)7468	False		425	True	False
(filmRef)7469	False		185	True	False
(filmRef)7470	False		162	True	False
(filmRef)7471	False		162	True	False
(filmRef)7472	False		120	True	False
(filmRef)7473	False		294	True	False
(filmRef)7474	False		182	True	False
(filmRef)7475	False		281	True	False
(filmRef)7476	False		224	True	False
(filmRef)7477	False		144	True	False
(filmRef)7478	False		203	True	False
(filmRef)7479	False		435	True	False
(filmRef)7480	False		198	True	False
(filmRef)7481	False		218	True	False
(filmRef)7482	False		396	True	False
(filmRef)7483	False		138	True	False
(filmRef)7484	False		319	True	False
(filmRef)7485	False		1497	True	False
(filmRef)7486	False		220	True	False
(filmRef)7487	False		122	True	False
(filmRef)7488	False		445	True	False
(filmRef)7489	False		186	True	False
(filmRef)7490	False		284	True	False
(filmRef)7491	False		272	True	False
(filmRef)7492	False		294	True	False
(filmRef)7493	False		547	True	False
(filmRef)7494	False		469	True	False
(filmRef)7495	False		371	False	False
(filmRef)7496	False		260	False	False
(filmRef)7497	False		341	False	False
(filmRef)7498	False		157	False	False
(filmRef)7499	False		483	False	False
(filmRef)7500	False		181	False	False
(filmRef)7501	False		107	False	False
(filmRef)7502	False		264	False	False
(filmRef)7503	False		408	False	False
(filmRef)7504	False		284	False	False
(filmRef)7505	False		228	False	False
(filmRef)7506	False		191	True	False
(filmRef)7507	False		83	False	False
(filmRef)7508	False		237	False	False
(filmRef)7509	False		202	False	False
(filmRef)7510	False		264	False	False
(filmRef)7511	False		449	False	False
(filmRef)7512	False		181	False	False
(filmRef)7513	False		247	False	False
(filmRef)7514	False		368	False	False
(filmRef)7515	False		171	False	False
(filmRef)7516	False		136	False	False
(filmRef)7517	False		106	False	False
(filmRef)7518	False		305	False	False
(filmRef)7519	False		85	False	False
(filmRef)7520	False		91	False	False
(filmRef)7521	False		106	False	False
(filmRef)7522	False		112	False	False
(filmRef)7523	False		127	False	False
(filmRef)7524	False		255	False	False
(filmRef)7525	False		334	False	False
(filmRef)7526	False		364	True	False
(filmRef)7527	False		129	False	False
(filmRef)7528	False		339	False	False
(filmRef)7529	False		156	False	False
(filmRef)7530	False		368	False	False
(filmRef)7531	False		279	False	False
(filmRef)7532	False		272	False	False
(filmRef)7533	False		229	False	False
(filmRef)7534	False		264	False	False
(filmRef)7535	False		141	False	False
(filmRef)7536	False		59	True	False
(filmRef)7537	False		314	True	False
(filmRef)7538	False		12	False	False
(filmRef)7539	False		92	True	False
(filmRef)7540	False		145	True	False
(filmRef)7541	False		538	True	False
(filmRef)7543	False		37	True	False
(filmRef)7545	False		287	False	False
(filmRef)7546	False		278	False	False
(filmRef)7547	False		297	False	False
(filmRef)7548	False		318	False	False
(filmRef)7549	False		269	False	False
(filmRef)7550	False		95	True	False
(filmRef)7551	False		75	True	False
(filmRef)7553	False		157	True	False
(filmRef)7554	False		129	True	False
(filmRef)7555	False		711	True	False
(filmRef)7556	False		109	True	False
(filmRef)7557	False		310	False	False
(filmRef)7558	False		92	False	False
(filmRef)7559	False		636	True	False
(filmRef)7560	False		172	False	False
(filmRef)7561	False		78	False	False
(filmRef)7563	False		77	False	False
(filmRef)7564	False		108	False	False
(filmRef)7565	False		107	False	False
(filmRef)7566	False		97	False	False
(filmRef)7567	False		534	False	False
(filmRef)7568	False		519	False	False
(filmRef)7569	False		468	False	False
(filmRef)7570	False		209	False	False
(filmRef)7571	False		537	True	False
(filmRef)7572	False		67	False	False
(filmRef)7573	False		246	True	False
(filmRef)7574	False		198	True	False
(filmRef)7575	False		202	True	False
(filmRef)7576	False		238	True	False
(filmRef)7577	False		159	True	False
(filmRef)7578	False		733	True	False
(filmRef)7579	False		352	False	False
(filmRef)7580	False		233	False	False
(filmRef)7582	False		230	True	False
(filmRef)7583	False		516	True	False
(filmRef)7584	False		353	False	False
(filmRef)7585	False		258	False	False
(filmRef)7586	False		158	False	False
(filmRef)7589	False		160	True	False
(filmRef)7590	False		372	True	False
(filmRef)7591	False		455	True	False
(filmRef)7592	False		276	False	False
(filmRef)7593	False		388	False	False
(filmRef)7594	False		271	False	False
(filmRef)7595	False		265	False	False
(filmRef)7596	False		383	False	False
(filmRef)7597	False		249	False	False
(filmRef)7598	False		230	False	False
(filmRef)7599	False		339	False	False
(filmRef)7600	False		141	False	False
(filmRef)7601	False		354	False	False
(filmRef)7602	False		383	False	False
(filmRef)7603	False		293	False	False
(filmRef)7604	False		278	False	False
(filmRef)7605	False		310	False	False
(filmRef)7606	False		127	False	False
(filmRef)7607	False		289	True	False
(filmRef)7608	False		225	False	False
(filmRef)7609	False		268	False	False
(filmRef)7610	False		359	False	False
(filmRef)7611	False		151	False	False
(filmRef)7612	False		604	True	False
(filmRef)7613	False		325	False	False
(filmRef)7614	False		434	False	False
(filmRef)7615	False		330	False	False
(filmRef)7616	False		206	False	False
(filmRef)7617	False		253	False	False
(filmRef)7618	False		129	False	False
(filmRef)7619	False		178	False	False
(filmRef)7620	False		218	False	False
(filmRef)7621	False		226	False	False
(filmRef)7622	False		362	False	False
(filmRef)7623	False		306	False	False
(filmRef)7624	False		348	False	False
(filmRef)7625	False		289	False	False
(filmRef)7626	False		314	False	False
(filmRef)7627	False		303	False	False
(filmRef)7628	False		260	False	False
(filmRef)7629	False		368	False	False
(filmRef)7630	False		211	False	False
(filmRef)7631	False		448	False	False
(filmRef)7632	False		79	False	False
(filmRef)7633	False		409	False	False
(filmRef)7634	False		253	True	False
(filmRef)7635	False		169	False	False
(filmRef)7636	False		89	False	False
(filmRef)7637	False		149	False	False
(filmRef)7638	False		206	False	False
(filmRef)7639	False		173	False	False
(filmRef)7640	False		222	False	False
(filmRef)7641	False		327	False	False
(filmRef)7642	False		276	False	False
(filmRef)7643	False		472	False	False
(filmRef)7644	False		508	False	False
(filmRef)7645	False		384	False	False
(filmRef)7646	False		457	True	False
(filmRef)7647	False		145	False	False
(filmRef)7648	False		381	False	False
(filmRef)7649	False		573	True	False
(filmRef)7650	False		218	False	False
(filmRef)7651	False		297	False	False
(filmRef)7652	False		218	False	False
(filmRef)7653	False		431	False	False
(filmRef)7654	False		296	False	False
(filmRef)7655	False		402	False	False
(filmRef)7656	False		296	False	False
(filmRef)7657	False		341	False	False
(filmRef)7658	False		295	False	False
(filmRef)7659	False		228	False	False
(filmRef)7660	False		64	False	False
(filmRef)7661	False		342	False	False
(filmRef)7662	False		223	False	False
(filmRef)7663	False		307	False	False
(filmRef)7664	False		204	False	False
(filmRef)7665	False		361	False	False
(filmRef)7666	False		224	True	False
(filmRef)7667	False		78	True	False
(filmRef)7668	False		343	True	False
(filmRef)7669	False		316	False	False
(filmRef)7670	False		167	False	False
(filmRef)7671	False		97	False	False
(filmRef)7672	False		119	False	False
(filmRef)7673	False		149	False	False
(filmRef)7674	False		171	False	False
(filmRef)7675	False		110	False	False
(filmRef)7676	False		197	False	False
(filmRef)7677	False		193	False	False
(filmRef)7678	False		138	False	False
(filmRef)7679	False		260	False	False
(filmRef)7680	False		186	False	False
(filmRef)7681	False		270	False	False
(filmRef)7682	False		165	False	False
(filmRef)7683	False		184	False	False
(filmRef)7684	False		133	False	False
(filmRef)7685	False		349	False	False
(filmRef)7686	False		443	False	False
(filmRef)7687	False		141	False	False
(filmRef)7688	False		199	False	False
(filmRef)7689	False		324	False	False
(filmRef)7690	False		424	False	False
(filmRef)7691	False		313	False	False
(filmRef)7692	False		246	False	False
(filmRef)7693	False		202	False	False
(filmRef)7694	False		1202	True	False
(filmRef)7695	False		107	True	False
(filmRef)7696	False		331	True	False
(filmRef)7697	False		419	True	False
(filmRef)7698	False		285	True	False
(filmRef)7699	False		161	True	False
(filmRef)7700	False		555	True	False
(filmRef)7701	False		907	True	False
(filmRef)7702	False		702	True	False
(filmRef)7703	False		572	True	False
(filmRef)7704	False		883	True	False
(filmRef)7705	False		237	True	False
(filmRef)7706	False		553	True	False
(filmRef)7707	False		468	True	False
(filmRef)7708	False		248	True	False
(filmRef)7709	False		467	True	False
(filmRef)7710	False		316	True	False
(filmRef)7711	False		342	True	False
(filmRef)7712	False		179	True	False
(filmRef)7713	False		93	True	False
(filmRef)7714	False		198	True	False
(filmRef)7715	False		379	True	False
(filmRef)7716	False		319	True	False
(filmRef)7717	False		406	True	False
(filmRef)7718	False		455	True	False
(filmRef)7719	False		545	True	False
(filmRef)7720	False		589	True	False
(filmRef)7721	False		619	True	False
(filmRef)7722	False		457	True	False
(filmRef)7723	False		756	True	False
(filmRef)7724	False		622	True	False
(filmRef)7725	False		554	True	False
(filmRef)7726	False		514	True	False
(filmRef)7727	False		293	True	False
(filmRef)7732	False		511	True	False
(filmRef)7733	False		427	True	False
(filmRef)7734	False		224	True	False
(filmRef)7735	False		254	True	False
(filmRef)7736	False		208	True	False
(filmRef)7737	False		305	True	False
(filmRef)7738	False		284	True	False
(filmRef)7739	False		265	True	False
(filmRef)7740	False		266	True	False
(filmRef)7741	False		224	True	False
(filmRef)7742	False		386	True	False
(filmRef)7743	False		222	True	False
(filmRef)7744	False		604	True	False
(filmRef)7745	False		395	True	False
(filmRef)7746	False		461	True	False
(filmRef)7747	False		425	True	False
(filmRef)7748	False		753	True	False
(filmRef)7749	False		555	True	False
(filmRef)7750	False		618	True	False
(filmRef)7751	False		483	True	False
(filmRef)7752	False		167	True	False
(filmRef)7753	False		251	True	False
(filmRef)7754	False		794	True	False
(filmRef)7755	False		525	True	False
(filmRef)7756	False		461	True	False
(filmRef)7757	False		412	True	False
(filmRef)7758	False		226	True	False
(filmRef)7759	False		358	True	False
(filmRef)7760	False		217	True	False
(filmRef)7761	False		384	True	False
(filmRef)7762	False		260	True	False
(filmRef)7763	False		456	True	False
(filmRef)7764	False		538	True	False
(filmRef)7765	False		251	True	False
(filmRef)7766	False		72	True	False
(filmRef)7767	False		126	True	False
(filmRef)7768	False		75	True	False
(filmRef)7769	False		115	True	False
(filmRef)7770	False		168	True	False
(filmRef)7771	False		183	True	False
(filmRef)7778	False		288	True	False
(filmRef)7779	False		154	True	False
(filmRef)7780	False		338	True	False
(filmRef)7781	False		475	True	False
(filmRef)7782	False		429	True	False
(filmRef)7783	False		778	True	False
(filmRef)7784	False		362	True	False
(filmRef)7785	False		423	True	False
(filmRef)7786	False		215	True	False
(filmRef)7787	False		310	True	False
(filmRef)7788	False		410	True	False
(filmRef)7789	False		759	True	False
(filmRef)7790	False		395	True	False
(filmRef)7791	False		560	True	False
(filmRef)7792	False		151	True	False
(filmRef)7793	False		452	True	False
(filmRef)7794	False		272	False	False
(filmRef)7795	False		270	False	False
(filmRef)7796	False		146	False	False
(filmRef)7797	False		362	False	False
(filmRef)7798	False		140	False	False
(filmRef)7799	False		168	False	False
(filmRef)7800	False		149	False	False
(filmRef)7801	False		231	False	False
(filmRef)7802	False		305	True	False
(filmRef)7803	False		1241	True	False
(filmRef)7805	False		93	True	False
(filmRef)7806	False		260	True	False
(filmRef)7807	False		482	True	False
(filmRef)7808	False		286	True	False
(filmRef)7809	False		92	True	False
(filmRef)7811	False		394	True	False
(filmRef)7812	False		827	True	False
(filmRef)7813	False		552	True	False
(filmRef)7814	False		135	True	False
(filmRef)7815	False		269	False	False
(filmRef)7816	False		607	True	False
(filmRef)7817	False		162	False	False
(filmRef)7818	False		161	False	False
(filmRef)7820	False		85	True	False
(filmRef)7821	False		403	True	False
(filmRef)7822	False		36	False	False
(filmRef)7823	False		48	False	False
(filmRef)7824	False		52	False	False
(filmRef)7825	False		43	False	False
(filmRef)7826	False		48	False	False
(filmRef)7827	False		38	False	False
(filmRef)7828	False		71	False	False
(filmRef)7829	False		42	False	False
(filmRef)7830	False		47	False	False
(filmRef)7831	False		43	False	False
(filmRef)7832	False		57	False	False
(filmRef)7833	False		56	False	False
(filmRef)7834	False		52	False	False
(filmRef)7835	False		155	False	False
(filmRef)7836	False		239	False	False
(filmRef)7837	False		441	False	False
(filmRef)7838	False		188	False	False
(filmRef)7839	False		318	False	False
(filmRef)7840	False		115	False	False
(filmRef)7841	False		172	False	False
(filmRef)7842	False		507	False	False
(filmRef)7843	False		1081	True	False
(filmRef)7845	False		194	False	False
(filmRef)7846	False		369	False	False
(filmRef)7847	False		267	False	False
(filmRef)7848	False		297	False	False
(filmRef)7849	False		421	True	False
(filmRef)7850	False		163	False	False
(filmRef)7851	False		191	False	False
(filmRef)7853	False		107	False	False
(filmRef)7854	False		172	False	False
(filmRef)7855	False		277	False	False
(filmRef)7856	False		273	False	False
(filmRef)7857	False		348	False	False
(filmRef)7858	False		117	False	False
(filmRef)7859	False		485	True	False
(filmRef)7860	False		493	False	False
(filmRef)7861	False		288	False	False
(filmRef)7862	False		283	False	False
(filmRef)7863	False		79	False	False
(filmRef)7864	False		305	False	False
(filmRef)7865	False		311	True	False
(filmRef)7866	False		191	False	False
(filmRef)7867	False		77	False	False
(filmRef)7868	False		229	False	False
(filmRef)7869	False		588	False	False
(filmRef)7870	False		127	False	False
(filmRef)7871	False		295	False	False
(filmRef)7872	False		296	False	False
(filmRef)7873	False		113	False	False
(filmRef)7874	False		329	False	False
(filmRef)7875	False		623	True	False
(filmRef)7876	False		555	False	False
(filmRef)7877	False		186	False	False
(filmRef)7878	False		96	False	False
(filmRef)7879	False		253	True	False
(filmRef)7880	False		573	False	False
(filmRef)7881	False		445	False	False
(filmRef)7882	False		106	True	False
(filmRef)7883	False		317	True	False
(filmRef)7884	False		83	False	False
(filmRef)7885	False		162	False	False
(filmRef)7886	False		97	False	False
(filmRef)7887	False		245	False	False
(filmRef)7888	False		456	True	False
(filmRef)7889	False		214	False	False
(filmRef)7890	False		52	False	False
(filmRef)7891	False		175	False	False
(filmRef)7892	False		208	False	False
(filmRef)7893	False		366	True	False
(filmRef)7894	False		83	False	False
(filmRef)7895	False		126	False	False
(filmRef)7896	False		304	False	False
(filmRef)7897	False		149	False	False
(filmRef)7898	False		69	False	False
(filmRef)7899	False		192	True	False
(filmRef)7900	False		79	True	False
(filmRef)7901	False		129	True	False
(filmRef)7902	False		371	True	False
(filmRef)7904	False		162	False	False
(filmRef)7905	False		185	True	False
(filmRef)7906	False		232	False	False
(filmRef)7907	False		185	False	False
(filmRef)7908	False		490	False	False
(filmRef)7909	False		279	False	False
(filmRef)7910	False		801	True	False
(filmRef)7911	False		391	True	False
(filmRef)7912	False		261	False	False
(filmRef)7913	False		317	False	False
(filmRef)7914	False		322	False	False
(filmRef)7915	False		498	True	False
(filmRef)7916	False		93	False	False
(filmRef)7917	False		129	False	False
(filmRef)7918	False		356	False	False
(filmRef)7919	False		121	False	False
(filmRef)7920	False		170	False	False
(filmRef)7921	False		624	False	False
(filmRef)7922	False		274	False	False
(filmRef)7923	False		209	False	False
(filmRef)7924	False		643	True	False
(filmRef)7925	False		107	False	False
(filmRef)7926	False		142	False	False
(filmRef)7927	False		118	False	False
(filmRef)7928	False		258	False	False
(filmRef)7929	False		502	False	False
(filmRef)7930	False		730	True	False
(filmRef)7931	False		121	True	False
(filmRef)7933	False		503	True	False
(filmRef)7936	False		255	True	False
(filmRef)7937	False		293	True	False
(filmRef)7938	False		230	False	False
(filmRef)7939	False		120	False	False
(filmRef)7940	False		320	False	False
(filmRef)7941	False		94	False	False
(filmRef)7942	False		335	False	False
(filmRef)7943	False		158	True	False
(filmRef)7944	False		126	False	False
(filmRef)7945	False		215	False	False
(filmRef)7946	False		428	False	False
(filmRef)7947	False		413	False	False
(filmRef)7948	False		280	False	False
(filmRef)7949	False		234	False	False
(filmRef)7950	False		141	False	False
(filmRef)7951	False		264	True	False
(filmRef)7952	False		204	True	False
(filmRef)7953	False		1684	True	False
(filmRef)7954	False		266	True	False
(filmRef)7955	False		355	True	False
(filmRef)7956	False		181	True	False
(filmRef)7957	False		221	True	False
(filmRef)7958	False		264	True	False
(filmRef)7959	False		159	True	False
(filmRef)7960	False		568	True	False
(filmRef)7961	False		272	True	False
(filmRef)7962	False		269	True	False
(filmRef)7963	False		168	True	False
(filmRef)7964	False		349	True	False
(filmRef)7965	False		330	True	False
(filmRef)7966	False		291	True	False
(filmRef)7967	False		315	False	False
(filmRef)7968	False		456	False	False
(filmRef)7969	False		410	False	False
(filmRef)7970	False		183	False	False
(filmRef)7971	False		148	True	False
(filmRef)7972	False		262	True	False
(filmRef)7973	False		224	False	False
(filmRef)7974	False		82	False	False
(filmRef)7975	False		344	False	False
(filmRef)7976	False		799	True	False
(filmRef)7977	False		171	False	False
(filmRef)7978	False		23	False	False
(filmRef)7979	False		220	False	False
(filmRef)7980	False		212	False	False
(filmRef)7981	False		228	False	False
(filmRef)7982	False		147	False	False
(filmRef)7983	False		41	False	False
(filmRef)7984	False		131	True	False
(filmRef)7985	False		270	True	False
(filmRef)7986	False		241	True	False
(filmRef)7987	False		159	False	False
(filmRef)7988	False		181	False	False
(filmRef)7989	False		94	False	False
(filmRef)7990	False		77	False	False
(filmRef)7991	False		413	True	False
(filmRef)7992	False		373	True	False
(filmRef)7993	False		209	True	False
(filmRef)7995	False		294	True	False
(filmRef)7996	False		391	True	False
(filmRef)7997	False		106	False	False
(filmRef)7998	False		355	True	False
(filmRef)7999	False		131	False	False
(filmRef)8000	False		505	True	False
(filmRef)8001	False		277	False	False
(filmRef)8002	False		232	False	False
(filmRef)8003	False		170	False	False
(filmRef)8004	False		128	False	False
(filmRef)8005	False		82	False	False
(filmRef)8006	False		70	False	False
(filmRef)8007	False		356	False	False
(filmRef)8008	False		468	True	False
(filmRef)8009	False		328	True	False
(filmRef)8010	False		353	True	False
(filmRef)8011	False		187	False	False
(filmRef)8012	False		244	False	False
(filmRef)8013	False		304	False	False
(filmRef)8014	False		137	False	False
(filmRef)8015	False		123	False	False
(filmRef)8016	False		186	False	False
(filmRef)8017	False		154	False	False
(filmRef)8018	False		211	False	False
(filmRef)8019	False		216	False	False
(filmRef)8020	False		46	False	False
(filmRef)8021	False		70	False	False
(filmRef)8022	False		295	False	False
(filmRef)8023	False		116	False	False
(filmRef)8024	False		50	False	False
(filmRef)8025	False		53	True	False
(filmRef)8026	False		25	True	False
(filmRef)8027	False		25	True	False
(filmRef)8028	False		25	True	False
(filmRef)8029	False		25	True	False
(filmRef)8030	False		25	True	False
(filmRef)8031	False		25	True	False
(filmRef)8032	False		25	True	False
(filmRef)8033	False		25	True	False
(filmRef)8034	False		25	True	False
(filmRef)8035	False		25	True	False
(filmRef)8036	False		563	True	False
(filmRef)8037	False		198	False	False
(filmRef)8038	False		553	False	False
(filmRef)8039	False		226	False	False
(filmRef)8040	False		599	True	False
(filmRef)8041	False		662	True	False
(filmRef)8043	False		607	True	False
(filmRef)8044	False		380	True	False
(filmRef)8045	False		273	False	False
(filmRef)8046	False		275	False	False
(filmRef)8047	False		138	False	False
(filmRef)8048	False		72	False	False
(filmRef)8049	False		248	False	False
(filmRef)8050	False		253	False	False
(filmRef)8051	False		358	True	False
(filmRef)8052	False		147	False	False
(filmRef)8053	False		264	True	False
(filmRef)8054	False		194	False	False
(filmRef)8055	False		447	True	False
(filmRef)8056	False		163	False	False
(filmRef)8057	False		136	False	False
(filmRef)8058	False		200	False	False
(filmRef)8059	False		240	True	False
(filmRef)8060	False		227	True	False
(filmRef)8061	False		208	True	False
(filmRef)8062	False		209	True	False
(filmRef)8064	False		74	False	False
(filmRef)8065	False		277	False	False
(filmRef)8066	False		255	True	False
(filmRef)8067	False		118	False	False
(filmRef)8069	False		203	False	False
(filmRef)8070	False		345	True	False
(filmRef)8071	False		136	True	False
(filmRef)8072	False		144	True	False
(filmRef)8073	False		196	False	False
(filmRef)8074	False		124	True	False
(filmRef)8075	False		1180	True	False
(filmRef)8076	False		303	False	False
(filmRef)8077	False		467	True	False
(filmRef)8078	False		609	True	False
(filmRef)8079	False		768	True	False
(filmRef)8080	False		506	True	False
(filmRef)8081	False		257	True	False
(filmRef)8082	False		40	False	False
(filmRef)8083	False		237	True	False
(filmRef)8084	False		200	True	False
(filmRef)8085	False		313	False	False
(filmRef)8086	False		341	False	False
(filmRef)8087	False		304	True	False
(filmRef)8088	False		49	False	False
(filmRef)8089	False		164	True	False
(filmRef)8090	False		255	True	False
(filmRef)8091	False		205	True	False
(filmRef)8092	False		294	True	False
(filmRef)8093	False		233	True	False
(filmRef)8094	False		196	True	False
(filmRef)8095	False		316	True	False
(filmRef)8096	False		102	True	False
(filmRef)8097	False		225	True	False
(filmRef)8098	False		134	True	False
(filmRef)8099	False		137	True	False
(filmRef)8100	False		99	False	False
(filmRef)8101	False		121	False	False
(filmRef)8102	False		120	False	False
(filmRef)8103	False		25	True	False
(filmRef)8104	False		28	True	False
(filmRef)8105	False		25	True	False
(filmRef)8106	False		25	True	False
(filmRef)8107	False		48	True	False
(filmRef)8108	False		214	False	False
(filmRef)8109	False		170	False	False
(filmRef)8110	False		597	False	False
(filmRef)8111	False		401	True	False
(filmRef)8112	False		218	True	False
(filmRef)8113	False		209	True	False
(filmRef)8114	False		268	False	False
(filmRef)8115	False		270	True	False
(filmRef)8116	False		261	False	False
(filmRef)8117	False		400	False	False
(filmRef)8118	False		159	False	False
(filmRef)8119	False		442	False	False
(filmRef)8120	False		298	False	False
(filmRef)8121	False		252	True	False
(filmRef)8122	False		325	True	False
(filmRef)8123	False		195	True	False
(filmRef)8124	False		66	False	False
(filmRef)8125	False		45	False	False
(filmRef)8126	False		64	False	False
(filmRef)8127	False		74	False	False
(filmRef)8128	False		53	False	False
(filmRef)8129	False		98	False	False
(filmRef)8130	False		98	False	False
(filmRef)8132	False		351	False	False
(filmRef)8133	False		40	True	False
(filmRef)8134	False		45	False	False
(filmRef)8135	False		166	True	False
(filmRef)8136	False		91	False	False
(filmRef)8137	False		257	False	False
(filmRef)8138	False		205	True	False
(filmRef)8141	False		265	False	False
(filmRef)8142	False		605	True	False
(filmRef)8144	False		83	False	False
(filmRef)8145	False		165	False	False
(filmRef)8146	False		485	True	False
(filmRef)8148	False		209	False	False
(filmRef)8149	False		407	False	False
(filmRef)8150	False		309	True	False
(filmRef)8152	False		185	True	False
(filmRef)8153	False		65	False	False
(filmRef)8154	False		82	False	False
(filmRef)8155	False		247	True	False
(filmRef)8157	False		335	False	False
(filmRef)8158	False		75	False	False
(filmRef)8159	False		112	False	False
(filmRef)8160	False		119	False	False
(filmRef)8161	False		74	False	False
(filmRef)8162	False		174	False	False
(filmRef)8163	False		115	False	False
(filmRef)8164	False		136	False	False
(filmRef)8165	False		54	True	False
(filmRef)8166	False		71	False	False
(filmRef)8167	False		124	False	False
(filmRef)8169	False		83	False	False
(filmRef)8170	False		361	False	False
(filmRef)8171	False		105	False	False
(filmRef)8172	False		164	False	False
(filmRef)8173	False		173	False	False
(filmRef)8174	False		83	False	False
(filmRef)8175	False		94	False	False
(filmRef)8176	False		250	False	False
(filmRef)8177	False		476	True	False
(filmRef)8178	False		174	False	False
(filmRef)8180	False		186	False	False
(filmRef)8181	False		70	False	False
(filmRef)8182	False		122	False	False
(filmRef)8183	False		62	False	False
(filmRef)8184	False		135	False	False
(filmRef)8185	False		270	False	False
(filmRef)8186	False		35	False	False
(filmRef)8188	False		62	False	False
(filmRef)8189	False		55	False	False
(filmRef)8190	False		180	False	False
(filmRef)8191	False		61	False	False
(filmRef)8192	False		170	False	False
(filmRef)8193	False		62	False	False
(filmRef)8194	False		189	True	False
(filmRef)8195	False		223	False	False
(filmRef)8196	False		70	True	False
(filmRef)8197	False		272	True	False
(filmRef)8198	False		118	True	False
(filmRef)8199	False		78	True	False
(filmRef)8200	False		403	True	False
(filmRef)8201	False		326	True	False
(filmRef)8202	False		276	True	False
(filmRef)8204	False		194	False	False
(filmRef)8207	False		105	True	False
(filmRef)8208	False		228	True	False
(filmRef)8209	False		190	True	False
(filmRef)8210	False		542	True	False
(filmRef)8211	False		187	True	False
(filmRef)8212	False		246	True	False
(filmRef)8213	False		427	True	False
(filmRef)8214	False		142	True	False
(filmRef)8215	False		24	False	False
(filmRef)8216	False		793	True	False
(filmRef)8217	False		257	False	False
(filmRef)8218	False		280	False	False
(filmRef)8219	False		204	False	False
(filmRef)8220	False		38	False	False
(filmRef)8221	False		108	False	False
(filmRef)8222	False		53	True	False
(filmRef)8223	False		432	True	False
(filmRef)8224	False		134	True	False
(filmRef)8225	False		166	True	False
(filmRef)8226	False		386	True	False
(filmRef)8227	False		226	True	False
(filmRef)8228	False		142	True	False
(filmRef)8229	False		138	True	False
(filmRef)8230	False		159	True	False
(filmRef)8231	False		215	True	False
(filmRef)8232	False		134	False	False
(filmRef)8233	False		208	False	False
(filmRef)8234	False		163	True	False
(filmRef)8235	False		183	False	False
(filmRef)8236	False		319	False	False
(filmRef)8237	False		299	False	False
(filmRef)8238	False		177	False	False
(filmRef)8239	False		298	False	False
(filmRef)8240	False		349	True	False
(filmRef)8241	False		435	True	False
(filmRef)8242	False		187	True	False
(filmRef)8243	False		301	True	False
(filmRef)8244	False		269	True	False
(filmRef)8245	False		291	True	False
(filmRef)8246	False		226	True	False
(filmRef)8247	False		207	True	False
(filmRef)8248	False		358	True	False
(filmRef)8249	False		289	True	False
(filmRef)8250	False		217	True	False
(filmRef)8251	False		473	True	False
(filmRef)8252	False		251	True	False
(filmRef)8253	False		315	True	False
(filmRef)8254	False		690	True	False
(filmRef)8255	False		511	True	False
(filmRef)8256	False		583	True	False
(filmRef)8257	False		388	True	False
(filmRef)8258	False		257	True	False
(filmRef)8259	False		502	True	False
(filmRef)8260	False		245	True	False
(filmRef)8261	False		244	True	False
(filmRef)8262	False		594	True	False
(filmRef)8263	False		511	True	False
(filmRef)8264	False		419	True	False
(filmRef)8265	False		323	True	False
(filmRef)8266	False		170	False	False
(filmRef)8267	False		323	True	False
(filmRef)8268	False		547	True	False
(filmRef)8269	False		287	False	False
(filmRef)8270	False		307	True	False
(filmRef)8271	False		207	False	False
(filmRef)8272	False		183	False	False
(filmRef)8274	False		350	False	False
(filmRef)8275	False		40	False	False
(filmRef)8276	False		53	False	False
(filmRef)8277	False		42	False	False
(filmRef)8278	False		61	False	False
(filmRef)8279	False		45	False	False
(filmRef)8280	False		51	False	False
(filmRef)8281	False		152	True	False
(filmRef)8282	False		297	True	False
(filmRef)8283	False		460	True	False
(filmRef)8284	False		284	True	False
(filmRef)8285	False		165	True	False
(filmRef)8286	False		439	True	False
(filmRef)8287	False		391	True	False
(filmRef)8288	False		219	True	False
(filmRef)8289	False		452	True	False
(filmRef)8290	False		341	True	False
(filmRef)8291	False		342	True	False
(filmRef)8293	False		295	True	False
(filmRef)8294	False		149	True	False
(filmRef)8295	False		244	True	False
(filmRef)8296	False		233	True	False
(filmRef)8297	False		511	True	False
(filmRef)8298	False		76	True	False
(filmRef)8299	False		100	True	False
(filmRef)8300	False		104	True	False
(filmRef)8301	False		394	True	False
(filmRef)8302	False		172	True	False
(filmRef)8303	False		188	True	False
(filmRef)8304	False		140	True	False
(filmRef)8305	False		143	True	False
(filmRef)8306	False		184	True	False
(filmRef)8307	False		163	True	False
(filmRef)8308	False		94	True	False
(filmRef)8309	False		255	True	False
(filmRef)8310	False		129	True	False
(filmRef)8311	False		126	True	False
(filmRef)8312	False		138	True	False
(filmRef)8313	False		116	True	False
(filmRef)8314	False		146	True	False
(filmRef)8315	False		122	True	False
(filmRef)8316	False		131	True	False
(filmRef)8317	False		172	True	False
(filmRef)8318	False		106	True	False
(filmRef)8319	False		179	True	False
(filmRef)8320	False		126	True	False
(filmRef)8321	False		167	True	False
(filmRef)8322	False		160	True	False
(filmRef)8323	False		142	True	False
(filmRef)8324	False		221	True	False
(filmRef)8325	False		167	True	False
(filmRef)8326	False		148	True	False
(filmRef)8327	False		180	True	False
(filmRef)8328	False		187	True	False
(filmRef)8329	False		132	True	False
(filmRef)8330	False		588	True	False
(filmRef)8331	False		284	True	False
(filmRef)8332	False		416	True	False
(filmRef)8333	False		495	True	False
(filmRef)8334	False		298	True	False
(filmRef)8335	False		369	True	False
(filmRef)8336	False		453	True	False
(filmRef)8337	False		263	True	False
(filmRef)8338	False		463	True	False
(filmRef)8339	False		409	True	False
(filmRef)8340	False		559	True	False
(filmRef)8341	False		434	True	False
(filmRef)8342	False		289	True	False
(filmRef)8343	False		244	True	False
(filmRef)8344	False		441	True	False
(filmRef)8345	False		282	True	False
(filmRef)8346	False		380	True	False
(filmRef)8347	False		174	True	False
(filmRef)8348	False		226	True	False
(filmRef)8349	False		117	True	False
(filmRef)8350	False		181	True	False
(filmRef)8351	False		211	True	False
(filmRef)8352	False		285	True	False
(filmRef)8353	False		254	True	False
(filmRef)8354	False		339	True	False
(filmRef)8355	False		0	False	False
(filmRef)8356	False		311	True	False
(filmRef)8357	False		620	True	False
(filmRef)8358	False		653	True	False
(filmRef)8359	False		852	True	False
(filmRef)8360	False		876	True	False
(filmRef)8361	False		741	True	False
(filmRef)8362	False		391	True	False
(filmRef)8363	False		227	True	False
(filmRef)8364	False		267	True	False
(filmRef)8366	False		750	True	False
(filmRef)8367	False		271	True	False
(filmRef)8369	False		268	True	False
(filmRef)8370	False		405	True	False
(filmRef)8371	False		343	True	False
(filmRef)8372	False		499	True	False
(filmRef)8373	False		372	True	False
(filmRef)8374	False		300	True	False
(filmRef)8375	False		391	True	False
(filmRef)8376	False		179	True	False
(filmRef)8377	False		227	True	False
(filmRef)8378	False		807	True	False
(filmRef)8379	False		501	True	False
(filmRef)8380	False		404	True	False
(filmRef)8381	False		515	True	False
(filmRef)8382	False		732	True	False
(filmRef)8383	False		622	True	False
(filmRef)8384	False		279	True	False
(filmRef)8385	False		190	True	False
(filmRef)8386	False		253	True	False
(filmRef)8387	False		108	True	False
(filmRef)8388	False		211	True	False
(filmRef)8389	False		303	True	False
(filmRef)8390	False		75	True	False
(filmRef)8391	False		616	True	False
(filmRef)8392	False		195	True	False
(filmRef)8393	False		271	True	False
(filmRef)8394	False		362	True	False
(filmRef)8397	False		94	False	False
(filmRef)8398	False		246	False	False
(filmRef)8399	False		96	True	False
(filmRef)8400	False		77	False	False
(filmRef)8401	False		379	False	False
(filmRef)8402	False		74	False	False
(filmRef)8403	False		62	False	False
(filmRef)8404	False		42	False	False
(filmRef)8405	False		212	False	False
(filmRef)8406	False		40	False	False
(filmRef)8407	False		35	False	False
(filmRef)8408	False		180	False	False
(filmRef)8409	False		83	False	False
(filmRef)8410	False		59	False	False
(filmRef)8411	False		92	False	False
(filmRef)8412	False		197	True	False
(filmRef)8413	False		505	True	False
(filmRef)8414	False		357	False	False
(filmRef)8415	False		483	True	False
(filmRef)8416	False		556	True	False
(filmRef)8417	False		843	True	False
(filmRef)8418	False		206	True	False
(filmRef)8419	False		171	True	False
(filmRef)8420	False		117	True	False
(filmRef)8421	False		289	True	False
(filmRef)8422	False		223	True	False
(filmRef)8423	False		114	True	False
(filmRef)8424	False		123	True	False
(filmRef)8425	False		248	True	False
(filmRef)8426	False		406	True	False
(filmRef)8427	False		297	True	False
(filmRef)8428	False		454	True	False
(filmRef)8429	False		571	True	False
(filmRef)8430	False		307	True	False
(filmRef)8431	False		365	True	False
(filmRef)8432	False		198	True	False
(filmRef)8433	False		268	True	False
(filmRef)8434	False		250	True	False
(filmRef)8435	False		596	True	False
(filmRef)8436	False		357	True	False
(filmRef)8437	False		168	True	False
(filmRef)8438	False		292	True	False
(filmRef)8439	False		125	True	False
(filmRef)8440	False		279	True	False
(filmRef)8441	False		204	True	False
(filmRef)8442	False		267	True	False
(filmRef)8444	False		76	True	False
(filmRef)8445	False		143	True	False
(filmRef)8446	False		117	True	False
(filmRef)8447	False		145	True	False
(filmRef)8448	False		100	True	False
(filmRef)8449	False		167	True	False
(filmRef)8450	False		129	True	False
(filmRef)8451	False		77	True	False
(filmRef)8452	False		85	True	False
(filmRef)8453	False		115	True	False
(filmRef)8454	False		129	True	False
(filmRef)8455	False		138	True	False
(filmRef)8456	False		158	True	False
(filmRef)8457	False		118	True	False
(filmRef)8458	False		100	True	False
(filmRef)8459	False		99	True	False
(filmRef)8460	False		139	True	False
(filmRef)8461	False		70	True	False
(filmRef)8462	False		145	True	False
(filmRef)8463	False		137	True	False
(filmRef)8464	False		100	True	False
(filmRef)8465	False		183	True	False
(filmRef)8466	False		123	True	False
(filmRef)8467	False		98	True	False
(filmRef)8468	False		104	True	False
(filmRef)8469	False		143	True	False
(filmRef)8470	False		123	True	False
(filmRef)8471	False		61	True	False
(filmRef)8472	False		155	True	False
(filmRef)8473	False		138	True	False
(filmRef)8474	False		58	True	False
(filmRef)8475	False		107	True	False
(filmRef)8476	False		162	True	False
(filmRef)8477	False		156	True	False
(filmRef)8478	False		99	True	False
(filmRef)8479	False		39	True	False
(filmRef)8480	False		142	True	False
(filmRef)8482	False		157	True	False
(filmRef)8483	False		183	True	False
(filmRef)8484	False		92	True	False
(filmRef)8485	False		135	True	False
(filmRef)8486	False		160	True	False
(filmRef)8487	False		80	True	False
(filmRef)8488	False		138	True	False
(filmRef)8489	False		262	True	False
(filmRef)8490	False		158	True	False
(filmRef)8491	False		188	True	False
(filmRef)8492	False		441	True	False
(filmRef)8494	False		253	True	False
(filmRef)8495	False		309	True	False
(filmRef)8496	False		631	True	False
(filmRef)8497	False		361	True	False
(filmRef)8498	False		413	True	False
(filmRef)8499	False		220	True	False
(filmRef)8500	False		1163	True	False
(filmRef)8501	False		834	True	False
(filmRef)8502	False		59	False	False
(filmRef)8503	False		48	True	False
(filmRef)8504	False		41	False	False
(filmRef)8505	False		39	False	False
(filmRef)8506	False		109	True	False
(filmRef)8507	False		111	False	False
(filmRef)8508	False		38	True	False
(filmRef)8509	False		38	True	False
(filmRef)8510	False		52	False	False
(filmRef)8511	False		48	False	False
(filmRef)8512	False		54	False	False
(filmRef)8513	False		60	False	False
(filmRef)8514	False		91	True	False
(filmRef)8515	False		234	False	False
(filmRef)8516	False		92	False	False
(filmRef)8517	False		71	False	False
(filmRef)8518	False		72	False	False
(filmRef)8519	False		25	False	False
(filmRef)8520	False		1251	True	False
(filmRef)8521	False		161	True	False
(filmRef)8522	False		392	True	False
(filmRef)8523	False		145	True	False
(filmRef)8524	False		182	True	False
(filmRef)8525	False		296	True	False
(filmRef)8526	False		121	True	False
(filmRef)8527	False		175	True	False
(filmRef)8528	False		568	True	False
(filmRef)8529	False		663	True	False
(filmRef)8530	False		140	True	False
(filmRef)8531	False		296	True	False
(filmRef)8532	False		251	True	False
(filmRef)8533	False		213	True	False
(filmRef)8534	False		179	True	False
(filmRef)8535	False		246	True	False
(filmRef)8536	False		209	True	False
(filmRef)8537	False		155	True	False
(filmRef)8538	False		170	True	False
(filmRef)8539	False		196	True	False
(filmRef)8540	False		184	True	False
(filmRef)8541	False		327	True	False
(filmRef)8542	False		141	True	False
(filmRef)8543	False		287	True	False
(filmRef)8544	False		545	True	False
(filmRef)8546	False		68	False	False
(filmRef)8548	False		141	True	False
(filmRef)8550	False		54	True	False
(filmRef)8551	False		128	True	False
(filmRef)8552	False		151	True	False
(filmRef)8553	False		177	True	False
(filmRef)8554	False		174	True	False
(filmRef)8555	False		63	True	False
(filmRef)8556	False		76	True	False
(filmRef)8557	False		137	True	False
(filmRef)8558	False		1108	True	False
(filmRef)8559	False		463	False	False
(filmRef)8560	False		477	False	False
(filmRef)8561	False		118	False	False
(filmRef)8562	False		732	True	False
(filmRef)8563	False		193	True	False
(filmRef)8564	False		229	False	False
(filmRef)8565	False		191	True	False
(filmRef)8566	False		349	True	False
(filmRef)8567	False		660	True	False
(filmRef)8568	False		193	False	False
(filmRef)8569	False		80	True	False
(filmRef)8576	False		47	True	False
(filmRef)8577	False		49	True	False
(filmRef)8578	False		166	True	False
(filmRef)8579	False		45	True	False
(filmRef)8580	False		142	False	False
(filmRef)8581	False		417	True	False
(filmRef)8582	False		515	True	False
(filmRef)8583	False		157	True	False
(filmRef)8584	False		285	True	False
(filmRef)8585	False		1150	True	False
(filmRef)8586	False		412	True	False
(filmRef)8587	False		278	True	False
(filmRef)8591	False		111	True	False
(filmRef)8592	False		88	True	False
(filmRef)8593	False		86	True	False
(filmRef)8594	False		149	True	False
(filmRef)8595	False		203	True	False
(filmRef)8596	False		124	True	False
(filmRef)8597	False		115	True	False
(filmRef)8598	False		83	True	False
(filmRef)8599	False		92	True	False
(filmRef)8600	False		144	True	False
(filmRef)8601	False		119	True	False
(filmRef)8602	False		247	True	False
(filmRef)8603	False		428	True	False
(filmRef)8604	False		387	True	False
(filmRef)8605	False		443	True	False
(filmRef)8606	False		397	True	False
(filmRef)8608	False		172	False	False
(filmRef)8609	False		347	False	False
(filmRef)8610	False		684	True	False
(filmRef)8611	False		1222	True	False
(filmRef)8612	False		233	True	False
(filmRef)8613	False		126	True	False
(filmRef)8614	False		50	True	False
(filmRef)8615	False		412	True	False
(filmRef)8616	False		449	True	False
(filmRef)8617	False		750	True	False
(filmRef)8618	False		41	False	False
(filmRef)8619	False		333	True	False
(filmRef)8620	False		231	True	False
(filmRef)8621	False		242	True	False
(filmRef)8622	False		209	True	False
(filmRef)8623	False		128	True	False
(filmRef)8625	False		151	True	False
(filmRef)8626	False		145	True	False
(filmRef)8627	False		128	True	False
(filmRef)8628	False		712	True	False
(filmRef)8629	False		196	True	False
(filmRef)8630	False		92	True	False
(filmRef)8631	False		437	True	False
(filmRef)8632	False		331	True	False
(filmRef)8633	False		50	True	False
(filmRef)8634	False		111	True	False
(filmRef)8635	False		96	True	False
(filmRef)8636	False		139	True	False
(filmRef)8637	False		117	True	False
(filmRef)8638	False		128	True	False
(filmRef)8639	False		114	True	False
(filmRef)8640	False		29	False	False
(filmRef)8641	False		39	True	False
(filmRef)8642	False		76	True	False
(filmRef)8643	False		21	False	False
(filmRef)8644	False		56	True	False
(filmRef)8645	False		92	True	False
(filmRef)8652	False		905	True	False
(filmRef)8657	False		779	True	False
(filmRef)8658	False		936	True	False
(filmRef)8659	False		206	True	False
(filmRef)8660	False		127	True	False
(filmRef)8664	False		347	True	False
(filmRef)8665	False		29	True	False
(filmRef)8666	False		205	True	False
(filmRef)8667	False		62	True	False
(filmRef)8672	False		401	True	False
(filmRef)8673	False		147	True	False
(filmRef)8674	False		182	False	False
(filmRef)8675	False		783	True	False
(filmRef)8676	False		785	True	False
(filmRef)8677	False		543	True	False
(filmRef)8678	False		925	True	False
(filmRef)8679	False		672	True	False
(filmRef)8680	False		586	True	False
(filmRef)8681	False		572	True	False
(filmRef)8682	False		615	True	False
(filmRef)8683	False		454	True	False
(filmRef)8684	False		603	True	False
(filmRef)8685	False		656	True	False
(filmRef)8686	False		282	True	False
(filmRef)8687	False		312	True	False
(filmRef)8688	False		306	True	False
(filmRef)8689	False		172	True	False
(filmRef)8691	False		337	True	False
(filmRef)8692	False		309	True	False
(filmRef)8693	False		661	True	False
(filmRef)8694	False		575	True	False
(filmRef)8695	False		370	True	False
(filmRef)8696	False		234	True	False
(filmRef)8697	False		355	True	False
(filmRef)8699	False		388	True	False
(filmRef)8700	False		214	True	False
(filmRef)8701	False		1139	True	False
(filmRef)8702	False		923	True	False
(filmRef)8703	False		333	True	False
(filmRef)8704	False		791	True	False
(filmRef)8705	False		204	True	False
(filmRef)8706	False		103	True	False
(filmRef)8707	False		178	True	False
(filmRef)8708	False		137	True	False
(filmRef)8709	False		317	True	False
(filmRef)8710	False		486	True	False
(filmRef)8711	False		773	True	False
(filmRef)8712	False		500	True	False
(filmRef)8713	False		446	True	False
(filmRef)8714	False		218	True	False
(filmRef)8715	False		899	True	False
(filmRef)8716	False		1139	True	False
(filmRef)8717	False		333	True	False
(filmRef)8718	False		738	True	False
(filmRef)8719	False		257	True	False
(filmRef)8720	False		850	True	False
(filmRef)8721	False		816	True	False
(filmRef)8723	False		397	True	False
(filmRef)8724	False		456	True	False
(filmRef)8725	False		90	True	False
(filmRef)8726	False		2167	True	False
(filmRef)8727	False		129	True	False
(filmRef)8728	False		268	True	False
(filmRef)8729	False		320	True	False
(filmRef)8730	False		193	True	False
(filmRef)8731	False		532	True	False
(filmRef)8732	False		691	True	False
(filmRef)8733	False		509	True	False
(filmRef)8734	False		313	True	False
(filmRef)8735	False		273	True	False
(filmRef)8736	False		316	True	False
(filmRef)8737	False		248	True	False
(filmRef)8738	False		161	True	False
(filmRef)8739	False		235	True	False
(filmRef)8740	False		673	True	False
(filmRef)8741	False		174	True	False
(filmRef)8742	False		339	True	False
(filmRef)8743	False		220	True	False
(filmRef)8745	False		145	True	False
(filmRef)8747	False		282	True	False
(filmRef)8748	False		266	True	False
(filmRef)8749	False		444	True	False
(filmRef)8750	False		577	True	False
(filmRef)8751	False		109	True	False
(filmRef)8752	False		349	True	False
(filmRef)8753	False		601	True	False
(filmRef)8754	False		443	True	False
(filmRef)8755	False		483	True	False
(filmRef)8756	False		627	True	False
(filmRef)8757	False		529	True	False
(filmRef)8758	False		501	True	False
(filmRef)8759	False		306	True	False
(filmRef)8760	False		260	True	False
(filmRef)8761	False		88	True	False
(filmRef)8762	False		315	True	False
(filmRef)8765	False		584	True	False
(filmRef)8766	False		648	True	False
(filmRef)8768	False		284	True	False
(filmRef)8770	False		358	True	False
(filmRef)8774	False		583	True	False
(filmRef)8775	False		574	True	False
(filmRef)8776	False		176	True	False
(filmRef)8780	False		581	True	False
(filmRef)8781	False		390	True	False
(filmRef)8782	False		342	True	False
(filmRef)8785	False		223	True	False
(filmRef)8786	False		257	True	False
(filmRef)8787	False		243	True	False
(filmRef)8788	False		320	True	False
(filmRef)8789	False		122	True	False
(filmRef)8790	False		928	True	False
(filmRef)8792	False		751	True	False
(filmRef)8793	False		110	True	False
(filmRef)8794	False		94	True	False
(filmRef)8795	False		452	True	False
(filmRef)8796	False		570	True	False
(filmRef)8797	False		109	True	False
(filmRef)8798	False		252	True	False
(filmRef)8799	False		284	True	False
(filmRef)8800	False		302	True	False
(filmRef)8801	False		209	True	False
(filmRef)8802	False		73	True	False
(filmRef)8803	False		132	True	False
(filmRef)8804	False		961	True	False
(filmRef)8805	False		940	True	False
(filmRef)8806	False		787	True	False
(filmRef)8807	False		1304	True	False
(filmRef)8808	False		1552	True	False
(filmRef)8809	False		892	True	False
(filmRef)8810	False		816	True	False
(filmRef)8811	False		495	True	False
(filmRef)8812	False		304	True	False
(filmRef)8813	False		112	True	False
(filmRef)8814	True	http://www.daemonsmovies.com/2010/11/21/neds-non-educated-delinquents-movie-trailer-poster-and-photo/	247	True	False
(filmRef)8817	False		119	True	False
(filmRef)8818	False		258	True	False
(filmRef)8819	False		395	True	False
(filmRef)8820	False		246	True	False
(filmRef)8821	False		359	True	False
(filmRef)8822	False		428	True	False
(filmRef)8823	False		387	True	False
(filmRef)8824	False		224	True	False
(filmRef)8825	False		743	True	False
(filmRef)8826	False		112	True	False
(filmRef)8827	False		266	True	False
(filmRef)8828	False		502	True	False
(filmRef)8829	False		119	True	False
(filmRef)8830	False		158	True	False
(filmRef)8831	False		202	True	False
(filmRef)8832	False		251	True	False
(filmRef)8833	False		278	True	False
(filmRef)8834	False		288	True	False
(filmRef)8835	False		116	True	False
(filmRef)8836	False		166	True	False
(filmRef)8837	False		161	True	False
(filmRef)8838	False		140	True	False
(filmRef)8839	False		217	True	False
(filmRef)8840	False		141	True	False
(filmRef)8841	False		135	True	False
(filmRef)8842	False		139	True	False
(filmRef)8843	False		595	True	False
(filmRef)8844	False		207	True	False
(filmRef)8850	False		414	True	False
(filmRef)8852	False		490	True	False
(filmRef)8853	False		367	True	False
(filmRef)8854	False		386	True	False
(filmRef)8858	False		226	True	False
(filmRef)8859	False		213	True	False
(filmRef)8860	False		174	True	False
(filmRef)8861	False		92	False	False
(filmRef)8862	False		322	True	False
(filmRef)8863	False		124	True	False
(filmRef)8865	False		62	True	False
(filmRef)8866	False		99	True	False
(filmRef)8867	False		112	True	False
(filmRef)8868	False		140	True	False
(filmRef)8869	False		88	True	False
(filmRef)8870	False		117	True	False
(filmRef)8871	False		108	True	False
(filmRef)8872	False		129	True	False
(filmRef)8873	False		120	True	False
(filmRef)8874	False		93	True	False
(filmRef)8875	False		151	True	False
(filmRef)8876	False		132	True	False
(filmRef)8877	False		102	True	False
(filmRef)8878	False		94	True	False
(filmRef)8881	False		241	True	False
(filmRef)8884	False		119	True	False
(filmRef)8892	False		311	True	False
(filmRef)8894	False		249	True	False
(filmRef)8895	False		353	True	False
(filmRef)8896	False		311	True	False
(filmRef)8897	False		498	True	False
(filmRef)8898	False		490	True	False
(filmRef)8899	False		358	True	False
(filmRef)8900	False		156	True	False
(filmRef)8901	False		175	True	False
(filmRef)8902	False		186	True	False
(filmRef)8903	False		384	True	False
(filmRef)8904	False		157	True	False
(filmRef)8905	False		148	True	False
(filmRef)8906	False		182	True	False
(filmRef)8907	False		183	True	False
(filmRef)8909	False		297	True	False
(filmRef)8910	False		178	True	False
(filmRef)8911	False		387	True	False
(filmRef)8912	False		198	True	False
(filmRef)8913	False		259	True	False
(filmRef)8914	False		163	True	False
(filmRef)8917	False		295	True	False
(filmRef)8919	False		403	True	False
(filmRef)8920	False		318	True	False
(filmRef)8921	False		245	True	False
(filmRef)8922	False		282	True	False
(filmRef)8923	False		225	True	False
(filmRef)8924	False		99	True	False
(filmRef)8925	False		700	True	False
(filmRef)8926	False		465	True	False
(filmRef)8927	False		304	True	False
(filmRef)8928	False		395	True	False
(filmRef)8929	False		349	True	False
(filmRef)8930	False		234	True	False
(filmRef)8931	False		302	True	False
(filmRef)8932	False		385	True	False
(filmRef)8933	False		430	True	False
(filmRef)8934	False		362	True	False
(filmRef)8935	False		589	True	False
(filmRef)8936	False		265	True	False
(filmRef)8937	False		206	True	False
(filmRef)8938	False		365	True	False
(filmRef)8940	False		328	True	False
(filmRef)8941	False		433	True	False
(filmRef)8942	False		98	True	False
(filmRef)8943	False		160	True	False
(filmRef)8944	False		489	True	False
(filmRef)8945	False		381	True	False
(filmRef)8946	False		338	True	False
(filmRef)8947	False		140	True	False
(filmRef)8948	False		190	True	False
(filmRef)8949	False		210	True	False
(filmRef)8950	False		251	True	False
(filmRef)8951	False		337	True	False
(filmRef)8952	False		1233	True	False
(filmRef)8953	False		621	True	False
(filmRef)8954	False		564	True	False
(filmRef)8955	False		605	True	False
(filmRef)8956	False		406	True	False
(filmRef)8957	False		177	True	False
(filmRef)8958	False		158	True	False
(filmRef)8959	False		296	True	False
(filmRef)8960	False		264	True	False
(filmRef)8961	False		363	True	False
(filmRef)8962	False		414	True	False
(filmRef)8963	False		526	True	False
(filmRef)8964	False		109	True	False
(filmRef)8965	False		155	True	False
(filmRef)8966	False		181	True	False
(filmRef)8967	False		259	True	False
(filmRef)8968	False		432	True	False
(filmRef)8969	False		195	True	False
(filmRef)9020	False		293	True	False
(filmRef)9022	False		100	True	False
(filmRef)9023	False		281	True	False
(filmRef)9024	False		139	True	False
(filmRef)9025	False		216	True	False
(filmRef)9026	False		207	True	False
(filmRef)9027	False		425	True	False
(filmRef)9028	False		223	True	False
(filmRef)9029	False		228	True	False
(filmRef)9030	False		108	True	False
(filmRef)9031	False		214	True	False
(filmRef)9032	False		143	True	False
(filmRef)9033	False		130	True	False
(filmRef)9034	False		218	True	False
(filmRef)9035	False		473	True	False
(filmRef)9036	False		933	True	False
(filmRef)9037	False		213	True	False
(filmRef)9038	False		111	True	False
(filmRef)9039	False		196	True	False
(filmRef)9040	False		706	True	False
(filmRef)9041	False		262	True	False
(filmRef)9042	False		232	True	False
(filmRef)9043	False		370	True	False
(filmRef)9044	False		86	True	False
(filmRef)9045	False		152	True	False
(filmRef)9046	False		1178	True	False
(filmRef)9047	False		131	False	False
(filmRef)9049	False		65	False	False
(filmRef)9050	False		283	True	False
(filmRef)9053	False		162	True	False
(filmRef)9054	False		164	True	False
(filmRef)9055	False		78	True	False
(filmRef)9056	False		114	True	False
(filmRef)9057	False		137	True	False
(filmRef)9058	False		63	True	False
(filmRef)9059	False		91	True	False
(filmRef)9060	False		159	True	False
(filmRef)9061	False		76	True	False
(filmRef)9064	False		402	True	False
(filmRef)9065	False		239	True	False
(filmRef)9066	False		468	True	False
(filmRef)9067	False		496	True	False
(filmRef)9068	False		305	True	False
(filmRef)9069	False		1322	True	False
(filmRef)9070	False		1063	True	False
(filmRef)9071	False		781	True	False
(filmRef)9072	False		230	True	False
(filmRef)9073	False		524	True	False
(filmRef)9075	False		34	True	False
(filmRef)9076	False		225	True	False
(filmRef)9077	False		561	False	False
(filmRef)9078	False		326	True	False
(filmRef)9079	False		301	True	False
(filmRef)9080	False		1803	True	False
(filmRef)9081	False		341	True	False
(filmRef)9082	False		311	True	False
(filmRef)9083	False		716	True	False
(filmRef)9084	False		643	True	False
(filmRef)9085	False		349	True	False
(filmRef)9086	False		703	True	False
(filmRef)9087	False		156	True	False
(filmRef)9088	False		376	True	False
(filmRef)9089	False		232	True	False
(filmRef)9090	False		537	True	False
(filmRef)9091	False		516	True	False
(filmRef)9092	False		220	True	False
(filmRef)9093	False		732	True	False
(filmRef)9094	False		276	True	False
(filmRef)9095	False		233	True	False
(filmRef)9096	False		837	True	False
(filmRef)9097	False		463	True	False
(filmRef)9098	False		754	True	False
(filmRef)9100	False		568	True	False
(filmRef)9101	False		517	True	False
(filmRef)9102	False		1091	True	False
(filmRef)9103	False		119	True	False
(filmRef)9104	False		72	True	False
(filmRef)9105	False		80	True	False
(filmRef)9106	False		205	True	False
(filmRef)9107	False		216	True	False
(filmRef)9108	False		518	True	False
(filmRef)9109	False		281	True	False
(filmRef)9110	False		327	True	False
(filmRef)9111	False		337	True	False
(filmRef)9112	False		336	True	False
(filmRef)9113	False		450	True	False
(filmRef)9114	False		561	True	False
(filmRef)9115	False		257	True	False
(filmRef)9116	False		306	True	False
(filmRef)9117	False		290	True	False
(filmRef)9118	False		61	True	False
(filmRef)9119	False		119	True	False
(filmRef)9120	False		87	True	False
(filmRef)9121	False		44	True	False
(filmRef)9122	False		68	True	False
(filmRef)9125	False		612	True	False
(filmRef)9127	False		283	True	False
(filmRef)9128	False		270	True	False
(filmRef)9130	False		468	True	False
(filmRef)9131	False		457	True	False
(filmRef)9134	False		407	True	False
(filmRef)9135	False		462	True	False
(filmRef)9136	False		142	True	False
(filmRef)9137	False		263	True	False
(filmRef)9138	False		285	True	False
(filmRef)9157	False		423	True	False
(filmRef)9167	False		128	True	False
(filmRef)9174	False		51	False	False
(filmRef)9176	False		61	False	False
(filmRef)9177	False		84	False	False
(filmRef)9179	False		56	True	False
(filmRef)9201	False		500	True	False
(filmRef)9202	False		647	True	False
(filmRef)9203	False		919	True	False
(filmRef)9204	False		493	True	False
(filmRef)9205	False		516	True	False
(filmRef)9206	False		1519	True	False
(filmRef)9207	False		1165	True	False
(filmRef)9208	False		700	True	False
(filmRef)9209	False		672	True	False
(filmRef)9210	False		559	True	False
(filmRef)9211	False		622	True	False
(filmRef)9212	False		157	True	False
(filmRef)9213	False		69	True	False
(filmRef)9214	False		392	True	False
(filmRef)9215	False		1079	True	False
(filmRef)9216	False		149	True	False
(filmRef)9217	False		388	True	False
(filmRef)9218	False		273	True	False
(filmRef)9219	False		244	True	False
(filmRef)9220	False		864	True	False
(filmRef)9221	False		365	True	False
(filmRef)9222	False		401	True	False
(filmRef)9223	False		256	True	False
(filmRef)9224	False		421	True	False
(filmRef)9225	False		183	True	False
(filmRef)9226	False		686	True	False
(filmRef)9227	False		383	True	False
(filmRef)9228	False		142	True	False
(filmRef)9229	False		300	True	False
(filmRef)9230	False		218	True	False
(filmRef)9231	False		701	True	False
(filmRef)9232	False		400	True	False
(filmRef)9233	False		688	True	False
(filmRef)9234	False		445	True	False
(filmRef)9235	False		616	True	False
(filmRef)9236	False		748	True	False
(filmRef)9237	False		199	True	False
(filmRef)9238	False		336	True	False
(filmRef)9239	False		534	True	False
(filmRef)9240	False		122	True	False
(filmRef)9241	False		334	True	False
(filmRef)9242	False		531	True	False
(filmRef)9243	False		577	True	False
(filmRef)9244	False		320	True	False
(filmRef)9245	False		555	True	False
(filmRef)9246	False		442	True	False
(filmRef)9247	False		318	True	False
(filmRef)9248	False		424	True	False
(filmRef)9249	False		134	True	False
(filmRef)9250	False		351	True	False
(filmRef)9251	False		328	True	False
(filmRef)9252	False		405	True	False
(filmRef)9253	False		586	True	False
(filmRef)9254	False		193	True	False
(filmRef)9255	False		127	True	False
(filmRef)9256	False		226	True	False
(filmRef)9257	False		91	True	False
(filmRef)9258	False		788	True	False
(filmRef)9259	False		735	True	False
(filmRef)9260	False		657	True	False
(filmRef)9261	False		530	True	False
(filmRef)9262	False		499	True	False
(filmRef)9263	False		358	True	False
(filmRef)9264	False		221	True	False
(filmRef)9265	False		149	True	False
(filmRef)9266	False		139	True	False
(filmRef)9267	False		143	True	False
(filmRef)9269	False		144	True	False
(filmRef)9272	False		198	True	False
(filmRef)9273	False		124	True	False
(filmRef)9274	False		544	True	False
(filmRef)9275	False		402	True	False
(filmRef)9276	False		638	True	False
(filmRef)9277	False		721	True	False
(filmRef)9278	False		784	True	False
(filmRef)9279	False		517	True	False
(filmRef)9280	False		318	True	False
(filmRef)9281	False		388	True	False
(filmRef)9282	False		703	True	False
(filmRef)9283	False		290	True	False
(filmRef)9284	False		105	True	False
(filmRef)9285	False		548	True	False
(filmRef)9286	False		489	True	False
(filmRef)9287	False		803	True	False
(filmRef)9288	False		292	True	False
(filmRef)9289	False		222	True	False
(filmRef)9290	False		304	True	False
(filmRef)9291	False		573	True	False
(filmRef)9292	False		191	True	False
(filmRef)9293	False		371	True	False
(filmRef)9298	False		293	True	False
(filmRef)9299	False		458	True	False
(filmRef)9301	False		654	True	False
(filmRef)9303	False		424	True	False
(filmRef)9304	False		407	True	False
(filmRef)9305	False		609	True	False
(filmRef)9306	False		741	True	False
(filmRef)9307	False		277	True	False
(filmRef)9308	False		418	True	False
(filmRef)9309	False		454	True	False
(filmRef)9310	False		119	True	False
(filmRef)9313	False		816	True	False
(filmRef)9314	False		328	True	False
(filmRef)9315	False		1139	True	False
(filmRef)9316	False		1739	True	False
(filmRef)9317	False		838	True	False
(filmRef)9318	False		370	True	False
(filmRef)9341	False		181	True	False
(filmRef)9342	False		157	True	False
(filmRef)9346	False		331	True	False
(filmRef)9347	False		338	True	False
(filmRef)9348	False		258	True	False
(filmRef)9349	False		372	True	False
(filmRef)9350	False		266	True	False
(filmRef)9351	False		316	True	False
(filmRef)9352	False		445	True	False
(filmRef)9353	False		451	True	False
(filmRef)9354	False		269	True	False
(filmRef)9355	False		265	True	False
(filmRef)9357	False		154	True	False
(filmRef)9358	False		172	True	False
(filmRef)9359	False		389	True	False
(filmRef)9360	False		242	True	False
(filmRef)9361	False		209	True	False
(filmRef)9362	False		607	True	False
(filmRef)9363	False		252	True	False
(filmRef)9364	False		170	True	False
(filmRef)9366	False		321	True	False
(filmRef)9367	False		185	True	False
(filmRef)9368	False		221	True	False
(filmRef)9369	False		273	True	False
(filmRef)9370	False		100	True	False
(filmRef)9371	False		370	True	False
(filmRef)9372	False		161	True	False
(filmRef)9374	False		100	True	False
(filmRef)9378	False		402	True	False
(filmRef)9379	False		461	True	False
(filmRef)9392	False		47	True	False
(filmRef)9393	False		333	True	False
(filmRef)9394	False		179	True	False
(filmRef)9395	False		68	True	False
(filmRef)9396	False		310	True	False
(filmRef)9397	False		98	True	False
(filmRef)9398	False		379	True	False
(filmRef)9399	False		136	True	False
(filmRef)9400	False		152	True	False
(filmRef)9401	False		135	True	False
(filmRef)9402	False		172	True	False
(filmRef)9403	False		301	True	False
(filmRef)9404	False		143	True	False
(filmRef)9405	False		97	True	False
(filmRef)9406	False		77	True	False
(filmRef)9407	False		86	True	False
(filmRef)9408	False		132	True	False
(filmRef)9409	False		111	True	False
(filmRef)9410	False		124	True	False
(filmRef)9411	False		141	True	False
(filmRef)9412	False		119	True	False
(filmRef)9413	False		238	True	False
(filmRef)9414	False		77	True	False
(filmRef)9415	False		279	True	False
(filmRef)9416	False		297	True	False
(filmRef)9417	False		329	True	False
(filmRef)9418	False		414	True	False
(filmRef)9419	False		314	True	False
(filmRef)9420	False		275	True	False
(filmRef)9421	False		375	True	False
(filmRef)9422	False		284	True	False
(filmRef)9423	False		299	True	False
(filmRef)9424	False		390	True	False
(filmRef)9425	False		386	True	False
(filmRef)9426	False		281	True	False
(filmRef)9427	False		430	True	False
(filmRef)9428	False		260	True	False
(filmRef)9429	False		274	True	False
(filmRef)9430	False		256	True	False
(filmRef)9431	False		855	True	False
(filmRef)9432	False		133	True	False
(filmRef)9433	False		132	True	False
(filmRef)9434	False		123	True	False
(filmRef)9435	False		125	True	False
(filmRef)9436	False		132	True	False
(filmRef)9437	False		106	True	False
(filmRef)9438	False		97	True	False
(filmRef)9439	False		102	True	False
(filmRef)9440	False		115	True	False
(filmRef)9441	False		176	True	False
(filmRef)9442	False		786	True	False
(filmRef)9450	False		121	True	False
(filmRef)9451	False		59	True	False
(filmRef)9452	False		209	True	False
(filmRef)9453	False		115	True	False
(filmRef)9454	False		129	True	False
(filmRef)9455	False		173	True	False
(filmRef)9456	False		245	True	False
(filmRef)9457	False		331	True	False
(filmRef)9458	False		182	True	False
(filmRef)9459	False		249	True	False
(filmRef)9460	False		358	True	False
(filmRef)9461	False		227	True	False
(filmRef)9462	False		171	True	False
(filmRef)9463	False		75	True	False
(filmRef)9465	False		220	True	False
(filmRef)9466	False		184	True	False
(filmRef)9467	False		99	True	False
(filmRef)9468	False		266	True	False
(filmRef)9472	False		138	True	False
(filmRef)9473	False		71	True	False
(filmRef)9474	False		674	True	False
(filmRef)9475	False		589	True	False
(filmRef)9476	False		624	True	False
(filmRef)9477	False		626	True	False
(filmRef)9478	False		460	True	False
(filmRef)9479	False		443	True	False
(filmRef)9480	False		676	True	False
(filmRef)9481	False		435	True	False
(filmRef)9482	False		500	True	False
(filmRef)9483	False		50	True	False
(filmRef)9484	False		80	True	False
(filmRef)9485	False		112	True	False
(filmRef)9486	False		60	True	False
(filmRef)9487	False		157	True	False
(filmRef)9488	False		85	True	False
(filmRef)9489	False		93	True	False
(filmRef)9490	False		191	True	False
(filmRef)9491	False		109	True	False
(filmRef)9492	False		263	True	False
(filmRef)9493	False		171	True	False
(filmRef)9494	False		212	True	False
(filmRef)9495	False		289	True	False
(filmRef)9496	False		185	True	False
(filmRef)9497	False		90	True	False
(filmRef)9498	False		64	True	False
(filmRef)9499	False		164	True	False
(filmRef)9503	False		345	True	False
(filmRef)9504	False		408	True	False
(filmRef)9505	False		126	True	False
(filmRef)9510	False		159	True	False
(filmRef)9511	False		311	True	False
(filmRef)9512	False		154	True	False
(filmRef)9513	False		144	True	False
(filmRef)9514	False		187	True	False
(filmRef)9515	False		105	True	False
(filmRef)9516	False		202	True	False
(filmRef)9517	False		117	True	False
(filmRef)9518	False		119	True	False
(filmRef)9519	False		109	True	False
(filmRef)9520	False		145	True	False
(filmRef)9521	False		170	True	False
(filmRef)9522	False		119	True	False
(filmRef)9523	False		81	True	False
(filmRef)9524	False		102	True	False
(filmRef)9525	False		125	True	False
(filmRef)9526	False		175	True	False
(filmRef)9527	False		210	True	False
(filmRef)9528	False		56	True	False
(filmRef)9532	False		1261	True	False
(filmRef)9533	False		266	True	False
(filmRef)9534	False		154	True	False
(filmRef)9535	False		134	True	False
(filmRef)9536	False		96	True	False
(filmRef)9537	False		123	True	False
(filmRef)9538	False		111	True	False
(filmRef)9540	False		107	True	False
(filmRef)9542	False		145	True	False
(filmRef)9543	False		212	True	False
(filmRef)9544	False		426	True	False
(filmRef)9545	False		339	True	False
(filmRef)9546	False		238	True	False
(filmRef)9547	False		499	True	False
(filmRef)9552	False		468	True	False
(filmRef)9553	False		728	True	False
(filmRef)9554	False		278	True	False
(filmRef)9555	False		59	True	False
(filmRef)9556	False		313	True	False
(filmRef)9557	False		188	True	False
(filmRef)9558	False		379	True	False
(filmRef)9559	False		266	True	False
(filmRef)9560	False		274	True	False
(filmRef)9561	False		197	True	False
(filmRef)9562	False		403	True	False
(filmRef)9563	False		436	True	False
(filmRef)9564	False		162	True	False
(filmRef)9565	False		308	True	False
(filmRef)9566	False		588	True	False
(filmRef)9567	False		545	True	False
(filmRef)9568	False		288	True	False
(filmRef)9631	False		433	True	False
(filmRef)9632	False		69	True	False
(filmRef)9633	False		102	True	False
(filmRef)9634	False		102	True	False
(filmRef)9635	False		138	True	False
(filmRef)9636	False		151	True	False
(filmRef)9637	False		148	True	False
(filmRef)9638	False		108	True	False
(filmRef)9640	False		170	True	False
(filmRef)9641	False		182	True	False
(filmRef)9642	False		162	True	False
(filmRef)9643	False		151	True	False
(filmRef)9644	False		138	True	False
(filmRef)9645	False		169	True	False
(filmRef)9646	False		131	True	False
(filmRef)9647	False		105	True	False
(filmRef)9648	False		197	True	False
(filmRef)9649	False		197	True	False
(filmRef)9653	False		211	True	False
(filmRef)9656	False		211	True	False
(filmRef)9665	False		182	True	False
(filmRef)9666	False		121	True	False
(filmRef)9674	False		263	True	False
(filmRef)9675	False		148	True	False
(filmRef)9713	False		273	True	False
(filmRef)9714	False		201	True	False
(filmRef)9715	False		83	True	False
(filmRef)9716	False		82	True	False
(filmRef)9717	False		160	True	False
(filmRef)9718	False		66	True	False
(filmRef)9719	False		51	True	False
(filmRef)9760	False		42	True	False
(filmRef)9761	False		91	True	False
(filmRef)9762	False		251	True	False
(filmRef)9763	False		129	True	False
(filmRef)9764	False		119	True	False
(filmRef)9765	False		78	True	False
(filmRef)9766	False		34	True	False
(filmRef)9767	False		81	True	False
(filmRef)9768	False		69	True	False
(filmRef)9769	False		71	True	False
(filmRef)9770	False		392	True	False
(filmRef)9771	False		109	True	False
(filmRef)9772	False		171	True	False
(filmRef)9773	False		135	True	False
(filmRef)9774	False		122	True	False
(filmRef)9779	False		178	True	False
(filmRef)9780	False		137	True	False
(filmRef)9781	False		255	True	False
(filmRef)9782	False		594	True	False
(filmRef)9843	False		165	True	False
(filmRef)9844	False		79	True	False
(filmRef)9845	False		318	True	False
(filmRef)9846	False		48	True	False
(filmRef)9847	False		47	True	False
(filmRef)9848	False		43	True	False
(filmRef)9849	False		53	True	False
(filmRef)9850	False		54	True	False
(filmRef)9851	False		54	True	False
(filmRef)9852	False		220	True	False
(filmRef)9853	False		246	True	False
(filmRef)9854	False		358	True	False
(filmRef)9855	False		220	True	False
(filmRef)9856	False		295	True	False
(filmRef)9857	False		308	True	False
(filmRef)9858	False		302	True	False
(filmRef)9859	False		190	True	False
(filmRef)9860	False		268	True	False
(filmRef)9861	False		117	True	False
(filmRef)9862	False		181	True	False
(filmRef)9884	False		57	False	False
(filmRef)9885	False		275	True	False
(filmRef)9886	False		103	True	False
(filmRef)9898	False		78	True	False
(filmRef)9899	False		226	True	False
(filmRef)9900	False		135	True	False
(filmRef)9904	False		130	True	False
(filmRef)9905	False		22	False	False
(filmRef)9906	False		83	True	False
(filmRef)9907	False		98	True	False
(filmRef)9908	False		241	True	False
(filmRef)9909	False		122	True	False
(filmRef)9910	False		228	True	False
(filmRef)9911	False		136	True	False
(filmRef)9912	False		136	True	False
(filmRef)9913	False		290	True	False
(filmRef)9914	False		98	True	False
(filmRef)9915	False		43	True	False
(filmRef)9916	False		218	True	False
(filmRef)9917	False		121	True	False
(filmRef)9918	False		175	True	False
(filmRef)9919	False		209	True	False
(filmRef)9920	False		259	True	False
(filmRef)9926	False		422	True	False
(filmRef)9927	False		154	True	False
(filmRef)9928	False		362	True	False
(filmRef)9929	False		189	True	False
(filmRef)9930	False		65	False	False
(filmRef)9931	False		282	True	False
(filmRef)9932	False		332	True	False
(filmRef)9933	False		473	True	False
(filmRef)9934	False		54	False	False
(filmRef)9935	False		51	False	False
(filmRef)9936	False		162	True	False
(filmRef)9937	False		120	True	False
(filmRef)9938	False		65	True	False
(filmRef)9939	False		36	True	False
(filmRef)9940	False		126	True	False
(filmRef)9941	False		83	True	False
(filmRef)9942	False		276	True	False
(filmRef)9945	False		322	True	False
(filmRef)9946	False		77	True	False
(filmRef)9947	False		122	True	False
(filmRef)9948	False		1054	True	False
(filmRef)9955	False		330	True	False
(filmRef)9956	False		221	True	False
(filmRef)9957	False		273	True	False
(filmRef)9958	False		157	True	False
(filmRef)9959	False		194	True	False
(filmRef)9960	False		260	True	False
(filmRef)9961	False		116	True	False
(filmRef)9963	False		141	True	False
(filmRef)9964	False		273	True	False
(filmRef)9965	False		133	True	False
(filmRef)9966	False		182	True	False
(filmRef)9967	False		348	True	False
(filmRef)9968	False		1127	True	False
(filmRef)9969	False		162	True	False
(filmRef)9970	False		64	True	False
(filmRef)9971	False		42	True	False
(filmRef)9972	False		84	True	False
(filmRef)9973	False		96	True	False
(filmRef)9974	False		72	True	False
(filmRef)9975	False		57	True	False
(filmRef)9976	False		30	False	False
(filmRef)9977	False		126	True	False
(filmRef)9978	False		96	True	False
(filmRef)9979	False		65	True	False
(filmRef)9980	False		66	True	False
(filmRef)9981	False		198	True	False
(filmRef)9982	False		48	True	False
(filmRef)9983	False		25	True	False
(filmRef)9985	False		71	True	False
(filmRef)9986	False		167	True	False
(filmRef)9987	False		73	True	False
(filmRef)9988	False		73	True	False
(filmRef)N0001	False		33	True	False
(filmRef)N0002	False		50	True	False
(filmRef)N0003	False		43	True	False
(filmRef)N0004	False		36	True	False
(filmRef)N0005	False		40	True	False
(filmRef)N0006	False		161	True	False
(filmRef)N0007	False		29	True	False
(filmRef)N0008	False		25	True	False
(filmRef)N0009	False		41	True	False
(filmRef)N0010	False		36	True	False
(filmRef)N0011	False		39	True	False
(filmRef)N0012	False		31	True	False
(filmRef)N0013	False		21	True	False
(filmRef)N0014	False		40	True	False
(filmRef)N0015	False		77	True	False
(filmRef)N0016	False		251	True	False
(filmRef)N0017	False		170	True	False
(filmRef)N0018	False		137	True	False
(filmRef)N0019	False		49	True	False
(filmRef)N0020	False		65	True	False
(filmRef)N0021	False		28	True	False
(filmRef)N0022	False		61	True	False
(filmRef)N0023	False		81	True	False
(filmRef)N0024	False		19	True	False
(filmRef)N0025	False		35	True	False
(filmRef)N0026	False		150	True	False
(filmRef)N0027	False		31	True	False
(filmRef)N0028	False		66	True	False
(filmRef)N0029	False		57	True	False
(filmRef)N0030	False		19	True	False
(filmRef)N0031	False		103	True	False
(filmRef)N0032	False		37	True	False
(filmRef)N0033	False		61	True	False
(filmRef)N0034	False		22	True	False
(filmRef)N0035	False		206	True	False
(filmRef)N0036	False		44	True	False
(filmRef)N0037	False		79	True	False
(filmRef)N0038	False		77	True	False
(filmRef)N0039	False		58	True	False
(filmRef)N0040	False		92	True	False
(filmRef)N0041	False		74	True	False
(filmRef)N0042	False		28	True	False
(filmRef)N0043	False		45	True	False
(filmRef)N0044	False		46	True	False
(filmRef)N0045	False		43	True	False
(filmRef)N0047	False		51	True	False
(filmRef)N0048	False		35	True	False
(filmRef)N0049	False		232	True	False
(filmRef)N0050	False		220	True	False
(filmRef)N0052	False		60	True	False
(filmRef)N0055	False		68	True	False
(filmRef)N0056	False		48	True	False
(filmRef)N0057	False		62	True	False
(filmRef)N0058	False		58	True	False
(filmRef)N0059	False		68	True	False
(filmRef)N0060	False		24	True	False
(filmRef)N0061	False		27	True	False
(filmRef)N0062	False		35	True	False
(filmRef)N0063	False		34	True	False
(filmRef)N0064	False		100	True	False
(filmRef)N0065	False		48	True	False
(filmRef)N0066	False		109	True	False
(filmRef)N0067	False		38	True	False
(filmRef)N0068	False		49	True	False
(filmRef)N0069	False		45	True	False
(filmRef)N0070	False		37	True	False
(filmRef)N0071	False		58	True	False
(filmRef)N0072	False		57	True	False
(filmRef)N0073	False		77	True	False
(filmRef)N0074	False		72	True	False
(filmRef)N0075	False		35	True	False
(filmRef)N0076	False		81	True	False
(filmRef)N0077	False		86	True	False
(filmRef)N0078	False		37	True	False
(filmRef)N0079	False		79	True	False
(filmRef)N0080	False		38	True	False
(filmRef)N0081	False		55	True	False
(filmRef)N0082	False		58	True	False
(filmRef)N0083	False		26	True	False
(filmRef)N0084	False		31	True	False
(filmRef)N0085	False		21	True	False
(filmRef)N0088	False		55	True	False
(filmRef)N0089	False		166	True	False
(filmRef)N0090	False		31	True	False
(filmRef)N0091	False		39	True	False
(filmRef)N0092	False		36	True	False
(filmRef)N0093	False		34	True	False
(filmRef)N0094	False		50	True	False
(filmRef)N0095	False		42	True	False
(filmRef)N0096	False		103	True	False
(filmRef)N0097	False		45	True	False
(filmRef)N0098	False		164	True	False
(filmRef)N0099	False		50	True	False
(filmRef)N0100	False		46	True	False
(filmRef)N0101	False		48	True	False
(filmRef)N0102	False		34	True	False
(filmRef)N0103	False		55	True	False
(filmRef)N0104	False		25	True	False
(filmRef)N0105	False		19	True	False
(filmRef)N0106	False		67	True	False
(filmRef)N0107	False		81	True	False
(filmRef)N0108	False		50	True	False
(filmRef)N0109	False		86	True	False
(filmRef)N0110	False		72	True	False
(filmRef)N0111	False		46	True	False
(filmRef)N0112	False		47	True	False
(filmRef)N0113	False		94	True	False
(filmRef)N0114	False		82	True	False
(filmRef)N0115	False		47	True	False
(filmRef)N0116	False		43	True	False
(filmRef)N0117	False		74	True	False
(filmRef)N0118	False		29	True	False
(filmRef)N0119	False		45	True	False
(filmRef)N0120	False		137	True	False
(filmRef)N0121	False		21	True	False
(filmRef)N0122	False		39	True	False
(filmRef)N0123	False		50	True	False
(filmRef)N0124	False		34	True	False
(filmRef)N0125	False		48	True	False
(filmRef)N0126	False		28	True	False
(filmRef)N0127	False		75	True	False
(filmRef)N0128	False		56	True	False
(filmRef)N0129	False		50	True	False
(filmRef)N0130	False		38	True	False
(filmRef)N0131	False		75	True	False
(filmRef)N0132	False		56	True	False
(filmRef)N0133	False		148	True	False
(filmRef)N0134	False		65	True	False
(filmRef)N0135	False		93	True	False
(filmRef)N0136	False		57	True	False
(filmRef)N0137	False		57	True	False
(filmRef)N0138	False		21	True	False
(filmRef)N0139	False		81	True	False
(filmRef)N0140	False		64	True	False
(filmRef)N0141	False		58	True	False
(filmRef)N0142	False		137	True	False
(filmRef)N0143	False		65	True	False
(filmRef)N0144	False		34	True	False
(filmRef)N0145	False		60	True	False
(filmRef)N0146	False		60	True	False
(filmRef)N0147	False		80	True	False
(filmRef)N0148	False		58	True	False
(filmRef)N0149	False		105	True	False
(filmRef)N0150	False		18	True	False
(filmRef)N0151	False		34	True	False
(filmRef)N0153	False		57	True	False
(filmRef)N0154	False		39	True	False
(filmRef)N0155	False		59	True	False
(filmRef)N0156	False		27	True	False
(filmRef)N0157	False		114	True	False
(filmRef)N0158	False		52	True	False
(filmRef)N0159	False		26	True	False
(filmRef)N0160	False		144	True	False
(filmRef)N0161	False		57	True	False
(filmRef)N0162	False		41	True	False
(filmRef)N0163	False		64	True	False
(filmRef)N0164	False		80	True	False
(filmRef)N0165	False		55	True	False
(filmRef)N0166	False		92	True	False
(filmRef)N0167	False		29	True	False
(filmRef)N0168	False		146	True	False
(filmRef)N0169	False		156	True	False
(filmRef)N0170	False		192	True	False
(filmRef)N0171	False		40	True	False
(filmRef)N0172	False		60	True	False
(filmRef)N0173	False		104	True	False
(filmRef)N0174	False		27	True	False
(filmRef)N0175	False		27	True	False
(filmRef)N0176	False		52	True	False
(filmRef)N0177	False		21	True	False
(filmRef)N0178	False		27	True	False
(filmRef)N0179	False		27	True	False
(filmRef)N0180	False		80	True	False
(filmRef)N0181	False		41	True	False
(filmRef)N0182	False		80	True	False
(filmRef)N0183	False		171	True	False
(filmRef)N0184	False		73	True	False
(filmRef)N0185	False		90	True	False
(filmRef)N0186	False		67	True	False
(filmRef)N0187	False		37	True	False
(filmRef)N0188	False		33	True	False
(filmRef)N0189	False		54	True	False
(filmRef)N0190	False		36	True	False
(filmRef)N0191	False		94	True	False
(filmRef)N0192	False		96	True	False
(filmRef)N0193	False		102	True	False
(filmRef)N0194	False		44	True	False
(filmRef)N0195	False		67	True	False
(filmRef)N0196	False		102	True	False
(filmRef)N0197	False		113	True	False
(filmRef)N0198	False		48	True	False
(filmRef)N0199	False		36	True	False
(filmRef)N0200	False		37	True	False
(filmRef)N0201	False		91	True	False
(filmRef)N0202	False		28	True	False
(filmRef)N0203	False		104	True	False
(filmRef)N0204	False		39	True	False
(filmRef)N0205	False		59	True	False
(filmRef)N0206	False		29	True	False
(filmRef)N0207	False		23	True	False
(filmRef)N0208	False		39	True	False
(filmRef)N0209	False		69	True	False
(filmRef)N0210	False		40	True	False
(filmRef)N0211	False		40	True	False
(filmRef)N0212	False		58	True	False
(filmRef)N0213	False		68	True	False
(filmRef)N0214	False		84	True	False
(filmRef)N0215	False		105	True	False
(filmRef)N0216	False		89	True	False
(filmRef)N0217	False		94	True	False
(filmRef)N0218	False		59	True	False
(filmRef)N0219	False		85	True	False
(filmRef)N0220	False		72	True	False
(filmRef)N0221	False		119	True	False
(filmRef)N0222	False		37	True	False
(filmRef)N0223	False		52	True	False
(filmRef)N0224	False		92	True	False
(filmRef)N0225	False		45	True	False
(filmRef)N0226	False		50	True	False
(filmRef)N0227	False		61	True	False
(filmRef)N0228	False		76	True	False
(filmRef)N0229	False		61	True	False
(filmRef)N0230	False		62	True	False
(filmRef)N0231	False		45	True	False
(filmRef)N0233	False		59	True	False
(filmRef)N0234	False		143	True	False
(filmRef)N0235	False		33	True	False
(filmRef)N0236	False		55	True	False
(filmRef)N0237	False		85	True	False
(filmRef)N0238	False		157	True	False
(filmRef)N0239	False		83	True	False
(filmRef)N0240	False		122	True	False
(filmRef)N0241	False		67	True	False
(filmRef)N0242	False		84	True	False
(filmRef)N0243	False		130	True	False
(filmRef)N0244	False		94	True	False
(filmRef)N0245	False		180	True	False
(filmRef)N0246	False		131	True	False
(filmRef)N0247	False		45	True	False
(filmRef)N0248	False		144	True	False
(filmRef)N0249	False		73	True	False
(filmRef)N0250	False		81	True	False
(filmRef)N0251	False		85	True	False
(filmRef)N0252	False		70	True	False
(filmRef)N0253	False		70	True	False
(filmRef)N0254	False		36	True	False
(filmRef)N0255	False		28	True	False
(filmRef)N0256	False		152	True	False
(filmRef)N0257	False		72	True	False
(filmRef)N0258	False		88	True	False
(filmRef)N0259	False		75	True	False
(filmRef)N0260	False		124	True	False
(filmRef)N0261	False		117	True	False
(filmRef)N0262	False		61	True	False
(filmRef)N0263	False		46	True	False
(filmRef)N0264	False		56	True	False
(filmRef)N0265	False		86	True	False
(filmRef)N0266	False		232	True	False
(filmRef)N0268	False		73	True	False
(filmRef)N0269	False		291	True	False
(filmRef)N0270	False		86	True	False
(filmRef)N0271	False		81	True	False
(filmRef)N0272	False		167	True	False
(filmRef)N0273	False		68	True	False
(filmRef)N0274	False		70	True	False
(filmRef)N0275	False		110	True	False
(filmRef)N0276	False		90	True	False
(filmRef)N0277	False		32	True	False
(filmRef)N0278	False		96	True	False
(filmRef)N0279	False		31	True	False
(filmRef)N0280	False		80	True	False
(filmRef)N0281	False		89	True	False
(filmRef)N0282	False		179	True	False
(filmRef)N0283	False		34	True	False
(filmRef)N0284	False		56	True	False
(filmRef)N0285	False		64	True	False
(filmRef)N0286	False		46	True	False
(filmRef)N0287	False		99	True	False
(filmRef)N0288	False		96	True	False
(filmRef)N0289	False		96	True	False
(filmRef)N0290	False		122	True	False
(filmRef)N0291	False		84	True	False
(filmRef)N0292	False		60	True	False
(filmRef)N0293	False		84	True	False
(filmRef)N0294	False		102	True	False
(filmRef)N0295	False		71	True	False
(filmRef)N0296	False		42	True	False
(filmRef)N0297	False		74	True	False
(filmRef)N0298	False		69	True	False
(filmRef)N0299	False		78	True	False
(filmRef)N0300	False		110	True	False
(filmRef)N0301	False		95	True	False
(filmRef)N0302	False		71	True	False
(filmRef)N0303	False		30	True	False
(filmRef)N0304	False		119	True	False
(filmRef)N0305	False		53	True	False
(filmRef)N0306	False		86	True	False
(filmRef)N0307	False		51	True	False
(filmRef)N0308	False		55	True	False
(filmRef)N0310	False		108	True	False
(filmRef)N0311	False		159	True	False
(filmRef)N0312	False		37	True	False
(filmRef)N0313	False		38	True	False
(filmRef)N0314	False		67	True	False
(filmRef)N0315	False		42	True	False
(filmRef)N0317	False		36	True	False
(filmRef)N0318	False		26	True	False
(filmRef)N0319	False		35	True	False
(filmRef)N0320	False		24	True	False
(filmRef)N0321	False		65	True	False
(filmRef)N0322	False		58	True	False
(filmRef)N0323	False		94	True	False
(filmRef)N0324	False		66	True	False
(filmRef)N0325	False		96	True	False
(filmRef)N0326	False		68	True	False
(filmRef)N0327	False		154	True	False
(filmRef)N0328	False		19	True	False
(filmRef)N0329	False		41	True	False
(filmRef)N0330	False		29	True	False
(filmRef)N0331	False		112	True	False
(filmRef)N0332	False		63	True	False
(filmRef)N0333	False		99	True	False
(filmRef)N0334	False		93	True	False
(filmRef)N0335	False		28	True	False
(filmRef)N0336	False		29	True	False
(filmRef)N0337	False		55	True	False
(filmRef)N0338	False		21	True	False
(filmRef)N0339	False		22	True	False
(filmRef)N0340	False		71	True	False
(filmRef)N0341	False		106	True	False
(filmRef)N0342	False		79	True	False
(filmRef)N0343	False		33	True	False
(filmRef)N0344	False		52	True	False
(filmRef)N0345	False		49	True	False
(filmRef)N0346	False		90	True	False
(filmRef)N0347	False		87	True	False
(filmRef)N0348	False		101	True	False
(filmRef)N0349	False		48	True	False
(filmRef)N0350	False		44	True	False
(filmRef)N0351	False		30	True	False
(filmRef)N0352	False		50	True	False
(filmRef)N0353	False		58	True	False
(filmRef)N0354	False		118	True	False
(filmRef)N0355	False		77	True	False
(filmRef)N0356	False		40	True	False
(filmRef)N0357	False		50	True	False
(filmRef)N0358	False		74	True	False
(filmRef)N0359	False		49	True	False
(filmRef)N0360	False		52	True	False
(filmRef)N0361	False		64	True	False
(filmRef)N0362	False		93	True	False
(filmRef)N0363	False		97	True	False
(filmRef)N0364	False		144	True	False
(filmRef)N0365	False		69	True	False
(filmRef)N0366	False		58	True	False
(filmRef)N0367	False		46	True	False
(filmRef)N0368	False		24	True	False
(filmRef)N0369	False		85	True	False
(filmRef)N0370	False		65	True	False
(filmRef)N0371	False		56	True	False
(filmRef)N0372	False		53	True	False
(filmRef)N0373	False		115	True	False
(filmRef)N0374	False		78	True	False
(filmRef)N0375	False		71	True	False
(filmRef)N0376	False		28	True	False
(filmRef)N0377	False		39	True	False
(filmRef)N0378	False		64	True	False
(filmRef)N0379	False		77	True	False
(filmRef)N0380	False		77	True	False
(filmRef)N0381	False		68	True	False
(filmRef)N0382	False		24	True	False
(filmRef)N0383	False		90	True	False
(filmRef)N0384	False		48	True	False
(filmRef)N0385	False		48	True	False
(filmRef)N0386	False		156	True	False
(filmRef)N0387	False		47	True	False
(filmRef)N0388	False		28	True	False
(filmRef)N0389	False		70	True	False
(filmRef)N0390	False		21	True	False
(filmRef)N0391	False		32	True	False
(filmRef)N0392	False		208	True	False
(filmRef)N0393	False		15	True	False
(filmRef)N0394	False		18	True	False
(filmRef)N0395	False		62	True	False
(filmRef)N0396	False		143	True	False
(filmRef)N0397	False		73	True	False
(filmRef)N0398	False		68	True	False
(filmRef)N0399	False		46	True	False
(filmRef)N0400	False		55	True	False
(filmRef)N0401	False		64	True	False
(filmRef)N0402	False		28	True	False
(filmRef)N0403	False		41	True	False
(filmRef)N0404	False		30	True	False
(filmRef)N0405	False		46	True	False
(filmRef)N0406	False		78	True	False
(filmRef)N0407	False		62	True	False
(filmRef)N0408	False		60	True	False
(filmRef)N0409	False		81	True	False
(filmRef)N0410	False		49	True	False
(filmRef)N0411	False		73	True	False
(filmRef)N0412	False		21	True	False
(filmRef)N0413	False		89	True	False
(filmRef)N0414	False		63	True	False
(filmRef)N0415	False		30	True	False
(filmRef)N0416	False		60	True	False
(filmRef)N0417	False		88	True	False
(filmRef)N0418	False		132	True	False
(filmRef)N0419	False		146	True	False
(filmRef)N0420	False		143	True	False
(filmRef)N0421	False		17	True	False
(filmRef)N0422	False		60	True	False
(filmRef)N0423	False		105	True	False
(filmRef)N0424	False		49	True	False
(filmRef)N0425	False		52	True	False
(filmRef)N0426	False		44	True	False
(filmRef)N0427	False		132	True	False
(filmRef)N0428	False		84	True	False
(filmRef)N0429	False		99	True	False
(filmRef)N0430	False		88	True	False
(filmRef)N0431	False		91	True	False
(filmRef)N0432	False		46	True	False
(filmRef)N0433	False		58	True	False
(filmRef)N0434	False		87	True	False
(filmRef)N0435	False		9	True	False
(filmRef)N0436	False		57	True	False
(filmRef)N0437	False		40	True	False
(filmRef)N0438	False		90	True	False
(filmRef)N0439	False		99	True	False
(filmRef)N0440	False		30	True	False
(filmRef)N0441	False		21	True	False
(filmRef)N0442	False		32	True	False
(filmRef)N0443	False		59	True	False
(filmRef)N0444	False		93	True	False
(filmRef)N0445	False		76	True	False
(filmRef)N0446	False		93	True	False
(filmRef)N0447	False		51	True	False
(filmRef)N0448	False		119	True	False
(filmRef)N0449	False		107	True	False
(filmRef)N0450	False		36	True	False
(filmRef)N0451	False		20	True	False
(filmRef)N0452	False		41	True	False
(filmRef)N0453	False		112	True	False
(filmRef)N0454	False		25	True	False
(filmRef)N0455	False		15	True	False
(filmRef)N0456	False		68	True	False
(filmRef)N0457	False		38	True	False
(filmRef)N0458	False		38	True	False
(filmRef)N0459	False		54	True	False
(filmRef)N0460	False		63	True	False
(filmRef)N0461	False		52	True	False
(filmRef)N0462	False		36	True	False
(filmRef)N0463	False		36	True	False
(filmRef)N0464	False		19	True	False
(filmRef)N0465	False		56	True	False
(filmRef)N0466	False		70	True	False
(filmRef)N0467	False		46	True	False
(filmRef)N0468	False		170	True	False
(filmRef)N0469	False		50	True	False
(filmRef)N0470	False		33	True	False
(filmRef)N0471	False		70	True	False
(filmRef)N0472	False		61	True	False
(filmRef)N0474	False		89	True	False
(filmRef)N0475	False		48	True	False
(filmRef)N0476	False		40	True	False
(filmRef)N0477	False		64	True	False
(filmRef)N0478	False		30	True	False
(filmRef)N0479	False		39	True	False
(filmRef)N0480	False		47	True	False
(filmRef)N0481	False		44	True	False
(filmRef)N0482	False		28	True	False
(filmRef)N0483	False		26	True	False
(filmRef)N0484	False		28	True	False
(filmRef)N0485	False		74	True	False
(filmRef)N0486	False		39	True	False
(filmRef)N0487	False		80	True	False
(filmRef)N0488	False		59	True	False
(filmRef)N0489	False		56	True	False
(filmRef)N0490	False		107	True	False
(filmRef)N0491	False		91	True	False
(filmRef)N0492	False		32	True	False
(filmRef)N0493	False		42	True	False
(filmRef)N0494	False		90	True	False
(filmRef)N0496	False		88	True	False
(filmRef)N0497	False		86	True	False
(filmRef)N0498	False		29	True	False
(filmRef)N0499	False		44	True	False
(filmRef)N0500	False		59	True	False
(filmRef)N0501	False		52	True	False
(filmRef)N0502	False		96	True	False
(filmRef)N0503	False		58	True	False
(filmRef)N0504	False		35	True	False
(filmRef)N0505	False		34	True	False
(filmRef)N0506	False		27	True	False
(filmRef)N0507	False		31	True	False
(filmRef)N0508	False		48	True	False
(filmRef)N0509	False		48	True	False
(filmRef)N0510	False		176	True	False
(filmRef)N0511	False		26	True	False
(filmRef)N0512	False		24	True	False
(filmRef)N0513	False		58	True	False
(filmRef)N0514	False		40	True	False
(filmRef)N0515	False		30	True	False
(filmRef)N0516	False		62	True	False
(filmRef)N0517	False		124	True	False
(filmRef)N0518	False		41	True	False
(filmRef)N0519	False		48	True	False
(filmRef)N0520	False		41	True	False
(filmRef)N0521	False		39	True	False
(filmRef)N0522	False		58	True	False
(filmRef)N0523	False		80	True	False
(filmRef)N0524	False		109	True	False
(filmRef)N0525	False		29	True	False
(filmRef)N0526	False		111	True	False
(filmRef)N0527	False		81	True	False
(filmRef)N0528	False		62	True	False
(filmRef)N0529	False		16	True	False
(filmRef)N0530	False		51	True	False
(filmRef)N0531	False		56	True	False
(filmRef)N0532	False		64	True	False
(filmRef)N0533	False		43	True	False
(filmRef)N0534	False		81	True	False
(filmRef)N0535	False		77	True	False
(filmRef)N0536	False		77	True	False
(filmRef)N0537	False		25	True	False
(filmRef)N0538	False		48	True	False
(filmRef)N0539	False		51	True	False
(filmRef)N0540	False		66	True	False
(filmRef)N0541	False		62	True	False
(filmRef)N0542	False		34	True	False
(filmRef)N0543	False		28	True	False
(filmRef)N0544	False		97	True	False
(filmRef)N0545	False		142	True	False
(filmRef)N0546	False		38	True	False
(filmRef)N0548	False		17	True	False
(filmRef)N0549	False		20	True	False
(filmRef)N0550	False		39	True	False
(filmRef)N0551	False		28	True	False
(filmRef)N0552	False		96	True	False
(filmRef)N0553	False		36	True	False
(filmRef)N0554	False		26	True	False
(filmRef)N0555	False		37	True	False
(filmRef)N0556	False		18	True	False
(filmRef)N0557	False		231	True	False
(filmRef)N0558	False		110	True	False
(filmRef)N0560	False		79	True	False
(filmRef)N0561	False		49	True	False
(filmRef)N0562	False		46	True	False
(filmRef)N0563	False		112	True	False
(filmRef)N0564	False		118	True	False
(filmRef)N0565	False		53	True	False
(filmRef)N0566	False		37	True	False
(filmRef)N0567	False		79	True	False
(filmRef)N0568	False		67	True	False
(filmRef)N0569	False		185	True	False
(filmRef)N0570	False		92	True	False
(filmRef)N0571	False		65	True	False
(filmRef)N0572	False		83	True	False
(filmRef)N0573	False		106	True	False
(filmRef)N0574	False		128	True	False
(filmRef)N0576	False		51	True	False
(filmRef)N0577	False		128	True	False
(filmRef)N0578	False		104	True	False
(filmRef)N0579	False		109	True	False
(filmRef)N0580	False		50	True	False
(filmRef)N0581	False		23	True	False
(filmRef)N0582	False		53	True	False
(filmRef)N0583	False		43	True	False
(filmRef)N0584	False		76	True	False
(filmRef)N0585	False		30	True	False
(filmRef)N0586	False		77	True	False
(filmRef)N0587	False		49	True	False
(filmRef)N0588	False		27	True	False
(filmRef)N0589	False		100	True	False
(filmRef)N0590	False		23	True	False
(filmRef)N0591	False		65	True	False
(filmRef)N0592	False		98	True	False
(filmRef)N0593	False		41	True	False
(filmRef)N0594	False		46	True	False
(filmRef)N0595	False		64	True	False
(filmRef)N0596	False		95	True	False
(filmRef)N0597	False		148	True	False
(filmRef)N0598	False		42	True	False
(filmRef)N0599	False		93	True	False
(filmRef)N0600	False		100	True	False
(filmRef)N0601	False		43	True	False
(filmRef)N0602	False		37	True	False
(filmRef)N0603	False		88	True	False
(filmRef)N0604	False		82	True	False
(filmRef)N0605	False		60	True	False
(filmRef)N0606	False		34	True	False
(filmRef)N0607	False		43	True	False
(filmRef)N0608	False		42	True	False
(filmRef)N0609	False		142	True	False
(filmRef)N0610	False		115	True	False
(filmRef)N0611	False		56	True	False
(filmRef)N0612	False		50	True	False
(filmRef)N0613	False		80	True	False
(filmRef)N0614	False		93	True	False
(filmRef)N0615	False		34	True	False
(filmRef)N0616	False		54	True	False
(filmRef)N0617	False		204	True	False
(filmRef)N0618	False		64	True	False
(filmRef)N0619	False		117	True	False
(filmRef)N0620	False		70	True	False
(filmRef)N0621	False		56	True	False
(filmRef)N0622	False		102	True	False
(filmRef)N0623	False		154	True	False
(filmRef)N0624	False		92	True	False
(filmRef)N0625	False		140	True	False
(filmRef)N0626	False		113	True	False
(filmRef)N0627	False		55	True	False
(filmRef)N0628	False		143	True	False
(filmRef)N0629	False		81	True	False
(filmRef)N0630	False		89	True	False
(filmRef)N0631	False		105	True	False
(filmRef)N0632	False		63	True	False
(filmRef)N0633	False		45	True	False
(filmRef)N0634	False		79	True	False
(filmRef)N0635	False		40	True	False
(filmRef)N0636	False		118	True	False
(filmRef)N0637	False		84	True	False
(filmRef)N0638	False		33	True	False
(filmRef)N0639	False		107	True	False
(filmRef)N0640	False		158	True	False
(filmRef)N0641	False		36	True	False
(filmRef)N0642	False		42	True	False
(filmRef)N0643	False		65	True	False
(filmRef)N0644	False		164	True	False
(filmRef)N0645	False		118	True	False
(filmRef)N0646	False		137	True	False
(filmRef)N0647	False		40	True	False
(filmRef)N0648	False		59	True	False
(filmRef)N0649	False		73	True	False
(filmRef)N0650	False		81	True	False
(filmRef)N0651	False		72	True	False
(filmRef)N0652	False		115	True	False
(filmRef)N0653	False		83	True	False
(filmRef)N0654	False		86	True	False
(filmRef)N0655	False		52	True	False
(filmRef)N0656	False		54	True	False
(filmRef)N0657	False		57	True	False
(filmRef)N0658	False		80	True	False
(filmRef)N0659	False		35	True	False
(filmRef)N0660	False		89	True	False
(filmRef)N0661	False		34	True	False
(filmRef)N0662	False		69	True	False
(filmRef)N0663	False		65	True	False
(filmRef)N0664	False		63	True	False
(filmRef)N0665	False		50	True	False
(filmRef)N0666	False		242	True	False
(filmRef)N0667	False		389	True	False
(filmRef)N0670	False		64	True	False
(filmRef)N0671	False		50	True	False
(filmRef)N0672	False		69	True	False
(filmRef)N0673	False		30	True	False
(filmRef)N0674	False		108	True	False
(filmRef)N0675	False		103	True	False
(filmRef)N0676	False		99	True	False
(filmRef)N0677	False		159	True	False
(filmRef)N0678	False		47	True	False
(filmRef)N0679	False		110	True	False
(filmRef)N0680	False		49	True	False
(filmRef)N0681	False		99	True	False
(filmRef)N0682	False		92	True	False
(filmRef)N0683	False		328	True	False
(filmRef)N0684	False		93	True	False
(filmRef)N0685	False		44	True	False
(filmRef)N0686	False		95	True	False
(filmRef)N0687	False		60	True	False
(filmRef)N0688	False		142	True	False
(filmRef)N0689	False		120	True	False
(filmRef)N0690	False		110	True	False
(filmRef)N0691	False		76	True	False
(filmRef)N0692	False		89	True	False
(filmRef)N0693	False		104	True	False
(filmRef)N0694	False		163	True	False
(filmRef)N0695	False		68	True	False
(filmRef)N0696	False		60	True	False
(filmRef)N0697	False		70	True	False
(filmRef)N0698	False		90	True	False
(filmRef)N0699	False		90	True	False
(filmRef)N0700	False		64	True	False
(filmRef)N0701	False		76	True	False
(filmRef)N0702	False		52	True	False
(filmRef)N0703	False		61	True	False
(filmRef)N0704	False		100	True	False
(filmRef)N0705	False		85	True	False
(filmRef)N0706	False		99	True	False
(filmRef)N0707	False		67	True	False
(filmRef)N0708	False		106	True	False
(filmRef)N0709	False		98	True	False
(filmRef)N0710	False		117	True	False
(filmRef)N0711	False		58	True	False
(filmRef)N0712	False		87	True	False
(filmRef)N0713	False		49	True	False
(filmRef)N0714	False		109	True	False
(filmRef)N0715	False		65	True	False
(filmRef)N0716	False		125	True	False
(filmRef)N0717	False		46	True	False
(filmRef)N0718	False		27	True	False
(filmRef)N0719	False		158	True	False
(filmRef)N0720	False		116	True	False
(filmRef)N0721	False		81	True	False
(filmRef)N0722	False		50	True	False
(filmRef)N0723	False		36	True	False
(filmRef)N0724	False		127	True	False
(filmRef)N0725	False		129	True	False
(filmRef)N0726	False		269	True	False
(filmRef)N0727	False		159	True	False
(filmRef)N0728	False		197	True	False
(filmRef)N0729	False		25	True	False
(filmRef)N0730	False		52	True	False
(filmRef)N0731	False		50	True	False
(filmRef)N0732	False		54	True	False
(filmRef)N0733	False		79	True	False
(filmRef)N0734	False		94	True	False
(filmRef)N0735	False		51	True	False
(filmRef)N0736	False		55	True	False
(filmRef)N0737	False		46	True	False
(filmRef)N0738	False		100	True	False
(filmRef)N0739	False		49	True	False
(filmRef)N0740	False		84	True	False
(filmRef)N0741	False		149	True	False
(filmRef)N0742	False		83	True	False
(filmRef)N0743	False		86	True	False
(filmRef)N0744	False		68	True	False
(filmRef)N0746	False		73	True	False
(filmRef)N0747	False		59	True	False
(filmRef)N0748	False		112	True	False
(filmRef)N0750	False		95	True	False
(filmRef)N0751	False		44	True	False
(filmRef)N0752	False		75	True	False
(filmRef)N0753	False		203	True	False
(filmRef)N0754	False		53	True	False
(filmRef)N0755	False		51	True	False
(filmRef)N0756	False		111	True	False
(filmRef)N0757	False		93	True	False
(filmRef)N0758	False		85	True	False
(filmRef)N0759	False		95	True	False
(filmRef)N0760	False		32	True	False
(filmRef)N0761	False		58	True	False
(filmRef)N0763	False		128	True	False
(filmRef)N0764	False		54	True	False
(filmRef)N0765	False		51	True	False
(filmRef)N0766	False		51	True	False
(filmRef)N0767	False		52	True	False
(filmRef)N0768	False		48	True	False
(filmRef)N0769	False		39	True	False
(filmRef)N0770	False		105	True	False
(filmRef)N0772	False		100	True	False
(filmRef)N0773	False		145	True	False
(filmRef)N0774	False		46	True	False
(filmRef)N0775	False		57	True	False
(filmRef)N0776	False		51	True	False
(filmRef)N0777	False		53	True	False
(filmRef)N0778	False		28	True	False
(filmRef)N0779	False		90	True	False
(filmRef)N0780	False		32	True	False
(filmRef)N0781	False		47	True	False
(filmRef)N0782	False		56	True	False
(filmRef)N0783	False		58	True	False
(filmRef)N0784	False		79	True	False
(filmRef)N0785	False		47	True	False
(filmRef)N0786	False		166	True	False
(filmRef)N0787	False		108	True	False
(filmRef)N0788	False		87	True	False
(filmRef)N0789	False		69	True	False
(filmRef)N0790	False		47	True	False
(filmRef)N0791	False		79	True	False
(filmRef)N0792	False		60	True	False
(filmRef)N0793	False		60	True	False
(filmRef)N0794	False		46	True	False
(filmRef)N0795	False		26	True	False
(filmRef)N0796	False		30	True	False
(filmRef)N0797	False		44	True	False
(filmRef)N0798	False		66	True	False
(filmRef)N0799	False		103	True	False
(filmRef)N0800	False		77	True	False
(filmRef)N0801	False		45	True	False
(filmRef)N0802	False		101	True	False
(filmRef)N0803	False		179	True	False
(filmRef)N0804	False		44	True	False
(filmRef)N0805	False		40	True	False
(filmRef)N0806	False		90	True	False
(filmRef)N0807	False		70	True	False
(filmRef)N0808	False		143	True	False
(filmRef)N0809	False		103	True	False
(filmRef)N0810	False		57	True	False
(filmRef)N0811	False		181	True	False
(filmRef)N0812	False		68	True	False
(filmRef)N0813	False		48	True	False
(filmRef)N0814	False		70	True	False
(filmRef)N0815	False		116	True	False
(filmRef)N0816	False		85	True	False
(filmRef)N0817	False		64	True	False
(filmRef)N0818	False		70	True	False
(filmRef)N0819	False		86	True	False
(filmRef)N0820	False		71	True	False
(filmRef)N0821	False		145	True	False
(filmRef)N0822	False		48	True	False
(filmRef)N0823	False		113	True	False
(filmRef)N0824	False		69	True	False
(filmRef)N0825	False		63	True	False
(filmRef)N0826	False		52	True	False
(filmRef)N0827	False		204	True	False
(filmRef)N0828	False		53	True	False
(filmRef)N0829	False		69	True	False
(filmRef)N0830	False		94	True	False
(filmRef)N0831	False		161	True	False
(filmRef)N0832	False		66	True	False
(filmRef)N0833	False		52	True	False
(filmRef)N0834	False		155	True	False
(filmRef)N0835	False		61	True	False
(filmRef)N0836	False		123	True	False
(filmRef)N0837	False		47	True	False
(filmRef)N0838	False		81	True	False
(filmRef)N0839	False		80	True	False
(filmRef)N0840	False		52	True	False
(filmRef)N0841	False		35	True	False
(filmRef)N0842	False		76	True	False
(filmRef)N0843	False		71	True	False
(filmRef)N0844	False		69	True	False
(filmRef)N0845	False		75	True	False
(filmRef)N0846	False		45	True	False
(filmRef)N0847	False		66	True	False
(filmRef)N0848	False		32	True	False
(filmRef)N0849	False		84	True	False
(filmRef)N0850	False		93	True	False
(filmRef)N0851	False		56	True	False
(filmRef)N0852	False		38	True	False
(filmRef)N0853	False		61	True	False
(filmRef)N0854	False		39	True	False
(filmRef)N0855	False		50	True	False
(filmRef)N0856	False		38	True	False
(filmRef)N0857	False		156	True	False
(filmRef)N0858	False		104	True	False
(filmRef)N0859	False		88	True	False
(filmRef)N0860	False		45	True	False
(filmRef)N0861	False		115	True	False
(filmRef)N0862	False		95	True	False
(filmRef)N0864	False		50	True	False
(filmRef)N0865	False		82	True	False
(filmRef)N0866	False		126	True	False
(filmRef)N0867	False		86	True	False
(filmRef)N0868	False		35	True	False
(filmRef)N0869	False		73	True	False
(filmRef)N0870	False		60	True	False
(filmRef)N0871	False		66	True	False
(filmRef)N0872	False		36	True	False
(filmRef)N0873	False		63	True	False
(filmRef)N0874	False		69	True	False
(filmRef)N0875	False		72	True	False
(filmRef)N0876	False		31	True	False
(filmRef)N0877	False		57	True	False
(filmRef)N0878	False		79	True	False
(filmRef)N0879	False		33	True	False
(filmRef)N0880	False		24	True	False
(filmRef)N0881	False		41	True	False
(filmRef)N0882	False		39	True	False
(filmRef)N0883	False		28	True	False
(filmRef)N0884	False		47	True	False
(filmRef)N0885	False		83	True	False
(filmRef)N0886	False		46	True	False
(filmRef)N0887	False		30	True	False
(filmRef)N0888	False		32	True	False
(filmRef)N0889	False		40	True	False
(filmRef)N0890	False		44	True	False
(filmRef)N0891	False		39	True	False
(filmRef)N0892	False		28	True	False
(filmRef)N0893	False		46	True	False
(filmRef)N0894	False		55	True	False
(filmRef)N0895	False		42	True	False
(filmRef)N0896	False		47	True	False
(filmRef)N0897	False		42	True	False
(filmRef)N0898	False		34	True	False
(filmRef)N0899	False		82	True	False
(filmRef)N0900	False		26	True	False
(filmRef)N0901	False		24	True	False
(filmRef)N0902	False		34	True	False
(filmRef)N0903	False		84	True	False
(filmRef)N0904	False		32	True	False
(filmRef)N0905	False		74	True	False
(filmRef)N0906	False		53	True	False
(filmRef)N0907	False		56	True	False
(filmRef)N0908	False		121	True	False
(filmRef)N0909	False		146	True	False
(filmRef)N0910	False		67	True	False
(filmRef)N0911	False		158	True	False
(filmRef)N0912	False		75	True	False
(filmRef)N0913	False		40	True	False
(filmRef)N0914	False		40	True	False
(filmRef)N0915	False		51	True	False
(filmRef)N0916	False		56	True	False
(filmRef)N0917	False		28	True	False
(filmRef)N0918	False		44	True	False
(filmRef)N0919	False		34	True	False
(filmRef)N0920	False		130	True	False
(filmRef)N0921	False		37	True	False
(filmRef)N0922	False		81	True	False
(filmRef)N0923	False		53	True	False
(filmRef)N0924	False		45	True	False
(filmRef)N0925	False		62	True	False
(filmRef)N0926	False		52	True	False
(filmRef)N0927	False		37	True	False
(filmRef)N0928	False		42	True	False
(filmRef)N0929	False		42	True	False
(filmRef)N0930	False		53	True	False
(filmRef)N0931	False		53	True	False
(filmRef)N0932	False		87	True	False
(filmRef)N0933	False		79	True	False
(filmRef)N0934	False		40	True	False
(filmRef)N0935	False		121	True	False
(filmRef)N0936	False		108	True	False
(filmRef)N0937	False		114	True	False
(filmRef)N0938	False		31	True	False
(filmRef)N0939	False		42	True	False
(filmRef)N0942	False		40	True	False
(filmRef)N0943	False		84	True	False
(filmRef)N0944	False		81	True	False
(filmRef)N0945	False		80	True	False
(filmRef)N0946	False		56	True	False
(filmRef)N0947	False		83	True	False
(filmRef)N0948	False		45	True	False
(filmRef)N0949	False		159	True	False
(filmRef)N0950	False		66	True	False
(filmRef)N0951	False		40	True	False
(filmRef)N0952	False		59	True	False
(filmRef)N0953	False		121	True	False
(filmRef)N0954	False		46	True	False
(filmRef)N0955	False		54	True	False
(filmRef)N0956	False		50	True	False
(filmRef)N0957	False		87	True	False
(filmRef)N0958	False		55	True	False
(filmRef)N0959	False		45	True	False
(filmRef)N0960	False		88	True	False
(filmRef)N0961	False		83	True	False
(filmRef)N0962	False		51	True	False
(filmRef)N0963	False		68	True	False
(filmRef)N0964	False		100	True	False
(filmRef)N0965	False		55	True	False
(filmRef)N0966	False		125	True	False
(filmRef)N0967	False		98	True	False
(filmRef)N0968	False		118	True	False
(filmRef)N0969	False		89	True	False
(filmRef)N0970	False		85	True	False
(filmRef)N0971	False		88	True	False
(filmRef)N0972	False		76	True	False
(filmRef)N0973	False		95	True	False
(filmRef)N0974	False		84	True	False
(filmRef)N0975	False		95	True	False
(filmRef)N0976	False		132	True	False
(filmRef)N0978	False		117	True	False
(filmRef)N0979	False		141	True	False
(filmRef)N0980	False		99	True	False
(filmRef)N0981	False		146	True	False
(filmRef)N0982	False		81	True	False
(filmRef)N0983	False		129	True	False
(filmRef)N0984	False		45	True	False
(filmRef)N0985	False		100	True	False
(filmRef)N0986	False		166	True	False
(filmRef)N0987	False		199	True	False
(filmRef)N0988	False		113	True	False
(filmRef)N0989	False		164	True	False
(filmRef)N0990	False		80	True	False
(filmRef)N0991	False		91	True	False
(filmRef)N0992	False		55	True	False
(filmRef)N0993	False		212	True	False
(filmRef)N0994	False		140	True	False
(filmRef)N0995	False		193	True	False
(filmRef)N0996	False		98	True	False
(filmRef)N0997	False		79	True	False
(filmRef)N0998	False		169	True	False
(filmRef)N0999	False		116	True	False
(filmRef)N1000	False		210	True	False
(filmRef)N1002	False		77	True	False
(filmRef)N1004	False		113	True	False
(filmRef)N1005	False		68	True	False
(filmRef)N1006	False		85	True	False
(filmRef)N1007	False		101	True	False
(filmRef)N1010	False		70	True	False
(filmRef)N1011	False		28	True	False
(filmRef)N1012	False		125	True	False
(filmRef)N1013	False		99	True	False
(filmRef)N1014	False		112	True	False
(filmRef)N1015	False		67	True	False
(filmRef)N1016	False		172	True	False
(filmRef)N1017	False		120	True	False
(filmRef)N1018	False		223	True	False
(filmRef)N1019	False		127	True	False
(filmRef)N1020	False		139	True	False
(filmRef)N1021	False		118	True	False
(filmRef)N1022	False		36	True	False
(filmRef)N1023	False		83	True	False
(filmRef)N1024	False		208	True	False
(filmRef)N1026	False		141	True	False
(filmRef)N1027	False		114	True	False
(filmRef)N1028	False		183	True	False
(filmRef)N1029	False		158	True	False
(filmRef)N1030	False		151	True	False
(filmRef)N1031	False		146	True	False
(filmRef)N1032	False		123	True	False
(filmRef)N1033	False		195	True	False
(filmRef)N1034	False		123	True	False
(filmRef)N1037	False		118	True	False
(filmRef)N1038	False		43	True	False
(filmRef)N1039	False		122	True	False
(filmRef)N1040	False		119	True	False
(filmRef)N1041	False		263	True	False
(filmRef)N1042	False		131	True	False
(filmRef)N1044	False		122	True	False
(filmRef)N1045	False		66	True	False
(filmRef)N1046	False		139	True	False
(filmRef)N1047	False		159	True	False
(filmRef)N1050	False		125	True	False
(filmRef)N1052	False		104	True	False
(filmRef)N1053	False		74	True	False
(filmRef)N1054	False		99	True	False
(filmRef)N1055	False		104	True	False
(filmRef)N1056	False		177	True	False
(filmRef)N1059	False		82	True	False
(filmRef)N1060	False		41	True	False
(filmRef)N1061	False		59	True	False
(filmRef)N1062	False		179	True	False
(filmRef)N1063	False		702	True	False
(filmRef)N1064	False		393	True	False
(filmRef)N1065	False		424	True	False
(filmRef)N1066	False		798	True	False
(filmRef)N1067	False		562	True	False
(filmRef)N1068	False		547	True	False
(filmRef)N1069	False		461	True	False
(filmRef)N1071	False		643	True	False
(filmRef)N1072	False		726	True	False
(filmRef)N1073	False		135	True	False
(filmRef)N1075	False		549	True	False
(filmRef)N1076	False		488	True	False
(filmRef)T0001	False		120	True	False
(filmRef)T0002	False		231	True	False
(filmRef)T0003	False		36	True	False
(filmRef)T0005	False		37	True	False
(filmRef)T0007	False		56	True	False
(filmRef)T0008	False		47	True	False
(filmRef)T0009	False		44	True	False
(filmRef)T0010	False		30	True	False
(filmRef)T0011	False		56	True	False
(filmRef)T0012	False		27	True	False
(filmRef)T0014	False		74	True	False
(filmRef)T0016	False		26	True	False
(filmRef)T0017	False		34	True	False
(filmRef)T0019	False		31	True	False
(filmRef)T0020	False		37	True	False
(filmRef)T0021	False		54	True	False
(filmRef)T0022	False		40	True	False
(filmRef)T0023	False		49	True	False
(filmRef)T0024	False		76	True	False
(filmRef)T0025	False		137	True	False
(filmRef)T0026	False		102	True	False
(filmRef)T0027	False		48	True	False
(filmRef)T0030	False		51	True	False
(filmRef)T0032	False		184	True	False
(filmRef)T0033	False		175	True	False
(filmRef)T0036	False		80	True	False
(filmRef)T0037	False		192	True	False
(filmRef)T0037A	False		74	True	False
(filmRef)T0038	False		45	True	False
(filmRef)T0039	False		42	True	False
(filmRef)T0040	False		66	True	False
(filmRef)T0041	False		127	True	False
(filmRef)T0043	False		64	True	False
(filmRef)T0044	False		34	True	False
(filmRef)T0045	False		76	True	False
(filmRef)T0046	False		107	True	False
(filmRef)T0047	False		62	True	False
(filmRef)T0048	False		108	True	False
(filmRef)T0049	False		45	True	False
(filmRef)T0050	False		38	True	False
(filmRef)T0051	False		43	True	False
(filmRef)T0052	False		37	True	False
(filmRef)T0053	False		44	True	False
(filmRef)T0054	False		91	True	False
(filmRef)T0057	False		63	True	False
(filmRef)T0058	False		58	True	False
(filmRef)T0059	False		82	True	False
(filmRef)T0060	False		55	True	False
(filmRef)T0061	False		35	True	False
(filmRef)T0062	False		48	True	False
(filmRef)T0063	False		106	True	False
(filmRef)T0064	False		57	True	False
(filmRef)T0065	False		37	True	False
(filmRef)T0066	False		38	True	False
(filmRef)T0067	False		96	True	False
(filmRef)T0068	False		64	True	False
(filmRef)T0069	False		106	True	False
(filmRef)T0070	False		52	True	False
(filmRef)T0071	False		76	True	False
(filmRef)T0072	False		59	True	False
(filmRef)T0073	False		88	True	False
(filmRef)T0074	False		78	True	False
(filmRef)T0075	False		37	True	False
(filmRef)T0076	False		88	True	False
(filmRef)T0077	False		32	True	False
(filmRef)T0079	False		36	True	False
(filmRef)T0081	False		37	True	False
(filmRef)T0082	False		134	True	False
(filmRef)T0083	False		63	True	False
(filmRef)T0084	False		95	True	False
(filmRef)T0085	False		113	True	False
(filmRef)T0086	False		54	True	False
(filmRef)T0089	False		47	True	False
(filmRef)T0090	False		40	True	False
(filmRef)T0092	False		34	True	False
(filmRef)T0093	False		89	True	False
(filmRef)T0095	False		35	True	False
(filmRef)T0096	False		50	True	False
(filmRef)T0097	False		66	True	False
(filmRef)T0098	False		28	True	False
(filmRef)T0099	False		44	True	False
(filmRef)T0100	False		59	True	False
(filmRef)T0102	False		70	True	False
(filmRef)T0103	False		64	True	False
(filmRef)T0104	False		40	True	False
(filmRef)T0105	False		16	True	False
(filmRef)T0106	False		33	True	False
(filmRef)T0107	False		47	True	False
(filmRef)T0109	False		74	True	False
(filmRef)T0110	False		196	True	False
(filmRef)T0111	False		44	True	False
(filmRef)T0112	False		30	True	False
(filmRef)T0113	False		68	True	False
(filmRef)T0114	False		76	True	False
(filmRef)T0115	False		42	True	False
(filmRef)T0116	False		64	True	False
(filmRef)T0117	False		36	True	False
(filmRef)T0119	False		33	True	False
(filmRef)T0120	False		43	True	False
(filmRef)T0121	False		42	True	False
(filmRef)T0123	False		75	True	False
(filmRef)T0124	False		32	True	False
(filmRef)T0125	False		51	True	False
(filmRef)T0126	False		40	True	False
(filmRef)T0127	False		64	True	False
(filmRef)T0128	False		30	True	False
(filmRef)T0129	False		68	True	False
(filmRef)T0130	False		107	True	False
(filmRef)T0131	False		41	True	False
(filmRef)T0132	False		66	True	False
(filmRef)T0133	False		39	True	False
(filmRef)T0134	False		71	True	False
(filmRef)T0135	False		58	True	False
(filmRef)T0136	False		53	True	False
(filmRef)T0137	False		96	True	False
(filmRef)T0139	False		51	True	False
(filmRef)T0140	False		55	True	False
(filmRef)T0141	False		24	True	False
(filmRef)T0142	False		182	True	False
(filmRef)T0143	False		17	True	False
(filmRef)T0144	False		88	True	False
(filmRef)T0145	False		196	True	False
(filmRef)T0146	False		119	True	False
(filmRef)T0147	False		123	True	False
(filmRef)T0148	False		91	True	False
(filmRef)T0149	False		96	True	False
(filmRef)T0150	False		108	True	False
(filmRef)T0151	False		62	True	False
(filmRef)T0152	False		155	True	False
(filmRef)T0153	False		27	True	False
(filmRef)T0154	False		267	True	False
(filmRef)T0156	False		74	True	False
(filmRef)T0157	False		177	True	False
(filmRef)T0158	False		107	True	False
(filmRef)T0159	False		16	True	False
(filmRef)T0160	False		20	True	False
(filmRef)T0163	False		142	True	False
(filmRef)T0164	False		282	True	False
(filmRef)T0165	False		48	True	False
(filmRef)T0169	False		149	True	False
(filmRef)T0170	False		134	True	False
(filmRef)T0171	False		68	True	False
(filmRef)T0172	False		81	True	False
(filmRef)T0173	False		78	True	False
(filmRef)T0174	False		172	True	False
(filmRef)T0175	False		186	True	False
(filmRef)T0176	False		119	True	False
(filmRef)T0177	False		32	True	False
(filmRef)T0178	False		27	True	False
(filmRef)T0179	False		104	True	False
(filmRef)T0180	False		70	True	False
(filmRef)T0181	False		32	True	False
(filmRef)T0182	False		28	True	False
(filmRef)T0184	False		31	True	False
(filmRef)T0185	False		35	True	False
(filmRef)T0186	False		149	True	False
(filmRef)T0188	False		108	True	False
(filmRef)T0189	False		54	True	False
(filmRef)T0190	False		20	True	False
(filmRef)T0191	False		90	True	False
(filmRef)T0192	False		21	True	False
(filmRef)T0193	False		60	True	False
(filmRef)T0194	False		33	True	False
(filmRef)T0195	False		77	True	False
(filmRef)T0196	False		36	True	False
(filmRef)T0197	False		50	True	False
(filmRef)T0198	False		50	True	False
(filmRef)T0199	False		61	True	False
(filmRef)T0200	False		46	True	False
(filmRef)T0201	False		54	True	False
(filmRef)T0202	False		79	True	False
(filmRef)T0203	False		20	True	False
(filmRef)T0204	False		45	True	False
(filmRef)T0205	False		81	True	False
(filmRef)T0206	False		67	True	False
(filmRef)T0207	False		41	True	False
(filmRef)T0208	False		61	True	False
(filmRef)T0209	False		34	True	False
(filmRef)T0210	False		35	True	False
(filmRef)T0211	False		68	True	False
(filmRef)T0212	False		38	True	False
(filmRef)T0213	False		51	True	False
(filmRef)T0214	False		65	True	False
(filmRef)T0215	False		71	True	False
(filmRef)T0216	False		50	True	False
(filmRef)T0217	False		55	True	False
(filmRef)T0218	False		30	True	False
(filmRef)T0220	False		56	True	False
(filmRef)T0221	False		75	True	False
(filmRef)T0222	False		134	True	False
(filmRef)T0223	False		42	True	False
(filmRef)T0224	False		32	True	False
(filmRef)T0225	False		74	True	False
(filmRef)T0226	False		45	True	False
(filmRef)T0227	False		76	True	False
(filmRef)T0231	False		71	True	False
(filmRef)T0232	False		100	True	False
(filmRef)T0233	False		107	True	False
(filmRef)T0235	False		107	True	False
(filmRef)T0236	False		134	True	False
(filmRef)T0237	False		76	True	False
(filmRef)T0238	False		129	True	False
(filmRef)T0239	False		70	True	False
(filmRef)T0240	False		63	True	False
(filmRef)T0241	False		49	True	False
(filmRef)T0242	False		54	True	False
(filmRef)T0243	False		100	True	False
(filmRef)T0244	False		72	True	False
(filmRef)T0245	False		78	True	False
(filmRef)T0246	False		58	True	False
(filmRef)T0247	False		78	True	False
(filmRef)T0248	False		70	True	False
(filmRef)T0249	False		53	True	False
(filmRef)T0250	False		56	True	False
(filmRef)T0251	False		75	True	False
(filmRef)T0252	False		52	True	False
(filmRef)T0254	False		91	True	False
(filmRef)T0255	False		85	True	False
(filmRef)T0256	False		127	True	False
(filmRef)T0257	False		40	True	False
(filmRef)T0258	False		85	True	False
(filmRef)T0259	False		57	True	False
(filmRef)T0260	False		105	True	False
(filmRef)T0261	False		67	True	False
(filmRef)T0262	False		60	True	False
(filmRef)T0264	False		74	True	False
(filmRef)T0265	False		58	True	False
(filmRef)T0268	False		319	True	False
(filmRef)T0269	False		482	True	False
(filmRef)T0270	False		64	True	False
(filmRef)T0272	False		1507	True	False
(filmRef)T0273	False		98	True	False
(filmRef)T0274	False		70	True	False
(filmRef)T0275	False		58	True	False
(filmRef)T0276	False		60	True	False
(filmRef)T0277	False		37	True	False
(filmRef)T0278	False		67	True	False
(filmRef)T0279	False		61	True	False
(filmRef)T0280	False		46	True	False
(filmRef)T0282	False		98	True	False
(filmRef)T0283	False		121	True	False
(filmRef)T0284	False		71	True	False
(filmRef)T0285	False		127	True	False
(filmRef)T0286	False		93	True	False
(filmRef)T0288	False		37	True	False
(filmRef)T0289	False		60	True	False
(filmRef)T0290	False		65	True	False
(filmRef)T0291	False		34	True	False
(filmRef)T0292	False		45	True	False
(filmRef)T0293	False		114	True	False
(filmRef)T0294	False		116	True	False
(filmRef)T0297	False		22	True	False
(filmRef)T0298	False		81	True	False
(filmRef)T0300	False		162	True	False
(filmRef)T0301	False		73	True	False
(filmRef)T0303	False		21	True	False
(filmRef)T0304	False		452	True	False
(filmRef)T0305	False		53	True	False
(filmRef)T0306	False		65	True	False
(filmRef)T0307	False		44	True	False
(filmRef)T0308	False		310	True	False
(filmRef)T0309	False		129	True	False
(filmRef)T0310	False		118	True	False
(filmRef)T0311	False		44	True	False
(filmRef)T0313	False		1584	True	False
(filmRef)T0314	False		128	True	False
(filmRef)T0315	False		76	True	False
(filmRef)T0317	False		41	True	False
(filmRef)T0318	False		67	True	False
(filmRef)T0320	False		100	True	False
(filmRef)T0323	False		218	True	False
(filmRef)T0324	False		86	True	False
(filmRef)T0325	False		47	True	False
(filmRef)T0326	False		36	True	False
(filmRef)T0328	False		60	True	False
(filmRef)T0329	False		55	True	False
(filmRef)T0330	False		28	True	False
(filmRef)T0331	False		31	True	False
(filmRef)T0332	False		105	True	False
(filmRef)T0333	False		42	True	False
(filmRef)T0334	False		27	True	False
(filmRef)T0335	False		56	True	False
(filmRef)T0337	False		58	True	False
(filmRef)T0338	False		69	True	False
(filmRef)T0339	False		53	True	False
(filmRef)T0340	False		21	True	False
(filmRef)T0341	False		76	True	False
(filmRef)T0342	False		56	True	False
(filmRef)T0343	False		73	True	False
(filmRef)T0345	False		67	True	False
(filmRef)T0346	False		72	True	False
(filmRef)T0347	False		59	True	False
(filmRef)T0348	False		61	True	False
(filmRef)T0349	False		241	True	False
(filmRef)T0350	False		32	True	False
(filmRef)T0351	False		114	True	False
(filmRef)T0352	False		30	True	False
(filmRef)T0354	False		65	True	False
(filmRef)T0355	False		60	True	False
(filmRef)T0356	False		171	True	False
(filmRef)T0357	False		67	True	False
(filmRef)T0358	False		38	True	False
(filmRef)T0360	False		73	True	False
(filmRef)T0361	False		48	True	False
(filmRef)T0362	False		54	True	False
(filmRef)T0363	False		52	True	False
(filmRef)T0364	False		82	True	False
(filmRef)T0365	False		178	True	False
(filmRef)T0366	False		22	True	False
(filmRef)T0367	False		68	True	False
(filmRef)T0368	False		32	True	False
(filmRef)T0370	False		55	True	False
(filmRef)T0371	False		124	True	False
(filmRef)T0372	False		78	True	False
(filmRef)T0374	False		41	True	False
(filmRef)T0375	False		56	True	False
(filmRef)T0376	False		117	True	False
(filmRef)T0377	False		110	True	False
(filmRef)T0378	False		108	True	False
(filmRef)T0379	False		62	True	False
(filmRef)T0380	False		169	True	False
(filmRef)T0381	False		49	True	False
(filmRef)T0382	False		70	True	False
(filmRef)T0383	False		106	True	False
(filmRef)T0384	False		97	True	False
(filmRef)T0385	False		110	True	False
(filmRef)T0386	False		63	True	False
(filmRef)T0387	False		103	True	False
(filmRef)T0388	False		156	True	False
(filmRef)T0389	False		81	True	False
(filmRef)T0390	False		91	True	False
(filmRef)T0391	False		104	True	False
(filmRef)T0392	False		40	True	False
(filmRef)T0393	False		60	True	False
(filmRef)T0394	False		71	True	False
(filmRef)T0395	False		107	True	False
(filmRef)T0397	False		65	True	False
(filmRef)T0398	False		59	True	False
(filmRef)T0399	False		51	True	False
(filmRef)T0400	False		176	True	False
(filmRef)T0401	False		423	True	False
(filmRef)T0402	False		45	True	False
(filmRef)T0403	False		166	True	False
(filmRef)T0404	False		218	True	False
(filmRef)T0405	False		54	True	False
(filmRef)T0407	False		83	True	False
(filmRef)T0408	False		156	True	False
(filmRef)T0409	False		134	True	False
(filmRef)T0411	False		354	True	False
(filmRef)T0413	False		1383	True	False
(filmRef)T0414	False		1033	True	False
(filmRef)T0415	False		88	True	False
(filmRef)T0419	False		441	True	False
(filmRef)T0420	False		283	True	False
(filmRef)T0421	False		646	True	False
(filmRef)T0422	False		517	True	False
(filmRef)T0423	False		105	True	False
(filmRef)T0424	False		334	True	False
(filmRef)T0426	False		106	True	False
(filmRef)T0427	False		186	True	False
(filmRef)T0428	False		35	True	False
(filmRef)T0429	False		70	True	False
(filmRef)T0431	False		159	True	False
(filmRef)T0434	False		70	True	False
(filmRef)T0435	False		73	True	False
(filmRef)T0436	False		57	True	False
(filmRef)T0437	False		19	True	False
(filmRef)T0438	False		195	True	False
(filmRef)T0439	False		41	True	False
(filmRef)T0441	False		38	True	False
(filmRef)T0442	False		102	True	False
(filmRef)T0443	False		59	True	False
(filmRef)T0444	False		53	True	False
(filmRef)T0445	False		51	True	False
(filmRef)T0446	False		26	True	False
(filmRef)T0448	False		51	True	False
(filmRef)T0449	False		58	True	False
(filmRef)T0450	False		52	True	False
(filmRef)T0451	False		51	True	False
(filmRef)T0452	False		50	True	False
(filmRef)T0453	False		106	True	False
(filmRef)T0454	False		46	True	False
(filmRef)T0455	False		88	True	False
(filmRef)T0456	False		34	True	False
(filmRef)T0457	False		83	True	False
(filmRef)T0458	False		118	True	False
(filmRef)T0459	False		82	True	False
(filmRef)T0460	False		72	True	False
(filmRef)T0461	False		62	True	False
(filmRef)T0462	False		78	True	False
(filmRef)T0463	False		193	True	False
(filmRef)T0464	False		59	True	False
(filmRef)T0465	False		64	True	False
(filmRef)T0467	False		89	True	False
(filmRef)T0468	False		63	True	False
(filmRef)T0469	False		129	True	False
(filmRef)T0470	False		94	True	False
(filmRef)T0471	False		37	True	False
(filmRef)T0472	False		110	True	False
(filmRef)T0473	False		120	True	False
(filmRef)T0474	False		85	True	False
(filmRef)T0475	False		56	True	False
(filmRef)T0476	False		82	True	False
(filmRef)T0477	False		40	True	False
(filmRef)T0478	False		89	True	False
(filmRef)T0479	False		44	True	False
(filmRef)T0480	False		42	True	False
(filmRef)T0481	False		69	True	False
(filmRef)T0482	False		57	True	False
(filmRef)T0483	False		63	True	False
(filmRef)T0484	False		146	True	False
(filmRef)T0485	False		147	True	False
(filmRef)T0486	False		110	True	False
(filmRef)T0487	False		45	True	False
(filmRef)T0488	False		28	True	False
(filmRef)T0489	False		86	True	False
(filmRef)T0490	False		70	True	False
(filmRef)T0491	False		40	True	False
(filmRef)T0492	False		56	True	False
(filmRef)T0493	False		41	True	False
(filmRef)T0494	False		47	True	False
(filmRef)T0495	False		52	True	False
(filmRef)T0496	False		56	True	False
(filmRef)T0497	False		23	True	False
(filmRef)T0498	False		43	True	False
(filmRef)T0499	False		71	True	False
(filmRef)T0500	False		86	True	False
(filmRef)T0501	False		70	True	False
(filmRef)T0502	False		47	True	False
(filmRef)T0503	False		90	True	False
(filmRef)T0504	False		55	True	False
(filmRef)T0505	False		120	True	False
(filmRef)T0506	False		49	True	False
(filmRef)T0507	False		98	True	False
(filmRef)T0508	False		95	True	False
(filmRef)T0509	False		105	True	False
(filmRef)T0510	False		117	True	False
(filmRef)T0511	False		70	True	False
(filmRef)T0512	False		49	True	False
(filmRef)T0513	False		43	True	False
(filmRef)T0514	False		47	True	False
(filmRef)T0515	False		37	True	False
(filmRef)T0516	False		39	True	False
(filmRef)T0517	False		59	True	False
(filmRef)T0518	False		73	True	False
(filmRef)T0519	False		68	True	False
(filmRef)T0520	False		76	True	False
(filmRef)T0521	False		103	True	False
(filmRef)T0522	False		33	True	False
(filmRef)T0524	False		133	True	False
(filmRef)T0525	False		27	True	False
(filmRef)T0526	False		59	True	False
(filmRef)T0527	False		45	True	False
(filmRef)T0528	False		95	True	False
(filmRef)T0529	False		79	True	False
(filmRef)T0530	False		110	True	False
(filmRef)T0531	False		64	True	False
(filmRef)T0532	False		82	True	False
(filmRef)T0534	False		52	True	False
(filmRef)T0535	False		381	True	False
(filmRef)T0536	False		52	True	False
(filmRef)T0538	False		105	True	False
(filmRef)T0539	False		257	True	False
(filmRef)T0540	False		35	True	False
(filmRef)T0542	False		22	True	False
(filmRef)T0543	False		81	True	False
(filmRef)T0546	False		47	True	False
(filmRef)T0547	False		205	True	False
(filmRef)T0548	False		47	True	False
(filmRef)T0549	False		72	True	False
(filmRef)T0550	False		117	True	False
(filmRef)T0551	False		35	True	False
(filmRef)T0552	False		83	True	False
(filmRef)T0553	False		84	True	False
(filmRef)T0554	False		56	True	False
(filmRef)T0555	False		40	True	False
(filmRef)T0556	False		72	True	False
(filmRef)T0557	False		79	True	False
(filmRef)T0558	False		40	True	False
(filmRef)T0559	False		64	True	False
(filmRef)T0560	False		64	True	False
(filmRef)T0561	False		58	True	False
(filmRef)T0562	False		52	True	False
(filmRef)T0563	False		130	True	False
(filmRef)T0564	False		92	True	False
(filmRef)T0565	False		81	True	False
(filmRef)T0567	False		91	True	False
(filmRef)T0568	False		68	True	False
(filmRef)T0569	False		24	True	False
(filmRef)T0570	False		46	True	False
(filmRef)T0571	False		106	True	False
(filmRef)T0572	False		100	True	False
(filmRef)T0573	False		120	True	False
(filmRef)T0574	False		60	True	False
(filmRef)T0575	False		257	True	False
(filmRef)T0576	False		385	True	False
(filmRef)T0577	False		180	True	False
(filmRef)T0578	False		221	True	False
(filmRef)T0581	False		143	True	False
(filmRef)T0582	False		63	True	False
(filmRef)T0584	False		651	True	False
(filmRef)T0585	False		72	True	False
(filmRef)T0586	False		43	True	False
(filmRef)T0587	False		36	True	False
(filmRef)T0588	False		53	True	False
(filmRef)T0591	False		36	True	False
(filmRef)T0594	False		46	True	False
(filmRef)T0595	False		82	True	False
(filmRef)T0596	False		96	True	False
(filmRef)T0597	False		111	True	False
(filmRef)T0598	False		80	True	False
(filmRef)T0600	False		197	True	False
(filmRef)T0601	False		78	True	False
(filmRef)T0602	False		110	True	False
(filmRef)T0603	False		62	True	False
(filmRef)T0604	False		37	True	False
(filmRef)T0605	False		96	True	False
(filmRef)T0606	False		77	True	False
(filmRef)T0607	False		34	True	False
(filmRef)T0608	False		73	True	False
(filmRef)T0609	False		103	True	False
(filmRef)T0610	False		111	True	False
(filmRef)T0612	False		64	True	False
(filmRef)T0613	False		91	True	False
(filmRef)T0614	False		38	True	False
(filmRef)T0615	False		74	True	False
(filmRef)T0616	False		31	True	False
(filmRef)T0617	False		28	True	False
(filmRef)T0627	False		30	True	False
(filmRef)T0636	False		38	True	False
(filmRef)T0638	False		33	True	False
(filmRef)T0639	False		106	True	False
(filmRef)T0640	False		74	True	False
(filmRef)T0641	False		66	True	False
(filmRef)T0647	False		26	True	False
(filmRef)T0648	False		44	True	False
(filmRef)T0649	False		26	True	False
(filmRef)T0652	False		61	True	False
(filmRef)T0653	False		230	True	False
(filmRef)T0654	False		156	True	False
(filmRef)T0655	False		586	True	False
(filmRef)T0656	False		73	True	False
(filmRef)T0657	False		40	True	False
(filmRef)T0658	False		392	True	False
(filmRef)T0659	False		196	True	False
(filmRef)T0660	False		62	True	False
(filmRef)T0661	False		711	True	False
(filmRef)T0662	False		632	True	False
(filmRef)T0663	False		504	True	False
(filmRef)T0664	False		80	True	False
(filmRef)T0665	False		83	True	False
(filmRef)T0667	False		64	True	False
(filmRef)T0669	False		26	True	False
(filmRef)T0670	False		71	True	False
(filmRef)T0671	False		90	True	False
(filmRef)T0672	False		91	True	False
(filmRef)T0673	False		147	True	False
(filmRef)T0674	False		59	True	False
(filmRef)T0675	False		60	True	False
(filmRef)T0676	False		102	True	False
(filmRef)T0677	False		182	True	False
(filmRef)T0679	False		415	True	False
(filmRef)T0680	False		125	True	False
(filmRef)T0682	False		102	True	False
(filmRef)T0683	False		88	True	False
(filmRef)T0684	False		86	True	False
(filmRef)T0685	False		189	True	False
(filmRef)T0686	False		84	True	False
(filmRef)T0687	False		161	True	False
(filmRef)T0688	False		66	True	False
(filmRef)T0689	False		156	True	False
(filmRef)T0690	False		103	True	False
(filmRef)T0691	False		72	True	False
(filmRef)T0693	False		38	True	False
(filmRef)T0694	False		38	True	False
(filmRef)T0695	False		32	True	False
(filmRef)T0696	False		64	True	False
(filmRef)T0697	False		66	True	False
(filmRef)T0698	False		50	True	False
(filmRef)T0699	False		98	True	False
(filmRef)T0700	False		51	True	False
(filmRef)T0701	False		36	True	False
(filmRef)T0702	False		353	True	False
(filmRef)T0703	False		462	True	False
(filmRef)T0706	False		358	True	False
(filmRef)T0708	False		173	True	False
(filmRef)T0709	False		182	True	False
(filmRef)T0711	False		356	True	False
(filmRef)T0712	False		63	True	False
(filmRef)T0713	False		460	True	False
(filmRef)T0714	False		289	True	False
(filmRef)T0715	False		266	True	False
(filmRef)T0716	False		321	True	False
(filmRef)T0718	False		18	True	False
(filmRef)T0719	False		92	True	False
(filmRef)T0720	False		242	True	False
(filmRef)T0721	False		124	True	False
(filmRef)T0722	False		241	True	False
(filmRef)T0723	False		172	True	False
(filmRef)T0724	False		230	True	False
(filmRef)T0725	False		41	True	False
(filmRef)T0726	False		70	True	False
(filmRef)T0727	False		52	True	False
(filmRef)T0728	False		112	True	False
(filmRef)T0729	False		48	True	False
(filmRef)T0730	False		30	True	False
(filmRef)T0731	False		57	True	False
(filmRef)T0732	False		154	True	False
(filmRef)T0733	False		74	True	False
(filmRef)T0734	False		54	True	False
(filmRef)T0735	False		58	True	False
(filmRef)T0736	False		60	True	False
(filmRef)T0737	False		215	True	False
(filmRef)T0738	False		45	True	False
(filmRef)T0739	False		68	True	False
(filmRef)T0741	False		81	True	False
(filmRef)T0742	False		90	True	False
(filmRef)T0743	False		36	True	False
(filmRef)T0744	False		90	True	False
(filmRef)T0745	False		40	True	False
(filmRef)T0746	False		47	True	False
(filmRef)T0747	False		143	True	False
(filmRef)T0748	False		38	True	False
(filmRef)T0749	False		55	True	False
(filmRef)T0750	False		55	True	False
(filmRef)T0751	False		159	True	False
(filmRef)T0752	False		98	True	False
(filmRef)T0753	False		127	True	False
(filmRef)T0754	False		256	True	False
(filmRef)T0755	False		178	True	False
(filmRef)T0756	False		126	True	False
(filmRef)T0757	False		431	True	False
(filmRef)T0758	False		246	True	False
(filmRef)T0759	False		365	True	False
(filmRef)T0760	False		119	True	False
(filmRef)T0761	False		89	True	False
(filmRef)T0762	False		101	True	False
(filmRef)T0763	False		254	True	False
(filmRef)T0764	False		185	True	False
(filmRef)T0765	False		132	True	False
(filmRef)T0766	False		89	True	False
(filmRef)T0767	False		52	True	False
(filmRef)T0768	False		95	True	False
(filmRef)T0769	False		63	True	False
(filmRef)T0770	False		60	True	False
(filmRef)T0771	False		51	True	False
(filmRef)T0772	False		50	True	False
(filmRef)T0773	False		93	True	False
(filmRef)T0774	False		41	True	False
(filmRef)T0775	False		52	True	False
(filmRef)T0776	False		147	True	False
(filmRef)T0777	False		56	True	False
(filmRef)T0778	False		74	True	False
(filmRef)T0779	False		42	True	False
(filmRef)T0780	False		31	True	False
(filmRef)T0781	False		66	True	False
(filmRef)T0782	False		50	True	False
(filmRef)T0783	False		80	True	False
(filmRef)T0784	False		56	True	False
(filmRef)T0785	False		49	True	False
(filmRef)T0786	False		29	True	False
(filmRef)T0787	False		25	True	False
(filmRef)T0788	False		48	True	False
(filmRef)T0789	False		34	True	False
(filmRef)T0790	False		39	True	False
(filmRef)T0791	False		45	True	False
(filmRef)T0792	False		61	True	False
(filmRef)T0793	False		46	True	False
(filmRef)T0794	False		56	True	False
(filmRef)T0795	False		151	True	False
(filmRef)T0796	False		103	True	False
(filmRef)T0797	False		58	True	False
(filmRef)T0798	False		191	True	False
(filmRef)T0799	False		253	True	False
(filmRef)T0800	False		141	True	False
(filmRef)T0801	False		247	True	False
(filmRef)T0802	False		170	True	False
(filmRef)T0803	False		151	True	False
(filmRef)T0804	False		251	True	False
(filmRef)T0805	False		199	True	False
(filmRef)T0806	False		241	True	False
(filmRef)T0807	False		84	True	False
(filmRef)T0808	False		43	True	False
(filmRef)T0809	False		55	True	False
(filmRef)T0810	False		117	True	False
(filmRef)T0811	False		108	True	False
(filmRef)T0813	False		80	True	False
(filmRef)T0814	False		114	True	False
(filmRef)T0815	False		572	True	False
(filmRef)T0816	False		427	True	False
(filmRef)T0817	False		718	True	False
(filmRef)T0818	False		118	True	False
(filmRef)T0819	False		47	True	False
(filmRef)T0820	False		86	True	False
(filmRef)T0821	False		57	True	False
(filmRef)T0823	False		47	True	False
(filmRef)T0824	False		110	True	False
(filmRef)T0825	False		49	True	False
(filmRef)T0826	False		788	True	False
(filmRef)T0827	False		50	True	False
(filmRef)T0828	False		141	True	False
(filmRef)T0829	False		641	True	False
(filmRef)T0830	False		492	True	False
(filmRef)T0831	False		87	True	False
(filmRef)T0832	False		71	True	False
(filmRef)T0833	False		67	True	False
(filmRef)T0834	False		49	True	False
(filmRef)T0835	False		111	True	False
(filmRef)T0836	False		96	True	False
(filmRef)T0837	False		81	True	False
(filmRef)T0838	False		298	True	False
(filmRef)T0839	False		97	True	False
(filmRef)T0840	False		173	True	False
(filmRef)T0841	False		80	True	False
(filmRef)T0842	False		233	True	False
(filmRef)T0843	False		69	True	False
(filmRef)T0844	False		63	True	False
(filmRef)T0845	False		548	True	False
(filmRef)T0847	False		30	True	False
(filmRef)T0848	False		52	True	False
(filmRef)T0849	False		87	True	False
(filmRef)T0850	False		34	True	False
(filmRef)T0851	False		139	True	False
(filmRef)T0852	False		81	True	False
(filmRef)T0853	False		83	True	False
(filmRef)T0854	False		261	True	False
(filmRef)T0855	False		89	True	False
(filmRef)T0857	False		94	True	False
(filmRef)T0858	False		69	True	False
(filmRef)T0859	False		209	True	False
(filmRef)T0860	False		75	True	False
(filmRef)T0861	False		143	True	False
(filmRef)T0862	False		332	True	False
(filmRef)T0863	False		52	True	False
(filmRef)T0864	False		69	True	False
(filmRef)T0865	False		40	True	False
(filmRef)T0866	False		49	True	False
(filmRef)T0867	False		56	True	False
(filmRef)T0868	False		35	True	False
(filmRef)T0869	False		150	True	False
(filmRef)T0870	False		31	True	False
(filmRef)T0871	False		19	True	False
(filmRef)T0872	False		31	True	False
(filmRef)T0873	False		26	True	False
(filmRef)T0874	False		51	True	False
(filmRef)T0875	False		81	True	False
(filmRef)T0876	False		45	True	False
(filmRef)T0877	False		102	True	False
(filmRef)T0878	False		79	True	False
(filmRef)T0879	False		73	True	False
(filmRef)T0880	False		65	True	False
(filmRef)T0881	False		68	True	False
(filmRef)T0883	False		45	True	False
(filmRef)T0884	False		24	True	False
(filmRef)T0885	False		37	True	False
(filmRef)T0886	False		36	True	False
(filmRef)T0887	False		42	True	False
(filmRef)T0888	False		28	True	False
(filmRef)T0889	False		123	True	False
(filmRef)T0890	False		49	True	False
(filmRef)T0891	False		39	True	False
(filmRef)T0892	False		19	True	False
(filmRef)T0893	False		39	True	False
(filmRef)T0894	False		53	True	False
(filmRef)T0895	False		87	True	False
(filmRef)T0896	False		44	True	False
(filmRef)T0897	False		54	True	False
(filmRef)T0898	False		57	True	False
(filmRef)T0899	False		57	True	False
(filmRef)T0900	False		31	True	False
(filmRef)T0901	False		56	True	False
(filmRef)T0902	False		82	True	False
(filmRef)T0903	False		56	True	False
(filmRef)T0904	False		45	True	False
(filmRef)T0905	False		34	True	False
(filmRef)T0906	False		53	True	False
(filmRef)T0907	False		65	True	False
(filmRef)T0908	False		22	True	False
(filmRef)T0909	False		34	True	False
(filmRef)T0910	False		31	True	False
(filmRef)T0911	False		21	True	False
(filmRef)T0912	False		40	True	False
(filmRef)T0913	False		72	True	False
(filmRef)T0914	False		133	True	False
(filmRef)T0915	False		80	True	False
(filmRef)T0916	False		36	True	False
(filmRef)T0917	False		25	True	False
(filmRef)T0918	False		131	True	False
(filmRef)T0919	False		20	False	False
(filmRef)T0920	False		59	True	False
(filmRef)T0921	False		29	True	False
(filmRef)T0923	False		79	True	False
(filmRef)T0924	False		106	True	False
(filmRef)T0925	False		41	True	False
(filmRef)T0926	False		51	True	False
(filmRef)T0927	False		49	True	False
(filmRef)T0928	False		49	True	False
(filmRef)T0929	False		49	True	False
(filmRef)T0930	False		140	True	False
(filmRef)T0931	False		24	True	False
(filmRef)T0932	False		28	True	False
(filmRef)T0933	False		67	True	False
(filmRef)T0934	False		77	True	False
(filmRef)T0935	False		73	True	False
(filmRef)T0936	False		50	True	False
(filmRef)T0937	False		54	True	False
(filmRef)T0938	False		29	True	False
(filmRef)T0939	False		16	True	False
(filmRef)T0940	False		47	True	False
(filmRef)T0941	False		35	True	False
(filmRef)T0942	False		48	True	False
(filmRef)T0943	False		29	True	False
(filmRef)T0944	False		27	True	False
(filmRef)T0945	False		36	True	False
(filmRef)T0946	False		31	True	False
(filmRef)T0947	False		70	True	False
(filmRef)T0948	False		45	True	False
(filmRef)T0949	False		198	True	False
(filmRef)T0950	False		76	True	False
(filmRef)T0951	False		92	True	False
(filmRef)T0952	False		48	True	False
(filmRef)T0953	False		19	True	False
(filmRef)T0954	False		60	True	False
(filmRef)T0955	False		54	True	False
(filmRef)T0956	False		23	True	False
(filmRef)T0957	False		30	True	False
(filmRef)T0958	False		36	True	False
(filmRef)T0959	False		123	True	False
(filmRef)T0960	False		29	True	False
(filmRef)T0961	False		100	True	False
(filmRef)T0962	False		51	True	False
(filmRef)T0963	False		40	True	False
(filmRef)T0964	False		28	True	False
(filmRef)T0965	False		58	True	False
(filmRef)T0966	False		89	True	False
(filmRef)T0967	False		38	True	False
(filmRef)T0968	False		39	True	False
(filmRef)T0969	False		59	True	False
(filmRef)T0970	False		38	True	False
(filmRef)T0971	False		35	True	False
(filmRef)T0972	False		20	True	False
(filmRef)T0973	False		72	True	False
(filmRef)T0974	False		45	True	False
(filmRef)T0975	False		44	True	False
(filmRef)T0976	False		54	True	False
(filmRef)T0977	False		27	True	False
(filmRef)T0978	False		189	True	False
(filmRef)T0979	False		23	True	False
(filmRef)T0980	False		45	True	False
(filmRef)T0981	False		26	True	False
(filmRef)T0982	False		33	True	False
(filmRef)T0983	False		33	True	False
(filmRef)T0984	False		49	True	False
(filmRef)T0985	False		70	True	False
(filmRef)T0986	False		56	True	False
(filmRef)T0987	False		46	True	False
(filmRef)T0988	False		47	True	False
(filmRef)T0989	False		109	True	False
(filmRef)T0990	False		47	True	False
(filmRef)T0991	False		67	True	False
(filmRef)T0992	False		44	True	False
(filmRef)T0993	False		63	True	False
(filmRef)T0994	False		37	True	False
(filmRef)T0995	False		55	True	False
(filmRef)T0996	False		38	True	False
(filmRef)T0997	False		78	True	False
(filmRef)T0998	False		60	True	False
(filmRef)T0999	False		46	True	False
(filmRef)T1000	False		34	True	False
(filmRef)T1001	False		62	True	False
(filmRef)T1002	False		32	True	False
(filmRef)T1004	False		40	True	False
(filmRef)T1005	False		43	True	False
(filmRef)T1006	False		29	True	False
(filmRef)T1007	False		25	True	False
(filmRef)T1008	False		49	True	False
(filmRef)T1009	False		138	True	False
(filmRef)T1010	False		22	True	False
(filmRef)T1011	False		36	True	False
(filmRef)T1012	False		70	True	False
(filmRef)T1013	False		152	True	False
(filmRef)T1014	False		21	True	False
(filmRef)T1015	False		28	True	False
(filmRef)T1016	False		62	True	False
(filmRef)T1017	False		39	True	False
(filmRef)T1018	False		63	True	False
(filmRef)T1019	False		21	True	False
(filmRef)T1020	False		40	True	False
(filmRef)T1021	False		91	True	False
(filmRef)T1022	False		48	True	False
(filmRef)T1023	False		36	True	False
(filmRef)T1024	False		48	True	False
(filmRef)T1025	False		66	True	False
(filmRef)T1026	False		47	True	False
(filmRef)T1027	False		32	True	False
(filmRef)T1028	False		28	True	False
(filmRef)T1029	False		52	True	False
(filmRef)T1030	False		29	True	False
(filmRef)T1031	False		38	True	False
(filmRef)T1032	False		40	True	False
(filmRef)T1033	False		73	True	False
(filmRef)T1034	False		32	True	False
(filmRef)T1035	False		47	True	False
(filmRef)T1036	False		65	True	False
(filmRef)T1037	False		126	True	False
(filmRef)T1038	False		47	True	False
(filmRef)T1039	False		107	True	False
(filmRef)T1040	False		46	True	False
(filmRef)T1041	False		33	True	False
(filmRef)T1042	False		107	True	False
(filmRef)T1043	False		44	True	False
(filmRef)T1044	False		69	True	False
(filmRef)T1045	False		95	True	False
(filmRef)T1046	False		24	True	False
(filmRef)T1047	False		95	True	False
(filmRef)T1048	False		31	True	False
(filmRef)T1049	False		33	True	False
(filmRef)T1050	False		32	True	False
(filmRef)T1051	False		39	True	False
(filmRef)T1052	False		50	True	False
(filmRef)T1053	False		51	True	False
(filmRef)T1054	False		83	True	False
(filmRef)T1055	False		81	True	False
(filmRef)T1056	False		45	True	False
(filmRef)T1057	False		43	True	False
(filmRef)T1058	False		207	True	False
(filmRef)T1059	False		31	True	False
(filmRef)T1060	False		79	True	False
(filmRef)T1061	False		29	True	False
(filmRef)T1062	False		47	True	False
(filmRef)T1063	False		39	True	False
(filmRef)T1064	False		94	True	False
(filmRef)T1065	False		60	True	False
(filmRef)T1066	False		71	True	False
(filmRef)T1067	False		57	True	False
(filmRef)T1068	False		26	True	False
(filmRef)T1069	False		35	True	False
(filmRef)T1070	False		27	True	False
(filmRef)T1071	False		44	True	False
(filmRef)T1072	False		38	True	False
(filmRef)T1073	False		30	True	False
(filmRef)T1074	False		36	True	False
(filmRef)T1075	False		63	True	False
(filmRef)T1076	False		22	True	False
(filmRef)T1077	False		44	True	False
(filmRef)T1078	False		68	True	False
(filmRef)T1079	False		30	True	False
(filmRef)T1080	False		35	True	False
(filmRef)T1081	False		31	True	False
(filmRef)T1082	False		26	True	False
(filmRef)T1083	False		70	True	False
(filmRef)T1085	False		43	True	False
(filmRef)T1086	False		48	True	False
(filmRef)T1087	False		447	True	False
(filmRef)T1088	False		42	True	False
(filmRef)T1089	False		63	True	False
(filmRef)T1090	False		88	True	False
(filmRef)T1091	False		201	True	False
(filmRef)T1092	False		55	True	False
(filmRef)T1093	False		99	True	False
(filmRef)T1094	False		48	True	False
(filmRef)T1095	False		39	True	False
(filmRef)T1096	False		26	True	False
(filmRef)T1097	False		154	True	False
(filmRef)T1098	False		60	True	False
(filmRef)T1099	False		97	True	False
(filmRef)T1100	False		76	True	False
(filmRef)T1101	False		170	True	False
(filmRef)T1102	False		86	True	False
(filmRef)T1105	False		46	True	False
(filmRef)T1106	False		60	True	False
(filmRef)T1107	False		49	True	False
(filmRef)T1108	False		102	True	False
(filmRef)T1109	False		40	True	False
(filmRef)T1110	False		39	True	False
(filmRef)T1111	False		38	True	False
(filmRef)T1112	False		38	True	False
(filmRef)T1113	False		31	True	False
(filmRef)T1114	False		20	True	False
(filmRef)T1115	False		66	True	False
(filmRef)T1116	False		13	True	False
(filmRef)T1117	False		30	True	False
(filmRef)T1118	False		66	True	False
(filmRef)T1119	False		26	True	False
(filmRef)T1120	False		35	True	False
(filmRef)T1121	False		31	True	False
(filmRef)T1122	False		27	True	False
(filmRef)T1123	False		85	True	False
(filmRef)T1124	False		287	True	False
(filmRef)T1125	False		256	True	False
(filmRef)T1126	False		530	True	False
(filmRef)T1127	False		200	True	False
(filmRef)T1128	False		265	True	False
(filmRef)T1129	False		145	True	False
(filmRef)T1130	False		262	True	False
(filmRef)T1131	False		324	True	False
(filmRef)T1132	False		244	True	False
(filmRef)T1133	False		423	True	False
(filmRef)T1134	False		60	True	False
(filmRef)T1135	False		511	True	False
(filmRef)T1136	False		65	True	False
(filmRef)T1137	False		48	True	False
(filmRef)T1138	False		239	True	False
(filmRef)T1139	False		208	True	False
(filmRef)T1140	False		181	True	False
(filmRef)T1141	False		491	True	False
(filmRef)T1142	False		146	True	False
(filmRef)T1143	False		43	True	False
(filmRef)T1144	False		31	True	False
(filmRef)T1145	False		58	True	False
(filmRef)T1146	False		36	True	False
(filmRef)T1147	False		96	True	False
(filmRef)T1148	False		53	True	False
(filmRef)T1149	False		19	True	False
(filmRef)T1150	False		62	True	False
(filmRef)T1151	False		33	True	False
(filmRef)T1152	False		81	True	False
(filmRef)T1153	False		49	True	False
(filmRef)T1154	False		57	True	False
(filmRef)T1155	False		50	True	False
(filmRef)T1156	False		35	True	False
(filmRef)T1157	False		59	True	False
(filmRef)T1158	False		42	True	False
(filmRef)T1159	False		33	True	False
(filmRef)T1160	False		23	True	False
(filmRef)T1161	False		78	True	False
(filmRef)T1162	False		40	True	False
(filmRef)T1163	False		30	True	False
(filmRef)T1164	False		33	True	False
(filmRef)T1165	False		103	True	False
(filmRef)T1166	False		62	True	False
(filmRef)T1167	False		55	True	False
(filmRef)T1168	False		41	True	False
(filmRef)T1169	False		44	True	False
(filmRef)T1170	False		81	True	False
(filmRef)T1171	False		81	True	False
(filmRef)T1172	False		82	True	False
(filmRef)T1173	False		59	True	False
(filmRef)T1174	False		82	True	False
(filmRef)T1175	False		56	True	False
(filmRef)T1176	False		55	True	False
(filmRef)T1177	False		97	True	False
(filmRef)T1178	False		51	True	False
(filmRef)T1179	False		138	True	False
(filmRef)T1180	False		87	True	False
(filmRef)T1181	False		53	True	False
(filmRef)T1182	False		85	True	False
(filmRef)T1183	False		70	True	False
(filmRef)T1184	False		55	True	False
(filmRef)T1185	False		35	True	False
(filmRef)T1186	False		113	True	False
(filmRef)T1187	False		118	True	False
(filmRef)T1188	False		58	True	False
(filmRef)T1189	False		60	True	False
(filmRef)T1190	False		103	True	False
(filmRef)T1191	False		82	True	False
(filmRef)T1192	False		45	True	False
(filmRef)T1193	False		55	True	False
(filmRef)T1194	False		21	True	False
(filmRef)T1195	False		77	True	False
(filmRef)T1196	False		55	True	False
(filmRef)T1197	False		42	True	False
(filmRef)T1198	False		92	True	False
(filmRef)T1199	False		96	True	False
(filmRef)T1200	False		80	True	False
(filmRef)T1201	False		61	True	False
(filmRef)T1202	False		104	True	False
(filmRef)T1203	False		98	True	False
(filmRef)T1204	False		82	True	False
(filmRef)T1205	False		75	True	False
(filmRef)T1206	False		67	True	False
(filmRef)T1207	False		60	True	False
(filmRef)T1208	False		77	True	False
(filmRef)T1209	False		91	True	False
(filmRef)T1210	False		61	True	False
(filmRef)T1211	False		119	True	False
(filmRef)T1212	False		61	True	False
(filmRef)T1213	False		77	True	False
(filmRef)T1214	False		104	True	False
(filmRef)T1215	False		45	True	False
(filmRef)T1216	False		94	True	False
(filmRef)T1217	False		62	True	False
(filmRef)T1218	False		46	True	False
(filmRef)T1219	False		70	True	False
(filmRef)T1220	False		76	True	False
(filmRef)T1221	False		123	True	False
(filmRef)T1222	False		184	True	False
(filmRef)T1223	False		21	True	False
(filmRef)T1224	False		242	True	False
(filmRef)T1225	False		172	True	False
(filmRef)T1226	False		75	True	False
(filmRef)T1227	False		44	True	False
(filmRef)T1228	False		50	True	False
(filmRef)T1229	False		68	True	False
(filmRef)T1230	False		142	True	False
(filmRef)T1231	False		27	True	False
(filmRef)T1232	False		54	True	False
(filmRef)T1233	False		66	True	False
(filmRef)T1234	False		54	True	False
(filmRef)T1235	False		43	True	False
(filmRef)T1236	False		13	True	False
(filmRef)T1237	False		95	True	False
(filmRef)T1238	False		112	True	False
(filmRef)T1239	False		73	True	False
(filmRef)T1240	False		83	True	False
(filmRef)T1241	False		61	True	False
(filmRef)T1242	False		40	True	False
(filmRef)T1243	False		35	True	False
(filmRef)T1244	False		65	True	False
(filmRef)T1245	False		54	True	False
(filmRef)T1246	False		31	True	False
(filmRef)T1247	False		120	True	False
(filmRef)T1248	False		53	True	False
(filmRef)T1249	False		64	True	False
(filmRef)T1250	False		57	True	False
(filmRef)T1251	False		51	True	False
(filmRef)T1252	False		95	True	False
(filmRef)T1253	False		81	True	False
(filmRef)T1254	False		98	True	False
(filmRef)T1255	False		73	True	False
(filmRef)T1256	False		63	True	False
(filmRef)T1257	False		89	True	False
(filmRef)T1258	False		57	True	False
(filmRef)T1259	False		72	True	False
(filmRef)T1260	False		48	True	False
(filmRef)T1261	False		42	True	False
(filmRef)T1262	False		69	True	False
(filmRef)T1263	False		47	True	False
(filmRef)T1264	False		96	True	False
(filmRef)T1265	False		111	True	False
(filmRef)T1266	False		86	True	False
(filmRef)T1267	False		57	True	False
(filmRef)T1268	False		107	True	False
(filmRef)T1269	False		69	True	False
(filmRef)T1270	False		43	True	False
(filmRef)T1271	False		98	True	False
(filmRef)T1272	False		102	True	False
(filmRef)T1273	False		91	True	False
(filmRef)T1274	False		78	True	False
(filmRef)T1275	False		63	True	False
(filmRef)T1276	False		59	True	False
(filmRef)T1277	False		68	True	False
(filmRef)T1278	False		35	True	False
(filmRef)T1279	False		43	True	False
(filmRef)T1280	False		90	True	False
(filmRef)T1281	False		62	True	False
(filmRef)T1282	False		60	True	False
(filmRef)T1283	False		156	True	False
(filmRef)T1284	False		140	True	False
(filmRef)T1285	False		64	True	False
(filmRef)T1286	False		81	True	False
(filmRef)T1287	False		92	True	False
(filmRef)T1288	False		117	True	False
(filmRef)T1289	False		26	True	False
(filmRef)T1290	False		106	True	False
(filmRef)T1291	False		80	True	False
(filmRef)T1292	False		89	True	False
(filmRef)T1293	False		78	True	False
(filmRef)T1294	False		272	True	False
(filmRef)T1295	False		57	True	False
(filmRef)T1296	False		44	True	False
(filmRef)T1297	False		70	True	False
(filmRef)T1298	False		59	True	False
(filmRef)T1299	False		91	True	False
(filmRef)T1300	False		134	True	False
(filmRef)T1301	False		126	True	False
(filmRef)T1302	False		63	True	False
(filmRef)T1303	False		78	True	False
(filmRef)T1304	False		97	True	False
(filmRef)T1305	False		148	True	False
(filmRef)T1306	False		65	True	False
(filmRef)T1307	False		71	True	False
(filmRef)T1308	False		73	True	False
(filmRef)T1309	False		62	True	False
(filmRef)T1310	False		30	True	False
(filmRef)T1311	False		55	True	False
(filmRef)T1312	False		58	True	False
(filmRef)T1313	False		35	True	False
(filmRef)T1314	False		82	True	False
(filmRef)T1315	False		32	True	False
(filmRef)T1316	False		62	True	False
(filmRef)T1317	False		37	True	False
(filmRef)T1318	False		120	True	False
(filmRef)T1319	False		51	True	False
(filmRef)T1320	False		67	True	False
(filmRef)T1321	False		85	True	False
(filmRef)T1322	False		108	True	False
(filmRef)T1323	False		92	True	False
(filmRef)T1324	False		84	True	False
(filmRef)T1325	False		94	True	False
(filmRef)T1326	False		74	True	False
(filmRef)T1327	False		44	True	False
(filmRef)T1328	False		83	True	False
(filmRef)T1329	False		69	True	False
(filmRef)T1330	False		83	True	False
(filmRef)T1331	False		50	True	False
(filmRef)T1332	False		45	True	False
(filmRef)T1333	False		48	True	False
(filmRef)T1334	False		59	True	False
(filmRef)T1335	False		76	True	False
(filmRef)T1336	False		72	True	False
(filmRef)T1337	False		46	True	False
(filmRef)T1338	False		80	True	False
(filmRef)T1339	False		55	True	False
(filmRef)T1340	False		65	True	False
(filmRef)T1341	False		63	True	False
(filmRef)T1342	False		76	True	False
(filmRef)T1343	False		56	True	False
(filmRef)T1344	False		143	True	False
(filmRef)T1345	False		143	True	False
(filmRef)T1346	False		28	True	False
(filmRef)T1347	False		53	True	False
(filmRef)T1348	False		118	True	False
(filmRef)T1349	False		46	True	False
(filmRef)T1350	False		62	True	False
(filmRef)T1351	False		94	True	False
(filmRef)T1352	False		48	True	False
(filmRef)T1353	False		104	True	False
(filmRef)T1354	False		51	True	False
(filmRef)T1355	False		190	True	False
(filmRef)T1356	False		61	True	False
(filmRef)T1357	False		71	True	False
(filmRef)T1358	False		49	True	False
(filmRef)T1359	False		109	True	False
(filmRef)T1360	False		36	True	False
(filmRef)T1361	False		49	True	False
(filmRef)T1362	False		34	True	False
(filmRef)T1363	False		96	True	False
(filmRef)T1364	False		80	True	False
(filmRef)T1365	False		69	True	False
(filmRef)T1366	False		69	True	False
(filmRef)T1367	False		59	True	False
(filmRef)T1368	False		155	True	False
(filmRef)T1369	False		120	True	False
(filmRef)T1370	False		81	True	False
(filmRef)T1371	False		37	True	False
(filmRef)T1372	False		80	True	False
(filmRef)T1373	False		69	True	False
(filmRef)T1374	False		46	True	False
(filmRef)T1375	False		127	True	False
(filmRef)T1376	False		59	True	False
(filmRef)T1377	False		47	True	False
(filmRef)T1378	False		76	True	False
(filmRef)T1379	False		26	True	False
(filmRef)T1380	False		78	True	False
(filmRef)T1381	False		43	True	False
(filmRef)T1382	False		60	True	False
(filmRef)T1383	False		78	True	False
(filmRef)T1384	False		68	True	False
(filmRef)T1385	False		69	True	False
(filmRef)T1386	False		74	True	False
(filmRef)T1387	False		79	True	False
(filmRef)T1388	False		70	True	False
(filmRef)T1389	False		68	True	False
(filmRef)T1390	False		75	True	False
(filmRef)T1391	False		76	True	False
(filmRef)T1392	False		46	True	False
(filmRef)T1393	False		55	True	False
(filmRef)T1394	False		101	True	False
(filmRef)T1395	False		37	True	False
(filmRef)T1396	False		48	True	False
(filmRef)T1397	False		64	True	False
(filmRef)T1398	False		83	True	False
(filmRef)T1399	False		75	True	False
(filmRef)T1400	False		29	True	False
(filmRef)T1401	False		109	True	False
(filmRef)T1402	False		44	True	False
(filmRef)T1403	False		70	True	False
(filmRef)T1404	False		81	True	False
(filmRef)T1405	False		108	True	False
(filmRef)T1406	False		56	True	False
(filmRef)T1407	False		63	True	False
(filmRef)T1408	False		131	True	False
(filmRef)T1409	False		132	True	False
(filmRef)T1410	False		60	True	False
(filmRef)T1411	False		26	True	False
(filmRef)T1412	False		70	True	False
(filmRef)T1413	False		60	True	False
(filmRef)T1414	False		56	True	False
(filmRef)T1415	False		39	True	False
(filmRef)T1416	False		83	True	False
(filmRef)T1417	False		57	True	False
(filmRef)T1418	False		92	True	False
(filmRef)T1419	False		75	True	False
(filmRef)T1420	False		94	True	False
(filmRef)T1421	False		74	True	False
(filmRef)T1422	False		67	True	False
(filmRef)T1423	False		33	True	False
(filmRef)T1424 - du	False		496	True	False
(filmRef)T1424	False		106	True	False
(filmRef)T1425	False		35	True	False
(filmRef)T1426	False		152	True	False
(filmRef)T1427	False		78	True	False
(filmRef)T1428	False		38	True	False
(filmRef)T1429	False		97	True	False
(filmRef)T1430	False		96	True	False
(filmRef)T1431	False		73	True	False
(filmRef)T1432	False		315	True	False
(filmRef)T1433	False		94	True	False
(filmRef)T1434	False		73	True	False
(filmRef)T1435	False		92	True	False
(filmRef)T1436	False		89	True	False
(filmRef)T1437	False		83	True	False
(filmRef)T1438	False		194	True	False
(filmRef)T1439	False		53	True	False
(filmRef)T1440	False		105	True	False
(filmRef)T1441	False		74	True	False
(filmRef)T1442	False		83	True	False
(filmRef)T1443	False		56	True	False
(filmRef)T1444	False		25	True	False
(filmRef)T1445	False		34	True	False
(filmRef)T1446	False		65	True	False
(filmRef)T1447	False		66	True	False
(filmRef)T1448	False		52	True	False
(filmRef)T1449	False		87	True	False
(filmRef)T1450	False		73	True	False
(filmRef)T1451	False		63	True	False
(filmRef)T1452	False		52	True	False
(filmRef)T1453	False		64	True	False
(filmRef)T1454	False		131	True	False
(filmRef)T1455	False		93	True	False
(filmRef)T1456	False		90	True	False
(filmRef)T1457	False		84	True	False
(filmRef)T1458	False		124	True	False
(filmRef)T1459	False		66	True	False
(filmRef)T1460	False		74	True	False
(filmRef)T1461	False		125	True	False
(filmRef)T1462	False		149	True	False
(filmRef)T1463	False		111	True	False
(filmRef)T1464	False		128	True	False
(filmRef)T1465	False		117	True	False
(filmRef)T1466	False		147	True	False
(filmRef)T1467	False		116	True	False
(filmRef)T1468	False		237	True	False
(filmRef)T1469	False		57	True	False
(filmRef)T1470	False		58	True	False
(filmRef)T1471	False		105	True	False
(filmRef)T1472	False		99	True	False
(filmRef)T1473	False		63	True	False
(filmRef)T1474	False		87	True	False
(filmRef)T1475	False		68	True	False
(filmRef)T1476	False		74	True	False
(filmRef)T1477	False		68	True	False
(filmRef)T1478	False		33	True	False
(filmRef)T1479	False		94	True	False
(filmRef)T1480	False		37	True	False
(filmRef)T1481	False		104	True	False
(filmRef)T1482	False		97	True	False
(filmRef)T1483	False		64	True	False
(filmRef)T1484	False		133	True	False
(filmRef)T1485	False		190	True	False
(filmRef)T1486	False		161	True	False
(filmRef)T1487	False		78	True	False
(filmRef)T1488	False		93	True	False
(filmRef)T1489	False		88	True	False
(filmRef)T1490	False		111	True	False
(filmRef)T1491	False		79	True	False
(filmRef)T1492	False		87	True	False
(filmRef)T1493	False		55	True	False
(filmRef)T1494	False		67	True	False
(filmRef)T1495	False		68	True	False
(filmRef)T1496	False		59	True	False
(filmRef)T1497	False		27	True	False
(filmRef)T1498	False		66	True	False
(filmRef)T1499	False		54	True	False
(filmRef)T1500	False		72	True	False
(filmRef)T1501	False		272	True	False
(filmRef)T1502	False		266	True	False
(filmRef)T1503	False		90	True	False
(filmRef)T1504	False		81	True	False
(filmRef)T1505	False		32	True	False
(filmRef)T1506	False		132	True	False
(filmRef)T1507	False		104	True	False
(filmRef)T1508	False		324	True	False
(filmRef)T1509	False		109	True	False
(filmRef)T1510	False		73	True	False
(filmRef)T1511	False		50	True	False
(filmRef)T1512	False		311	True	False
(filmRef)T1513	False		65	True	False
(filmRef)T1514	False		101	True	False
(filmRef)T1516	False		70	True	False
(filmRef)T1517	False		146	True	False
(filmRef)T1518	False		91	True	False
(filmRef)T1519	False		59	True	False
(filmRef)T1520	False		69	True	False
(filmRef)T1521	False		81	True	False
(filmRef)T1522	False		383	True	False
(filmRef)T1523	False		128	True	False
(filmRef)T1524	False		46	True	False
(filmRef)T1525	False		68	True	False
(filmRef)T1526	False		89	True	False
(filmRef)T1527	False		176	True	False
(filmRef)T1528	False		33	True	False
(filmRef)T1529	False		59	True	False
(filmRef)T1530	False		113	True	False
(filmRef)T1531	False		59	True	False
(filmRef)T1532	False		72	True	False
(filmRef)T1533	False		126	True	False
(filmRef)T1534	False		104	True	False
(filmRef)T1535	False		106	True	False
(filmRef)T1536	False		64	True	False
(filmRef)T1537	False		63	True	False
(filmRef)T1538	False		97	True	False
(filmRef)T1539	False		47	True	False
(filmRef)T1540	False		115	True	False
(filmRef)T1541	False		74	True	False
(filmRef)T1542	False		71	True	False
(filmRef)T1543	False		70	True	False
(filmRef)T1544	False		60	True	False
(filmRef)T1545	False		47	True	False
(filmRef)T1546	False		86	True	False
(filmRef)T1547	False		170	True	False
(filmRef)T1548	False		133	True	False
(filmRef)T1549	False		54	True	False
(filmRef)T1550	False		59	True	False
(filmRef)T1551	False		27	True	False
(filmRef)T1552	False		70	True	False
(filmRef)T1553	False		78	True	False
(filmRef)T1554	False		132	True	False
(filmRef)T1555	False		91	True	False
(filmRef)T1556	False		49	True	False
(filmRef)T1557	False		59	True	False
(filmRef)T1558	False		124	True	False
(filmRef)T1559	False		55	True	False
(filmRef)T1560	False		129	True	False
(filmRef)T1561	False		324	True	False
(filmRef)T1562	False		160	True	False
(filmRef)T1563	False		58	True	False
(filmRef)T1564	False		32	True	False
(filmRef)T1565	False		77	True	False
(filmRef)T1566	False		111	True	False
(filmRef)T1567	False		64	True	False
(filmRef)T1568	False		65	True	False
(filmRef)T1569	False		119	True	False
(filmRef)T1570	False		121	True	False
(filmRef)T1571	False		196	True	False
(filmRef)T1572	False		61	True	False
(filmRef)T1573	False		249	True	False
(filmRef)T1574	False		140	True	False
(filmRef)T1575	False		109	True	False
(filmRef)T1576	False		66	True	False
(filmRef)T1577	False		77	True	False
(filmRef)T1578	False		139	True	False
(filmRef)T1579	False		127	True	False
(filmRef)T1580	False		99	True	False
(filmRef)T1581	False		107	True	False
(filmRef)T1582	False		62	True	False
(filmRef)T1583	False		117	True	False
(filmRef)T1584	False		108	True	False
(filmRef)T1585	False		60	True	False
(filmRef)T1586	False		232	True	False
(filmRef)T1587	False		137	True	False
(filmRef)T1588	False		263	True	False
(filmRef)T1589	False		254	True	False
(filmRef)T1590	False		175	True	False
(filmRef)T1591	False		107	True	False
(filmRef)T1592	False		122	True	False
(filmRef)T1593	False		187	True	False
(filmRef)T1594	False		78	True	False
(filmRef)T1595	False		174	True	False
(filmRef)T1596	False		85	True	False
(filmRef)T1597	False		62	True	False
(filmRef)T1598	False		87	True	False
(filmRef)T1599	False		69	True	False
(filmRef)T1600	False		65	True	False
(filmRef)T1601	False		56	True	False
(filmRef)T1602	False		70	True	False
(filmRef)T1603	False		115	True	False
(filmRef)T1604	False		75	True	False
(filmRef)T1605	False		172	True	False
(filmRef)T1606	False		92	True	False
(filmRef)T1607	False		62	True	False
(filmRef)T1608	False		65	True	False
(filmRef)T1609	False		75	True	False
(filmRef)T1610	False		27	True	False
(filmRef)T1611	False		43	True	False
(filmRef)T1612	False		59	True	False
(filmRef)T1613	False		96	True	False
(filmRef)T1614	False		67	True	False
(filmRef)T1615	False		154	True	False
(filmRef)T1616	False		186	True	False
(filmRef)T1617	False		75	True	False
(filmRef)T1618	False		101	True	False
(filmRef)T1619	False		274	True	False
(filmRef)T1620	False		361	True	False
(filmRef)T1621	False		45	True	False
(filmRef)T1622	False		83	True	False
(filmRef)T1623	False		96	True	False
(filmRef)T1624	False		104	True	False
(filmRef)T1625	False		156	True	False
(filmRef)T1626	False		51	True	False
(filmRef)T1627	False		189	True	False
(filmRef)T1628	False		81	True	False
(filmRef)T1629	False		54	True	False
(filmRef)T1630	False		91	True	False
(filmRef)T1631	False		63	True	False
(filmRef)T1632	False		86	True	False
(filmRef)T1633	False		112	True	False
(filmRef)T1634	False		97	True	False
(filmRef)T1635	False		98	True	False
(filmRef)T1636	False		26	True	False
(filmRef)T1637	False		86	True	False
(filmRef)T1638	False		83	True	False
(filmRef)T1639	False		65	True	False
(filmRef)T1640	False		83	True	False
(filmRef)T1641	False		83	True	False
(filmRef)T1642	False		121	True	False
(filmRef)T1643	False		85	True	False
(filmRef)T1644	False		71	True	False
(filmRef)T1645	False		68	True	False
(filmRef)T1646	False		100	True	False
(filmRef)T1647	False		93	True	False
(filmRef)T1648	False		39	True	False
(filmRef)T1649	False		48	True	False
(filmRef)T1650	False		15	True	False
(filmRef)T1651	False		67	True	False
(filmRef)T1652	False		57	True	False
(filmRef)T1653	False		44	True	False
(filmRef)T1654	False		69	True	False
(filmRef)T1655	False		45	True	False
(filmRef)T1656	False		90	True	False
(filmRef)T1657	False		78	True	False
(filmRef)T1658	False		95	True	False
(filmRef)T1659	False		125	True	False
(filmRef)T1660	False		70	True	False
(filmRef)T1661	False		352	True	False
(filmRef)T1662	False		196	True	False
(filmRef)T1663	False		213	True	False
(filmRef)T1664	False		350	True	False
(filmRef)T1665	False		146	True	False
(filmRef)T1666	False		96	True	False
(filmRef)T1667	False		45	True	False
(filmRef)T1668	False		93	True	False
(filmRef)T1669	False		83	True	False
(filmRef)T1670	False		66	True	False
(filmRef)T1671	False		74	True	False
(filmRef)T1672	False		78	True	False
(filmRef)T1673	False		129	True	False
(filmRef)T1674	False		43	True	False
(filmRef)T1675	False		60	True	False
(filmRef)T1676	False		111	True	False
(filmRef)T1677	False		105	True	False
(filmRef)T1678	False		48	True	False
(filmRef)T1679	False		67	True	False
(filmRef)T1680	False		115	True	False
(filmRef)T1681	False		128	True	False
(filmRef)T1682	False		77	True	False
(filmRef)T1683	False		100	True	False
(filmRef)T1684	False		121	True	False
(filmRef)T1685	False		164	True	False
(filmRef)T1686	False		134	True	False
(filmRef)T1687	False		131	True	False
(filmRef)T1688	False		35	True	False
(filmRef)T1689	False		68	True	False
(filmRef)T1690	False		79	True	False
(filmRef)T1691	False		62	True	False
(filmRef)T1692	False		82	True	False
(filmRef)T1693	False		74	True	False
(filmRef)T1694	False		75	True	False
(filmRef)T1695	False		78	True	False
(filmRef)T1696	False		181	True	False
(filmRef)T1697	False		44	True	False
(filmRef)T1698	False		79	True	False
(filmRef)T1699	False		108	True	False
(filmRef)T1700	False		58	True	False
(filmRef)T1701	False		75	True	False
(filmRef)T1702	False		90	True	False
(filmRef)T1703	False		224	True	False
(filmRef)T1704	False		85	True	False
(filmRef)T1705	False		97	True	False
(filmRef)T1706	False		158	True	False
(filmRef)T1707	False		56	True	False
(filmRef)T1708	False		83	True	False
(filmRef)T1709	False		72	True	False
(filmRef)T1710	False		92	True	False
(filmRef)T1711	False		112	True	False
(filmRef)T1712	False		34	True	False
(filmRef)T1713	False		63	True	False
(filmRef)T1714	False		107	True	False
(filmRef)T1715	False		47	True	False
(filmRef)T1716	False		56	True	False
(filmRef)T1717	False		90	True	False
(filmRef)T1718	False		100	True	False
(filmRef)T1719	False		62	True	False
(filmRef)T1720	False		99	True	False
(filmRef)T1721	False		83	True	False
(filmRef)T1722	False		108	True	False
(filmRef)T1723	False		48	True	False
(filmRef)T1724	False		107	True	False
(filmRef)T1725	False		81	True	False
(filmRef)T1726	False		108	True	False
(filmRef)T1727	False		165	True	False
(filmRef)T1728	False		48	True	False
(filmRef)T1729	False		107	True	False
(filmRef)T1730	False		47	True	False
(filmRef)T1731	False		240	True	False
(filmRef)T1732	False		198	True	False
(filmRef)T1733	False		442	True	False
(filmRef)T1734	False		238	True	False
(filmRef)T1735	False		49	True	False
(filmRef)T1736	False		115	True	False
(filmRef)T1737	False		36	True	False
(filmRef)T1738	False		26	True	False
(filmRef)T1739	False		78	True	False
(filmRef)T1740	False		46	True	False
(filmRef)T1741	False		62	True	False
(filmRef)T1742	False		44	True	False
(filmRef)T1743	False		25	True	False
(filmRef)T1744	False		41	True	False
(filmRef)T1745	False		122	True	False
(filmRef)T1746	False		70	True	False
(filmRef)T1748	False		58	True	False
(filmRef)T1751	False		100	True	False
(filmRef)T1752	False		77	True	False
(filmRef)T1753	False		118	True	False
(filmRef)T1754	False		65	True	False
(filmRef)T1755	False		73	True	False
(filmRef)T1756	False		150	True	False
(filmRef)T1757	False		64	True	False
(filmRef)T1758	False		78	True	False
(filmRef)T1759	False		121	True	False
(filmRef)T1760	False		368	True	False
(filmRef)T1761	False		399	True	False
(filmRef)T1762	False		87	True	False
(filmRef)T1763	False		110	True	False
(filmRef)T1764	False		32	True	False
(filmRef)T1765	False		177	True	False
(filmRef)T1766	False		78	True	False
(filmRef)T1767	False		72	True	False
(filmRef)T1768	False		92	True	False
(filmRef)T1769	False		91	True	False
(filmRef)T1770	False		47	True	False
(filmRef)T1771	False		51	True	False
(filmRef)T1772	False		54	True	False
(filmRef)T1773	False		102	True	False
(filmRef)T1774	False		111	True	False
(filmRef)T1775	False		105	True	False
(filmRef)T1776	False		64	True	False
(filmRef)T1777	False		143	True	False
(filmRef)T1778	False		195	True	False
(filmRef)T1779	False		113	True	False
(filmRef)T1780	False		130	True	False
(filmRef)T1781	False		109	True	False
(filmRef)T1782	False		116	True	False
(filmRef)T1783	False		44	True	False
(filmRef)T1784	False		54	True	False
(filmRef)T1785	False		69	True	False
(filmRef)T1786	False		167	True	False
(filmRef)T1787	False		144	True	False
(filmRef)T1788	False		192	True	False
(filmRef)T1789	False		80	True	False
(filmRef)T1790	False		111	True	False
(filmRef)T1791	False		229	True	False
(filmRef)T1792	False		31	True	False
(filmRef)T1793	False		64	True	False
(filmRef)T1794	False		118	True	False
(filmRef)T1795	False		42	True	False
(filmRef)T1796	False		112	True	False
(filmRef)T1797	False		112	True	False
(filmRef)T1798	False		52	True	False
(filmRef)T1799	False		113	True	False
(filmRef)T1800	False		24	True	False
(filmRef)T1801	False		74	True	False
(filmRef)T1802	False		64	True	False
(filmRef)T1803	False		69	True	False
(filmRef)T1804	False		31	True	False
(filmRef)T1805	False		40	True	False
(filmRef)T1806	False		69	True	False
(filmRef)T1807	False		59	True	False
(filmRef)T1808	False		37	True	False
(filmRef)T1809	False		97	True	False
(filmRef)T1810	False		73	True	False
(filmRef)T1811	False		55	True	False
(filmRef)T1812	False		95	True	False
(filmRef)T1813	False		100	True	False
(filmRef)T1814	False		131	True	False
(filmRef)T1815	False		88	True	False
(filmRef)T1816	False		44	True	False
(filmRef)T1817	False		44	True	False
(filmRef)T1818	False		68	True	False
(filmRef)T1819	False		66	True	False
(filmRef)T1820	False		29	True	False
(filmRef)T1821	False		94	True	False
(filmRef)T1822	False		220	True	False
(filmRef)T1823	False		208	True	False
(filmRef)T1824	False		93	True	False
(filmRef)T1825	False		36	True	False
(filmRef)T1826	False		55	True	False
(filmRef)T1827	False		250	True	False
(filmRef)T1828	False		35	True	False
(filmRef)T1829	False		104	True	False
(filmRef)T1830	False		52	True	False
(filmRef)T1831	False		139	True	False
(filmRef)T1832	False		153	True	False
(filmRef)T1833	False		47	True	False
(filmRef)T1834	False		326	True	False
(filmRef)T1835	False		69	True	False
(filmRef)T1836	False		212	True	False
(filmRef)T1837	False		174	True	False
(filmRef)T1838	False		66	True	False
(filmRef)T1839	False		255	True	False
(filmRef)T1840	False		143	True	False
(filmRef)T1841	False		64	True	False
(filmRef)T1842	False		63	True	False
(filmRef)T1843	False		67	True	False
(filmRef)T1844	False		73	True	False
(filmRef)T1845	False		150	True	False
(filmRef)T1846	False		110	True	False
(filmRef)T1847	False		70	True	False
(filmRef)T1848	False		67	True	False
(filmRef)T1849	False		65	True	False
(filmRef)T1850	False		101	True	False
(filmRef)T1851	False		57	True	False
(filmRef)T1852	False		106	True	False
(filmRef)T1853	False		115	True	False
(filmRef)T1854	False		54	True	False
(filmRef)T1855	False		92	True	False
(filmRef)T1856	False		19	True	False
(filmRef)T1857	False		67	True	False
(filmRef)T1859	False		73	True	False
(filmRef)T1860	False		24	True	False
(filmRef)T1861	False		101	True	False
(filmRef)T1862	False		111	True	False
(filmRef)T1863	False		88	True	False
(filmRef)T1864	False		93	True	False
(filmRef)T1865	False		134	True	False
(filmRef)T1866	False		275	True	False
(filmRef)T1867	False		223	True	False
(filmRef)T1868	False		150	True	False
(filmRef)T1869	False		136	True	False
(filmRef)T1870	False		90	True	False
(filmRef)T1871	False		123	True	False
(filmRef)T1873	False		134	True	False
(filmRef)T1874	False		139	True	False
(filmRef)T1875	False		62	True	False
(filmRef)T1876	False		162	True	False
(filmRef)T1877	False		126	True	False
(filmRef)T1878	False		110	True	False
(filmRef)T1879	False		86	True	False
(filmRef)T1880	False		90	True	False
(filmRef)T1881	False		82	True	False
(filmRef)T1882	False		128	True	False
(filmRef)T1883	False		21	True	False
(filmRef)T1884	False		78	True	False
(filmRef)T1885	False		25	True	False
(filmRef)T1886	False		86	True	False
(filmRef)T1887	False		97	True	False
(filmRef)T1888	False		75	True	False
(filmRef)T1889	False		65	True	False
(filmRef)T1890	False		46	True	False
(filmRef)T1891	False		68	True	False
(filmRef)T1892	False		163	True	False
(filmRef)T1893	False		138	True	False
(filmRef)T1894	False		108	True	False
(filmRef)T1895	False		130	True	False
(filmRef)T1896	False		108	True	False
(filmRef)T1897	False		190	True	False
(filmRef)T1898	False		99	True	False
(filmRef)T1899	False		115	True	False
(filmRef)T1900	False		91	True	False
(filmRef)T1901	False		72	True	False
(filmRef)T1902	False		87	True	False
(filmRef)T1903	False		84	True	False
(filmRef)T1904	False		68	True	False
(filmRef)T1905	False		102	True	False
(filmRef)T1906	False		25	True	False
(filmRef)T1908	False		118	True	False
(filmRef)T1909	False		66	True	False
(filmRef)T1910	False		74	True	False
(filmRef)T1911	False		91	True	False
(filmRef)T1912	False		109	True	False
(filmRef)T1913	False		58	True	False
(filmRef)T1914	False		100	True	False
(filmRef)T1915	False		100	True	False
(filmRef)T1916	False		22	True	False
(filmRef)T1917	False		64	True	False
(filmRef)T1918	False		73	True	False
(filmRef)T1919	False		74	True	False
(filmRef)T1920	False		248	True	False
(filmRef)T1921	False		152	True	False
(filmRef)T1922	False		89	True	False
(filmRef)T1923	False		221	True	False
(filmRef)T1924	False		47	True	False
(filmRef)T1925	False		99	True	False
(filmRef)T1926	False		45	True	False
(filmRef)T1927	False		112	True	False
(filmRef)T1928	False		75	True	False
(filmRef)T1929	False		79	True	False
(filmRef)T1930	False		83	True	False
(filmRef)T1931	False		220	True	False
(filmRef)T1932	False		123	True	False
(filmRef)T1933	False		161	True	False
(filmRef)T1934	False		92	True	False
(filmRef)T1935	False		142	True	False
(filmRef)T1936	False		70	True	False
(filmRef)T1937	False		259	True	False
(filmRef)T1938	False		128	True	False
(filmRef)T1939	False		64	True	False
(filmRef)T1940	False		129	True	False
(filmRef)T1941	False		95	True	False
(filmRef)T1942	False		33	True	False
(filmRef)T1943	False		81	True	False
(filmRef)T1944	False		19	True	False
(filmRef)T1945	False		102	True	False
(filmRef)T1946	False		180	True	False
(filmRef)T1947	False		281	True	False
(filmRef)T1948	False		348	True	False
(filmRef)T1949	False		20	True	False
(filmRef)T1950	False		91	True	False
(filmRef)T1951	False		96	True	False
(filmRef)T1952	False		43	True	False
(filmRef)T1953	False		78	True	False
(filmRef)T1954	False		15	True	False
(filmRef)T1955	False		80	True	False
(filmRef)T1956	False		99	True	False
(filmRef)T1957	False		138	True	False
(filmRef)T1958	False		59	True	False
(filmRef)T1959	False		283	True	False
(filmRef)T1960	False		161	True	False
(filmRef)T1961	False		162	True	False
(filmRef)T1962	False		110	True	False
(filmRef)T1963	False		49	True	False
(filmRef)T1964	False		83	True	False
(filmRef)T1965	False		98	True	False
(filmRef)T1966	False		56	True	False
(filmRef)T1967	False		95	True	False
(filmRef)T1968	False		230	True	False
(filmRef)T1969	False		147	True	False
(filmRef)T1970	False		35	True	False
(filmRef)T1971	False		79	True	False
(filmRef)T1972	False		153	True	False
(filmRef)T1973	False		113	True	False
(filmRef)T1975	False		165	True	False
(filmRef)T1976	False		145	True	False
(filmRef)T1977	False		317	True	False
(filmRef)T1978	False		41	True	False
(filmRef)T1979	False		172	True	False
(filmRef)T1980	False		232	True	False
(filmRef)T1981	False		234	True	False
(filmRef)T1982	False		101	True	False
(filmRef)T1983	False		114	True	False
(filmRef)T1984	False		40	True	False
(filmRef)T1985	False		138	True	False
(filmRef)T1986	False		122	True	False
(filmRef)T1987	False		72	True	False
(filmRef)T1988	False		30	True	False
(filmRef)T1989	False		163	True	False
(filmRef)T1990	False		94	True	False
(filmRef)T1991	False		100	True	False
(filmRef)T1992	False		39	True	False
(filmRef)T1993	False		54	True	False
(filmRef)T1994	False		92	True	False
(filmRef)T1995	False		42	True	False
(filmRef)T1996	False		71	True	False
(filmRef)T1997	False		110	True	False
(filmRef)T1998	False		21	True	False
(filmRef)T1999	False		30	True	False
(filmRef)T2000	False		275	True	False
(filmRef)T2001	False		119	True	False
(filmRef)T2002	False		90	True	False
(filmRef)T2003	False		26	True	False
(filmRef)T2004	False		94	True	False
(filmRef)T2005	False		80	True	False
(filmRef)T2006	False		87	True	False
(filmRef)T2007	False		82	True	False
(filmRef)T2008	False		146	True	False
(filmRef)T2009	False		92	True	False
(filmRef)T2010	False		180	True	False
(filmRef)T2011	False		161	True	False
(filmRef)T2012	False		123	True	False
(filmRef)T2013	False		132	True	False
(filmRef)T2014	False		225	True	False
(filmRef)T2015	False		233	True	False
(filmRef)T2016	False		119	True	False
(filmRef)T2017	False		208	True	False
(filmRef)T2018	False		305	True	False
(filmRef)T2019	False		250	True	False
(filmRef)T2020	False		111	True	False
(filmRef)T2021	False		66	True	False
(filmRef)T2022	False		89	True	False
(filmRef)T2023	False		64	True	False
(filmRef)T2024	False		24	True	False
(filmRef)T2025	False		73	True	False
(filmRef)T2026	False		93	True	False
(filmRef)T2027	False		80	True	False
(filmRef)T2028	False		109	True	False
(filmRef)T2029	False		32	True	False
(filmRef)T2030	False		80	True	False
(filmRef)T2031	False		65	True	False
(filmRef)T2032	False		70	True	False
(filmRef)T2033	False		143	True	False
(filmRef)T2034	False		35	True	False
(filmRef)T2035	False		144	True	False
(filmRef)T2036	False		44	True	False
(filmRef)T2037	False		242	True	False
(filmRef)T2038	False		276	True	False
(filmRef)T2039	False		155	True	False
(filmRef)T2040	False		407	True	False
(filmRef)T2041	False		53	True	False
(filmRef)T2043	False		156	True	False
(filmRef)T2044	False		112	True	False
(filmRef)T2045	False		180	True	False
(filmRef)T2046	False		117	True	False
(filmRef)T2047	False		202	True	False
(filmRef)T2048	False		156	True	False
(filmRef)T2049	False		155	True	False
(filmRef)T2050	False		74	True	False
(filmRef)T2051	False		155	True	False
(filmRef)T2052	False		181	True	False
(filmRef)T2053	False		110	True	False
(filmRef)T2054	False		130	True	False
(filmRef)T2055	False		128	True	False
(filmRef)T2056	False		86	True	False
(filmRef)T2057	False		99	True	False
(filmRef)T2058	False		166	True	False
(filmRef)T2059	False		161	True	False
(filmRef)T2060	False		92	True	False
(filmRef)T2061	False		256	True	False
(filmRef)T2062	False		180	True	False
(filmRef)T2063	False		120	True	False
(filmRef)T2064	False		296	True	False
(filmRef)T2065	False		209	True	False
(filmRef)T2066	False		162	True	False
(filmRef)T2067	False		181	True	False
(filmRef)T2068	False		139	True	False
(filmRef)T2069	False		51	True	False
(filmRef)T2070	False		64	True	False
(filmRef)T2071	False		63	True	False
(filmRef)T2072	False		57	True	False
(filmRef)T2073	False		137	True	False
(filmRef)T2074	False		204	True	False
(filmRef)T2075	False		137	True	False
(filmRef)T2076	False		181	True	False
(filmRef)T2077	False		96	True	False
(filmRef)T2078	False		90	True	False
(filmRef)T2079	False		147	True	False
(filmRef)T2080	False		203	True	False
(filmRef)T2081	False		308	True	False
(filmRef)T2082	False		107	True	False
(filmRef)T2083	False		174	True	False
(filmRef)T2084	False		93	True	False
(filmRef)T2085	False		94	True	False
(filmRef)T2086	False		177	True	False
(filmRef)T2087	False		131	True	False
(filmRef)T2088	False		165	True	False
(filmRef)T2089	False		34	True	False
(filmRef)T2090	False		45	True	False
(filmRef)T2091	False		51	True	False
(filmRef)T2092	False		81	True	False
(filmRef)T2093	False		178	True	False
(filmRef)T2094	False		177	True	False
(filmRef)T2095	False		201	True	False
(filmRef)T2096	False		74	True	False
(filmRef)T2097	False		130	True	False
(filmRef)T2098	False		98	True	False
(filmRef)T2099	False		221	True	False
(filmRef)T2100	False		52	True	False
(filmRef)T2101	False		95	True	False
(filmRef)T2102	False		188	True	False
(filmRef)T2103	False		154	True	False
(filmRef)T2104	False		117	True	False
(filmRef)T2105	False		97	True	False
(filmRef)T2106	False		105	True	False
(filmRef)T2107	False		125	True	False
(filmRef)T2108	False		48	True	False
(filmRef)T2109	False		229	True	False
(filmRef)T2110	False		70	True	False
(filmRef)T2111	False		157	True	False
(filmRef)T2113	False		44	True	False
(filmRef)T2114	False		79	True	False
(filmRef)T2115	False		191	True	False
(filmRef)T2116	False		110	True	False
(filmRef)T2117	False		77	True	False
(filmRef)T2118	False		117	True	False
(filmRef)T2119	False		115	True	False
(filmRef)T2120	False		114	True	False
(filmRef)T2121	False		59	True	False
(filmRef)T2122	False		84	True	False
(filmRef)T2123	False		48	True	False
(filmRef)T2124	False		108	True	False
(filmRef)T2125	False		123	True	False
(filmRef)T2126	False		86	True	False
(filmRef)T2127	False		112	True	False
(filmRef)T2128	False		79	True	False
(filmRef)T2129	False		128	True	False
(filmRef)T2130	False		160	True	False
(filmRef)T2131	False		74	True	False
(filmRef)T2132	False		61	True	False
(filmRef)T2133	False		34	True	False
(filmRef)T2134	False		130	True	False
(filmRef)T2135	False		76	True	False
(filmRef)T2136	False		83	True	False
(filmRef)T2137	False		108	True	False
(filmRef)T2138	False		59	True	False
(filmRef)T2139	False		127	True	False
(filmRef)T2140	False		149	True	False
(filmRef)T2141	False		304	True	False
(filmRef)T2142	False		243	True	False
(filmRef)T2143	False		87	True	False
(filmRef)T2144	False		74	True	False
(filmRef)T2145	False		59	True	False
(filmRef)T2146	False		202	True	False
(filmRef)T2147	False		201	True	False
(filmRef)T2148	False		92	True	False
(filmRef)T2149	False		128	True	False
(filmRef)T2150	False		48	True	False
(filmRef)T2151	False		163	True	False
(filmRef)T2152	False		122	True	False
(filmRef)T2153	False		201	True	False
(filmRef)T2154	False		87	True	False
(filmRef)T2155	False		42	True	False
(filmRef)T2156	False		123	True	False
(filmRef)T2157	False		350	True	False
(filmRef)T2158	False		81	True	False
(filmRef)T2159	False		132	True	False
(filmRef)T2160	False		83	True	False
(filmRef)T2161	False		163	True	False
(filmRef)T2162	False		72	True	False
(filmRef)T2163	False		37	True	False
(filmRef)T2164	False		150	True	False
(filmRef)T2165	False		86	True	False
(filmRef)T2166	False		157	True	False
(filmRef)T2167	False		119	True	False
(filmRef)T2168	False		59	True	False
(filmRef)T2169	False		122	True	False
(filmRef)T2171	False		215	True	False
(filmRef)T2172	False		171	True	False
(filmRef)T2173	False		118	True	False
(filmRef)T2174	False		151	True	False
(filmRef)T2176	False		51	True	False
(filmRef)T2177	False		33	True	False
(filmRef)T2178	False		84	True	False
(filmRef)T2180	False		121	True	False
(filmRef)T2181	False		72	True	False
(filmRef)T2182	False		158	True	False
(filmRef)T2183	False		47	True	False
(filmRef)T2184	False		76	True	False
(filmRef)T2185	False		52	True	False
(filmRef)T2186	False		182	True	False
(filmRef)T2187	False		60	True	False
(filmRef)T2188	False		44	True	False
(filmRef)T2189	False		76	True	False
(filmRef)T2190	False		229	True	False
(filmRef)T2191	False		197	True	False
(filmRef)T2192	False		34	True	False
(filmRef)T2193	False		201	True	False
(filmRef)T2194	False		38	True	False
(filmRef)T2195	False		170	True	False
(filmRef)T2196	False		69	True	False
(filmRef)T2197	False		160	True	False
(filmRef)T2198	False		98	True	False
(filmRef)T2199	False		41	True	False
(filmRef)T2200	False		33	True	False
(filmRef)T2201	False		86	True	False
(filmRef)T2202	False		61	True	False
(filmRef)T2203	False		87	True	False
(filmRef)T2207	False		128	True	False
(filmRef)T2208	False		7	False	False
(filmRef)T2209	False		60	True	False
(filmRef)T2210	False		61	True	False
(filmRef)T2211	False		233	True	False
(filmRef)T2212	False		196	True	False
(filmRef)T2213	False		42	True	False
(filmRef)T2214	False		236	True	False
(filmRef)T2216	False		75	True	False
(filmRef)T2217	False		68	True	False
(filmRef)T2218	False		52	True	False
(filmRef)T2219	False		162	True	False
(filmRef)T2220	False		89	True	False
(filmRef)T2221	False		53	True	False
(filmRef)T2222	False		80	True	False
(filmRef)T2223	False		182	True	False
(filmRef)T2224	False		75	True	False
(filmRef)T2225	False		220	True	False
(filmRef)T2226	False		258	True	False
(filmRef)T2227	False		49	True	False
(filmRef)T2228	False		119	True	False
(filmRef)T2229	False		216	True	False
(filmRef)T2230	False		47	True	False
(filmRef)T2231	False		48	True	False
(filmRef)T2232	False		396	True	False
(filmRef)T2233	False		74	True	False
(filmRef)T2234	False		196	True	False
(filmRef)T2237	False		47	True	False
(filmRef)T2238	False		165	True	False
(filmRef)T2239	False		576	True	False
(filmRef)T2240	False		407	True	False
(filmRef)T2241	False		98	True	False
(filmRef)T2242	False		85	True	False
(filmRef)T2243	False		66	True	False
(filmRef)T2244	False		87	True	False
(filmRef)T2245	False		81	True	False
(filmRef)T2246	False		95	True	False
(filmRef)T2247	False		44	True	False
(filmRef)T2248	False		85	True	False
(filmRef)T2249	False		60	True	False
(filmRef)T2250	False		113	True	False
(filmRef)T2251	False		272	True	False
(filmRef)T2252	False		212	True	False
(filmRef)T2253	False		57	True	False
(filmRef)T2254	False		140	True	False
(filmRef)T2255	False		117	True	False
(filmRef)T2256	False		398	True	False
(filmRef)T2258	False		49	True	False
(filmRef)T2259	False		80	True	False
(filmRef)T2260	False		146	True	False
(filmRef)T2261	False		172	True	False
(filmRef)T2262	False		335	True	False
(filmRef)T2263	False		93	True	False
(filmRef)T2264	False		126	True	False
(filmRef)T2265	False		108	True	False
(filmRef)T2266	False		114	True	False
(filmRef)T2267	False		185	True	False
(filmRef)T2268	False		120	True	False
(filmRef)T2269	False		402	True	False
(filmRef)T2270	False		134	True	False
(filmRef)T2271	False		170	True	False
(filmRef)T2272	False		121	True	False
(filmRef)T2273	False		66	True	False
(filmRef)T2274	False		153	True	False
(filmRef)T2275	False		167	True	False
(filmRef)T2276	False		72	True	False
(filmRef)T2277	False		91	True	False
(filmRef)T2278	False		132	True	False
(filmRef)T2279	False		173	True	False
(filmRef)T2280	False		341	True	False
(filmRef)T2281	False		292	True	False
(filmRef)T2282	False		130	True	False
(filmRef)T2284	False		148	True	False
(filmRef)T2285	False		85	True	False
(filmRef)T2286	False		259	True	False
(filmRef)T2287	False		311	True	False
(filmRef)T2288	False		315	True	False
(filmRef)T2289	False		594	True	False
(filmRef)T2290	False		828	True	False
(filmRef)T2291	False		527	True	False
(filmRef)T2292	False		466	True	False
(filmRef)T2293	False		233	True	False
(filmRef)T2294	False		245	True	False
(filmRef)T2295	False		302	True	False
(filmRef)T2296	False		219	True	False
(filmRef)T2297	False		497	True	False
(filmRef)T2298	False		227	True	False
(filmRef)T2299	False		146	True	False
(filmRef)T2300	False		120	True	False
(filmRef)T2301	False		457	True	False
(filmRef)T2302	False		751	True	False
(filmRef)T2304	False		617	True	False
(filmRef)T2305	False		313	True	False
(filmRef)T2306	False		615	True	False
(filmRef)T2307	False		379	True	False
(filmRef)T2308	False		249	True	False
(filmRef)T2309	False		741	True	False
(filmRef)T2310	False		395	True	False
(filmRef)T2311	False		409	True	False
(filmRef)T2312	False		222	True	False
(filmRef)T2313	False		312	True	False
(filmRef)T2314	False		208	True	False
(filmRef)T2315	False		170	True	False
(filmRef)T2316	False		176	True	False
(filmRef)T2318	False		274	True	False
(filmRef)T2319	False		745	True	False
(filmRef)T2320	False		377	True	False
(filmRef)T2322	False		490	True	False
(filmRef)T2323	False		205	True	False
(filmRef)T2324	False		437	True	False
(filmRef)T2325	False		250	True	False
(filmRef)T2326	False		490	True	False
(filmRef)T2327	False		637	True	False
(filmRef)T2328	False		536	True	False
(filmRef)T2329	False		221	True	False
(filmRef)T2330	False		571	True	False
(filmRef)T2331	False		572	True	False
(filmRef)T2332	False		521	True	False
(filmRef)T2333	False		542	True	False
(filmRef)T2334	False		288	True	False
(filmRef)T2335	False		655	True	False
(filmRef)T2336	False		590	True	False
(filmRef)T2337	False		313	True	False
(filmRef)T2338	False		341	True	False
(filmRef)T2339	False		99	True	False
(filmRef)T2340	False		232	True	False
(filmRef)T2341	False		321	True	False
(filmRef)T2342	False		678	True	False
(filmRef)T2344	False		272	True	False
(filmRef)T2345	False		495	True	False
(filmRef)T2346	False		667	True	False
(filmRef)T2348	False		340	True	False
(filmRef)T2349	False		149	True	False
(filmRef)T2350	False		742	True	False
(filmRef)T2353	False		170	True	False
(filmRef)T2355	False		922	True	False
(filmRef)T2356	False		216	True	False
(filmRef)T2358	False		168	True	False
(filmRef)T2359	False		347	True	False
(filmRef)T2360	False		521	True	False
(filmRef)T2361	False		114	True	False
(filmRef)T2362	False		618	True	False
(filmRef)T2363	False		227	True	False
(filmRef)T2364	False		448	True	False
(filmRef)T2365	False		344	True	False
(filmRef)T2366	False		228	True	False
(filmRef)T2367	False		466	True	False
(filmRef)T2368	False		700	True	False
(filmRef)T2369	False		568	True	False
(filmRef)T2370	False		439	True	False
(filmRef)T2371	False		278	True	False
(filmRef)T2372	False		487	True	False
(filmRef)T2377	False		149	True	False
(filmRef)T2378	False		703	True	False
(filmRef)T2382	False		138	True	False
(filmRef)T2383	False		471	True	False
(filmRef)T2384	False		410	True	False
(filmRef)T2385	False		490	True	False
(filmRef)T2386	False		514	True	False
(filmRef)T2389	False		531	True	False
(filmRef)T2395	False		32	False	False
(filmRef)T2396	False		49	False	False
(filmRef)T2397	False		314	True	False
(filmRef)T2398	False		336	True	False
(filmRef)T2399	False		356	True	False
(filmRef)T2400	False		190	True	False
(filmRef)T2401	False		100	True	False
(filmRef)T2402	False		134	True	False
(filmRef)T2404	False		112	True	False
(filmRef)UCS0001	False		227	True	False
(filmRef)UCS0002	False		63	True	False
(filmRef)UCS0003	False		59	True	False
(filmRef)UCS0004	False		63	True	False
(filmRef)UCS0005	False		67	True	False
(filmRef)UCS0006	False		65	True	False
(filmRef)UCS0007	False		32	True	False
(filmRef)UCS0008	False		79	True	False
(filmRef)UCS0009	False		75	True	False
(filmRef)UCS0010	False		83	True	False
(filmRef)UCS0011	False		33	True	False
(filmRef)UCS0012	False		33	True	False
(filmRef)UCS0013	False		59	True	False
(filmRef)UCS0014	False		78	True	False
(filmRef)UCS0015	False		75	True	False
(filmRef)UCS0016	False		90	True	False
(filmRef)UCS0017	False		76	True	False
(filmRef)UCS0018	False		88	True	False
(filmRef)UCS0019	False		79	True	False
(filmRef)UCS0020	False		83	True	False
(filmRef)UCS0021	False		57	True	False
(filmRef)UCS0022	False		34	True	False
(filmRef)UCS0023	False		48	True	False
(filmRef)UCS0024	False		54	True	False
(filmRef)UCS0025	False		64	True	False
(filmRef)UCS0026	False		68	True	False
(filmRef)UCS0027	False		22	True	False
(filmRef)UCS0028	False		66	True	False
(filmRef)UCS0029	False		68	True	False
(filmRef)UCS0030	False		65	True	False
(filmRef)UCS0031	False		55	True	False
(filmRef)UCS0032	False		64	True	False
(filmRef)UCS0033	False		62	True	False
(filmRef)UCS0034	False		93	True	False
(filmRef)UCS0035	False		61	True	False
(filmRef)UCS0036	False		61	True	False
(filmRef)UCS0037	False		63	True	False
(filmRef)UCS0038	False		66	True	False
(filmRef)UCS0039	False		64	True	False
(filmRef)UCS0040	False		68	True	False
(filmRef)UCS0041	False		94	True	False
(filmRef)UCS0042	False		147	True	False
(filmRef)UCS0043	False		75	True	False
(filmRef)UCS0044	False		65	True	False
(filmRef)UCS0045	False		42	True	False
(filmRef)UCS0046	False		47	True	False
(filmRef)UCS0047	False		51	True	False
(filmRef)UCS0048	False		18	True	False
(filmRef)UCS0049	False		27	True	False
(filmRef)UCS0050	False		105	True	False
(filmRef)UCS0051	False		26	True	False
(filmRef)UCS0052	False		43	True	False
(filmRef)UCS0053	False		58	True	False
(filmRef)UCS0054	False		64	True	False
(filmRef)UCS0055	False		73	True	False
(filmRef)UCS0056	False		53	True	False
(filmRef)UCS0057	False		32	True	False
(filmRef)UCS0058	False		46	True	False
(filmRef)UCS0059	False		32	True	False
(filmRef)UCS0060	False		49	True	False
(filmRef)UCS0061	False		39	True	False
(filmRef)UCS0062	False		20	True	False
(filmRef)UCS0063	False		22	True	False
(filmRef)UCS0064	False		22	True	False
(filmRef)UCS0065	False		22	True	False
(filmRef)UCS0066	False		26	True	False
(filmRef)UCS0067	False		23	True	False
(filmRef)UCS0068	False		68	True	False
(filmRef)UCS0069	False		24	True	False
(filmRef)UCS0070	False		34	True	False
(filmRef)UCS0071	False		40	True	False
(filmRef)UCS0072	False		36	True	False
(filmRef)UCS0073	False		52	True	False
(filmRef)UCS0074	False		31	True	False
(filmRef)UCS0075	False		69	True	False
(filmRef)UCS0076	False		56	True	False
(filmRef)UCS0077	False		38	True	False
(filmRef)UCS0078	False		52	True	False
(filmRef)UCS0079	False		46	True	False
(filmRef)UCS0080	False		65	True	False
(filmRef)UCS0081	False		67	True	False
(filmRef)UCS0082	False		31	True	False
(filmRef)UCS0083	False		35	True	False
(filmRef)UCS0084	False		35	True	False
(filmRef)UCS0085	False		23	True	False
(filmRef)UCS0086	False		117	True	False
(filmRef)UCS0087	False		60	True	False
(filmRef)UCS0088	False		63	True	False
(filmRef)UCS0089	False		31	True	False
(filmRef)UCS0090	False		20	True	False
(filmRef)UCS0091	False		78	True	False
(filmRef)UCS0093	False		46	True	False
(filmRef)UCS0094	False		69	True	False
(filmRef)UCS0095	False		59	True	False
(filmRef)UCS0096	False		60	True	False
(filmRef)UCS0097	False		60	True	False
(filmRef)UCS0098	False		62	True	False
(filmRef)UCS0099	False		31	True	False
(filmRef)UCS0100	False		60	True	False
(filmRef)UCS0101	False		64	True	False
(filmRef)UCS0102	False		60	True	False
(filmRef)UCS0103	False		64	True	False
(filmRef)UCS0104	False		22	True	False
(filmRef)UCS0105	False		41	True	False
(filmRef)UCS0106	False		59	True	False
(filmRef)UCS0107	False		43	True	False
(filmRef)UCS0108	False		41	True	False
(filmRef)UCS0109	False		40	True	False
(filmRef)UCS0110	False		56	True	False
(filmRef)UCS0111	False		21	True	False
(filmRef)UCS0112	False		36	True	False
(filmRef)UCS0113	False		18	True	False
(filmRef)UCS0114	False		18	True	False
(filmRef)UCS0115	False		24	True	False
(filmRef)UCS0116	False		31	True	False
(filmRef)UCS0117	False		18	True	False
(filmRef)UCS0118	False		22	True	False
(filmRef)UCS0119	False		57	True	False
(filmRef)UCS0120	False		32	True	False
(filmRef)UCS0121	False		22	True	False
(filmRef)UCS0122	False		20	True	False
(filmRef)UCS0123	False		23	True	False
(filmRef)UCS0124	False		7	True	False
(filmRef)UCS0125	False		27	True	False
(filmRef)UCS0126	False		54	True	False
(filmRef)UCS0127	False		22	True	False
(filmRef)UCS0129	False		21	True	False
(filmRef)UCS0130	False		27	True	False
(filmRef)UCS0131	False		40	True	False
(filmRef)UCS0132	False		58	True	False
(filmRef)UCS0133	False		22	True	False
(filmRef)UCS0134	False		15	True	False
(filmRef)UCS0135	False		16	True	False
(filmRef)UCS0136	False		39	True	False
(filmRef)UCS0137	False		18	True	False
(filmRef)UCS0138	False		51	True	False
(filmRef)UCS0139	False		313	True	False
(filmRef)UCS0140	False		17	True	False
(filmRef)UCS0141	False		56	True	False
(filmRef)UCS0142	False		48	True	False
(filmRef)UCS0143	False		42	True	False
(filmRef)UCS0144	False		9	True	False
(filmRef)UCS0145	False		22	True	False
(filmRef)UCS0146	False		20	True	False
(filmRef)UCS0147	False		20	True	False
(filmRef)UCS0148	False		23	True	False
(filmRef)UCS0149	False		15	True	False
(filmRef)UCS0150	False		26	True	False
(filmRef)UCS0151	False		15	True	False
(filmRef)UCS0152	False		17	True	False
(filmRef)UCS0153	False		31	True	False
(filmRef)UCS0154	False		34	True	False
(filmRef)UCS0155	False		23	True	False
(filmRef)UCS0156	False		15	True	False
(filmRef)UCS0157	False		18	True	False
(filmRef)UCS0158	False		15	True	False
(filmRef)UCS0159	False		19	True	False
(filmRef)UCS0160	False		19	True	False
(filmRef)UCS0161	False		14	True	False
(filmRef)UCS0162	False		13	True	False
(filmRef)UCS0163	False		16	True	False
(filmRef)UCS0164	False		19	True	False
(filmRef)UCS0165	False		15	True	False
(filmRef)UCS0166	False		47	True	False
(filmRef)UCS0167	False		40	True	False
(filmRef)UCS0168	False		50	True	False
(filmRef)UCS0169	False		96	True	False
(filmRef)UCS0170	False		16	True	False
(filmRef)UCS0171	False		35	True	False
(filmRef)UCS0172	False		12	True	False
(filmRef)UCS0173	False		43	True	False
(filmRef)UCS0174	False		16	True	False
(filmRef)UCS0175	False		16	True	False
(filmRef)UCS0176	False		12	True	False
(filmRef)UCS0177	False		12	True	False
(filmRef)UCS0178	False		23	True	False
(filmRef)UCS0179	False		46	True	False
(filmRef)UCS0180	False		150	True	False
(filmRef)UCS0181	False		26	True	False
(filmRef)UCS0182	False		114	True	False
(filmRef)UCS0183	False		35	True	False
(filmRef)UCS0184	False		42	True	False
(filmRef)UCS0185	False		46	True	False
(filmRef)UCS0186	False		22	True	False
(filmRef)UCS0187	False		56	True	False
(filmRef)UCS0188	False		78	True	False
(filmRef)UCS0189	False		31	True	False
(filmRef)UCS0190	False		29	True	False
(filmRef)UCS0191	False		34	True	False
(filmRef)UCS0192	False		14	True	False
(filmRef)UCS0193	False		98	True	False
(filmRef)UCS0194	False		19	True	False
(filmRef)UCS0195	False		48	True	False
(filmRef)UCS0196	False		89	True	False
(filmRef)UCS0197	False		57	True	False
(filmRef)UCS0198	False		23	True	False
(filmRef)UCS0199	False		32	True	False
(filmRef)UCS0200	False		22	True	False
(filmRef)UCS0201	False		71	True	False
(filmRef)UCS0202	False		25	True	False
(filmRef)UCS0203	False		23	True	False
(filmRef)UCS0204	False		49	True	False
(filmRef)UCS0205	False		67	True	False
(filmRef)UCS0206	False		18	True	False
(filmRef)UCS0207	False		145	True	False
(filmRef)UCS0208	False		40	True	False
(filmRef)UCS0209	False		27	True	False
(filmRef)UCS0210	False		13	True	False
(filmRef)UCS0211	False		21	True	False
(filmRef)UCS0212	False		84	True	False
(filmRef)UCS0213	False		130	True	False
(filmRef)UCS0214	False		153	True	False
(filmRef)at catalog	False		106	True	False
