film_ref	community_id	degree_centrality	betweenness	eigenvector	n_neighbour_communities	is_bridge
(filmRef)T0105	4	0.0016117478510028654	0.00017321309521793287	3.3185117717618764e-41	1	True
(filmRef)20580	0	0.10476361031518625	0.0001494123328750243	0.0388104087507307	2	True
(filmRef)N0024	4	0.0008954154727793696	0.0001310645753815692	3.6580700528801558e-40	1	True
(filmRef)N0177	4	0.0005372492836676218	0.00013061550439396715	4.4247912560485765e-39	1	True
(filmRef)5267	4	0.0017908309455587391	0.00012381528658170758	5.507656471815526e-38	1	True
(filmRef)T1116	4	0.0007163323782234957	0.00011040730995187499	3.339382796813264e-42	1	True
(filmRef)14844	5	0.0057306590257879654	0.00010514676409710814	3.4704614639218575e-30	1	True
(filmRef)15374	5	0.0025071633237822347	0.00010181080818920721	1.1146691720732267e-31	1	True
(filmRef)T1149	4	0.0005372492836676218	9.23803174495642e-05	3.795226437729496e-42	1	True
(filmRef)T1998	4	0.002148997134670487	9.000665651509623e-05	2.6917361173702356e-41	1	True
(filmRef)14266	2	0.051755014326647565	8.699146559833962e-05	1.4246444869413176e-08	1	True
(filmRef)16229	3	0.01414756446991404	7.724020986755229e-05	1.7458831850721856e-22	1	True
(filmRef)21133	6	0.004297994269340974	6.351146824657538e-05	4.385411669692733e-31	1	True
(filmRef)14383	2	0.05265042979942693	6.184349029262492e-05	1.2940063350862665e-08	1	True
(filmRef)T0542	4	0.0016117478510028654	4.2661743822194576e-05	3.1162989459100005e-42	1	True
(filmRef)14286	3	0.0016117478510028654	4.195606084167707e-05	9.114175476316809e-24	1	True
(filmRef)15962	3	0.0028653295128939827	4.0544694880642065e-05	8.878519316609194e-24	1	True
(filmRef)16227	3	0.014684813753581662	3.810688094794523e-05	1.7716233941143462e-22	1	True
(filmRef)18027	1	0.0995702005730659	3.642821082762329e-05	2.3399536616236622e-05	1	True
(filmRef)14196	5	0.0050143266475644694	3.4386007050671115e-05	2.7491939290675514e-30	1	True
(filmRef)14081	5	0.0034025787965616043	3.278218209494952e-05	1.6278854178918343e-31	1	True
(filmRef)18984	1	0.0954512893982808	3.2012346116203147e-05	2.081571893259196e-05	1	True
(filmRef)N0455	4	0.0010744985673352436	3.188404011974542e-05	3.654704716065625e-41	1	True
(filmRef)17971	8	0.010386819484240688	3.1563275128601104e-05	9.277054993573271e-26	1	True
(filmRef)17871	8	0.010386819484240688	3.1563275128601104e-05	9.277054993573271e-26	1	True
(filmRef)21090	6	0.004656160458452722	3.0429905493224475e-05	6.159643141075603e-32	1	True
(filmRef)UCS0137	11	0.001969914040114613	2.9510379185277453e-05	4.1786706055664186e-39	1	True
(filmRef)5307	4	0.0014326647564469914	2.83556252171579e-05	5.178453729776284e-38	1	True
(filmRef)UCS0048	11	0.001969914040114613	2.7136718250809484e-05	1.0946883744919264e-38	1	True
(filmRef)15544	5	0.0028653295128939827	2.7008412254351756e-05	7.029022272331108e-33	1	True
(filmRef)UCS0210	11	0.0014326647564469914	2.6815953259665163e-05	7.871078142192138e-39	1	True
(filmRef)UCS0206	11	0.0012535816618911174	2.6815953259665163e-05	1.7596645085766557e-39	1	True
(filmRef)14753	1	0.0995702005730659	2.6238576275605386e-05	2.3296900183253732e-05	1	True
(filmRef)21114	6	0.0041189111747851	2.5917811284461065e-05	1.1977267959941789e-30	1	True
(filmRef)17289	1	0.09795845272206304	2.5147975305714698e-05	2.19512001341951e-05	1	True
(filmRef)5244	4	0.0025071633237822347	2.5083822307485834e-05	1.1142404187320593e-37	1	True
(filmRef)17286	1	0.09813753581661891	2.322338535884878e-05	2.2362040575835044e-05	1	True
(filmRef)T0366	4	0.0008954154727793696	2.309507936239105e-05	3.437073570030233e-42	1	True
(filmRef)15545	5	0.0014326647564469914	2.2710161373017865e-05	7.143122499411222e-34	1	True
(filmRef)21093	6	0.004656160458452722	2.1961709727014438e-05	6.160244489784275e-32	1	True
(filmRef)19227	1	0.08828796561604585	2.1747866399584905e-05	1.881941698801142e-05	1	True
(filmRef)15959	3	0.004656160458452722	2.10421834190674e-05	2.455003769569863e-24	1	True
(filmRef)20415	1	0.08022922636103151	2.0785571426151946e-05	1.6988311908001845e-05	1	True
(filmRef)5232	4	0.0028653295128939827	2.0336500438549896e-05	1.2305905758166364e-37	1	True
(filmRef)15972	3	0.0025071633237822347	1.9181746470430344e-05	2.3607439305418863e-24	1	True
(filmRef)UCS0146	11	0.0012535816618911174	1.8732675482828295e-05	3.4798495245372636e-39	1	True
(filmRef)UCS0118	11	0.0017908309455587391	1.8604369486370567e-05	1.8628587681186367e-38	1	True
(filmRef)16226	3	0.013968481375358166	1.8594006309733598e-05	1.7473859994401562e-22	1	True
(filmRef)16228	3	0.013968481375358166	1.7909049682490036e-05	1.7482449346464283e-22	1	True
(filmRef)14818	1	0.09742120343839542	1.7770380509395335e-05	2.1678442112002127e-05	1	True
(filmRef)15320	1	0.09921203438395415	1.7770380509395335e-05	2.3226209239376436e-05	1	True
(filmRef)15790	1	0.09186962750716332	1.7642074512937607e-05	1.977543277510497e-05	1	True
(filmRef)17695	1	0.09939111747851002	1.738546252002215e-05	2.300272020816456e-05	1	True
(filmRef)21033	6	0.0037607449856733523	1.695777586516307e-05	5.971422181522314e-32	1	True
(filmRef)14918	5	0.005551575931232092	1.6166555553673734e-05	3.325456352558069e-30	1	True
(filmRef)14248	5	0.0035816618911174783	1.5909943560758277e-05	1.7881021509290686e-31	1	True
(filmRef)16890	3	0.0050143266475644694	1.588230768209182e-05	1.0149201246995405e-23	1	False
(filmRef)17672	3	0.012893982808022923	1.5717484566071688e-05	1.7978931474197805e-22	1	False
(filmRef)UCS0122	11	0.0017908309455587391	1.4883495589096453e-05	2.2077159528372457e-39	1	False
(filmRef)15318	1	0.08775071633237821	1.4626883596180998e-05	1.8886509534350746e-05	1	False
(filmRef)N0435	4	0.00035816618911174784	1.4562730597952134e-05	3.0359440473883916e-42	1	False
(filmRef)14283	3	0.0010744985673352436	1.4562730597952134e-05	1.3781076992820683e-25	1	False
(filmRef)5257	4	0.0026862464183381087	1.4434424601494406e-05	1.1138389506534675e-37	1	False
(filmRef)14575	16	0.006805157593123209	1.3279670633374853e-05	1.132914023312867e-28	1	False
(filmRef)14148	5	0.0041189111747851	1.3215517635145989e-05	1.8265548626965414e-31	1	False
(filmRef)16556	3	0.005551575931232092	1.3151364636917125e-05	2.748493071644956e-23	1	False
(filmRef)5297	4	0.0028653295128939827	1.2830599645772806e-05	1.0218841685748353e-37	1	False
(filmRef)17904	1	0.09115329512893983	1.2766446647543941e-05	1.957799008742241e-05	1	False
(filmRef)11376	7	0.009849570200573065	1.2638140651086213e-05	6.600649520849834e-26	1	False
(filmRef)1032	27	0.0016117478510028654	1.2509834654628485e-05	7.407925975790236e-43	1	False
(filmRef)UCS0143	36	0.0014326647564469914	1.2381528658170756e-05	3.350250136620694e-45	1	False
(filmRef)21065	6	0.004297994269340974	1.2124916665255301e-05	1.0227590413884656e-32	1	False
(filmRef)5265	4	0.0028653295128939827	1.2060763667026437e-05	1.1448250440005735e-37	1	False
(filmRef)14149	5	0.004477077363896848	1.1996610668797573e-05	2.5977297469134292e-30	1	False
(filmRef)N0548	4	0.0005372492836676218	1.1932457670568709e-05	2.77391126358641e-43	1	False
(filmRef)20067	1	0.09437679083094555	1.1868304672339844e-05	2.075511237788704e-05	1	False
(filmRef)16022	1	0.0995702005730659	1.1675845677653253e-05	2.322777900182485e-05	1	False
(filmRef)T0340	4	0.0005372492836676218	1.161169267942439e-05	2.530035342875856e-43	1	False
(filmRef)T0497	4	0.0005372492836676218	1.161169267942439e-05	2.7856367669100587e-42	1	False
(filmRef)T1949	4	0.0014326647564469914	1.1547539681195525e-05	2.1509714980394166e-41	1	False
(filmRef)T0192	4	0.00035816618911174784	1.1547539681195525e-05	2.7728284717413455e-43	1	False
(filmRef)15346	1	0.0995702005730659	1.1483386682966661e-05	2.3295067963075502e-05	1	False
(filmRef)T1883	4	0.0010744985673352436	1.1355080686508932e-05	1.4612143568470228e-41	1	False
(filmRef)16354	1	0.09348137535816618	1.1226774690051204e-05	2.018224837133118e-05	1	False
(filmRef)UCS0176	11	0.002328080229226361	1.1130545192707908e-05	3.551769813013768e-39	1	False
(filmRef)UCS0177	11	0.002328080229226361	1.1130545192707908e-05	3.551769813013768e-39	1	False
(filmRef)17033	1	0.09240687679083094	1.0970162697135749e-05	2.0014313854132403e-05	1	False
(filmRef)UCS0148	11	0.0007163323782234957	1.0777703702449156e-05	2.0200428287078542e-40	1	False
(filmRef)20309	1	0.06267908309455587	1.0713550704220292e-05	1.3237799067336839e-05	1	False
(filmRef)0994	27	0.0008954154727793696	1.0649397705991428e-05	1.4548213690150985e-43	1	False
(filmRef)17328	1	0.08613896848137535	1.0649397705991428e-05	1.828300103547346e-05	1	False
(filmRef)11234	7	0.005551575931232092	1.0649397705991428e-05	3.123403793758964e-26	1	False
(filmRef)16510	14	0.007163323782234957	1.0456938711304835e-05	7.941066064771465e-32	1	False
(filmRef)14142	5	0.005551575931232092	1.0392785713075973e-05	3.1158873071192208e-30	1	False
(filmRef)20062	1	0.0755730659025788	1.0392785713075973e-05	1.6001670832039967e-05	1	False
(filmRef)14851	1	0.09795845272206304	1.0328632714847109e-05	2.2197108675661753e-05	1	False
(filmRef)14877	9	0.011461318051575931	1.0328632714847109e-05	3.895146715289091e-23	1	False
(filmRef)15085	5	0.0034025787965616043	1.0328632714847109e-05	7.5490489861873e-33	1	False
(filmRef)18721	1	0.08452722063037249	1.0264479716618245e-05	1.8138411739078828e-05	1	False
(filmRef)17292	1	0.09795845272206304	9.943714725473924e-06	2.2095385919334596e-05	1	False
(filmRef)14246	5	0.003939828080229226	9.87956172724506e-06	2.8558466739566897e-31	1	False
(filmRef)21052	6	0.0034025787965616043	9.87956172724506e-06	9.572979968333346e-33	1	False
(filmRef)16998	3	0.012714899713467048	9.55879673610074e-06	1.7684496646116642e-22	1	False
(filmRef)14136	5	0.004656160458452722	9.366337741414147e-06	2.3523177158828785e-30	1	False
(filmRef)15054	1	0.09939111747851002	9.323569075928237e-06	2.318470593459074e-05	1	False
(filmRef)17693	1	0.09795845272206304	9.173878746727555e-06	2.2027069604898608e-05	1	False
(filmRef)14838	5	0.002148997134670487	9.173878746727555e-06	8.289638194278559e-31	1	False
(filmRef)11379	7	0.008775071633237822	9.109725748498692e-06	5.983359566776206e-26	1	False
(filmRef)17303	1	0.09939111747851002	9.034880583898351e-06	2.332955408728838e-05	1	False
(filmRef)21143	6	0.005193409742120344	8.981419752040964e-06	1.30283247584576e-32	1	False
(filmRef)17671	3	0.012893982808022923	8.981419752040964e-06	1.801450727787853e-22	1	False
(filmRef)15227	5	0.0025071633237822347	8.981419752040964e-06	6.970723291136026e-33	1	False
(filmRef)21063	6	0.005193409742120344	8.9172667538121e-06	1.3089741968233566e-32	1	False
(filmRef)17694	1	0.09563037249283668	8.9172667538121e-06	2.1026291233114012e-05	1	False
(filmRef)UCS0157	11	0.0032234957020057307	8.853113755583236e-06	2.6824125417757173e-38	1	False
(filmRef)11227	7	0.009312320916905445	8.75688425823994e-06	6.406212959295453e-26	1	False
(filmRef)16011	1	0.08739255014326647	8.724807759125507e-06	1.8801771879318195e-05	1	False
(filmRef)16999	3	0.012893982808022923	8.724807759125507e-06	1.8002570457059865e-22	1	False
(filmRef)20457	1	0.08058739255014326	8.724807759125507e-06	1.7194942673043335e-05	1	False
(filmRef)15896	14	0.007163323782234957	8.724807759125507e-06	8.027374609206448e-32	1	False
(filmRef)15252	1	0.0872134670487106	8.724807759125507e-06	1.8699938680757077e-05	1	False
(filmRef)16187	3	0.0053724928366762174	8.660654760896645e-06	1.4468622123025694e-23	1	False
(filmRef)16186	3	0.0053724928366762174	8.660654760896645e-06	1.4468622123025694e-23	1	False
(filmRef)11064	20	0.002328080229226361	8.660654760896643e-06	8.878298040017423e-32	1	False
(filmRef)UCS0186	11	0.0012535816618911174	8.468195766210052e-06	9.632977648806064e-39	1	False
(filmRef)17002	3	0.012714899713467048	8.404042767981188e-06	1.7766264651517034e-22	1	False
(filmRef)11231	7	0.009312320916905445	8.371966268866756e-06	6.403946870107736e-26	1	False
(filmRef)15415	1	0.07682664756446991	8.27573677152346e-06	1.6377457543520127e-05	1	False
(filmRef)16019	1	0.08667621776504297	8.211583773294595e-06	1.8420574655927972e-05	1	False
(filmRef)11175	7	0.0007163323782234957	8.211583773294595e-06	2.9373806110601333e-27	1	False
(filmRef)14639	5	0.004835243553008596	8.019124778608003e-06	3.013372040994792e-30	1	False
(filmRef)15314	1	0.08828796561604585	7.826665783921412e-06	1.903751561970151e-05	1	False
(filmRef)15893	14	0.005193409742120344	7.826665783921412e-06	6.485446822110965e-32	1	False
(filmRef)UCS0060	36	0.0007163323782234957	7.698359787463683e-06	1.1656907986945424e-45	1	False
(filmRef)20583	1	0.09509312320916904	7.698359787463683e-06	2.1020315481543598e-05	1	False
(filmRef)14092	21	0.0008954154727793696	7.505900792777091e-06	1.1323500405945613e-27	1	False
(filmRef)15410	1	0.08327363896848138	7.505900792777091e-06	1.7861794181207665e-05	1	False
(filmRef)14299	5	0.0037607449856733523	7.505900792777091e-06	2.2011169682548443e-30	1	False
(filmRef)20063	1	0.08416905444126074	7.441747794548227e-06	1.7948276256508675e-05	1	False
(filmRef)16343	1	0.09115329512893983	7.441747794548227e-06	1.9460309589179152e-05	1	False
(filmRef)15411	1	0.0789756446991404	7.441747794548227e-06	1.6847449702085713e-05	1	False
(filmRef)15259	1	0.09777936962750716	7.377594796319363e-06	2.218932664707092e-05	1	False
(filmRef)17035	1	0.08828796561604585	7.313441798090499e-06	1.8812117933088654e-05	1	False
(filmRef)15678	1	0.08273638968481375	7.1209828034039065e-06	1.7667930113780533e-05	1	False
(filmRef)16353	1	0.08989971346704871	7.1209828034039065e-06	1.9395488191924792e-05	1	False
(filmRef)17014	15	0.007342406876790831	7.056829805175043e-06	5.528689347722168e-28	1	False
(filmRef)14896	5	0.0032234957020057307	6.992676806946179e-06	6.356094072904025e-32	1	False
(filmRef)16443	14	0.005909742120343839	6.992676806946179e-06	7.328185052208615e-32	1	False
(filmRef)17031	1	0.08005014326647564	6.928523808717315e-06	1.696141700925384e-05	1	False
(filmRef)UCS0149	11	0.0007163323782234957	6.8643708104884505e-06	6.307824960575057e-39	1	False
(filmRef)15232	1	0.09760028653295129	6.8643708104884505e-06	2.202947944126898e-05	1	False
(filmRef)17698	1	0.08506446991404011	6.800217812259586e-06	1.8384129000932216e-05	1	False
(filmRef)11395	7	0.0028653295128939827	6.736064814030723e-06	1.6488062866905732e-26	1	False
(filmRef)15754	1	0.08452722063037249	6.671911815801859e-06	1.8063595684010144e-05	1	False
(filmRef)19990	1	0.07718481375358166	6.6077588175729946e-06	1.6501856600465327e-05	1	False
(filmRef)18209	14	0.006626074498567335	6.54360581934413e-06	7.569623949203673e-32	1	False
(filmRef)16341	1	0.08828796561604585	6.54360581934413e-06	1.8924240825142384e-05	1	False
(filmRef)19991	1	0.09652578796561605	6.54360581934413e-06	2.1221942287667052e-05	1	False
(filmRef)14828	5	0.0028653295128939827	6.54360581934413e-06	5.697426279798784e-32	1	False
(filmRef)16866	1	0.08524355300859598	6.511529320229698e-06	1.83607111023957e-05	1	False
(filmRef)15650	1	0.08703438395415472	6.415299822886403e-06	1.8817271373558133e-05	1	False
(filmRef)5275	4	0.0016117478510028654	6.415299822886403e-06	5.162211920942556e-38	1	False
(filmRef)T1906	4	0.0017908309455587391	6.415299822886403e-06	2.4500541970838585e-41	1	False
(filmRef)T1650	4	0.0010744985673352436	6.094534831742083e-06	1.421864894071599e-41	1	False
(filmRef)T2003	4	0.0014326647564469914	6.094534831742083e-06	1.8491363777938397e-41	1	False
(filmRef)16347	1	0.09222779369627507	6.0303818335132185e-06	1.9704557214195984e-05	1	False
(filmRef)15438	1	0.07288681948424068	5.9234601697984445e-06	1.5520137491059665e-05	1	False
(filmRef)11048	20	0.005909742120343839	5.90207583705549e-06	2.897886686600233e-31	1	False
(filmRef)5235	4	0.0005372492836676218	5.837922838826627e-06	1.52980116536367e-38	1	False
(filmRef)14135	5	0.0005372492836676218	5.837922838826627e-06	1.3050762378823552e-31	1	False
(filmRef)N0421	4	0.00035816618911174784	5.837922838826627e-06	2.2456800051967367e-44	1	False
(filmRef)5258	4	0.0005372492836676218	5.837922838826627e-06	1.9293814015111314e-38	1	False
(filmRef)20459	1	0.08792979942693409	5.837922838826627e-06	1.8827206235979518e-05	1	False
(filmRef)T0178	4	0.00035816618911174784	5.837922838826627e-06	2.2976599286426127e-44	1	False
(filmRef)16013	1	0.08112464183381089	5.837922838826627e-06	1.733104500529487e-05	1	False
(filmRef)15177	1	0.08148280802292264	5.837922838826627e-06	1.74046024024939e-05	1	False
(filmRef)T1636	4	0.00035816618911174784	5.837922838826627e-06	2.7805359971449028e-42	1	False
(filmRef)N0179	4	0.00035816618911174784	5.837922838826627e-06	3.721006620596902e-40	1	False
(filmRef)T1223	4	0.00035816618911174784	5.837922838826627e-06	3.1418393082601068e-43	1	False
(filmRef)T0911	4	0.00035816618911174784	5.837922838826627e-06	2.6111016465434842e-42	1	False
(filmRef)T1114	4	0.0005372492836676218	5.837922838826627e-06	7.7932038358874e-43	1	False
(filmRef)21031	6	0.0030444126074498567	5.7737698405977625e-06	1.1079613892535597e-32	1	False
(filmRef)UCS0147	11	0.0008954154727793696	5.709616842368898e-06	2.6167507662447133e-39	1	False
(filmRef)15226	5	0.0005372492836676218	5.709616842368898e-06	2.2892683577854944e-35	1	False
(filmRef)20305	1	0.08130372492836677	5.709616842368898e-06	1.7450014916168937e-05	1	False
(filmRef)15576	1	0.09312320916905444	5.677540343254466e-06	2.011351137051677e-05	1	False
(filmRef)20203	26	0.0035816618911174783	5.645463844140034e-06	1.4141529236895142e-32	1	False
(filmRef)14209	21	0.006984240687679083	5.645463844140034e-06	2.998829739836746e-26	1	False
(filmRef)15683	1	0.08202005730659026	5.645463844140034e-06	1.7665027837584096e-05	1	False
(filmRef)16514	14	0.007342406876790831	5.58131084591117e-06	8.108894537112115e-32	1	False
(filmRef)T1497	4	0.00035816618911174784	5.58131084591117e-06	1.985666766196134e-42	1	False
(filmRef)0999	27	0.0016117478510028654	5.58131084591117e-06	7.95548735220013e-43	1	False
(filmRef)14513	5	0.005551575931232092	5.58131084591117e-06	3.417908417040576e-30	1	False
(filmRef)19234	1	0.07324498567335243	5.453004849453442e-06	1.5791394947753275e-05	1	False
(filmRef)20317	1	0.06572349570200572	5.453004849453442e-06	1.3968080194306051e-05	1	False
(filmRef)20589	1	0.09419770773638968	5.42092835033901e-06	2.078783699151691e-05	1	False
(filmRef)15053	1	0.09366045845272206	5.388851851224578e-06	2.0285289461454975e-05	1	False
(filmRef)UCS0152	11	0.001969914040114613	5.388851851224578e-06	2.2216989465630482e-38	1	False
(filmRef)UCS0058	36	0.0010744985673352436	5.324698852995714e-06	7.120332166558876e-46	1	False
(filmRef)14579	16	0.004835243553008596	5.324698852995714e-06	9.74732738045014e-29	1	False
(filmRef)16349	1	0.0954512893982808	5.324698852995714e-06	2.113720797227213e-05	1	False
(filmRef)UCS0174	11	0.0016117478510028654	5.292622353881282e-06	1.294443426959396e-38	1	False
(filmRef)UCS0175	11	0.0016117478510028654	5.292622353881282e-06	1.294443426959396e-38	1	False
(filmRef)15006	1	0.09921203438395415	5.26054585476685e-06	2.3131633060871156e-05	1	False
(filmRef)11047	20	0.0053724928366762174	5.26054585476685e-06	2.7485016632234117e-31	1	False
(filmRef)14143	5	0.0034025787965616043	5.26054585476685e-06	1.8545632156454148e-31	1	False
(filmRef)15058	5	0.0025071633237822347	5.26054585476685e-06	7.112363165141808e-33	1	False
(filmRef)20686	26	0.001969914040114613	5.26054585476685e-06	1.04986938282118e-33	1	False
(filmRef)16188	3	0.0053724928366762174	5.260545854766838e-06	1.4506409698326878e-23	1	False
(filmRef)15430	1	0.08918338108882522	5.228469355652418e-06	1.9204129316072703e-05	1	False
(filmRef)20411	1	0.0940186246418338	5.068086860080258e-06	2.0630111174209284e-05	1	False
(filmRef)14836	5	0.004656160458452722	5.068086860080258e-06	2.553271162603935e-30	1	False
(filmRef)20297	1	0.0968839541547278	5.068086860080258e-06	2.1793776163467163e-05	1	False
(filmRef)20455	1	0.07539398280802292	5.003933861851394e-06	1.6008217219499823e-05	1	False
(filmRef)T2029	4	0.0005372492836676218	5.003933861851394e-06	7.436984671116592e-42	1	False
(filmRef)14514	5	0.004297994269340974	4.93978086362253e-06	2.248074616664078e-31	1	False
(filmRef)14946	16	0.007163323782234957	4.93978086362253e-06	1.5146545855899626e-28	1	False
(filmRef)14999	1	0.09509312320916904	4.93978086362253e-06	2.081053849080177e-05	1	False
(filmRef)14869	9	0.0060888252148997134	4.9077043645080976e-06	1.8645139518572496e-23	1	False
(filmRef)1001	27	0.0012535816618911174	4.875627865393666e-06	7.447942883197085e-43	1	False
(filmRef)14832	5	0.0037607449856733523	4.811474867164802e-06	8.580950224112226e-32	1	False
(filmRef)1012	27	0.0007163323782234957	4.811474867164802e-06	2.810247567453211e-44	1	False
(filmRef)16356	1	0.08291547277936963	4.811474867164802e-06	1.763019187932073e-05	1	False
(filmRef)16340	1	0.08595988538681948	4.811474867164802e-06	1.838097723739059e-05	1	False
(filmRef)18716	1	0.09974928366762177	4.811474867164802e-06	2.334776712636275e-05	1	False
(filmRef)17283	1	0.09563037249283668	4.747321868935938e-06	2.0918189897939996e-05	1	False
(filmRef)20402	1	0.06339541547277937	4.715245369821506e-06	1.3392861940759223e-05	1	False
(filmRef)20379	1	0.06339541547277937	4.715245369821506e-06	1.3390948229566197e-05	1	False
(filmRef)11012	20	0.005193409742120344	4.683168870707074e-06	2.8500304346298452e-31	1	False
(filmRef)14137	5	0.0032234957020057307	4.683168870707074e-06	1.564002596551208e-30	1	False
(filmRef)14920	5	0.0037607449856733523	4.683168870707074e-06	8.713052370372177e-32	1	False
(filmRef)16981	1	0.08202005730659026	4.683168870707074e-06	1.7618044060954622e-05	1	False
(filmRef)20548	1	0.09419770773638968	4.683168870707074e-06	2.06217210660038e-05	1	False
(filmRef)19238	1	0.08828796561604585	4.6190158724782095e-06	1.895010091417025e-05	1	False
(filmRef)15233	1	0.07396131805157592	4.6190158724782095e-06	1.571024786911225e-05	1	False
(filmRef)15601	19	0.0082378223495702	4.6190158724782095e-06	2.2779056876552028e-26	1	False
(filmRef)16887	23	0.0026862464183381087	4.554862874249346e-06	1.1934373144173973e-32	1	False
(filmRef)14848	1	0.09527220630372493	4.490709876020482e-06	2.0903720433504123e-05	1	False
(filmRef)18727	1	0.09258595988538681	4.490709876020482e-06	2.0044903264830177e-05	1	False
(filmRef)5240	4	0.001969914040114613	4.490709876020482e-06	8.239874695979007e-38	1	False
(filmRef)5264	4	0.001969914040114613	4.490709876020482e-06	8.110047345927637e-38	1	False
(filmRef)14634	1	0.09097421203438395	4.490709876020482e-06	1.9639446318500678e-05	1	False
(filmRef)14751	1	0.09186962750716332	4.490709876020482e-06	1.9791422153436388e-05	1	False
(filmRef)15659	1	0.07306590257879655	4.490709876020482e-06	1.5585516242050055e-05	1	False
(filmRef)15841	1	0.08703438395415472	4.490709876020482e-06	1.867909120745075e-05	1	False
(filmRef)17028	15	0.009312320916905445	4.426556877791618e-06	6.325269284912121e-28	1	False
(filmRef)15561	1	0.08434813753581662	4.426556877791618e-06	1.810878504930119e-05	1	False
(filmRef)22865	58	0.0007163323782234957	4.362403879562754e-06	1.718313778030626e-45	1	False
(filmRef)15755	1	0.08130372492836677	4.362403879562754e-06	1.738523077720071e-05	1	False
(filmRef)14502	5	0.005909742120343839	4.362403879562754e-06	3.555350675768901e-30	1	False
(filmRef)15016	1	0.08416905444126074	4.298250881333889e-06	1.8267704426184833e-05	1	False
(filmRef)20266	12	0.008954154727793696	4.298250881333889e-06	4.6325985302631626e-24	1	False
(filmRef)15804	1	0.09330229226361031	4.266174382219457e-06	2.007347348761733e-05	1	False
(filmRef)14939	1	0.0954512893982808	4.234097883105026e-06	2.0989070312729592e-05	1	False
(filmRef)11023	20	0.006805157593123209	4.234097883105026e-06	3.4583290104284587e-31	1	False
(filmRef)14835	5	0.005193409742120344	4.169944884876162e-06	3.230885648763382e-30	1	False
(filmRef)11126	7	0.00035816618911174784	4.169944884876162e-06	6.791703822811381e-29	1	False
(filmRef)UCS0056	36	0.0005372492836676218	4.169944884876162e-06	9.154294831984874e-46	1	False
(filmRef)15548	42	0.0035816618911174783	4.169944884876162e-06	8.651178777684587e-37	1	False
(filmRef)15736	1	0.08434813753581662	4.105791886647298e-06	1.8084459903671547e-05	1	False
(filmRef)14501	5	0.003939828080229226	4.105791886647298e-06	2.2632007385634328e-31	1	False
(filmRef)18206	14	0.0037607449856733523	4.105791886647298e-06	5.06051658063646e-32	1	False
(filmRef)20446	1	0.08255730659025788	4.105791886647298e-06	1.752889140600015e-05	1	False
(filmRef)20412	1	0.08005014326647564	4.105791886647298e-06	1.701877565942733e-05	1	False
(filmRef)UCS0096	36	0.0008954154727793696	4.0416388884184334e-06	2.5793336230268326e-45	1	False
(filmRef)UCS0172	11	0.001969914040114613	4.0416388884184334e-06	2.391948879560423e-39	1	False
(filmRef)UCS0100	36	0.0007163323782234957	4.0416388884184334e-06	2.04229550618502e-45	1	False
(filmRef)16983	1	0.0913323782234957	4.0416388884184334e-06	1.967425425552122e-05	1	False
(filmRef)15587	1	0.08989971346704871	4.009562389304001e-06	1.930731756170261e-05	1	False
(filmRef)16350	1	0.08022922636103151	3.977485890189569e-06	1.7035430907243612e-05	1	False
(filmRef)16358	1	0.07736389684813753	3.977485890189569e-06	1.6412069558162e-05	1	False
(filmRef)16359	1	0.08703438395415472	3.977485890189569e-06	1.8504919401341685e-05	1	False
(filmRef)UCS0151	11	0.0026862464183381087	3.977485890189569e-06	2.6920031880736867e-38	1	False
(filmRef)15611	1	0.07861747851002865	3.913332891960706e-06	1.667370346329614e-05	1	False
(filmRef)14249	5	0.0012535816618911174	3.913332891960706e-06	4.730019871571548e-31	1	False
(filmRef)14206	21	0.006984240687679083	3.849179893731842e-06	3.007131298558028e-26	1	False
(filmRef)20417	1	0.08613896848137535	3.849179893731842e-06	1.853449848844103e-05	1	False
(filmRef)21028	6	0.0037607449856733523	3.849179893731842e-06	1.1942999538857614e-32	1	False
(filmRef)15131	1	0.08022922636103151	3.849179893731842e-06	1.7054234155980954e-05	1	False
(filmRef)20377	1	0.07933381088825214	3.7529503963885454e-06	1.6943529091801208e-05	1	False
(filmRef)16865	1	0.09276504297994269	3.7208738972741133e-06	2.0103631326647516e-05	1	False
(filmRef)20310	1	0.0782593123209169	3.7208738972741133e-06	1.6751322292137988e-05	1	False
(filmRef)20396	1	0.08237822349570201	3.6567208990452495e-06	1.7665633421577733e-05	1	False
(filmRef)17026	15	0.0082378223495702	3.6567208990452495e-06	5.959112784630473e-28	1	False
(filmRef)UCS0140	11	0.0016117478510028654	3.6567208990452495e-06	1.0431428102526213e-38	1	False
(filmRef)15844	1	0.08882521489971347	3.5925679008163853e-06	1.9091841078791504e-05	1	False
(filmRef)16310	12	0.0008954154727793696	3.5925679008163853e-06	3.745513046783641e-25	1	False
(filmRef)15795	1	0.08685530085959885	3.581875734444908e-06	1.8675933577068418e-05	1	False
(filmRef)14441	16	0.004297994269340974	3.5284149025875216e-06	5.541711589942619e-29	1	False
(filmRef)15353	1	0.0864971346704871	3.5284149025875216e-06	1.8609941557347613e-05	1	False
(filmRef)14250	5	0.0057306590257879654	3.5284149025875216e-06	3.352024753055954e-30	1	False
(filmRef)21054	6	0.0041189111747851	3.4642619043586574e-06	1.0383826317700922e-32	1	False
(filmRef)20400	1	0.07933381088825214	3.4321854052442253e-06	1.6944115053248625e-05	1	False
(filmRef)15900	14	0.0025071633237822347	3.400108906129793e-06	3.6982227584889424e-32	1	False
(filmRef)15113	1	0.0913323782234957	3.400108906129793e-06	1.9599795335760385e-05	1	False
(filmRef)18204	14	0.0014326647564469914	3.400108906129793e-06	1.745729714076244e-32	1	False
(filmRef)17760	14	0.00035816618911174784	3.400108906129793e-06	2.7514925272639377e-33	1	False
(filmRef)17290	1	0.09939111747851002	3.400108906129793e-06	2.313017773272648e-05	1	False
(filmRef)1023	27	0.0007163323782234957	3.400108906129793e-06	2.5120154055753175e-43	1	False
(filmRef)16351	1	0.07575214899713467	3.400108906129793e-06	1.6225745993772724e-05	1	False
(filmRef)17122	15	0.0060888252148997134	3.400108906129793e-06	4.511605198592408e-28	1	False
(filmRef)15796	1	0.09151146131805157	3.3359559079009294e-06	1.9711012535086984e-05	1	False
(filmRef)17390	52	0.0008954154727793696	3.3359559079009294e-06	9.49894743691837e-45	1	False
(filmRef)0998	27	0.00035816618911174784	3.3359559079009294e-06	1.3002962472775113e-43	1	False
(filmRef)20416	1	0.08900429799426934	3.271802909672065e-06	1.929937038730587e-05	1	False
(filmRef)15315	1	0.07843839541547278	3.271802909672065e-06	1.6803491384808465e-05	1	False
(filmRef)20533	1	0.08685530085959885	3.271802909672065e-06	1.865970956179198e-05	1	False
(filmRef)17336	1	0.09383954154727793	3.239726410557633e-06	2.0389119737626092e-05	1	False
(filmRef)17280	23	0.005909742120343839	3.2076499114432014e-06	2.3810002652539724e-32	1	False
(filmRef)18714	1	0.09348137535816618	3.2076499114432014e-06	2.0238779092658255e-05	1	False
(filmRef)UCS0067	11	0.0017908309455587391	3.2076499114432014e-06	1.1901182028567487e-38	1	False
(filmRef)14585	16	0.0034025787965616043	3.2076499114432014e-06	2.8290894258010164e-29	1	False
(filmRef)22446	58	0.0010744985673352436	3.1434969132143372e-06	3.299309562037867e-45	1	False
(filmRef)16355	1	0.07969197707736389	3.1434969132143372e-06	1.6901666671875497e-05	1	False
(filmRef)17044	1	0.08506446991404011	3.079343914985473e-06	1.8064126335756013e-05	1	False
(filmRef)20414	1	0.07539398280802292	3.079343914985473e-06	1.611860062039452e-05	1	False
(filmRef)16342	1	0.07987106017191976	3.079343914985473e-06	1.703951438274546e-05	1	False
(filmRef)17046	1	0.09097421203438395	3.079343914985473e-06	1.9562395902456052e-05	1	False
(filmRef)17034	1	0.08757163323782234	3.079343914985473e-06	1.8681583320319462e-05	1	False
(filmRef)20375	1	0.08810888252148996	3.0472674158710413e-06	1.8868072875976405e-05	1	False
(filmRef)17273	23	0.004656160458452722	3.0151909167566092e-06	2.0811251964178016e-32	1	False
(filmRef)14867	9	0.011640401146131804	3.0151909167566092e-06	4.2080460671170734e-23	1	False
(filmRef)UCS0062	11	0.0017908309455587391	3.0151909167566092e-06	1.2021093786559907e-38	1	False
(filmRef)16024	1	0.09222779369627507	2.951037918527745e-06	1.97647216594698e-05	1	False
(filmRef)15735	1	0.08184097421203439	2.951037918527745e-06	1.7458661179897654e-05	1	False
(filmRef)20294	1	0.08452722063037249	2.951037918527745e-06	1.8160901989010042e-05	1	False
(filmRef)18356	12	0.009670487106017192	2.951037918527745e-06	6.438352110890126e-24	1	False
(filmRef)16894	3	0.005193409742120344	2.950604452323498e-06	2.5153332461341698e-23	1	False
(filmRef)15766	1	0.08112464183381089	2.8868849202988813e-06	1.728757992204921e-05	1	False
(filmRef)17020	15	0.008954154727793696	2.8868849202988813e-06	6.236325271254507e-28	1	False
(filmRef)17383	52	0.0010744985673352436	2.822731922070017e-06	1.1231214149044726e-44	1	False
(filmRef)T0297	4	0.0008954154727793696	2.822731922070017e-06	4.0448580318252395e-43	1	False
(filmRef)16867	1	0.08613896848137535	2.822731922070017e-06	1.8536239240828567e-05	1	False
(filmRef)20489	1	0.08936246418338109	2.822731922070017e-06	1.9302090411918508e-05	1	False
(filmRef)20238	26	0.0041189111747851	2.822731922070017e-06	1.49559345918319e-32	1	False
(filmRef)UCS0102	36	0.00035816618911174784	2.822731922070017e-06	5.321076552136636e-46	1	False
(filmRef)UCS0095	36	0.0005372492836676218	2.822731922070017e-06	7.133297797948306e-46	1	False
(filmRef)20627	1	0.09366045845272206	2.822731922070017e-06	2.0453808193160482e-05	1	False
(filmRef)16557	3	0.0053724928366762174	2.766699190734088e-06	2.738005176534078e-23	1	False
(filmRef)14331	5	0.006267908309455587	2.7585789238411533e-06	3.7068949093150574e-30	1	False
(filmRef)11058	20	0.0028653295128939827	2.7585789238411533e-06	1.268542916520854e-31	1	False
(filmRef)20314	1	0.08506446991404011	2.7585789238411533e-06	1.8249663383664046e-05	1	False
(filmRef)15133	1	0.07611031518624642	2.7585789238411533e-06	1.6260825344979704e-05	1	False
(filmRef)20636	1	0.09509312320916904	2.7585789238411533e-06	2.1022998442557123e-05	1	False
(filmRef)18502	15	0.009670487106017192	2.7158102583552436e-06	6.385402744042251e-28	1	False
(filmRef)18500	15	0.009670487106017192	2.7158102583552436e-06	6.385402744042251e-28	1	False
(filmRef)18501	15	0.009670487106017192	2.7158102583552436e-06	6.385402744042251e-28	1	False
(filmRef)18658	10	0.010565902578796561	2.694425925612289e-06	1.2553859464608701e-23	1	False
(filmRef)14267	2	0.05193409742120344	2.694425925612289e-06	1.4618422074223225e-08	1	False
(filmRef)15349	1	0.08739255014326647	2.694425925612289e-06	1.8773476931952195e-05	1	False
(filmRef)15111	1	0.09222779369627507	2.694425925612289e-06	1.9975605980157398e-05	1	False
(filmRef)18205	14	0.005551575931232092	2.630272927383425e-06	7.072394780996899e-32	1	False
(filmRef)16893	3	0.005193409742120344	2.6234241613562917e-06	2.5155013021556248e-23	1	False
(filmRef)20398	1	0.08810888252148996	2.5981964282689932e-06	1.8868489393949705e-05	1	False
(filmRef)17287	1	0.09097421203438395	2.5981964282689932e-06	1.9562945106176334e-05	1	False
(filmRef)16864	1	0.0920487106017192	2.566119929154561e-06	2.0055151157925207e-05	1	False
(filmRef)5084	4	0.0034025787965616043	2.566119929154561e-06	1.3118910024965525e-37	1	False
(filmRef)18995	1	0.0968839541547278	2.566119929154561e-06	2.1289182838434028e-05	1	False
(filmRef)16362	1	0.08828796561604585	2.566119929154561e-06	1.8913584579454918e-05	1	False
(filmRef)16221	23	0.0053724928366762174	2.501966930925697e-06	2.3742263949754166e-32	1	False
(filmRef)22867	58	0.00035816618911174784	2.501966930925697e-06	4.4060979026840026e-46	1	False
(filmRef)17327	1	0.09097421203438395	2.469890431811265e-06	1.9581900698400244e-05	1	False
(filmRef)16863	1	0.07879656160458452	2.437813932696833e-06	1.685210743307848e-05	1	False
(filmRef)15895	14	0.004656160458452722	2.437813932696833e-06	6.181723671505662e-32	1	False
(filmRef)17029	15	0.008595988538681949	2.437813932696833e-06	6.135100299745332e-28	1	False
(filmRef)20405	1	0.0988538681948424	2.437813932696833e-06	2.318131875693363e-05	1	False
(filmRef)17682	1	0.09527220630372493	2.437813932696833e-06	2.086316378732301e-05	1	False
(filmRef)21066	6	0.0035816618911174783	2.437813932696833e-06	9.774566893770102e-33	1	False
(filmRef)14294	16	0.004297994269340974	2.437813932696833e-06	5.642296312277194e-29	1	False
(filmRef)17018	15	0.008775071633237822	2.437813932696833e-06	6.18186302921167e-28	1	False
(filmRef)18715	1	0.0940186246418338	2.373660934467969e-06	2.0471319078897724e-05	1	False
(filmRef)UCS0156	11	0.002148997134670487	2.373660934467969e-06	2.3541702874436485e-38	1	False
(filmRef)15647	1	0.08327363896848138	2.373660934467969e-06	1.789643023383063e-05	1	False
(filmRef)16881	23	0.0005372492836676218	2.373660934467969e-06	1.4659394629229964e-33	1	False
(filmRef)18416	1	0.09777936962750716	2.373660934467969e-06	2.1801676163439702e-05	1	False
(filmRef)18028	1	0.09795845272206304	2.373660934467969e-06	2.198903871157612e-05	1	False
(filmRef)15130	1	0.08989971346704871	2.3095079362391048e-06	1.9450905471805453e-05	1	False
(filmRef)17668	53	0.0030444126074498567	2.3095079362391048e-06	1.3508525848683914e-34	1	False
(filmRef)15211	1	0.08685530085959885	2.245354938010241e-06	1.8645588421134536e-05	1	False
(filmRef)14865	9	0.006984240687679083	2.245354938010241e-06	2.2119314767828572e-23	1	False
(filmRef)20632	1	0.09509312320916904	2.213278438895809e-06	2.0912146751980402e-05	1	False
(filmRef)16497	23	0.0053724928366762174	2.181201939781377e-06	2.436732996992433e-32	1	False
(filmRef)14806	1	0.09724212034383954	2.181201939781377e-06	2.152359108513996e-05	1	False
(filmRef)17391	52	0.0012535816618911174	2.181201939781377e-06	1.124768863975977e-44	1	False
(filmRef)20629	1	0.09348137535816618	2.181201939781377e-06	2.0326595117511025e-05	1	False
(filmRef)15212	1	0.0872134670487106	2.181201939781377e-06	1.862318410678074e-05	1	False
(filmRef)16545	44	0.0034025787965616043	2.181201939781377e-06	1.4668061575565007e-37	1	False
(filmRef)16082	44	0.0034025787965616043	2.181201939781377e-06	1.4668061575565007e-37	1	False
(filmRef)16985	1	0.09509312320916904	2.117048941552513e-06	2.1039546814352183e-05	1	False
(filmRef)17392	52	0.0010744985673352436	2.117048941552513e-06	1.2309451149867831e-44	1	False
(filmRef)UCS0165	11	0.0010744985673352436	2.117048941552513e-06	1.2873894919303808e-39	1	False
(filmRef)UCS0135	11	0.0007163323782234957	2.117048941552513e-06	3.043207315868048e-39	1	False
(filmRef)15022	5	0.005193409742120344	2.117048941552513e-06	3.16595532023968e-30	1	False
(filmRef)16021	1	0.08900429799426934	2.117048941552513e-06	1.9044227640983503e-05	1	False
(filmRef)17967	10	0.006805157593123209	2.117048941552513e-06	6.680940009447101e-24	1	False
(filmRef)20458	1	0.09276504297994269	2.117048941552513e-06	2.0079127911084538e-05	1	False
(filmRef)18025	1	0.09670487106017192	2.052895943323649e-06	2.140359369297945e-05	1	False
(filmRef)15833	1	0.09419770773638968	2.052895943323649e-06	2.0443694088080485e-05	1	False
(filmRef)17422	67	0.0010744985673352436	2.052895943323649e-06	2.3820413286923737e-44	1	False
(filmRef)1034	27	0.0005372492836676218	2.052895943323649e-06	1.4365849944874749e-43	1	False
(filmRef)20206	26	0.0037607449856733523	2.052895943323649e-06	1.4427218434955148e-32	1	False
(filmRef)14617	1	0.09527220630372493	2.052895943323649e-06	2.0645131584229525e-05	1	False
(filmRef)14572	16	0.004297994269340974	2.0528959433236484e-06	9.68465034420531e-29	1	False
(filmRef)16012	1	0.09294412607449856	2.0208194442092167e-06	2.0102302624644255e-05	1	False
(filmRef)20299	1	0.08327363896848138	1.9887429450947846e-06	1.7960770224433462e-05	1	False
(filmRef)17275	23	0.0050143266475644694	1.9887429450947846e-06	2.2049521678829885e-32	1	False
(filmRef)15805	1	0.09366045845272206	1.9887429450947846e-06	2.0180036587463958e-05	1	False
(filmRef)14861	9	0.011461318051575931	1.9887429450947846e-06	4.08455055243655e-23	1	False
(filmRef)16515	14	0.0050143266475644694	1.9887429450947846e-06	6.385732115488307e-32	1	False
(filmRef)17050	1	0.09509312320916904	1.9887429450947846e-06	2.0875434309542664e-05	1	False
(filmRef)14663	22	0.006626074498567335	1.9887429450947846e-06	1.9623815882860552e-27	1	False
(filmRef)17329	1	0.09419770773638968	1.924589946865921e-06	2.056350796944005e-05	1	False
(filmRef)11042	20	0.0012535816618911174	1.924589946865921e-06	5.55750666171044e-32	1	False
(filmRef)1056	27	0.0014326647564469914	1.924589946865921e-06	7.891165039950524e-43	1	False
(filmRef)20140	1	0.09634670487106017	1.924589946865921e-06	2.1369155220013653e-05	1	False
(filmRef)20194	1	0.09025787965616046	1.924589946865921e-06	1.9527731070352708e-05	1	False
(filmRef)14584	16	0.003939828080229226	1.924589946865921e-06	5.23943799593475e-29	1	False
(filmRef)15008	1	0.09437679083094555	1.924589946865921e-06	2.0643592075220745e-05	1	False
(filmRef)16555	3	0.005551575931232092	1.9237519122043723e-06	2.951802079230511e-23	1	False
(filmRef)14959	16	0.0050143266475644694	1.8925134477514887e-06	1.4976711886144219e-28	1	False
(filmRef)15367	1	0.08954154727793696	1.8604369486370567e-06	1.9343988950952794e-05	1	False
(filmRef)14998	1	0.09437679083094555	1.8604369486370567e-06	2.0412738339019265e-05	1	False
(filmRef)16357	1	0.08273638968481375	1.8604369486370567e-06	1.7609985211459717e-05	1	False
(filmRef)15662	1	0.08954154727793696	1.8604369486370567e-06	1.935017955382283e-05	1	False
(filmRef)15312	1	0.08595988538681948	1.8604369486370567e-06	1.847292770503468e-05	1	False
(filmRef)20065	1	0.06070916905444126	1.8604369486370567e-06	1.2773391642379925e-05	1	False
(filmRef)21110	6	0.004297994269340974	1.8287423126073202e-06	1.2113730252117915e-30	1	False
(filmRef)21109	6	0.004297994269340974	1.8287423126073202e-06	1.2113730252117915e-30	1	False
(filmRef)21108	6	0.004297994269340974	1.8287423126073202e-06	1.2113730252117915e-30	1	False
(filmRef)21113	6	0.004297994269340974	1.8287423126073202e-06	1.2113730252117915e-30	1	False
(filmRef)17274	23	0.004835243553008596	1.8283604495226248e-06	2.17742551860011e-32	1	False
(filmRef)22448	58	0.0008954154727793696	1.8283604495226248e-06	3.4310108476720665e-45	1	False
(filmRef)22447	58	0.0008954154727793696	1.8283604495226248e-06	3.4310108476720665e-45	1	False
(filmRef)22557	58	0.00035816618911174784	1.7962839504081927e-06	1.0317197389199962e-46	1	False
(filmRef)16014	1	0.07145415472779369	1.7962839504081927e-06	1.5195081508068069e-05	1	False
(filmRef)15328	59	0.0026862464183381087	1.7962839504081927e-06	1.993715026584699e-35	1	False
(filmRef)11235	7	0.004477077363896848	1.7962839504081927e-06	2.9887203834896646e-26	1	False
(filmRef)17636	67	0.0010744985673352436	1.7962839504081927e-06	2.0526728959961964e-44	1	False
(filmRef)17000	3	0.012893982808022923	1.7962839504081927e-06	1.813797212001655e-22	1	False
(filmRef)16942	52	0.00035816618911174784	1.7962839504081927e-06	2.5438310113974323e-45	1	False
(filmRef)21112	6	0.004297994269340974	1.781391290105064e-06	1.2114854752703633e-30	1	False
(filmRef)15605	19	0.0082378223495702	1.7321309521793287e-06	2.2927926611416406e-26	1	False
(filmRef)1014	27	0.00035816618911174784	1.7321309521793287e-06	2.1351779985412182e-44	1	False
(filmRef)19454	81	0.001969914040114613	1.7321309521793287e-06	5.098132160930088e-42	1	False
(filmRef)14264	5	0.0028653295128939827	1.7321309521793287e-06	8.717147655923655e-32	1	False
(filmRef)11079	20	0.0060888252148997134	1.7321309521793287e-06	3.101259584031979e-31	1	False
(filmRef)17024	15	0.007879656160458453	1.7321309521793287e-06	5.8359373937904295e-28	1	False
(filmRef)21107	6	0.004297994269340974	1.7183838811302862e-06	1.2115057338421097e-30	1	False
(filmRef)20408	1	0.07933381088825214	1.6679779539504647e-06	1.709133996302333e-05	1	False
(filmRef)0676	27	0.0008954154727793696	1.6679779539504647e-06	4.778940079706307e-44	1	False
(filmRef)18719	1	0.08452722063037249	1.6679779539504647e-06	1.81522189152557e-05	1	False
(filmRef)15598	19	0.0082378223495702	1.6679779539504647e-06	2.2907657528153964e-26	1	False
(filmRef)18717	1	0.09563037249283668	1.6679779539504647e-06	2.1146876212757295e-05	1	False
(filmRef)22568	58	0.0005372492836676218	1.6679779539504647e-06	1.1798200738224322e-45	1	False
(filmRef)19019	89	0.0010744985673352436	1.6679779539504647e-06	1.1848442197896368e-47	1	False
(filmRef)20547	1	0.09580945558739255	1.6359014548360326e-06	2.1209408626368165e-05	1	False
(filmRef)15679	1	0.07700573065902579	1.6038249557216007e-06	1.6463532416807e-05	1	False
(filmRef)20313	1	0.08792979942693409	1.6038249557216007e-06	1.895102574031813e-05	1	False
(filmRef)20300	1	0.0906160458452722	1.6038249557216007e-06	1.9793381972416596e-05	1	False
(filmRef)17032	1	0.08846704871060172	1.6038249557216007e-06	1.909821592505535e-05	1	False
(filmRef)18725	1	0.07396131805157592	1.6038249557216007e-06	1.5854798618411003e-05	1	False
(filmRef)T0446	4	0.0007163323782234957	1.5396719574927365e-06	6.104984505889621e-43	1	False
(filmRef)16448	14	0.005193409742120344	1.5396719574927365e-06	6.701609748848957e-32	1	False
(filmRef)18197	14	0.006267908309455587	1.5396719574927365e-06	7.684443880624246e-32	1	False
(filmRef)17232	12	0.009670487106017192	1.5396719574927365e-06	6.4481205459493676e-24	1	False
(filmRef)20409	1	0.09025787965616046	1.5396719574927365e-06	1.9570970025887567e-05	1	False
(filmRef)18022	1	0.09509312320916904	1.5396719574927365e-06	2.090203834261201e-05	1	False
(filmRef)15640	1	0.08058739255014326	1.5396719574927365e-06	1.7258815962154356e-05	1	False
(filmRef)14381	2	0.009849570200573065	1.5396719574927365e-06	2.2701893595146328e-09	1	False
(filmRef)15557	1	0.08184097421203439	1.5396719574927365e-06	1.7725058044306697e-05	1	False
(filmRef)17005	3	0.012177650429799427	1.5075954583783046e-06	1.8204981792172643e-22	1	False
(filmRef)UCS0035	36	0.00035816618911174784	1.4755189592638725e-06	2.2306994257213573e-46	1	False
(filmRef)20068	1	0.05300859598853868	1.4755189592638725e-06	1.1244244681003473e-05	1	False
(filmRef)UCS0024	36	0.0005372492836676218	1.4755189592638725e-06	2.6576547156793216e-46	1	False
(filmRef)17036	1	0.09294412607449856	1.4755189592638725e-06	2.026797314443989e-05	1	False
(filmRef)20464	1	0.09437679083094555	1.4755189592638725e-06	2.0703802202553925e-05	1	False
(filmRef)UCS0040	36	0.00035816618911174784	1.4755189592638725e-06	1.6717538076883678e-46	1	False
(filmRef)14850	1	0.09795845272206304	1.4755189592638725e-06	2.2199215111238543e-05	1	False
(filmRef)11066	20	0.0057306590257879654	1.4755189592638725e-06	3.0522411807004105e-31	1	False
(filmRef)18030	1	0.09795845272206304	1.4755189592638725e-06	2.2311484652337983e-05	1	False
(filmRef)16892	3	0.004835243553008596	1.466212508662804e-06	8.075587217428821e-24	1	False
(filmRef)16891	3	0.004835243553008596	1.466212508662804e-06	8.075587217428821e-24	1	False
(filmRef)17006	3	0.012177650429799427	1.4626883596181e-06	1.8219134723244468e-22	1	False
(filmRef)20401	1	0.08810888252148996	1.4434424601494406e-06	1.8960824150715044e-05	1	False
(filmRef)16496	23	0.0050143266475644694	1.4434424601494406e-06	2.310493553510404e-32	1	False
(filmRef)17049	68	0.002148997134670487	1.4113659610350085e-06	1.067146269009713e-37	1	False
(filmRef)0681	27	0.0008954154727793696	1.4113659610350085e-06	4.928943974349022e-44	1	False
(filmRef)UCS0111	11	0.0008954154727793696	1.4113659610350085e-06	5.501152746698892e-39	1	False
(filmRef)20303	1	0.0872134670487106	1.3472129628061446e-06	1.8794413929099245e-05	1	False
(filmRef)17012	15	0.007700573065902578	1.3472129628061446e-06	5.76033692497421e-28	1	False
(filmRef)20677	26	0.002148997134670487	1.3472129628061446e-06	1.645955980159146e-33	1	False
(filmRef)5186	4	0.0026862464183381087	1.3472129628061446e-06	1.128266916217829e-37	1	False
(filmRef)15589	42	0.0028653295128939827	1.3472129628061446e-06	8.087289678402012e-37	1	False
(filmRef)15958	3	0.0012535816618911174	1.3472129628061446e-06	1.5279169544733063e-25	1	False
(filmRef)16015	1	0.0913323782234957	1.3472129628061446e-06	1.9703111239464964e-05	1	False
(filmRef)15163	1	0.08112464183381089	1.3472129628061446e-06	1.744915577085106e-05	1	False
(filmRef)18374	1	0.09706303724928367	1.3472129628061446e-06	2.152772078852867e-05	1	False
(filmRef)15798	1	0.09312320916905444	1.3472129628061446e-06	2.0213913753685734e-05	1	False
(filmRef)21106	6	0.004297994269340974	1.3369026595193624e-06	1.2116802388480656e-30	1	False
(filmRef)20373	1	0.08488538681948424	1.3151364636917125e-06	1.823928110766103e-05	1	False
(filmRef)20395	1	0.08488538681948424	1.3151364636917125e-06	1.8237948400362108e-05	1	False
(filmRef)1003	27	0.0007163323782234957	1.2830599645772806e-06	4.169412942647884e-44	1	False
(filmRef)20634	1	0.08936246418338109	1.2830599645772806e-06	1.940597141925887e-05	1	False
(filmRef)15609	1	0.07431948424068768	1.2830599645772806e-06	1.574404060179562e-05	1	False
(filmRef)T1860	4	0.0016117478510028654	1.2830599645772806e-06	2.2955730814305506e-41	1	False
(filmRef)18196	14	0.006267908309455587	1.2830599645772806e-06	7.548272004339502e-32	1	False
(filmRef)17025	15	0.007521489971346705	1.2830599645772806e-06	5.651760306385138e-28	1	False
(filmRef)17019	15	0.008416905444126075	1.2509834654628485e-06	6.025612220276412e-28	1	False
(filmRef)18026	1	0.09437679083094555	1.2189069663484166e-06	2.054034048487848e-05	1	False
(filmRef)11059	20	0.0057306590257879654	1.2189069663484166e-06	3.078756023441585e-31	1	False
(filmRef)18720	1	0.09563037249283668	1.2189069663484166e-06	2.1248381596095675e-05	1	False
(filmRef)20292	1	0.09437679083094555	1.2189069663484166e-06	2.064590215029993e-05	1	False
(filmRef)UCS0090	11	0.0008954154727793696	1.2189069663484166e-06	1.318635471895746e-39	1	False
(filmRef)18381	1	0.09813753581661891	1.2189069663484166e-06	2.2476653946832384e-05	1	False
(filmRef)18208	14	0.0026862464183381087	1.2189069663484166e-06	3.65224312985106e-32	1	False
(filmRef)16869	1	0.08882521489971347	1.2189069663484166e-06	1.930797282827406e-05	1	False
(filmRef)16491	23	0.0057306590257879654	1.2189069663484166e-06	2.5390919042107024e-32	1	False
(filmRef)11401	7	0.00913323782234957	1.1975226336054613e-06	8.099869384305868e-26	1	False
(filmRef)20378	1	0.08810888252148996	1.1868304672339845e-06	1.8961093332387724e-05	1	False
(filmRef)17508	10	0.009670487106017192	1.1547539681195524e-06	1.0495368415227754e-23	1	False
(filmRef)14921	5	0.0037607449856733523	1.1547539681195524e-06	8.218062849261342e-32	1	False
(filmRef)11022	20	0.004656160458452722	1.1547539681195524e-06	2.477759639336863e-31	1	False
(filmRef)20061	1	0.09509312320916904	1.1547539681195524e-06	2.0930458725123457e-05	1	False
(filmRef)15897	14	0.0030444126074498567	1.1547539681195524e-06	4.510908015082798e-32	1	False
(filmRef)20737	37	0.0030444126074498567	1.1547539681195524e-06	7.254482966272484e-35	1	False
(filmRef)18359	12	0.009670487106017192	1.1547539681195524e-06	6.431084028521653e-24	1	False
(filmRef)20546	1	0.0968839541547278	1.1547539681195524e-06	2.191319310233713e-05	1	False
(filmRef)14439	16	0.0032234957020057307	1.1547539681195524e-06	3.049524319820103e-29	1	False
(filmRef)17323	1	0.09455587392550142	1.1547539681195524e-06	2.0705971033616083e-05	1	False
(filmRef)17908	1	0.09813753581661891	1.1547539681195524e-06	2.221348214358523e-05	1	False
(filmRef)20540	1	0.0968839541547278	1.1547539681195524e-06	2.1709088021089856e-05	1	False
(filmRef)14228	45	0.0025071633237822347	1.1547539681195524e-06	9.340868084417618e-37	1	False
(filmRef)14810	1	0.09383954154727793	1.1226774690051205e-06	2.045308229969807e-05	1	False
(filmRef)11070	20	0.0057306590257879654	1.1226774690051205e-06	3.136580284062105e-31	1	False
(filmRef)16868	1	0.09455587392550142	1.0906009698906884e-06	2.057707193937711e-05	1	False
(filmRef)18207	14	0.004835243553008596	1.0906009698906884e-06	6.484762591060141e-32	1	False
(filmRef)5059	4	0.0028653295128939827	1.0906009698906884e-06	1.175976912567904e-37	1	False
(filmRef)16940	52	0.0005372492836676218	1.0906009698906884e-06	1.1658360898648864e-45	1	False
(filmRef)T2024	4	0.0016117478510028654	1.0906009698906884e-06	2.2866480694585132e-41	1	False
(filmRef)14917	5	0.0053724928366762174	1.0906009698906884e-06	3.1750200183723655e-30	1	False
(filmRef)20384	48	0.0032234957020057307	1.0264479716618244e-06	1.3801880598184282e-33	1	False
(filmRef)17291	1	0.09276504297994269	1.0264479716618244e-06	2.0188163943111023e-05	1	False
(filmRef)20296	1	0.07879656160458452	1.0264479716618244e-06	1.691157048799048e-05	1	False
(filmRef)17373	67	0.0008954154727793696	1.0264479716618244e-06	1.9584411450191584e-44	1	False
(filmRef)19397	10	0.010207736389684814	1.0264479716618244e-06	1.1590163615135677e-23	1	False
(filmRef)16348	1	0.06608166189111747	1.0264479716618244e-06	1.3925754558642881e-05	1	False
(filmRef)15108	1	0.09348137535816618	1.0264479716618244e-06	2.0275731846151363e-05	1	False
(filmRef)16361	1	0.08434813753581662	1.0264479716618244e-06	1.7950608740286138e-05	1	False
(filmRef)UCS0039	36	0.0007163323782234957	1.0264479716618244e-06	2.3922645786397927e-45	1	False
(filmRef)7039	39	0.0041189111747851	1.0264479716618244e-06	2.5803378456881005e-32	1	False
(filmRef)11039	20	0.0060888252148997134	1.0264479716618244e-06	3.316442814761857e-31	1	False
(filmRef)16886	23	0.0028653295128939827	1.0264479716618244e-06	1.427043706076653e-32	1	False
(filmRef)20687	26	0.002328080229226361	1.0264479716618244e-06	2.205729256374102e-33	1	False
(filmRef)20404	1	0.08327363896848138	1.0264479716618244e-06	1.7819120328797694e-05	1	False
(filmRef)20732	37	0.0037607449856733523	1.0264479716618244e-06	8.895876271577001e-35	1	False
(filmRef)16952	12	0.009491404011461318	1.0264479716618244e-06	6.036872875459089e-24	1	False
(filmRef)16185	3	0.0053724928366762174	1.015478947938158e-06	1.4492118102388265e-23	1	False
(filmRef)16184	3	0.0053724928366762174	1.0066169722068435e-06	1.4496662621426868e-23	1	False
(filmRef)16183	3	0.0053724928366762174	1.0066169722068435e-06	1.4496662925058096e-23	1	False
(filmRef)14866	9	0.006984240687679083	9.943714725473923e-07	2.2192999875605843e-23	1	False
(filmRef)14955	16	0.006267908309455587	9.684047827880904e-07	1.7426352256906152e-28	1	False
(filmRef)14580	16	0.0053724928366762174	9.622949734329604e-07	1.0998253351523636e-28	1	False
(filmRef)16043	84	0.0016117478510028654	9.622949734329604e-07	9.932426662905232e-42	1	False
(filmRef)20725	37	0.0034025787965616043	9.622949734329604e-07	8.115788345759001e-35	1	False
(filmRef)18203	14	0.0064469914040114614	9.622949734329604e-07	7.939188403189065e-32	1	False
(filmRef)15608	19	0.008416905444126075	9.622949734329604e-07	2.3340032349122095e-26	1	False
(filmRef)16506	14	0.0025071633237822347	9.622949734329604e-07	3.6627967364305146e-32	1	False
(filmRef)14837	5	0.004477077363896848	9.622949734329604e-07	2.8029654730111785e-30	1	False
(filmRef)19352	10	0.010744985673352435	9.622949734329604e-07	1.2760132285098831e-23	1	False
(filmRef)11084	20	0.0037607449856733523	9.622949734329604e-07	2.1315990869867354e-31	1	False
(filmRef)22563	58	0.00035816618911174784	9.622949734329604e-07	4.0205283908677384e-46	1	False
(filmRef)20486	1	0.09366045845272206	9.622949734329604e-07	2.0461673434301938e-05	1	False
(filmRef)15223	1	0.0940186246418338	9.622949734329604e-07	2.0496809134388616e-05	1	False
(filmRef)14594	5	0.0053724928366762174	9.622949734329604e-07	3.254857300578219e-30	1	False
(filmRef)22673	58	0.0005372492836676218	9.622949734329604e-07	5.793864159783633e-46	1	False
(filmRef)16219	23	0.004835243553008596	9.622949734329604e-07	2.2276482711393516e-32	1	False
(filmRef)15184	59	0.00035816618911174784	9.622949734329604e-07	1.1513784099994883e-36	1	False
(filmRef)22082	58	0.00035816618911174784	9.622949734329604e-07	2.5117293711461524e-47	1	False
(filmRef)20465	1	0.0954512893982808	9.622949734329604e-07	2.1020160043009358e-05	1	False
(filmRef)16507	14	0.0028653295128939827	9.622949734329604e-07	4.225260177901214e-32	1	False
(filmRef)22063	104	0.0008954154727793696	9.622949734329604e-07	2.5122590877073685e-47	1	False
(filmRef)11399	7	0.008954154727793696	9.409106406900059e-07	5.863793045539714e-26	1	False
(filmRef)11400	7	0.008954154727793696	9.409106406900059e-07	5.863793045539714e-26	1	False
(filmRef)11398	7	0.008954154727793696	9.409106406900059e-07	5.863793045539714e-26	1	False
(filmRef)14769	1	0.09312320916905444	9.302184743185283e-07	2.024543609816078e-05	1	False
(filmRef)16181	3	0.0053724928366762174	9.219224921877314e-07	1.4493953538866e-23	1	False
(filmRef)16182	3	0.0053724928366762174	9.219224921877314e-07	1.4493953538866e-23	1	False
(filmRef)20394	1	0.08631805157593123	9.19526307947051e-07	1.8462871878323042e-05	1	False
(filmRef)20372	1	0.08631805157593123	9.19526307947051e-07	1.8463768885135894e-05	1	False
(filmRef)16010	1	0.08667621776504297	8.981419752040963e-07	1.8754468593853106e-05	1	False
(filmRef)N0512	4	0.0005372492836676218	8.981419752040963e-07	6.206546075335123e-42	1	False
(filmRef)UCS0144	11	0.0016117478510028654	8.981419752040963e-07	1.8326181515595852e-38	1	False
(filmRef)17673	3	0.012714899713467048	8.981419752040963e-07	1.7961149968960316e-22	1	False
(filmRef)15458	1	0.09563037249283668	8.981419752040963e-07	2.118645632957418e-05	1	False
(filmRef)21014	24	0.005193409742120344	8.981419752040963e-07	3.864084414593412e-29	1	False
(filmRef)15186	85	0.0017908309455587391	8.981419752040963e-07	3.642706956074291e-39	1	False
(filmRef)15807	76	0.0014326647564469914	8.981419752040963e-07	3.1444937359036875e-41	1	False
(filmRef)20600	1	0.09742120343839542	8.981419752040963e-07	2.2026275900474446e-05	1	False
(filmRef)20138	1	0.09455587392550142	8.981419752040963e-07	2.0759754435826327e-05	1	False
(filmRef)20456	1	0.09294412607449856	8.981419752040963e-07	2.02959039671908e-05	1	False
(filmRef)21010	24	0.006267908309455587	8.981419752040963e-07	5.071906342371351e-29	1	False
(filmRef)17322	1	0.08631805157593123	8.55373309718187e-07	1.855841240176252e-05	1	False
(filmRef)17282	1	0.08631805157593123	8.55373309718187e-07	1.8558482647111355e-05	1	False
(filmRef)16763	40	0.0035816618911174783	8.339889769752323e-07	1.6437085687183278e-33	1	False
(filmRef)17381	52	0.0007163323782234957	8.339889769752323e-07	6.196830230024796e-45	1	False
(filmRef)11233	7	0.0016117478510028654	8.339889769752323e-07	1.0415343137647313e-26	1	False
(filmRef)20205	26	0.0035816618911174783	8.339889769752323e-07	1.4181670904200579e-32	1	False
(filmRef)14980	46	0.0026862464183381087	8.339889769752323e-07	9.51602433233354e-35	1	False
(filmRef)16445	14	0.0025071633237822347	8.339889769752323e-07	3.819771581147813e-32	1	False
(filmRef)14146	45	0.0025071633237822347	8.339889769752323e-07	9.733070079254633e-37	1	False
(filmRef)15041	76	0.0014326647564469914	8.339889769752323e-07	3.06091812993791e-41	1	False
(filmRef)14762	1	0.09312320916905444	8.339889769752323e-07	2.02949119242367e-05	1	False
(filmRef)20198	1	0.09186962750716332	8.339889769752323e-07	1.9887558357513628e-05	1	False
(filmRef)11043	20	0.0037607449856733523	8.339889769752323e-07	2.1218595686957046e-31	1	False
(filmRef)16017	1	0.07234957020057306	8.339889769752323e-07	1.5461374183492473e-05	1	False
(filmRef)11069	20	0.0053724928366762174	8.339889769752323e-07	3.0131032164754746e-31	1	False
(filmRef)8104	66	0.0025071633237822347	8.339889769752323e-07	1.926738714520595e-34	1	False
(filmRef)17276	23	0.0041189111747851	8.339889769752323e-07	1.9889616170667205e-32	1	False
(filmRef)11397	7	0.008595988538681949	8.126046442322775e-07	7.77188559129095e-26	1	False
(filmRef)22016	106	0.0008954154727793696	7.698359787463683e-07	1.3922853120156138e-46	1	False
(filmRef)17039	1	0.07109598853868195	7.698359787463683e-07	1.502248522448237e-05	1	False
(filmRef)15661	1	0.09383954154727793	7.698359787463683e-07	2.0582291877368344e-05	1	False
(filmRef)16828	103	0.0005372492836676218	7.698359787463683e-07	1.0431474119486433e-48	1	False
(filmRef)19374	10	0.010565902578796561	7.698359787463683e-07	1.2811279079897359e-23	1	False
(filmRef)20301	1	0.09258595988538681	7.698359787463683e-07	2.0180844438536992e-05	1	False
(filmRef)19088	77	0.0014326647564469914	7.698359787463683e-07	9.352227015647304e-40	1	False
(filmRef)15061	1	0.09867478510028653	7.698359787463683e-07	2.2804228306828094e-05	1	False
(filmRef)14583	16	0.0037607449856733523	7.698359787463683e-07	7.511526750924252e-29	1	False
(filmRef)17040	68	0.00035816618911174784	7.698359787463683e-07	8.540803423505226e-39	1	False
(filmRef)15483	62	0.0026862464183381087	7.698359787463683e-07	1.3412695922025821e-34	1	False
(filmRef)20312	1	0.08166189111747851	7.698359787463683e-07	1.7566055707765533e-05	1	False
(filmRef)15505	19	0.005909742120343839	7.698359787463683e-07	1.5817973520197327e-26	1	False
(filmRef)14567	5	0.005909742120343839	7.698359787463683e-07	3.6521436572355425e-30	1	False
(filmRef)19989	1	0.06070916905444126	7.698359787463683e-07	1.2789291161707013e-05	1	False
(filmRef)17013	15	0.008416905444126075	7.377594796319363e-07	6.038585169006391e-28	1	False
(filmRef)17004	3	0.011998567335243553	7.313441798090499e-07	1.818662365411607e-22	1	False
(filmRef)UCS0158	11	0.002148997134670487	7.056829805175043e-07	2.353931488647373e-38	1	False
(filmRef)21096	6	0.0026862464183381087	7.056829805175043e-07	4.803825479658184e-33	1	False
(filmRef)UCS0117	11	0.0012535816618911174	7.056829805175043e-07	1.8198399511270084e-39	1	False
(filmRef)20487	1	0.09455587392550142	7.056829805175043e-07	2.0881130816290243e-05	1	False
(filmRef)17372	67	0.0007163323782234957	7.056829805175043e-07	1.6013186968612264e-44	1	False
(filmRef)15260	1	0.09383954154727793	7.056829805175043e-07	2.056518950163882e-05	1	False
(filmRef)14227	45	0.0032234957020057307	7.056829805175043e-07	1.1697601656897757e-36	1	False
(filmRef)20490	1	0.09294412607449856	7.056829805175043e-07	2.0335957333845428e-05	1	False
(filmRef)15084	5	0.0026862464183381087	7.056829805175043e-07	7.180585858247578e-33	1	False
(filmRef)5243	4	0.0017908309455587391	7.056829805175043e-07	6.603957246474451e-38	1	False
(filmRef)16074	44	0.0025071633237822347	7.056829805175043e-07	1.3223900109599002e-37	1	False
(filmRef)21321	79	0.0016117478510028654	7.056829805175043e-07	1.2616491977575468e-41	1	False
(filmRef)14230	2	0.05193409742120344	7.056829805175043e-07	1.48351386321347e-08	1	False
(filmRef)14834	5	0.005551575931232092	7.056829805175043e-07	3.2922055107940746e-30	1	False
(filmRef)14809	76	0.0007163323782234957	7.056829805175043e-07	4.7237480707137676e-42	1	False
(filmRef)16044	84	0.0017908309455587391	7.056829805175043e-07	1.0281814091492472e-41	1	False
(filmRef)14741	1	0.09742120343839542	7.056829805175043e-07	2.1714736424907548e-05	1	False
(filmRef)4681	105	0.0007163323782234957	7.056829805175043e-07	4.871170722401664e-47	1	False
(filmRef)15052	1	0.0954512893982808	7.056829805175043e-07	2.084019358666042e-05	1	False
(filmRef)14746	1	0.09598853868194843	7.056829805175043e-07	2.1272069289000934e-05	1	False
(filmRef)17048	1	0.09491404011461317	7.056829805175043e-07	2.0893945055314297e-05	1	False
(filmRef)20393	1	0.09312320916905444	6.949908141460269e-07	2.0270397807393923e-05	1	False
(filmRef)20371	1	0.09312320916905444	6.949908141460269e-07	2.027007709259177e-05	1	False
(filmRef)20747	37	0.0035816618911174783	6.78952564588811e-07	9.088196925187718e-35	1	False
(filmRef)14964	16	0.004835243553008596	6.736064814030723e-07	1.4962735151831236e-28	1	False
(filmRef)11381	7	0.008595988538681949	6.682603982173338e-07	7.782312830030474e-26	1	False
(filmRef)17674	3	0.011998567335243553	6.671911815801859e-07	1.8181846412050049e-22	1	False
(filmRef)20406	1	0.09151146131805157	6.629143150315948e-07	1.995753744259094e-05	1	False
(filmRef)2946	105	0.0007163323782234957	6.415299822886403e-07	5.993676268622564e-47	1	False
(filmRef)11074	20	0.0035816618911174783	6.415299822886403e-07	1.9700693336364308e-31	1	False
(filmRef)14732	1	0.09563037249283668	6.415299822886403e-07	2.1145941448157583e-05	1	False
(filmRef)11380	7	0.009849570200573065	6.415299822886403e-07	6.602164892790814e-26	1	False
(filmRef)21046	6	0.0032234957020057307	6.415299822886403e-07	5.742349033488326e-33	1	False
(filmRef)15573	1	0.09652578796561605	6.415299822886403e-07	2.1381834815171697e-05	1	False
(filmRef)16833	103	0.0005372492836676218	6.415299822886403e-07	1.007934251940749e-48	1	False
(filmRef)21007	24	0.005909742120343839	6.415299822886403e-07	4.708817233026712e-29	1	False
(filmRef)21322	79	0.0016117478510028654	6.415299822886403e-07	1.198295511418004e-41	1	False
(filmRef)16831	103	0.00035816618911174784	6.415299822886403e-07	5.6562076090135385e-49	1	False
(filmRef)14978	46	0.0017908309455587391	6.415299822886403e-07	6.228696465983558e-35	1	False
(filmRef)18637	89	0.0005372492836676218	6.415299822886403e-07	9.247141468845396e-48	1	False
(filmRef)15028	63	0.001969914040114613	6.415299822886403e-07	3.626052189386255e-38	1	False
(filmRef)15556	1	0.09563037249283668	6.415299822886403e-07	2.098826970949765e-05	1	False
(filmRef)5249	4	0.0026862464183381087	6.415299822886403e-07	1.07761604481034e-37	1	False
(filmRef)11228	7	0.0026862464183381087	6.415299822886403e-07	1.7309054511709658e-26	1	False
(filmRef)16363	1	0.0968839541547278	6.415299822886403e-07	2.205014495316265e-05	1	False
(filmRef)15594	1	0.09903295128939828	6.415299822886403e-07	2.293843979482043e-05	1	False
(filmRef)18388	10	0.010386819484240688	6.415299822886403e-07	1.1999043080576774e-23	1	False
(filmRef)19010	90	0.0014326647564469914	6.415299822886403e-07	8.388828944395195e-40	1	False
(filmRef)21070	6	0.0030444126074498567	6.415299822886403e-07	5.5864356775921156e-33	1	False
(filmRef)11363	7	0.005551575931232092	6.415299822886403e-07	5.0712926440065596e-26	1	False
(filmRef)20410	1	0.08327363896848138	6.415299822886403e-07	1.7873745535848392e-05	1	False
(filmRef)20730	37	0.0032234957020057307	6.415299822886403e-07	7.679772762883453e-35	1	False
(filmRef)16066	44	0.002148997134670487	6.415299822886403e-07	1.167580958262475e-37	1	False
(filmRef)17325	1	0.09563037249283668	6.415299822886403e-07	2.1117089138198414e-05	1	False
(filmRef)18683	14	0.0053724928366762174	6.415299822886403e-07	6.921407261713244e-32	1	False
(filmRef)15639	1	0.0940186246418338	6.415299822886403e-07	2.0336234314169155e-05	1	False
(filmRef)17676	3	0.011998567335243553	6.351146824657537e-07	1.8184819637637912e-22	1	False
(filmRef)16180	3	0.0053724928366762174	6.08489272269567e-07	1.452531354243731e-23	1	False
(filmRef)11384	7	0.008595988538681949	6.041073999884698e-07	7.783523569763176e-26	1	False
(filmRef)11386	7	0.008595988538681949	6.041073999884698e-07	7.783523569763176e-26	1	False
(filmRef)11385	7	0.008595988538681949	6.041073999884698e-07	7.783523569763176e-26	1	False
(filmRef)20311	1	0.0913323782234957	5.773769840597762e-07	1.9879379954177798e-05	1	False
(filmRef)18686	14	0.003939828080229226	5.773769840597762e-07	5.575996956509174e-32	1	False
(filmRef)5254	4	0.0016117478510028654	5.773769840597762e-07	6.653918833111544e-38	1	False
(filmRef)20295	1	0.09491404011461317	5.773769840597762e-07	2.0932872944831792e-05	1	False
(filmRef)14222	45	0.0034025787965616043	5.773769840597762e-07	1.2154617917763901e-36	1	False
(filmRef)15001	1	0.08685530085959885	5.773769840597762e-07	1.876670955353756e-05	1	False
(filmRef)14252	5	0.0057306590257879654	5.773769840597762e-07	3.672773271053369e-30	1	False
(filmRef)18382	1	0.09813753581661891	5.773769840597762e-07	2.2182180912565153e-05	1	False
(filmRef)18385	10	0.010565902578796561	5.773769840597762e-07	1.2672811323688291e-23	1	False
(filmRef)22551	58	0.0005372492836676218	5.773769840597762e-07	1.870663344725378e-45	1	False
(filmRef)15372	42	0.002148997134670487	5.773769840597762e-07	5.775774883847617e-37	1	False
(filmRef)18983	1	0.07199140401146131	5.773769840597762e-07	1.5415457378246165e-05	1	False
(filmRef)14640	1	0.0961676217765043	5.773769840597762e-07	2.1294965569287086e-05	1	False
(filmRef)15586	1	0.09527220630372493	5.773769840597762e-07	2.082393543821081e-05	1	False
(filmRef)18982	1	0.07199140401146131	5.773769840597762e-07	1.5415457378246165e-05	1	False
(filmRef)17335	1	0.09598853868194843	5.773769840597762e-07	2.17172312804672e-05	1	False
(filmRef)18653	10	0.010386819484240688	5.773769840597762e-07	1.2427433385258133e-23	1	False
(filmRef)11085	20	0.0053724928366762174	5.453004849453442e-07	3.056117393515195e-31	1	False
(filmRef)14952	16	0.005551575931232092	5.420928350339009e-07	1.6884553290266613e-28	1	False
(filmRef)16179	3	0.0053724928366762174	5.314304661560732e-07	1.4528782335946666e-23	1	False
(filmRef)14268	2	0.05193409742120344	5.132239858309122e-07	1.4713696234190784e-08	1	False
(filmRef)20748	37	0.003939828080229226	5.132239858309122e-07	9.03894958321773e-35	1	False
(filmRef)17905	1	0.0961676217765043	5.132239858309122e-07	2.1240631031901256e-05	1	False
(filmRef)18169	115	0.0008954154727793696	5.132239858309122e-07	1.5753219962148546e-45	1	False
(filmRef)16987	1	0.09509312320916904	5.132239858309122e-07	2.096177638230362e-05	1	False
(filmRef)11562	95	0.0012535816618911174	5.132239858309122e-07	9.96671689631576e-43	1	False
(filmRef)17337	1	0.0968839541547278	5.132239858309122e-07	2.2095990387437626e-05	1	False
(filmRef)UCS0162	11	0.0017908309455587391	5.132239858309122e-07	1.951097472127386e-38	1	False
(filmRef)20555	1	0.09527220630372493	5.132239858309122e-07	2.1137442981139354e-05	1	False
(filmRef)14949	16	0.004656160458452722	5.132239858309122e-07	1.4904885098788371e-28	1	False
(filmRef)15966	3	0.0025071633237822347	5.132239858309122e-07	1.9770912043427798e-25	1	False
(filmRef)15023	63	0.001969914040114613	5.132239858309122e-07	3.7384064356291534e-38	1	False
(filmRef)15155	1	0.0968839541547278	5.132239858309122e-07	2.1471974961989236e-05	1	False
(filmRef)18998	10	0.010207736389684814	5.132239858309122e-07	1.1721365860460092e-23	1	False
(filmRef)19987	1	0.09007879656160458	5.132239858309122e-07	1.948357223316315e-05	1	False
(filmRef)18681	14	0.0026862464183381087	5.132239858309122e-07	3.931309999719541e-32	1	False
(filmRef)14895	5	0.005193409742120344	5.132239858309122e-07	3.1615836549944764e-30	1	False
(filmRef)18378	1	0.09760028653295129	5.132239858309122e-07	2.1875260595220577e-05	1	False
(filmRef)21302	97	0.0012535816618911174	5.132239858309122e-07	7.035503070115222e-45	1	False
(filmRef)17271	23	0.0030444126074498567	5.132239858309122e-07	1.4696329779993853e-32	1	False
(filmRef)20996	24	0.005909742120343839	5.132239858309122e-07	4.93162768336182e-29	1	False
(filmRef)17429	52	0.0010744985673352436	5.132239858309122e-07	1.2507629014999738e-44	1	False
(filmRef)19124	113	0.0007163323782234957	5.132239858309122e-07	2.2214119396091334e-47	1	False
(filmRef)19012	90	0.0007163323782234957	5.132239858309122e-07	2.94548158823609e-40	1	False
(filmRef)UCS0036	123	0.0005372492836676218	5.132239858309122e-07	8.014470232803808e-50	1	False
(filmRef)20064	1	0.09491404011461317	5.132239858309122e-07	2.1035586174606305e-05	1	False
(filmRef)14144	45	0.002148997134670487	5.132239858309122e-07	8.884378638989082e-37	1	False
(filmRef)18692	89	0.0005372492836676218	5.132239858309122e-07	7.871861354189529e-48	1	False
(filmRef)19985	1	0.09366045845272206	5.132239858309122e-07	2.0606163606643775e-05	1	False
(filmRef)17037	1	0.09043696275071633	5.132239858309122e-07	1.9554785368166577e-05	1	False
(filmRef)14668	22	0.005909742120343839	5.132239858309122e-07	1.7795043260597352e-27	1	False
(filmRef)14455	5	0.0026862464183381087	5.132239858309122e-07	7.392322133690007e-32	1	False
(filmRef)15753	1	0.07593123209169055	5.132239858309122e-07	1.6198264668378864e-05	1	False
(filmRef)14138	5	0.0016117478510028654	5.132239858309122e-07	8.415921880793195e-31	1	False
(filmRef)20369	13	0.009849570200573065	5.132239858309122e-07	3.269639084806024e-23	1	False
(filmRef)14443	16	0.002328080229226361	5.132239858309122e-07	2.142138246486196e-29	1	False
(filmRef)20608	1	0.09742120343839542	4.811474867164802e-07	2.1612622740586365e-05	1	False
(filmRef)20066	1	0.05676934097421203	4.4907098760204817e-07	1.2027484324648133e-05	1	False
(filmRef)15110	1	0.09383954154727793	4.4907098760204817e-07	2.0508143880456727e-05	1	False
(filmRef)N0390	4	0.0007163323782234957	4.4907098760204817e-07	3.8495993772313456e-41	1	False
(filmRef)17697	1	0.0961676217765043	4.4907098760204817e-07	2.1011699770014086e-05	1	False
(filmRef)15025	63	0.002148997134670487	4.4907098760204817e-07	3.9320761521653346e-38	1	False
(filmRef)17243	52	0.0005372492836676218	4.4907098760204817e-07	6.007280337235911e-45	1	False
(filmRef)20539	1	0.09563037249283668	4.4907098760204817e-07	2.1243320481587052e-05	1	False
(filmRef)14306	22	0.006984240687679083	4.4907098760204817e-07	2.2856571325462263e-27	1	False
(filmRef)20560	0	0.10404727793696275	4.4907098760204817e-07	0.039267924075936725	1	False
(filmRef)20483	1	0.09348137535816618	4.4907098760204817e-07	2.0423635520517356e-05	1	False
(filmRef)11218	7	0.0035816618911174783	4.4907098760204817e-07	2.3563674700549637e-26	1	False
(filmRef)16885	23	0.0041189111747851	4.4907098760204817e-07	1.8713245626804292e-32	1	False
(filmRef)15806	1	0.09491404011461317	4.4907098760204817e-07	2.073021952375912e-05	1	False
(filmRef)16449	14	0.006267908309455587	4.4907098760204817e-07	7.60025313125365e-32	1	False
(filmRef)21001	24	0.005909742120343839	4.4907098760204817e-07	4.953492339472044e-29	1	False
(filmRef)21993	98	0.0012535816618911174	4.4907098760204817e-07	3.564827402479266e-42	1	False
(filmRef)21317	78	0.0016117478510028654	4.4907098760204817e-07	8.347883412835506e-42	1	False
(filmRef)15971	3	0.0025071633237822347	4.4907098760204817e-07	2.0012810508886752e-25	1	False
(filmRef)20739	37	0.0037607449856733523	4.4907098760204817e-07	8.917654243792564e-35	1	False
(filmRef)15961	3	0.002148997134670487	4.4907098760204817e-07	1.97934703798646e-25	1	False
(filmRef)12851	95	0.0007163323782234957	4.4907098760204817e-07	4.140446565257612e-43	1	False
(filmRef)14394	76	0.0005372492836676218	4.4907098760204817e-07	4.547193300192497e-42	1	False
(filmRef)20744	37	0.0032234957020057307	4.4907098760204817e-07	7.750721858348175e-35	1	False
(filmRef)20293	1	0.09007879656160458	4.4907098760204817e-07	1.960167081452756e-05	1	False
(filmRef)14872	9	0.011461318051575931	4.4907098760204817e-07	4.0771577180738864e-23	1	False
(filmRef)20727	37	0.0030444126074498567	4.3303273804483217e-07	8.282296274337985e-35	1	False
(filmRef)16698	40	0.003939828080229226	4.2768665485909345e-07	1.803580092302088e-33	1	False
(filmRef)16632	8	0.007521489971346705	4.1796650361229576e-07	1.455605738891152e-25	1	False
(filmRef)14466	8	0.007521489971346705	4.1796650361229576e-07	1.455605738891152e-25	1	False
(filmRef)16596	8	0.007521489971346705	4.1796650361229576e-07	1.455605738891152e-25	1	False
(filmRef)14183	8	0.007521489971346705	4.1796650361229576e-07	1.455605738891152e-25	1	False
(filmRef)14184	8	0.007521489971346705	4.1796650361229576e-07	1.455605738891152e-25	1	False
(filmRef)14459	8	0.007521489971346705	4.1796650361229576e-07	1.455605738891152e-25	1	False
(filmRef)14460	8	0.007521489971346705	4.1796650361229576e-07	1.455605738891152e-25	1	False
(filmRef)14461	8	0.007521489971346705	4.1796650361229576e-07	1.455605738891152e-25	1	False
(filmRef)16635	8	0.007521489971346705	4.1796650361229576e-07	1.455605738891152e-25	1	False
(filmRef)16634	8	0.007521489971346705	4.1796650361229576e-07	1.455605738891152e-25	1	False
(filmRef)16631	8	0.007521489971346705	4.1796650361229576e-07	1.455605738891152e-25	1	False
(filmRef)16598	8	0.007521489971346705	4.1796650361229576e-07	1.455605738891152e-25	1	False
(filmRef)16597	8	0.007521489971346705	4.1796650361229576e-07	1.455605738891152e-25	1	False
(filmRef)16595	8	0.007521489971346705	4.1796650361229576e-07	1.455605738891152e-25	1	False
(filmRef)14180	8	0.007521489971346705	4.1796650361229576e-07	1.455605738891152e-25	1	False
(filmRef)16594	8	0.007521489971346705	4.1796650361229576e-07	1.455605738891152e-25	1	False
(filmRef)16593	8	0.007521489971346705	4.1796650361229576e-07	1.455605738891152e-25	1	False
(filmRef)14462	8	0.007521489971346705	4.1796650361229576e-07	1.455605738891152e-25	1	False
(filmRef)16592	8	0.007521489971346705	4.1796650361229576e-07	1.455605738891152e-25	1	False
(filmRef)16591	8	0.007521489971346705	4.1796650361229576e-07	1.455605738891152e-25	1	False
(filmRef)14469	8	0.007521489971346705	4.1796650361229576e-07	1.455605738891152e-25	1	False
(filmRef)14463	8	0.007521489971346705	4.1796650361229576e-07	1.455605738891152e-25	1	False
(filmRef)14468	8	0.007521489971346705	4.1796650361229576e-07	1.455605738891152e-25	1	False
(filmRef)14467	8	0.007521489971346705	4.1796650361229576e-07	1.455605738891152e-25	1	False
(filmRef)14464	8	0.007521489971346705	4.1796650361229576e-07	1.455605738891152e-25	1	False
(filmRef)14182	8	0.007521489971346705	4.1796650361229576e-07	1.455605738891152e-25	1	False
(filmRef)14181	8	0.007521489971346705	4.1796650361229576e-07	1.455605738891152e-25	1	False
(filmRef)14179	8	0.007521489971346705	4.1796650361229576e-07	1.455605738891152e-25	1	False
(filmRef)14176	8	0.007521489971346705	4.1796650361229576e-07	1.455605738891152e-25	1	False
(filmRef)14175	8	0.007521489971346705	4.1796650361229576e-07	1.455605738891152e-25	1	False
(filmRef)14465	8	0.007521489971346705	4.1796650361229576e-07	1.455605738891152e-25	1	False
(filmRef)14178	8	0.007521489971346705	4.1796650361229576e-07	1.455605738891152e-25	1	False
(filmRef)14177	8	0.007521489971346705	4.1796650361229576e-07	1.455605738891152e-25	1	False
(filmRef)17691	1	0.09527220630372493	3.8491798937318413e-07	2.1066066248109715e-05	1	False
(filmRef)14437	16	0.0028653295128939827	3.8491798937318413e-07	2.4059002874342496e-29	1	False
(filmRef)15243	69	0.002328080229226361	3.8491798937318413e-07	1.17101888746529e-36	1	False
(filmRef)16064	44	0.0016117478510028654	3.8491798937318413e-07	8.681395748422796e-38	1	False
(filmRef)15171	185	0.0007163323782234957	3.8491798937318413e-07	2.509245117267624e-49	1	False
(filmRef)16982	1	0.09849570200573066	3.8491798937318413e-07	2.2626386590148755e-05	1	False
(filmRef)20684	26	0.001969914040114613	3.8491798937318413e-07	1.0804172252099282e-33	1	False
(filmRef)14150	5	0.004477077363896848	3.8491798937318413e-07	2.6954950572804392e-30	1	False
(filmRef)20680	26	0.001969914040114613	3.8491798937318413e-07	1.0840696894041494e-33	1	False
(filmRef)14454	5	0.005551575931232092	3.8491798937318413e-07	3.310200743928133e-30	1	False
(filmRef)14829	5	0.0034025787965616043	3.8491798937318413e-07	8.211023995145883e-32	1	False
(filmRef)17017	15	0.008775071633237822	3.8491798937318413e-07	6.183559243332622e-28	1	False
(filmRef)17285	1	0.09580945558739255	3.8491798937318413e-07	2.116352076617495e-05	1	False
(filmRef)16589	124	0.00035816618911174784	3.8491798937318413e-07	2.623017885933024e-49	1	False
(filmRef)14053	125	0.0007163323782234957	3.8491798937318413e-07	8.97931188271351e-47	1	False
(filmRef)12120	121	0.0005372492836676218	3.8491798937318413e-07	2.5067316788009856e-48	1	False
(filmRef)15082	42	0.0025071633237822347	3.8491798937318413e-07	7.680831234236278e-37	1	False
(filmRef)16826	103	0.00035816618911174784	3.8491798937318413e-07	4.94102572965677e-49	1	False
(filmRef)UCS0019	126	0.0005372492836676218	3.8491798937318413e-07	6.060870358211268e-48	1	False
(filmRef)15994	122	0.0008954154727793696	3.8491798937318413e-07	2.021141568979201e-46	1	False
(filmRef)21017	78	0.0014326647564469914	3.8491798937318413e-07	7.358967323345967e-42	1	False
(filmRef)16834	103	0.00035816618911174784	3.8491798937318413e-07	2.7319518103986337e-49	1	False
(filmRef)14807	1	0.0961676217765043	3.8491798937318413e-07	2.1094299282889295e-05	1	False
(filmRef)20027	49	0.0032234957020057307	3.8491798937318413e-07	1.8830268047848655e-34	1	False
(filmRef)4128	203	0.0007163323782234957	3.8491798937318413e-07	1.4440547791424598e-49	1	False
(filmRef)18210	14	0.0030444126074498567	3.8491798937318413e-07	4.4782841939627454e-32	1	False
(filmRef)15429	1	0.09294412607449856	3.8491798937318413e-07	2.0215501929830695e-05	1	False
(filmRef)16588	124	0.0005372492836676218	3.8491798937318413e-07	4.5210621545334704e-49	1	False
(filmRef)11013	20	0.0037607449856733523	3.8491798937318413e-07	2.1349253933968602e-31	1	False
(filmRef)14576	16	0.0007163323782234957	3.8491798937318413e-07	1.1888303943659932e-29	1	False
(filmRef)21030	6	0.003939828080229226	3.8491798937318413e-07	1.2328555603081868e-32	1	False
(filmRef)20262	12	0.009849570200573065	3.8491798937318413e-07	5.6299080361660605e-24	1	False
(filmRef)16871	1	0.07091690544412607	3.8491798937318413e-07	1.5098757065593126e-05	1	False
(filmRef)22473	202	0.0007163323782234957	3.8491798937318413e-07	2.6188788248441366e-49	1	False
(filmRef)UCS0134	11	0.002328080229226361	3.8491798937318413e-07	2.532809055013819e-38	1	False
(filmRef)22066	104	0.0007163323782234957	3.8491798937318413e-07	2.323194562109701e-47	1	False
(filmRef)22058	104	0.00035816618911174784	3.8491798937318413e-07	9.624234873522709e-48	1	False
(filmRef)17675	3	0.011998567335243553	3.8491798937318413e-07	1.8165317246649855e-22	1	False
(filmRef)17963	120	0.0005372492836676218	3.8491798937318413e-07	7.610496490965494e-49	1	False
(filmRef)15684	1	0.09670487106017192	3.8491798937318413e-07	2.2009505501707745e-05	1	False
(filmRef)15345	1	0.09580945558739255	3.8491798937318413e-07	2.1242974240543054e-05	1	False
(filmRef)19062	96	0.0012535816618911174	3.8491798937318413e-07	8.093699909706508e-43	1	False
(filmRef)17387	52	0.0007163323782234957	3.8491798937318413e-07	6.277789675285574e-45	1	False
(filmRef)18031	1	0.0988538681948424	3.8491798937318413e-07	2.2771166462476178e-05	1	False
(filmRef)15132	1	0.09366045845272206	3.8491798937318413e-07	2.0393773405905036e-05	1	False
(filmRef)14878	9	0.011819484240687678	3.8491798937318413e-07	4.4518204096199665e-23	1	False
(filmRef)18142	67	0.0008954154727793696	3.8491798937318413e-07	2.4718486908544205e-44	1	False
(filmRef)15109	1	0.09652578796561605	3.8491798937318413e-07	2.1381500116981506e-05	1	False
(filmRef)18143	67	0.0007163323782234957	3.8491798937318413e-07	2.152654093119309e-44	1	False
(filmRef)14388	2	0.009849570200573065	3.8491798937318413e-07	2.253496415008873e-09	1	False
(filmRef)18718	1	0.0988538681948424	3.8491798937318413e-07	2.26944224709623e-05	1	False
(filmRef)17930	10	0.009849570200573065	3.8491798937318413e-07	1.0874889580924099e-23	1	False
(filmRef)16694	40	0.003939828080229226	3.635336566302295e-07	1.8044046640798687e-33	1	False
(filmRef)16697	40	0.003939828080229226	3.6353365663022947e-07	1.804396357005804e-33	1	False
(filmRef)20316	1	0.09760028653295129	3.5284149025875213e-07	2.2077109943100124e-05	1	False
(filmRef)14977	46	0.0025071633237822347	3.2076499114432014e-07	9.374063726327429e-35	1	False
(filmRef)20030	49	0.0032234957020057307	3.2076499114432014e-07	1.8737596682832504e-34	1	False
(filmRef)14870	9	0.011819484240687678	3.2076499114432014e-07	4.504421234200572e-23	1	False
(filmRef)15593	1	0.09652578796561605	3.2076499114432014e-07	2.152087115559526e-05	1	False
(filmRef)18170	115	0.00035816618911174784	3.2076499114432014e-07	3.903249146240744e-46	1	False
(filmRef)15251	1	0.09527220630372493	3.2076499114432014e-07	2.0929145062850874e-05	1	False
(filmRef)20188	88	0.0016117478510028654	3.2076499114432014e-07	1.0708271321850596e-41	1	False
(filmRef)19123	113	0.0007163323782234957	3.2076499114432014e-07	2.1896962520154826e-47	1	False
(filmRef)20189	88	0.0016117478510028654	3.2076499114432014e-07	1.0708271321850596e-41	1	False
(filmRef)20187	88	0.0016117478510028654	3.2076499114432014e-07	1.0708271321850596e-41	1	False
(filmRef)17785	10	0.009491404011461318	3.2076499114432014e-07	1.038877027441378e-23	1	False
(filmRef)19125	113	0.00035816618911174784	3.2076499114432014e-07	7.687397918288039e-48	1	False
(filmRef)15045	42	0.002328080229226361	3.2076499114432014e-07	7.58580924792673e-37	1	False
(filmRef)15055	1	0.09563037249283668	3.2076499114432014e-07	2.106781876759093e-05	1	False
(filmRef)15375	5	0.0028653295128939827	3.2076499114432014e-07	7.105608087062643e-33	1	False
(filmRef)15064	63	0.0026862464183381087	3.2076499114432014e-07	4.954129840963046e-38	1	False
(filmRef)19154	180	0.0005372492836676218	3.2076499114432014e-07	4.903751799068589e-50	1	False
(filmRef)20544	1	0.09563037249283668	3.2076499114432014e-07	2.1147594174819043e-05	1	False
(filmRef)16758	40	0.0030444126074498567	3.2076499114432014e-07	1.2926704981025892e-33	1	False
(filmRef)17339	1	0.0954512893982808	3.2076499114432014e-07	2.1358220325389746e-05	1	False
(filmRef)14225	45	0.0017908309455587391	3.2076499114432014e-07	5.76464513754773e-37	1	False
(filmRef)14229	2	0.05193409742120344	3.2076499114432014e-07	1.4781376457203724e-08	1	False
(filmRef)5100	4	0.0016117478510028654	3.2076499114432014e-07	7.550712448352855e-38	1	False
(filmRef)21304	97	0.0008954154727793696	3.2076499114432014e-07	4.867931347542182e-45	1	False
(filmRef)18680	14	0.0064469914040114614	3.2076499114432014e-07	8.005066356222435e-32	1	False
(filmRef)5191	4	0.0012535816618911174	3.2076499114432014e-07	5.855483752866421e-38	1	False
(filmRef)15995	73	0.001969914040114613	3.2076499114432014e-07	2.2095818493506977e-39	1	False
(filmRef)22735	58	0.00035816618911174784	3.2076499114432014e-07	1.1820313009787644e-45	1	False
(filmRef)18202	14	0.0026862464183381087	3.2076499114432014e-07	3.8263871715306225e-32	1	False
(filmRef)14543	22	0.006984240687679083	3.2076499114432014e-07	2.327425543027136e-27	1	False
(filmRef)22005	106	0.0008954154727793696	3.2076499114432014e-07	1.7429420422385447e-46	1	False
(filmRef)14134	5	0.0014326647564469914	3.2076499114432014e-07	3.404389903097274e-32	1	False
(filmRef)20399	1	0.05623209169054441	2.886884920298881e-07	1.1835845360017477e-05	1	False
(filmRef)20376	1	0.05623209169054441	2.886884920298881e-07	1.183572763139741e-05	1	False
(filmRef)11091	20	0.0053724928366762174	2.886884920298881e-07	2.989888840337197e-31	1	False
(filmRef)4155	105	0.0005372492836676218	2.886884920298881e-07	5.910395534636516e-47	1	False
(filmRef)4170	105	0.0005372492836676218	2.886884920298881e-07	5.910395534636516e-47	1	False
(filmRef)14951	16	0.005551575931232092	2.8548084211844493e-07	1.6895959516655714e-28	1	False
(filmRef)14950	16	0.005551575931232092	2.8548084211844493e-07	1.6896304998062623e-28	1	False
(filmRef)11388	7	0.007879656160458453	2.8410613501354065e-07	5.941139889449188e-26	1	False
(filmRef)11389	7	0.007879656160458453	2.8410613501354065e-07	5.941139889449188e-26	1	False
(filmRef)11390	7	0.007879656160458453	2.8410613501354065e-07	5.941139889449188e-26	1	False
(filmRef)11394	7	0.007879656160458453	2.8410613501354065e-07	5.941139889449188e-26	1	False
(filmRef)11393	7	0.007879656160458453	2.8410613501354065e-07	5.941139889449188e-26	1	False
(filmRef)11392	7	0.007879656160458453	2.8410613501354065e-07	5.941139889449188e-26	1	False
(filmRef)11391	7	0.007879656160458453	2.8410613501354065e-07	5.941139889449188e-26	1	False
(filmRef)20740	37	0.0032234957020057307	2.726502424726721e-07	8.598238962047691e-35	1	False
(filmRef)17733	120	0.00035816618911174784	2.566119929154561e-07	3.801825753110254e-49	1	False
(filmRef)18911	173	0.0005372492836676218	2.566119929154561e-07	2.3207778949853875e-48	1	False
(filmRef)18384	10	0.009491404011461318	2.566119929154561e-07	1.0237880733977843e-23	1	False
(filmRef)15337	63	0.001969914040114613	2.566119929154561e-07	3.8322266817321066e-38	1	False
(filmRef)20070	1	0.0404727793696275	2.566119929154561e-07	8.474526376581154e-06	1	False
(filmRef)21315	78	0.0010744985673352436	2.566119929154561e-07	5.733651872624177e-42	1	False
(filmRef)21316	78	0.0012535816618911174	2.566119929154561e-07	7.123773173492109e-42	1	False
(filmRef)15791	1	0.07324498567335243	2.566119929154561e-07	1.5654377109418775e-05	1	False
(filmRef)18101	120	0.0005372492836676218	2.566119929154561e-07	7.064232579593622e-49	1	False
(filmRef)15313	1	0.0864971346704871	2.566119929154561e-07	1.8610449586936408e-05	1	False
(filmRef)15610	1	0.08792979942693409	2.566119929154561e-07	1.8952255283357124e-05	1	False
(filmRef)15348	1	0.06912607449856734	2.566119929154561e-07	1.474533967007118e-05	1	False
(filmRef)20413	1	0.09419770773638968	2.566119929154561e-07	2.0718028941111393e-05	1	False
(filmRef)18639	89	0.0005372492836676218	2.566119929154561e-07	8.027582153274624e-48	1	False
(filmRef)20028	49	0.0032234957020057307	2.566119929154561e-07	1.8883023842569674e-34	1	False
(filmRef)20374	1	0.09383954154727793	2.566119929154561e-07	2.0625775775451006e-05	1	False
(filmRef)20323	72	0.002148997134670487	2.566119929154561e-07	1.7445612979943904e-36	1	False
(filmRef)14370	171	0.00035816618911174784	2.566119929154561e-07	3.0838743510425895e-50	1	False
(filmRef)14440	16	0.004297994269340974	2.566119929154561e-07	5.740983716308454e-29	1	False
(filmRef)14438	16	0.0030444126074498567	2.566119929154561e-07	2.786920476781716e-29	1	False
(filmRef)14298	16	0.0030444126074498567	2.566119929154561e-07	2.785367828860446e-29	1	False
(filmRef)14297	16	0.0030444126074498567	2.566119929154561e-07	2.7922226594316e-29	1	False
(filmRef)20995	24	0.0057306590257879654	2.566119929154561e-07	4.8348727516733684e-29	1	False
(filmRef)20590	1	0.09670487106017192	2.566119929154561e-07	2.1724790160018576e-05	1	False
(filmRef)15440	42	0.0032234957020057307	2.566119929154561e-07	9.141188985225303e-37	1	False
(filmRef)15356	174	0.0005372492836676218	2.566119929154561e-07	2.8168132770460766e-48	1	False
(filmRef)21004	24	0.0034025787965616043	2.566119929154561e-07	2.702375520065005e-29	1	False
(filmRef)18708	179	0.0007163323782234957	2.566119929154561e-07	2.191515721334635e-47	1	False
(filmRef)17301	1	0.09455587392550142	2.566119929154561e-07	2.0568121236226492e-05	1	False
(filmRef)17334	1	0.09760028653295129	2.566119929154561e-07	2.2631806648301446e-05	1	False
(filmRef)17341	1	0.09670487106017192	2.566119929154561e-07	2.183587764880706e-05	1	False
(filmRef)17685	1	0.09777936962750716	2.566119929154561e-07	2.197257898952923e-05	1	False
(filmRef)19323	77	0.0017908309455587391	2.566119929154561e-07	1.3508036082001584e-39	1	False
(filmRef)17702	1	0.0968839541547278	2.566119929154561e-07	2.1771694194002248e-05	1	False
(filmRef)18380	1	0.09598853868194843	2.566119929154561e-07	2.1260210002809026e-05	1	False
(filmRef)20467	1	0.09294412607449856	2.566119929154561e-07	2.043096145014401e-05	1	False
(filmRef)18713	1	0.09795845272206304	2.566119929154561e-07	2.2117917457657238e-05	1	False
(filmRef)21005	24	0.005909742120343839	2.566119929154561e-07	4.9274297276830917e-29	1	False
(filmRef)17403	3	0.011819484240687678	2.566119929154561e-07	1.602286480723911e-22	1	False
(filmRef)20267	12	0.009849570200573065	2.566119929154561e-07	5.615416926011796e-24	1	False
(filmRef)12116	121	0.00035816618911174784	2.566119929154561e-07	1.1697378310326458e-48	1	False
(filmRef)14820	1	0.09670487106017192	2.566119929154561e-07	2.1500258032880728e-05	1	False
(filmRef)21303	97	0.0008954154727793696	2.566119929154561e-07	6.23074675827045e-45	1	False
(filmRef)UCS0031	123	0.00035816618911174784	2.566119929154561e-07	6.023683906511357e-50	1	False
(filmRef)16492	23	0.0037607449856733523	2.566119929154561e-07	1.898204248161301e-32	1	False
(filmRef)21292	167	0.0008954154727793696	2.566119929154561e-07	6.109831463317295e-45	1	False
(filmRef)21324	79	0.0016117478510028654	2.566119929154561e-07	1.278412998498644e-41	1	False
(filmRef)19906	124	0.00035816618911174784	2.566119929154561e-07	1.4792733458231147e-49	1	False
(filmRef)16297	114	0.0007163323782234957	2.566119929154561e-07	3.570175530014252e-47	1	False
(filmRef)14172	5	0.0057306590257879654	2.566119929154561e-07	3.554689575113443e-30	1	False
(filmRef)UCS0115	11	0.0012535816618911174	2.566119929154561e-07	1.3612759024677767e-38	1	False
(filmRef)16003	73	0.0016117478510028654	2.566119929154561e-07	2.1532839776901862e-39	1	False
(filmRef)16298	114	0.0008954154727793696	2.566119929154561e-07	4.11842928325792e-47	1	False
(filmRef)14330	5	0.0026862464183381087	2.566119929154561e-07	7.070387543993976e-32	1	False
(filmRef)UCS0033	123	0.00035816618911174784	2.566119929154561e-07	5.585469835440717e-50	1	False
(filmRef)14659	22	0.005909742120343839	2.566119929154561e-07	1.8002832267154806e-27	1	False
(filmRef)15112	1	0.09849570200573066	2.566119929154561e-07	2.2923828083590692e-05	1	False
(filmRef)15894	14	0.0037607449856733523	2.566119929154561e-07	5.522857301256532e-32	1	False
(filmRef)14544	22	0.006984240687679083	2.566119929154561e-07	2.2517532921126866e-27	1	False
(filmRef)UCS0015	126	0.00035816618911174784	2.566119929154561e-07	2.6974192374887046e-48	1	False
(filmRef)3307	125	0.00035816618911174784	2.566119929154561e-07	2.8740296814393376e-47	1	False
(filmRef)21994	98	0.0012535816618911174	2.566119929154561e-07	4.280989490567798e-42	1	False
(filmRef)11220	7	0.008775071633237822	2.566119929154561e-07	6.553605512168468e-26	1	False
(filmRef)UCS0099	128	0.0007163323782234957	2.566119929154561e-07	9.629722937969012e-47	1	False
(filmRef)UCS0057	128	0.0007163323782234957	2.566119929154561e-07	9.916517950800212e-47	1	False
(filmRef)20258	40	0.0037607449856733523	2.309507936239105e-07	1.772533209157928e-33	1	False
(filmRef)11236	7	0.008595988538681949	2.2453549380102408e-07	7.846105758791929e-26	1	False
(filmRef)11242	7	0.008595988538681949	2.2453549380102408e-07	7.847293304416712e-26	1	False
(filmRef)20708	37	0.0026862464183381087	2.2453549380102408e-07	6.785029703649157e-35	1	False
(filmRef)20707	37	0.0026862464183381087	2.2453549380102408e-07	6.785029703649157e-35	1	False
(filmRef)14958	16	0.006267908309455587	2.1995313678467666e-07	1.7452477631713234e-28	1	False
(filmRef)14962	16	0.0060888252148997134	2.1995313678467666e-07	1.7380150564597117e-28	1	False
(filmRef)14961	16	0.0060888252148997134	2.1995313678467666e-07	1.738190283585514e-28	1	False
(filmRef)14960	16	0.0060888252148997134	2.1995313678467666e-07	1.7381902871965423e-28	1	False
(filmRef)20738	37	0.0032234957020057307	2.1918941061528542e-07	8.599408667612718e-35	1	False
(filmRef)20257	40	0.0037607449856733523	2.149125440666945e-07	1.7725639476133648e-33	1	False
(filmRef)20255	40	0.0037607449856733523	2.149125440666945e-07	1.7725409156776696e-33	1	False
(filmRef)14300	1	0.09670487106017192	2.1384332742954673e-07	2.2587495339701774e-05	1	False
(filmRef)20256	40	0.0037607449856733523	1.9887429450947848e-07	1.772245380423326e-33	1	False
(filmRef)14145	45	0.002148997134670487	1.9245899468659206e-07	9.162786667289473e-37	1	False
(filmRef)11021	20	0.002148997134670487	1.9245899468659206e-07	1.0155893400119232e-31	1	False
(filmRef)14371	171	0.00035816618911174784	1.9245899468659206e-07	2.8374790878315207e-50	1	False
(filmRef)21057	107	0.0008954154727793696	1.9245899468659206e-07	2.5583584654661394e-44	1	False
(filmRef)14975	46	0.0017908309455587391	1.9245899468659206e-07	6.646827160930589e-35	1	False
(filmRef)21059	107	0.0012535816618911174	1.9245899468659206e-07	3.226803848325832e-44	1	False
(filmRef)20201	1	0.0947349570200573	1.9245899468659206e-07	2.090396592746975e-05	1	False
(filmRef)18870	38	0.003939828080229226	1.9245899468659206e-07	3.6801712717847487e-31	1	False
(filmRef)22003	106	0.0005372492836676218	1.9245899468659206e-07	1.3694161655769833e-46	1	False
(filmRef)15364	177	0.0005372492836676218	1.9245899468659206e-07	1.389429271966745e-47	1	False
(filmRef)14979	46	0.001969914040114613	1.9245899468659206e-07	7.011340078156524e-35	1	False
(filmRef)11080	20	0.0032234957020057307	1.9245899468659206e-07	1.734607292205454e-31	1	False
(filmRef)UCS0130	11	0.0012535816618911174	1.9245899468659206e-07	1.7273617268300182e-39	1	False
(filmRef)20029	49	0.0032234957020057307	1.9245899468659206e-07	1.8849972407017484e-34	1	False
(filmRef)20302	1	0.0968839541547278	1.9245899468659206e-07	2.176734050740611e-05	1	False
(filmRef)14373	171	0.00035816618911174784	1.9245899468659206e-07	2.3952675654546467e-50	1	False
(filmRef)14140	5	0.0017908309455587391	1.9245899468659206e-07	3.4341083877143417e-32	1	False
(filmRef)15354	174	0.00035816618911174784	1.9245899468659206e-07	1.3473225001367396e-48	1	False
(filmRef)16007	73	0.002148997134670487	1.9245899468659206e-07	2.5625677655715214e-39	1	False
(filmRef)16490	23	0.005193409742120344	1.9245899468659206e-07	2.3746270908812833e-32	1	False
(filmRef)14874	9	0.011461318051575931	1.9245899468659206e-07	4.00170567825251e-23	1	False
(filmRef)16494	23	0.005193409742120344	1.9245899468659206e-07	2.3889302244585881e-32	1	False
(filmRef)16495	23	0.004656160458452722	1.9245899468659206e-07	2.209779820899016e-32	1	False
(filmRef)14448	5	0.0053724928366762174	1.9245899468659206e-07	3.320339380800272e-30	1	False
(filmRef)15996	73	0.0014326647564469914	1.9245899468659206e-07	1.7536932419142147e-39	1	False
(filmRef)20025	13	0.009849570200573065	1.9245899468659206e-07	3.311192654397536e-23	1	False
(filmRef)17990	173	0.00035816618911174784	1.9245899468659206e-07	1.1910208818677004e-48	1	False
(filmRef)14253	5	0.005193409742120344	1.9245899468659206e-07	3.10825309311958e-30	1	False
(filmRef)16006	73	0.001969914040114613	1.9245899468659206e-07	2.4665115103053453e-39	1	False
(filmRef)16004	73	0.0017908309455587391	1.9245899468659206e-07	2.2960505665103707e-39	1	False
(filmRef)14133	5	0.003939828080229226	1.9245899468659206e-07	8.726821997325226e-32	1	False
(filmRef)20488	1	0.09598853868194843	1.9245899468659206e-07	2.1368539076805885e-05	1	False
(filmRef)UCS0069	11	0.0014326647564469914	1.9245899468659206e-07	8.241214032992076e-39	1	False
(filmRef)UCS0066	11	0.0016117478510028654	1.9245899468659206e-07	1.092148066239085e-38	1	False
(filmRef)15503	19	0.0057306590257879654	1.9245899468659206e-07	1.4822735673654705e-26	1	False
(filmRef)21325	79	0.0010744985673352436	1.9245899468659206e-07	9.52526697909494e-42	1	False
(filmRef)16345	1	0.05802292263610315	1.9245899468659206e-07	1.2349183459832952e-05	1	False
(filmRef)19273	180	0.00035816618911174784	1.9245899468659206e-07	3.6548131453572224e-50	1	False
(filmRef)14938	1	0.09777936962750716	1.9245899468659206e-07	2.215482868061224e-05	1	False
(filmRef)20693	12	0.009312320916905445	1.9245899468659206e-07	5.068900349489394e-24	1	False
(filmRef)17561	195	0.0007163323782234957	1.9245899468659206e-07	4.975089437155707e-47	1	False
(filmRef)16009	1	0.09849570200573066	1.9245899468659206e-07	2.2636766186498278e-05	1	False
(filmRef)T1856	4	0.00035816618911174784	1.9245899468659206e-07	2.100420037125276e-42	1	False
(filmRef)5268	4	0.00035816618911174784	1.9245899468659206e-07	1.4138319046573828e-38	1	False
(filmRef)16318	114	0.0005372492836676218	1.9245899468659206e-07	2.3578560389714713e-47	1	False
(filmRef)19322	77	0.0016117478510028654	1.9245899468659206e-07	1.2677263249486828e-39	1	False
(filmRef)15409	1	0.09276504297994269	1.9245899468659206e-07	2.0229790826348176e-05	1	False
(filmRef)17552	196	0.0007163323782234957	1.9245899468659206e-07	1.6407571981323993e-47	1	False
(filmRef)17744	15	0.004835243553008596	1.9245899468659206e-07	3.903263128241654e-28	1	False
(filmRef)12411	215	0.0005372492836676218	1.9245899468659206e-07	2.9616617763822134e-50	1	False
(filmRef)11026	20	0.005909742120343839	1.9245899468659206e-07	3.272101937077814e-31	1	False
(filmRef)14841	1	0.0961676217765043	1.9245899468659206e-07	2.1233733058708548e-05	1	False
(filmRef)21016	78	0.0016117478510028654	1.9245899468659206e-07	8.339020800916555e-42	1	False
(filmRef)17406	3	0.011819484240687678	1.9245899468659206e-07	1.5917778374185041e-22	1	False
(filmRef)19399	10	0.009670487106017192	1.9245899468659206e-07	1.0336267027753131e-23	1	False
(filmRef)11457	121	0.0005372492836676218	1.9245899468659206e-07	2.6894345380458614e-48	1	False
(filmRef)14889	135	0.0007163323782234957	1.9245899468659206e-07	5.725424355906029e-46	1	False
(filmRef)15901	217	0.0005372492836676218	1.9245899468659206e-07	2.3946390639108007e-50	1	False
(filmRef)22952	240	0.0005372492836676218	1.9245899468659206e-07	4.716255397169023e-50	1	False
(filmRef)21013	24	0.0030444126074498567	1.9245899468659206e-07	2.3555708441589312e-29	1	False
(filmRef)17537	172	0.0005372492836676218	1.9245899468659206e-07	3.953790120546454e-48	1	False
(filmRef)17405	3	0.011819484240687678	1.9245899468659206e-07	1.5915371977562663e-22	1	False
(filmRef)21015	78	0.0016117478510028654	1.9245899468659206e-07	8.262041540439041e-42	1	False
(filmRef)UCS0018	126	0.0005372492836676218	1.9245899468659206e-07	6.754224239555268e-48	1	False
(filmRef)20254	40	0.0037607449856733523	1.6679779539504643e-07	1.772212194160407e-33	1	False
(filmRef)20592	1	0.0961676217765043	1.6038249557216007e-07	2.14897750115387e-05	1	False
(filmRef)2920	112	0.0012535816618911174	1.6038249557216007e-07	1.0989667671168864e-41	1	False
(filmRef)14909	9	0.010386819484240688	1.6038249557216007e-07	4.9664519780116403e-23	1	False
(filmRef)15297	9	0.010386819484240688	1.6038249557216007e-07	4.99787047893334e-23	1	False
(filmRef)15869	1	0.09849570200573066	1.6038249557216007e-07	2.2478553539440014e-05	1	False
(filmRef)2919	112	0.0012535816618911174	1.6038249557216007e-07	1.0989667671168864e-41	1	False
(filmRef)14956	16	0.0060888252148997134	1.4969032920068271e-07	1.7411635779966575e-28	1	False
(filmRef)11359	7	0.008595988538681949	1.4969032920068271e-07	7.853132939261552e-26	1	False
(filmRef)14325	1	0.09670487106017192	1.4969032920068271e-07	2.259226584265996e-05	1	False
(filmRef)11362	7	0.008595988538681949	1.4969032920068271e-07	7.853132939261552e-26	1	False
(filmRef)11247	7	0.008595988538681949	1.4969032920068271e-07	7.854301238394842e-26	1	False
(filmRef)21111	6	0.004297994269340974	1.4854473994659584e-07	1.2115049499434028e-30	1	False
(filmRef)14953	16	0.005551575931232092	1.4113659610350088e-07	1.6901106412445145e-28	1	False
(filmRef)3332	208	0.00035816618911174784	1.2830599645772805e-07	7.218124440252436e-51	1	False
(filmRef)17544	172	0.0005372492836676218	1.2830599645772805e-07	4.69855626632802e-48	1	False
(filmRef)15330	1	0.05802292263610315	1.2830599645772805e-07	1.2424950025879508e-05	1	False
(filmRef)3329	208	0.00035816618911174784	1.2830599645772805e-07	7.031601566342566e-51	1	False
(filmRef)18872	38	0.004297994269340974	1.2830599645772805e-07	3.8748832749912706e-31	1	False
(filmRef)16224	23	0.0041189111747851	1.2830599645772805e-07	2.0276632277878046e-32	1	False
(filmRef)20726	37	0.0016117478510028654	1.2830599645772805e-07	3.898127116156333e-35	1	False
(filmRef)11020	20	0.0026862464183381087	1.2830599645772805e-07	1.5794522402636416e-31	1	False
(filmRef)18996	10	0.009491404011461318	1.2830599645772805e-07	1.0199301834939245e-23	1	False
(filmRef)20315	1	0.09724212034383954	1.2830599645772805e-07	2.2010035559249736e-05	1	False
(filmRef)18886	38	0.004297994269340974	1.2830599645772805e-07	3.8243609838144563e-31	1	False
(filmRef)2419	241	0.0005372492836676218	1.2830599645772805e-07	5.0919902323758686e-49	1	False
(filmRef)22963	207	0.0005372492836676218	1.2830599645772805e-07	3.752995488967469e-48	1	False
(filmRef)18887	38	0.0037607449856733523	1.2830599645772805e-07	3.443908555354581e-31	1	False
(filmRef)22941	213	0.0005372492836676218	1.2830599645772805e-07	2.800675352334351e-49	1	False
(filmRef)19248	96	0.0012535816618911174	1.2830599645772805e-07	9.009288037179165e-43	1	False
(filmRef)18948	96	0.0012535816618911174	1.2830599645772805e-07	9.013202712731805e-43	1	False
(filmRef)19247	96	0.0010744985673352436	1.2830599645772805e-07	8.080217839057847e-43	1	False
(filmRef)15967	3	0.0016117478510028654	1.2830599645772805e-07	1.5670682487854034e-25	1	False
(filmRef)16370	209	0.00035816618911174784	1.2830599645772805e-07	1.774346963400626e-49	1	False
(filmRef)16415	209	0.00035816618911174784	1.2830599645772805e-07	1.775935783190705e-49	1	False
(filmRef)14560	132	0.0008954154727793696	1.2830599645772805e-07	3.389444182458229e-45	1	False
(filmRef)15360	177	0.0005372492836676218	1.2830599645772805e-07	1.7130231471075914e-47	1	False
(filmRef)18107	3	0.011998567335243553	1.2830599645772805e-07	1.7816681280811417e-22	1	False
(filmRef)15164	1	0.07414040114613181	1.2830599645772805e-07	1.578823185893104e-05	1	False
(filmRef)19398	10	0.009491404011461318	1.2830599645772805e-07	1.0154719831492683e-23	1	False
(filmRef)14725	46	0.0030444126074498567	1.2830599645772805e-07	1.2440573359573072e-34	1	False
(filmRef)21989	98	0.0012535816618911174	1.2830599645772805e-07	4.341761498257764e-42	1	False
(filmRef)10658	95	0.0007163323782234957	1.2830599645772805e-07	5.604042358515863e-43	1	False
(filmRef)20631	1	0.0947349570200573	1.2830599645772805e-07	2.0990514114737508e-05	1	False
(filmRef)22202	169	0.0007163323782234957	1.2830599645772805e-07	1.9100425890400604e-45	1	False
(filmRef)14555	46	0.0026862464183381087	1.2830599645772805e-07	1.10836837561907e-34	1	False
(filmRef)15732	204	0.0005372492836676218	1.2830599645772805e-07	3.986127717059803e-49	1	False
(filmRef)18539	178	0.0007163323782234957	1.2830599645772805e-07	1.008478977198567e-46	1	False
(filmRef)5233	4	0.0016117478510028654	1.2830599645772805e-07	7.798531116958456e-38	1	False
(filmRef)14217	45	0.002148997134670487	1.2830599645772805e-07	9.723365978570128e-37	1	False
(filmRef)4882	210	0.00035816618911174784	1.2830599645772805e-07	1.427689624703502e-50	1	False
(filmRef)21836	239	0.00035816618911174784	1.2830599645772805e-07	6.869894595376932e-51	1	False
(filmRef)15744	212	0.0005372492836676218	1.2830599645772805e-07	8.68297765057368e-49	1	False
(filmRef)20987	24	0.005909742120343839	1.2830599645772805e-07	4.99138089405761e-29	1	False
(filmRef)21835	239	0.00035816618911174784	1.2830599645772805e-07	6.709707902920587e-51	1	False
(filmRef)4879	210	0.00035816618911174784	1.2830599645772805e-07	1.5250943275103366e-50	1	False
(filmRef)20551	1	0.09563037249283668	1.2830599645772805e-07	2.127268857449904e-05	1	False
(filmRef)4761	214	0.0005372492836676218	1.2830599645772805e-07	7.108995255359032e-49	1	False
(filmRef)14296	16	0.0030444126074498567	1.2830599645772805e-07	2.556957438593716e-29	1	False
(filmRef)20543	1	0.0961676217765043	1.2830599645772805e-07	2.1572629037264703e-05	1	False
(filmRef)14638	5	0.0057306590257879654	1.2830599645772805e-07	3.525414270698744e-30	1	False
(filmRef)20298	1	0.09706303724928367	1.2830599645772805e-07	2.1923137664223872e-05	1	False
(filmRef)19463	206	0.00035816618911174784	1.2830599645772805e-07	4.571661643297513e-50	1	False
(filmRef)20181	88	0.0010744985673352436	1.2830599645772805e-07	8.43561376716831e-42	1	False
(filmRef)16693	40	0.0028653295128939827	1.2830599645772805e-07	1.2345384026198538e-33	1	False
(filmRef)12186	127	0.0007163323782234957	1.2830599645772805e-07	1.930178501156967e-46	1	False
(filmRef)19451	81	0.0014326647564469914	1.2830599645772805e-07	4.7066248055904894e-42	1	False
(filmRef)15266	54	0.0030444126074498567	1.2830599645772805e-07	1.3789833919537728e-33	1	False
(filmRef)19448	81	0.0012535816618911174	1.2830599645772805e-07	4.317253031439756e-42	1	False
(filmRef)16218	23	0.0032234957020057307	1.2830599645772805e-07	1.563020277873898e-32	1	False
(filmRef)14760	0	0.10386819484240688	1.2830599645772805e-07	0.03953696780630984	1	False
(filmRef)18372	1	0.09795845272206304	1.2830599645772805e-07	2.248565454556692e-05	1	False
(filmRef)15093	1	0.09509312320916904	1.2830599645772805e-07	2.085440095199314e-05	1	False
(filmRef)16949	229	0.00035816618911174784	1.2830599645772805e-07	9.215965457412953e-51	1	False
(filmRef)15487	186	0.0007163323782234957	1.2830599645772805e-07	1.7272575952516775e-46	1	False
(filmRef)17909	1	0.09867478510028653	1.2830599645772805e-07	2.255507099639094e-05	1	False
(filmRef)17015	15	0.0082378223495702	1.2830599645772805e-07	5.96243222188552e-28	1	False
(filmRef)12188	127	0.0007163323782234957	1.2830599645772805e-07	1.8897759818650537e-46	1	False
(filmRef)14849	1	0.09527220630372493	1.2830599645772805e-07	2.0920065774754295e-05	1	False
(filmRef)16986	1	0.09813753581661891	1.2830599645772805e-07	2.2681783902827533e-05	1	False
(filmRef)17001	3	0.012714899713467048	1.2830599645772805e-07	1.792269437596508e-22	1	False
(filmRef)21329	107	0.0008954154727793696	1.2830599645772805e-07	2.414172098455076e-44	1	False
(filmRef)21333	107	0.0010744985673352436	1.2830599645772805e-07	2.882363401595894e-44	1	False
(filmRef)14743	1	0.0995702005730659	1.2830599645772805e-07	2.3374247818538636e-05	1	False
(filmRef)17158	15	0.004835243553008596	1.2830599645772805e-07	3.93781724513844e-28	1	False
(filmRef)19244	77	0.0014326647564469914	1.2830599645772805e-07	1.2236729414594081e-39	1	False
(filmRef)14641	1	0.09491404011461317	1.2830599645772805e-07	2.116699373222182e-05	1	False
(filmRef)19252	77	0.0014326647564469914	1.2830599645772805e-07	1.0131548613670952e-39	1	False
(filmRef)14618	1	0.09634670487106017	1.2830599645772805e-07	2.1425144381373992e-05	1	False
(filmRef)15368	42	0.0028653295128939827	1.2830599645772805e-07	8.81541713417457e-37	1	False
(filmRef)17324	1	0.09777936962750716	1.2830599645772805e-07	2.2839173828338906e-05	1	False
(filmRef)15547	42	0.0032234957020057307	1.2830599645772805e-07	8.991651196670207e-37	1	False
(filmRef)16493	23	0.005193409742120344	1.2830599645772805e-07	2.3753851157733572e-32	1	False
(filmRef)16980	229	0.00035816618911174784	1.2830599645772805e-07	8.914053751973365e-51	1	False
(filmRef)21121	102	0.0014326647564469914	1.2830599645772805e-07	2.6810922535085723e-40	1	False
(filmRef)15459	1	0.09939111747851002	1.2830599645772805e-07	2.3209101112833558e-05	1	False
(filmRef)18694	205	0.0005372492836676218	1.2830599645772805e-07	7.318697200339052e-49	1	False
(filmRef)19460	206	0.00035816618911174784	1.2830599645772805e-07	4.685132747409404e-50	1	False
(filmRef)16073	44	0.002328080229226361	1.2830599645772805e-07	1.2827341819011377e-37	1	False
(filmRef)14340	49	0.002148997134670487	1.2830599645772805e-07	1.140008639878763e-34	1	False
(filmRef)19457	81	0.0012535816618911174	1.2830599645772805e-07	4.3284338736766556e-42	1	False
(filmRef)20069	1	0.09527220630372493	1.2830599645772805e-07	2.101218846298963e-05	1	False
(filmRef)17929	10	0.009849570200573065	1.2830599645772805e-07	1.0983902373728707e-23	1	False
(filmRef)16067	44	0.0016117478510028654	1.2830599645772805e-07	9.792209510685229e-38	1	False
(filmRef)11243	7	0.0064469914040114614	1.2830599645772805e-07	6.343797645169503e-26	1	False
(filmRef)17300	1	0.09777936962750716	1.2830599645772805e-07	2.192054853233868e-05	1	False
(filmRef)11358	7	0.008416905444126075	1.2830599645772805e-07	7.684398467018051e-26	1	False
(filmRef)17384	52	0.0005372492836676218	1.2830599645772805e-07	3.8315612770199894e-45	1	False
(filmRef)14910	9	0.010565902578796561	1.0799088035192113e-07	5.020072006215358e-23	1	False
(filmRef)14915	9	0.010565902578796561	1.0799088035192113e-07	5.0219231953045277e-23	1	False
(filmRef)14913	9	0.010565902578796561	1.0799088035192113e-07	5.015974975043771e-23	1	False
(filmRef)14957	16	0.0060888252148997134	1.0081185435964346e-07	1.7416353167893884e-28	1	False
(filmRef)15030	63	0.001969914040114613	9.622949734329603e-08	4.348378843130679e-38	1	False
(filmRef)17690	1	0.09777936962750716	9.622949734329603e-08	2.1861842117560905e-05	1	False
(filmRef)11062	20	0.0053724928366762174	9.622949734329603e-08	2.9790321131181327e-31	1	False
(filmRef)15029	63	0.001969914040114613	9.622949734329603e-08	4.348378843130679e-38	1	False
(filmRef)17689	1	0.09777936962750716	9.622949734329603e-08	2.1861842117560905e-05	1	False
(filmRef)14965	16	0.0053724928366762174	9.317459266573108e-08	1.6776820029460696e-28	1	False
(filmRef)14970	16	0.0053724928366762174	9.317459266573108e-08	1.6778581231625428e-28	1	False
(filmRef)14967	16	0.0053724928366762174	9.317459266573108e-08	1.6775001346270243e-28	1	False
(filmRef)14971	16	0.0053724928366762174	9.317459266573108e-08	1.677858119551515e-28	1	False
(filmRef)14968	16	0.0053724928366762174	9.317459266573108e-08	1.67785580930035e-28	1	False
(filmRef)14947	16	0.005551575931232092	9.302184743185285e-08	1.6975901104210226e-28	1	False
(filmRef)14326	1	0.09670487106017192	8.55373309718187e-08	2.2593905038803038e-05	1	False
(filmRef)14969	16	0.0053724928366762174	8.40098786330362e-08	1.6779174134034435e-28	1	False
(filmRef)14963	16	0.0060888252148997134	8.248242629425373e-08	1.7381118504401425e-28	1	False
(filmRef)21105	6	0.004297994269340974	8.133683704016687e-08	1.2126309225169926e-30	1	False
(filmRef)16747	2	0.05265042979942693	7.367020126281639e-08	1.526256340783974e-08	1	False
(filmRef)19654	2	0.05265042979942693	7.367020126281639e-08	1.526256340783974e-08	1	False
(filmRef)14914	9	0.010565902578796561	7.056829805175044e-08	5.024820960860621e-23	1	False
(filmRef)12187	127	0.0005372492836676218	6.415299822886403e-08	1.6066534701430687e-46	1	False
(filmRef)14864	9	0.002328080229226361	6.415299822886403e-08	5.659109180768638e-24	1	False
(filmRef)22930	301	0.00035816618911174784	6.415299822886403e-08	3.2449266423673737e-51	1	False
(filmRef)19343	287	0.00035816618911174784	6.415299822886403e-08	3.020485603522322e-51	1	False
(filmRef)T1916	4	0.00035816618911174784	6.415299822886403e-08	5.262102332301296e-43	1	False
(filmRef)15441	5	0.0007163323782234957	6.415299822886403e-08	5.040186235998915e-34	1	False
(filmRef)5058	4	0.0010744985673352436	6.415299822886403e-08	5.522491949455094e-38	1	False
(filmRef)11041	20	0.0025071633237822347	6.415299822886403e-08	1.39181917962728e-31	1	False
(filmRef)19235	1	0.07020057306590258	6.415299822886403e-08	1.4968784069208517e-05	1	False
(filmRef)20013	72	0.002148997134670487	6.415299822886403e-08	1.957960571066472e-36	1	False
(filmRef)18724	1	0.05981375358166189	6.415299822886403e-08	1.2750171593232589e-05	1	False
(filmRef)14888	135	0.0005372492836676218	6.415299822886403e-08	4.4976793133989076e-46	1	False
(filmRef)20306	1	0.07539398280802292	6.415299822886403e-08	1.621049400429163e-05	1	False
(filmRef)14216	45	0.0014326647564469914	6.415299822886403e-08	4.593618954601732e-37	1	False
(filmRef)19193	161	0.0008954154727793696	6.415299822886403e-08	4.4775648521464544e-44	1	False
(filmRef)T1988	4	0.0005372492836676218	6.415299822886403e-08	6.82030039230611e-42	1	False
(filmRef)18540	178	0.0005372492836676218	6.415299822886403e-08	8.162696555644745e-47	1	False
(filmRef)15026	63	0.001969914040114613	6.415299822886403e-08	3.8176897953631255e-38	1	False
(filmRef)4712	170	0.0008954154727793696	6.415299822886403e-08	4.220263641231615e-43	1	False
(filmRef)4710	170	0.0008954154727793696	6.415299822886403e-08	4.199919856768593e-43	1	False
(filmRef)18679	14	0.002328080229226361	6.415299822886403e-08	3.6396155260986857e-32	1	False
(filmRef)20014	72	0.002328080229226361	6.415299822886403e-08	2.0864295830035313e-36	1	False
(filmRef)17550	196	0.0005372492836676218	6.415299822886403e-08	1.496526621691951e-47	1	False
(filmRef)15062	42	0.0008954154727793696	6.415299822886403e-08	2.81117943454182e-37	1	False
(filmRef)3468	304	0.00035816618911174784	6.415299822886403e-08	3.6542749163775776e-51	1	False
(filmRef)2530	303	0.00035816618911174784	6.415299822886403e-08	3.5335892684100395e-51	1	False
(filmRef)15244	69	0.002328080229226361	6.415299822886403e-08	1.1712641269681076e-36	1	False
(filmRef)18597	160	0.0008954154727793696	6.415299822886403e-08	3.612734277003151e-44	1	False
(filmRef)15196	176	0.0007163323782234957	6.415299822886403e-08	6.913713638586127e-47	1	False
(filmRef)14211	45	0.0014326647564469914	6.415299822886403e-08	4.524094169610369e-37	1	False
(filmRef)16761	40	0.0032234957020057307	6.415299822886403e-08	1.392809372890998e-33	1	False
(filmRef)17261	51	0.0032234957020057307	6.415299822886403e-08	4.0639148286247654e-32	1	False
(filmRef)20241	164	0.0008954154727793696	6.415299822886403e-08	4.795521241741595e-43	1	False
(filmRef)14423	254	0.00035816618911174784	6.415299822886403e-08	3.165194228306937e-51	1	False
(filmRef)16926	267	0.00035816618911174784	6.415299822886403e-08	4.6224258558369166e-51	1	False
(filmRef)16225	23	0.003939828080229226	6.415299822886403e-08	1.938127660663142e-32	1	False
(filmRef)14894	5	0.0050143266475644694	6.415299822886403e-08	3.108986765418081e-30	1	False
(filmRef)14845	5	0.005193409742120344	6.415299822886403e-08	3.193170115777341e-30	1	False
(filmRef)17379	268	0.00035816618911174784	6.415299822886403e-08	7.232037879634258e-51	1	False
(filmRef)15197	176	0.0007163323782234957	6.415299822886403e-08	6.926256609025589e-47	1	False
(filmRef)14093	21	0.0005372492836676218	6.415299822886403e-08	2.60247706964072e-29	1	False
(filmRef)11370	7	0.005909742120343839	6.415299822886403e-08	5.665993986545667e-26	1	False
(filmRef)17386	52	0.0007163323782234957	6.415299822886403e-08	6.209108964527609e-45	1	False
(filmRef)15378	5	0.0007163323782234957	6.415299822886403e-08	2.5528619762625834e-35	1	False
(filmRef)17430	231	0.0005372492836676218	6.415299822886403e-08	2.3564020455454192e-48	1	False
(filmRef)N0394	307	0.00035816618911174784	6.415299822886403e-08	2.5234996784253262e-51	1	False
(filmRef)14541	22	0.006984240687679083	6.415299822886403e-08	2.3147051211184928e-27	1	False
(filmRef)15880	188	0.0007163323782234957	6.415299822886403e-08	1.9982552987172717e-45	1	False
(filmRef)15249	69	0.002328080229226361	6.415299822886403e-08	1.1660690671872005e-36	1	False
(filmRef)18387	10	0.010386819484240688	6.415299822886403e-08	1.2332215110407852e-23	1	False
(filmRef)16220	23	0.004656160458452722	6.415299822886403e-08	2.196533280933893e-32	1	False
(filmRef)20010	13	0.009849570200573065	6.415299822886403e-08	3.3900318253803604e-23	1	False
(filmRef)14214	45	0.0014326647564469914	6.415299822886403e-08	4.239748909914293e-37	1	False
(filmRef)7027	39	0.0041189111747851	6.415299822886403e-08	2.682238263201264e-32	1	False
(filmRef)15107	175	0.0007163323782234957	6.415299822886403e-08	3.8034904156287126e-46	1	False
(filmRef)20584	1	0.0947349570200573	6.415299822886403e-08	2.0938220113742552e-05	1	False
(filmRef)21115	78	0.0008954154727793696	6.415299822886403e-08	5.105414332800618e-42	1	False
(filmRef)15073	137	0.0008954154727793696	6.415299822886403e-08	4.504890194215067e-43	1	False
(filmRef)16258	189	0.0007163323782234957	6.415299822886403e-08	1.01591896692636e-45	1	False
(filmRef)17743	15	0.004297994269340974	6.415299822886403e-08	3.556041225016504e-28	1	False
(filmRef)20991	24	0.0017908309455587391	6.415299822886403e-08	1.2193004254655979e-29	1	False
(filmRef)15091	211	0.0005372492836676218	6.415299822886403e-08	9.309663918993348e-48	1	False
(filmRef)19241	77	0.0016117478510028654	6.415299822886403e-08	1.3314759726069898e-39	1	False
(filmRef)14954	16	0.0050143266475644694	6.415299822886403e-08	1.5984034251263584e-28	1	False
(filmRef)T0616	308	0.00035816618911174784	6.415299822886403e-08	2.3973384293719273e-51	1	False
(filmRef)15246	69	0.002328080229226361	6.415299822886403e-08	1.1865056781935461e-36	1	False
(filmRef)14247	5	0.0041189111747851	6.415299822886403e-08	1.214523914064255e-31	1	False
(filmRef)18059	18	0.008775071633237822	6.415299822886403e-08	1.8494921122046264e-25	1	False
(filmRef)15600	19	0.008416905444126075	6.415299822886403e-08	2.319020237894444e-26	1	False
(filmRef)15998	73	0.0016117478510028654	6.415299822886403e-08	2.0386683091645623e-39	1	False
(filmRef)11054	20	0.0010744985673352436	6.415299822886403e-08	4.700858869644813e-32	1	False
(filmRef)15999	73	0.0014326647564469914	6.415299822886403e-08	1.9844078792464772e-39	1	False
(filmRef)17022	15	0.007521489971346705	6.415299822886403e-08	5.684358882295742e-28	1	False
(filmRef)17021	15	0.008416905444126075	6.415299822886403e-08	6.053670675784792e-28	1	False
(filmRef)21006	24	0.005909742120343839	6.415299822886403e-08	4.9863088530134726e-29	1	False
(filmRef)11071	20	0.001969914040114613	6.415299822886403e-08	1.032921291273934e-31	1	False
(filmRef)21003	24	0.005909742120343839	6.415299822886403e-08	4.9992186593535196e-29	1	False
(filmRef)20733	37	0.0032234957020057307	6.415299822886403e-08	7.726645911181801e-35	1	False
(filmRef)UCS0125	309	0.00035816618911174784	6.415299822886403e-08	2.0378553787604305e-51	1	False
(filmRef)21149	79	0.0017908309455587391	6.415299822886403e-08	1.3926191013977494e-41	1	False
(filmRef)17333	1	0.0968839541547278	6.415299822886403e-08	2.2247191125355216e-05	1	False
(filmRef)20143	1	0.09795845272206304	6.415299822886403e-08	2.266406168358417e-05	1	False
(filmRef)15502	19	0.005909742120343839	6.415299822886403e-08	1.5558477141659905e-26	1	False
(filmRef)20141	1	0.0961676217765043	6.415299822886403e-08	2.1494215875736332e-05	1	False
(filmRef)17038	1	0.09760028653295129	6.415299822886403e-08	2.2615994541941507e-05	1	False
(filmRef)14812	1	0.09867478510028653	6.415299822886403e-08	2.2948683684178723e-05	1	False
(filmRef)22492	298	0.00035816618911174784	6.415299822886403e-08	8.446357688323737e-51	1	False
(filmRef)18029	1	0.09760028653295129	6.415299822886403e-08	2.183743425951548e-05	1	False
(filmRef)14667	22	0.0057306590257879654	6.415299822886403e-08	1.7145820802501957e-27	1	False
(filmRef)21152	79	0.0007163323782234957	6.415299822886403e-08	6.108467669003382e-42	1	False
(filmRef)22514	299	0.00035816618911174784	6.415299822886403e-08	3.48803692621119e-51	1	False
(filmRef)16870	1	0.09849570200573066	6.415299822886403e-08	2.2841154833249944e-05	1	False
(filmRef)14720	46	0.0028653295128939827	6.415299822886403e-08	1.2175196030420728e-34	1	False
(filmRef)17326	1	0.0968839541547278	6.415299822886403e-08	2.2199214007006854e-05	1	False
(filmRef)15032	1	0.09258595988538681	6.415299822886403e-08	2.0024584354172184e-05	1	False
(filmRef)20397	1	0.09742120343839542	6.415299822886403e-08	2.2185793979213402e-05	1	False
(filmRef)16352	1	0.0968839541547278	6.415299822886403e-08	2.2071165665344398e-05	1	False
(filmRef)17703	1	0.09867478510028653	6.415299822886403e-08	2.2609880360717417e-05	1	False
(filmRef)17331	1	0.09580945558739255	6.415299822886403e-08	2.1496070027941337e-05	1	False
(filmRef)16346	1	0.09795845272206304	6.415299822886403e-08	2.2332759982055927e-05	1	False
(filmRef)17332	1	0.0968839541547278	6.415299822886403e-08	2.2247191125355216e-05	1	False
(filmRef)22604	300	0.00035816618911174784	6.415299822886403e-08	5.385428940906284e-51	1	False
(filmRef)18239	280	0.00035816618911174784	6.415299822886403e-08	2.903830234063207e-51	1	False
(filmRef)15031	1	0.0632163323782235	6.415299822886403e-08	1.3541355453261422e-05	1	False
(filmRef)14586	16	0.00035816618911174784	6.415299822886403e-08	5.126179808474093e-30	1	False
(filmRef)14948	16	0.005193409742120344	6.415299822886403e-08	1.6627741913026762e-28	1	False
(filmRef)18181	278	0.00035816618911174784	6.415299822886403e-08	2.0866858440632602e-50	1	False
(filmRef)10312	243	0.00035816618911174784	6.415299822886403e-08	5.977048070500638e-51	1	False
(filmRef)20307	1	0.09724212034383954	6.415299822886403e-08	2.1859932197074766e-05	1	False
(filmRef)14563	132	0.0008954154727793696	6.415299822886403e-08	3.3611496019133616e-45	1	False
(filmRef)10259	242	0.00035816618911174784	6.415299822886403e-08	2.3358257779158042e-51	1	False
(filmRef)17907	1	0.09598853868194843	6.415299822886403e-08	2.124593700332233e-05	1	False
(filmRef)21365	296	0.00035816618911174784	6.415299822886403e-08	3.5979299338831473e-51	1	False
(filmRef)22004	106	0.0005372492836676218	6.415299822886403e-08	1.1914461883670952e-46	1	False
(filmRef)21291	166	0.0008954154727793696	6.415299822886403e-08	4.796853586788432e-44	1	False
(filmRef)17294	1	0.09706303724928367	6.415299822886403e-08	2.1603253141969632e-05	1	False
(filmRef)22199	169	0.0005372492836676218	6.415299822886403e-08	1.4618458812505646e-45	1	False
(filmRef)18024	1	0.09563037249283668	6.415299822886403e-08	2.1081597433119174e-05	1	False
(filmRef)15520	260	0.00035816618911174784	6.415299822886403e-08	1.0203262811393153e-50	1	False
(filmRef)17699	1	0.09670487106017192	6.415299822886403e-08	2.160719866946684e-05	1	False
(filmRef)16320	190	0.0007163323782234957	6.415299822886403e-08	7.791279273957287e-45	1	False
(filmRef)21323	79	0.0010744985673352436	6.415299822886403e-08	9.909342305912797e-42	1	False
(filmRef)14976	46	0.0034025787965616043	6.415299822886403e-08	1.3228104151160633e-34	1	False
(filmRef)12034	95	0.0010744985673352436	6.415299822886403e-08	9.572962299250573e-43	1	False
(filmRef)17304	1	0.09652578796561605	6.415299822886403e-08	2.1564820709379863e-05	1	False
(filmRef)17761	273	0.00035816618911174784	6.415299822886403e-08	1.7939459981782303e-51	1	False
(filmRef)20597	1	0.09760028653295129	6.415299822886403e-08	2.2287366148148163e-05	1	False
(filmRef)21150	79	0.0007163323782234957	6.415299822886403e-08	6.431437200649692e-42	1	False
(filmRef)15638	1	0.09939111747851002	6.415299822886403e-08	2.3336298839971627e-05	1	False
(filmRef)20482	1	0.09652578796561605	6.415299822886403e-08	2.154723066394767e-05	1	False
(filmRef)18383	1	0.09706303724928367	6.415299822886403e-08	2.1809616766738594e-05	1	False
(filmRef)17338	1	0.09795845272206304	6.415299822886403e-08	2.3143090784290823e-05	1	False
(filmRef)17683	1	0.09742120343839542	6.415299822886403e-08	2.17994508207569e-05	1	False
(filmRef)16695	40	0.0028653295128939827	6.415299822886403e-08	1.2429151487816257e-33	1	False
(filmRef)17895	197	0.0007163323782234957	6.415299822886403e-08	2.036376998885838e-45	1	False
(filmRef)14661	22	0.0053724928366762174	6.415299822886403e-08	1.6240958006582805e-27	1	False
(filmRef)15842	1	0.09383954154727793	6.415299822886403e-08	2.0428599432515457e-05	1	False
(filmRef)0678	27	0.0005372492836676218	6.415299822886403e-08	6.428906382844612e-45	1	False
(filmRef)20534	1	0.09634670487106017	6.415299822886403e-08	2.1633177051198597e-05	1	False
(filmRef)20689	12	0.009849570200573065	6.415299822886403e-08	5.6355732458441465e-24	1	False
(filmRef)20418	1	0.09634670487106017	6.415299822886403e-08	2.1539467134559507e-05	1	False
(filmRef)15871	1	0.09598853868194843	6.415299822886403e-08	2.125344117356931e-05	1	False
(filmRef)21308	97	0.0007163323782234957	6.415299822886403e-08	4.795574785236916e-45	1	False
(filmRef)17687	1	0.0988538681948424	6.415299822886403e-08	2.2559124837602348e-05	1	False
(filmRef)11046	20	0.004656160458452722	6.415299822886403e-08	2.8658784349170635e-31	1	False
(filmRef)20466	1	0.09437679083094555	6.415299822886403e-08	2.0750494443211386e-05	1	False
(filmRef)15680	1	0.09652578796561605	6.415299822886403e-08	2.1858772929499758e-05	1	False
(filmRef)20692	12	0.003939828080229226	6.415299822886403e-08	2.101845843548981e-24	1	False
(filmRef)21309	97	0.00035816618911174784	6.415299822886403e-08	2.597079258173052e-45	1	False
(filmRef)14677	63	0.001969914040114613	6.415299822886401e-08	4.3469489047360927e-38	1	False
(filmRef)14912	9	0.010565902578796561	5.453004849453442e-08	5.0299609166282055e-23	1	False
(filmRef)18807	0	0.10404727793696275	4.8114748671648016e-08	0.03984433504137334	1	False
(filmRef)14731	0	0.10404727793696275	4.8114748671648016e-08	0.03982235156465406	1	False
(filmRef)16687	2	0.05265042979942693	4.693978533412304e-08	1.525129185455858e-08	1	False
(filmRef)16734	2	0.05265042979942693	4.693978533412304e-08	1.524467654366698e-08	1	False
(filmRef)16669	2	0.05265042979942693	4.693978533412304e-08	1.5251228322476337e-08	1	False
(filmRef)16682	2	0.05265042979942693	4.693978533412304e-08	1.524617211284665e-08	1	False
(filmRef)16684	2	0.05265042979942693	4.693978533412304e-08	1.5251406402650207e-08	1	False
(filmRef)16750	2	0.05265042979942693	4.693978533412304e-08	1.524617211284665e-08	1	False
(filmRef)11089	20	0.003939828080229226	4.276866548590935e-08	2.3999505253661907e-31	1	False
(filmRef)11087	20	0.003939828080229226	4.276866548590935e-08	2.3999505253661907e-31	1	False
(filmRef)11088	20	0.003939828080229226	4.276866548590935e-08	2.3999505253661907e-31	1	False
(filmRef)16741	2	0.05265042979942693	4.235742831777561e-08	1.525480254492384e-08	1	False
(filmRef)16736	2	0.05265042979942693	4.235742831777561e-08	1.5240521372485382e-08	1	False
(filmRef)16733	2	0.05265042979942693	4.235742831777561e-08	1.526181372266313e-08	1	False
(filmRef)16727	2	0.05265042979942693	4.235742831777561e-08	1.524292090439693e-08	1	False
(filmRef)16724	2	0.05265042979942693	4.235742831777561e-08	1.5242027211019254e-08	1	False
(filmRef)16725	2	0.05265042979942693	4.235742831777561e-08	1.525624264091954e-08	1	False
(filmRef)16782	2	0.05265042979942693	4.1593702148384376e-08	1.526292893808723e-08	1	False
(filmRef)16710	2	0.05265042979942693	4.1593702148384376e-08	1.524688409867568e-08	1	False
(filmRef)16779	2	0.05265042979942693	4.1593702148384376e-08	1.5250688352131914e-08	1	False
(filmRef)16718	2	0.05265042979942693	4.1593702148384376e-08	1.524662689235388e-08	1	False
(filmRef)16783	2	0.05265042979942693	4.1593702148384376e-08	1.526400514598697e-08	1	False
(filmRef)16688	2	0.05265042979942693	4.1593702148384376e-08	1.5252175174521745e-08	1	False
(filmRef)16781	2	0.05265042979942693	3.701134513203694e-08	1.5262359603046788e-08	1	False
(filmRef)16730	2	0.05265042979942693	3.701134513203694e-08	1.524561525884753e-08	1	False
(filmRef)19946	2	0.05265042979942693	3.701134513203694e-08	1.525397400826596e-08	1	False
(filmRef)16723	2	0.05265042979942693	3.701134513203694e-08	1.5254503679915395e-08	1	False
(filmRef)16767	2	0.05265042979942693	3.701134513203694e-08	1.5251302705931326e-08	1	False
(filmRef)16717	2	0.05265042979942693	3.701134513203694e-08	1.5247348530460795e-08	1	False
(filmRef)20035	64	0.0026862464183381087	3.207649911443201e-08	1.9181274367307557e-35	1	False
(filmRef)14508	1	0.09670487106017192	3.207649911443201e-08	2.260468211960249e-05	1	False
(filmRef)14256	1	0.09670487106017192	3.207649911443201e-08	2.260468211960249e-05	1	False
(filmRef)20552	1	0.09760028653295129	3.207649911443201e-08	2.236506792121864e-05	1	False
(filmRef)14557	1	0.09670487106017192	3.207649911443201e-08	2.2590586194602477e-05	1	False
(filmRef)20041	64	0.0026862464183381087	3.207649911443201e-08	1.9085071858403697e-35	1	False
(filmRef)20553	1	0.09760028653295129	3.207649911443201e-08	2.236506792121864e-05	1	False
(filmRef)20037	64	0.0026862464183381087	3.207649911443201e-08	1.9502942649406748e-35	1	False
(filmRef)17293	1	0.09849570200573066	3.207649911443201e-08	2.2736594190345436e-05	1	False
(filmRef)20741	37	0.001969914040114613	3.207649911443201e-08	4.841374801163673e-35	1	False
(filmRef)14269	1	0.09670487106017192	3.207649911443201e-08	2.2593127069731313e-05	1	False
(filmRef)20731	37	0.002328080229226361	3.207649911443201e-08	5.765691425460344e-35	1	False
(filmRef)20038	64	0.0026862464183381087	3.207649911443201e-08	1.9502942649406748e-35	1	False
(filmRef)14966	16	0.005551575931232092	2.7494142098084582e-08	1.6972581997544556e-28	1	False
(filmRef)18004	8	0.004477077363896848	2.1384332742954675e-08	8.683007443398012e-27	1	False
(filmRef)18777	8	0.004477077363896848	2.1384332742954675e-08	8.683007443398012e-27	1	False
(filmRef)18323	8	0.004477077363896848	2.1384332742954675e-08	8.683007443398012e-27	1	False
(filmRef)17190	8	0.004477077363896848	2.1384332742954675e-08	8.683007443398012e-27	1	False
(filmRef)18268	8	0.004477077363896848	2.1384332742954675e-08	8.683007443398012e-27	1	False
(filmRef)18650	8	0.004477077363896848	2.1384332742954675e-08	8.683007443398012e-27	1	False
(filmRef)15141	9	0.010744985673352435	1.98568804041722e-08	5.067834603417835e-23	1	False
(filmRef)15142	9	0.010744985673352435	1.98568804041722e-08	5.067104926445454e-23	1	False
(filmRef)15140	9	0.010744985673352435	1.98568804041722e-08	5.066441599494743e-23	1	False
(filmRef)15136	9	0.010744985673352435	1.98568804041722e-08	5.073934959179435e-23	1	False
(filmRef)15139	9	0.010744985673352435	1.98568804041722e-08	5.065842057602869e-23	1	False
(filmRef)15138	9	0.010744985673352435	1.98568804041722e-08	5.06875991372953e-23	1	False
(filmRef)15205	0	0.10404727793696275	1.6038249557216006e-08	0.039766023171872514	1	False
(filmRef)15395	0	0.10404727793696275	1.6038249557216006e-08	0.0397701077457431	1	False
(filmRef)15137	9	0.010744985673352435	9.16471403269486e-09	5.0757006656337855e-23	1	False
(filmRef)18047	17	0.008954154727793696	0.0	3.629884668327579e-23	1	False
(filmRef)17270	51	0.0030444126074498567	0.0	3.772572551994294e-32	1	False
(filmRef)17307	67	0.0007163323782234957	0.0	2.0103856869461955e-44	1	False
(filmRef)18046	17	0.008954154727793696	0.0	3.6298846683275794e-23	1	False
(filmRef)18292	3	0.011461318051575931	0.0	1.5631665393519533e-22	1	False
(filmRef)18141	67	0.0008954154727793696	0.0	2.545146565837864e-44	1	False
(filmRef)17269	51	0.0032234957020057307	0.0	4.191681116781579e-32	1	False
(filmRef)17257	51	0.0032234957020057307	0.0	4.190578952554472e-32	1	False
(filmRef)17308	67	0.00017908309455587392	0.0	4.255462006572613e-45	1	False
(filmRef)18044	17	0.008954154727793696	0.0	3.629884668327579e-23	1	False
(filmRef)17421	67	0.0005372492836676218	0.0	1.263209076545799e-44	1	False
(filmRef)17256	51	0.0032234957020057307	0.0	4.190578952554472e-32	1	False
(filmRef)17254	51	0.0030444126074498567	0.0	2.934759500743699e-32	1	False
(filmRef)17253	51	0.0032234957020057307	0.0	4.190578952554472e-32	1	False
(filmRef)17635	67	0.0010744985673352436	0.0	2.0689384439709504e-44	1	False
(filmRef)17374	268	0.00017908309455587392	0.0	4.7017112292057627e-51	1	False
(filmRef)18045	17	0.008954154727793696	0.0	3.6298846683275794e-23	1	False
(filmRef)17267	51	0.0032234957020057307	0.0	4.191681116781579e-32	1	False
(filmRef)17268	51	0.0032234957020057307	0.0	4.191681116781579e-32	1	False
(filmRef)17258	51	0.0032234957020057307	0.0	4.190578952554472e-32	1	False
(filmRef)18291	3	0.011461318051575931	0.0	1.563157413983013e-22	1	False
(filmRef)18053	17	0.008954154727793696	0.0	3.6274428144311045e-23	1	False
(filmRef)18055	17	0.008954154727793696	0.0	3.628419723853212e-23	1	False
(filmRef)17259	51	0.0032234957020057307	0.0	4.190578952554472e-32	1	False
(filmRef)18056	17	0.008954154727793696	0.0	3.628419723853212e-23	1	False
(filmRef)18290	3	0.011819484240687678	0.0	1.6758505858624242e-22	1	False
(filmRef)18052	17	0.008954154727793696	0.0	3.632079639299909e-23	1	False
(filmRef)18289	3	0.011819484240687678	0.0	1.675758745300327e-22	1	False
(filmRef)17736	412	0.00017908309455587392	0.0	6.743873820127078e-52	1	False
(filmRef)18051	17	0.008954154727793696	0.0	3.627930734981807e-23	1	False
(filmRef)18057	17	0.008954154727793696	0.0	3.628419723853212e-23	1	False
(filmRef)17260	51	0.0032234957020057307	0.0	4.1903173034111653e-32	1	False
(filmRef)18054	17	0.008954154727793696	0.0	3.628419723853212e-23	1	False
(filmRef)18288	3	0.011819484240687678	0.0	1.675870051145505e-22	1	False
(filmRef)18050	17	0.008954154727793696	0.0	3.629396813164229e-23	1	False
(filmRef)18287	3	0.011819484240687678	0.0	1.7101330515779845e-22	1	False
(filmRef)18049	17	0.008954154727793696	0.0	3.62939681316423e-23	1	False
(filmRef)17677	3	0.011819484240687678	0.0	1.7936414925500134e-22	1	False
(filmRef)17263	51	0.0032234957020057307	0.0	4.1927293901543403e-32	1	False
(filmRef)17264	51	0.0032234957020057307	0.0	4.191681116781579e-32	1	False
(filmRef)17962	120	0.00017908309455587392	0.0	1.6058391708681744e-49	1	False
(filmRef)17265	51	0.0032234957020057307	0.0	4.191681116781579e-32	1	False
(filmRef)18048	17	0.008954154727793696	0.0	3.62939681316423e-23	1	False
(filmRef)17266	51	0.0032234957020057307	0.0	4.191681116781579e-32	1	False
(filmRef)18559	35	0.004477077363896848	0.0	3.811854856838204e-30	1	False
(filmRef)17222	402	0.00017908309455587392	0.0	2.8516821539433663e-51	1	False
(filmRef)17738	412	0.00017908309455587392	0.0	6.743873820127078e-52	1	False
(filmRef)17204	93	0.0016117478510028654	0.0	2.436119325168577e-37	1	False
(filmRef)17199	110	0.0012535816618911174	0.0	2.37644177633134e-39	1	False
(filmRef)17219	110	0.0012535816618911174	0.0	2.37644177633134e-39	1	False
(filmRef)17200	93	0.0016117478510028654	0.0	2.4378262743350724e-37	1	False
(filmRef)17404	3	0.011819484240687678	0.0	1.675423141417978e-22	1	False
(filmRef)17201	93	0.0016117478510028654	0.0	2.436119325168577e-37	1	False
(filmRef)17202	93	0.0016117478510028654	0.0	2.436119325168577e-37	1	False
(filmRef)17203	93	0.0016117478510028654	0.0	2.436119325168577e-37	1	False
(filmRef)17205	93	0.0016117478510028654	0.0	2.436119325168577e-37	1	False
(filmRef)17197	110	0.0012535816618911174	0.0	2.37644177633134e-39	1	False
(filmRef)17206	93	0.0016117478510028654	0.0	2.436119325168577e-37	1	False
(filmRef)17769	274	0.00035816618911174784	0.0	8.9121511325155e-50	1	False
(filmRef)17768	274	0.00035816618911174784	0.0	8.793377784295351e-50	1	False
(filmRef)17758	273	0.00017908309455587392	0.0	1.2650316891057408e-51	1	False
(filmRef)17207	93	0.0016117478510028654	0.0	2.436119325168577e-37	1	False
(filmRef)17208	93	0.0016117478510028654	0.0	2.436119325168577e-37	1	False
(filmRef)17209	93	0.0016117478510028654	0.0	2.4310347057235343e-37	1	False
(filmRef)17198	110	0.0012535816618911174	0.0	2.37644177633134e-39	1	False
(filmRef)17196	110	0.0012535816618911174	0.0	2.37644177633134e-39	1	False
(filmRef)17757	273	0.00017908309455587392	0.0	1.2719815525148014e-51	1	False
(filmRef)17217	396	0.00017908309455587392	0.0	2.926173703099802e-51	1	False
(filmRef)17162	154	0.0008954154727793696	0.0	8.17721553528096e-42	1	False
(filmRef)17163	154	0.0008954154727793696	0.0	8.177215535280961e-42	1	False
(filmRef)17164	154	0.0008954154727793696	0.0	8.187707333661127e-42	1	False
(filmRef)17165	154	0.0008954154727793696	0.0	8.17721553528096e-42	1	False
(filmRef)17166	154	0.0008954154727793696	0.0	8.187707333661127e-42	1	False
(filmRef)17167	396	0.00017908309455587392	0.0	2.926173703099802e-51	1	False
(filmRef)17774	415	0.00017908309455587392	0.0	2.9050609044135773e-51	1	False
(filmRef)17773	415	0.00017908309455587392	0.0	2.9050609044135773e-51	1	False
(filmRef)17195	110	0.0012535816618911174	0.0	2.37644177633134e-39	1	False
(filmRef)17169	397	0.00017908309455587392	0.0	2.926173703099802e-51	1	False
(filmRef)18311	397	0.00017908309455587392	0.0	2.926173703099802e-51	1	False
(filmRef)17174	398	0.00017908309455587392	0.0	2.926173703099802e-51	1	False
(filmRef)17176	398	0.00017908309455587392	0.0	2.926173703099802e-51	1	False
(filmRef)17770	274	0.00035816618911174784	0.0	8.882897857938236e-50	1	False
(filmRef)17193	110	0.0012535816618911174	0.0	2.37644177633134e-39	1	False
(filmRef)17194	110	0.0012535816618911174	0.0	2.2454669033272738e-39	1	False
(filmRef)18671	3	0.011640401146131804	0.0	1.6115577505846629e-22	1	False
(filmRef)18670	3	0.011640401146131804	0.0	1.6510580897329357e-22	1	False
(filmRef)17252	51	0.0032234957020057307	0.0	4.190578952554472e-32	1	False
(filmRef)17245	52	0.00017908309455587392	0.0	2.3088177323616045e-45	1	False
(filmRef)17229	155	0.0008954154727793696	0.0	2.5758043976632337e-42	1	False
(filmRef)17752	272	0.00035816618911174784	0.0	1.3982856004544946e-49	1	False
(filmRef)17230	155	0.0008954154727793696	0.0	2.580692096662346e-42	1	False
(filmRef)17231	155	0.0008954154727793696	0.0	2.5799392655357024e-42	1	False
(filmRef)18666	3	0.011819484240687678	0.0	1.6674164151705954e-22	1	False
(filmRef)18293	3	0.011461318051575931	0.0	1.5520385618444557e-22	1	False
(filmRef)17244	52	0.00017908309455587392	0.0	2.3112008498477126e-45	1	False
(filmRef)17250	51	0.0032234957020057307	0.0	4.2021975252598496e-32	1	False
(filmRef)17228	155	0.0008954154727793696	0.0	2.54262833447433e-42	1	False
(filmRef)17251	51	0.0032234957020057307	0.0	4.191630789167151e-32	1	False
(filmRef)17751	120	0.00017908309455587392	0.0	2.9665350018511517e-49	1	False
(filmRef)17750	120	0.00035816618911174784	0.0	6.526634418365799e-49	1	False
(filmRef)18310	414	0.00017908309455587392	0.0	2.926173703099802e-51	1	False
(filmRef)17746	414	0.00017908309455587392	0.0	2.926173703099802e-51	1	False
(filmRef)17739	413	0.00017908309455587392	0.0	1.075372029591016e-52	1	False
(filmRef)17737	413	0.00017908309455587392	0.0	1.075372029591016e-52	1	False
(filmRef)18667	3	0.011819484240687678	0.0	1.6661717125725547e-22	1	False
(filmRef)17227	155	0.0008954154727793696	0.0	2.587017534764031e-42	1	False
(filmRef)17213	399	0.00017908309455587392	0.0	2.926173703099802e-51	1	False
(filmRef)18103	272	0.00035816618911174784	0.0	1.345820072931804e-49	1	False
(filmRef)17435	399	0.00017908309455587392	0.0	2.926173703099802e-51	1	False
(filmRef)17214	400	0.00017908309455587392	0.0	2.926173703099802e-51	1	False
(filmRef)17755	14	0.00017908309455587392	0.0	1.0465017398844495e-34	1	False
(filmRef)17436	400	0.00017908309455587392	0.0	2.926173703099802e-51	1	False
(filmRef)17215	401	0.00017908309455587392	0.0	2.926173703099802e-51	1	False
(filmRef)18669	3	0.011461318051575931	0.0	1.63372894490392e-22	1	False
(filmRef)17437	401	0.00017908309455587392	0.0	2.926173703099802e-51	1	False
(filmRef)17216	230	0.0005372492836676218	0.0	6.741332594940531e-47	1	False
(filmRef)17226	155	0.0008954154727793696	0.0	2.5879432732330087e-42	1	False
(filmRef)17438	230	0.0005372492836676218	0.0	6.741332594940531e-47	1	False
(filmRef)18493	230	0.0005372492836676218	0.0	6.74133259494053e-47	1	False
(filmRef)17965	272	0.00035816618911174784	0.0	1.3525172830876063e-49	1	False
(filmRef)18515	230	0.0005372492836676218	0.0	6.74133259494053e-47	1	False
(filmRef)18668	3	0.011819484240687678	0.0	1.6666436428116918e-22	1	False
(filmRef)18042	17	0.008954154727793696	0.0	3.628907955846389e-23	1	False
(filmRef)17223	402	0.00017908309455587392	0.0	2.8516821539433663e-51	1	False
(filmRef)18043	17	0.008954154727793696	0.0	3.632323779985345e-23	1	False
(filmRef)17882	17	0.008954154727793696	0.0	3.628907955846389e-23	1	False
(filmRef)17378	268	0.00017908309455587392	0.0	5.495114503777452e-51	1	False
(filmRef)17520	156	0.0008954154727793696	0.0	1.518759798132676e-42	1	False
(filmRef)17631	406	0.00017908309455587392	0.0	7.154299088823563e-52	1	False
(filmRef)17510	232	0.0005372492836676218	0.0	4.608551601966292e-46	1	False
(filmRef)19269	71	0.002328080229226361	0.0	2.152601781614836e-34	1	False
(filmRef)17511	232	0.0005372492836676218	0.0	4.527957988823754e-46	1	False
(filmRef)17529	232	0.0005372492836676218	0.0	4.506110350762567e-46	1	False
(filmRef)17530	232	0.0005372492836676218	0.0	4.603183227848284e-46	1	False
(filmRef)18157	71	0.002328080229226361	0.0	2.152601781614836e-34	1	False
(filmRef)17518	156	0.0008954154727793696	0.0	1.560206649479719e-42	1	False
(filmRef)17519	156	0.0008954154727793696	0.0	1.453427589659214e-42	1	False
(filmRef)17521	156	0.0008954154727793696	0.0	1.5375921203434092e-42	1	False
(filmRef)17779	270	0.00035816618911174784	0.0	9.730278799614713e-48	1	False
(filmRef)17522	156	0.0008954154727793696	0.0	1.54965770812979e-42	1	False
(filmRef)17523	156	0.0008954154727793696	0.0	1.5325195546239153e-42	1	False
(filmRef)18156	71	0.002328080229226361	0.0	2.152601781614836e-34	1	False
(filmRef)17535	195	0.0005372492836676218	0.0	4.339323147068194e-47	1	False
(filmRef)18109	3	0.011819484240687678	0.0	1.7412876920712925e-22	1	False
(filmRef)18155	71	0.002328080229226361	0.0	2.152601781614836e-34	1	False
(filmRef)18154	71	0.002328080229226361	0.0	2.1533136422977043e-34	1	False
(filmRef)17558	195	0.0005372492836676218	0.0	4.441904718149568e-47	1	False
(filmRef)18153	71	0.002328080229226361	0.0	2.1533136422977043e-34	1	False
(filmRef)18733	10	0.00913323782234957	0.0	9.851574744903272e-24	1	False
(filmRef)17632	406	0.00017908309455587392	0.0	7.154299088823563e-52	1	False
(filmRef)17633	67	0.0005372492836676218	0.0	1.132783365457412e-44	1	False
(filmRef)18390	10	0.008595988538681949	0.0	9.277602578168976e-24	1	False
(filmRef)17713	270	0.00035816618911174784	0.0	9.730278799614713e-48	1	False
(filmRef)17655	407	0.00017908309455587392	0.0	1.839494248355816e-52	1	False
(filmRef)19372	10	0.010386819484240688	0.0	1.2794168075841387e-23	1	False
(filmRef)17654	407	0.00017908309455587392	0.0	1.839494248355816e-52	1	False
(filmRef)18112	3	0.011819484240687678	0.0	1.7580589398235123e-22	1	False
(filmRef)17646	157	0.0008954154727793696	0.0	9.506102624465216e-42	1	False
(filmRef)19373	10	0.010386819484240688	0.0	1.2805037418904071e-23	1	False
(filmRef)17645	157	0.0008954154727793696	0.0	9.506102624465216e-42	1	False
(filmRef)17644	157	0.0008954154727793696	0.0	9.506102624465216e-42	1	False
(filmRef)17643	157	0.0008954154727793696	0.0	9.506102624465216e-42	1	False
(filmRef)19375	10	0.010386819484240688	0.0	1.2737243320064719e-23	1	False
(filmRef)17642	157	0.0008954154727793696	0.0	9.506102624465216e-42	1	False
(filmRef)17641	157	0.0008954154727793696	0.0	9.506102624465216e-42	1	False
(filmRef)19376	10	0.010386819484240688	0.0	1.2789547767053052e-23	1	False
(filmRef)18108	3	0.011819484240687678	0.0	1.7427989599252439e-22	1	False
(filmRef)19377	10	0.010386819484240688	0.0	1.2845117369336323e-23	1	False
(filmRef)19378	10	0.010386819484240688	0.0	1.2749008729773883e-23	1	False
(filmRef)17634	67	0.0005372492836676218	0.0	1.1311005272270639e-44	1	False
(filmRef)18111	3	0.011819484240687678	0.0	1.7579614641528825e-22	1	False
(filmRef)17560	195	0.0005372492836676218	0.0	4.399456647871554e-47	1	False
(filmRef)18152	71	0.002328080229226361	0.0	2.1533136422977043e-34	1	False
(filmRef)18151	71	0.002328080229226361	0.0	2.1533136422977043e-34	1	False
(filmRef)17579	269	0.00035816618911174784	0.0	3.436451514347858e-49	1	False
(filmRef)19001	35	0.004477077363896848	0.0	3.811854856838204e-30	1	False
(filmRef)19000	35	0.004477077363896848	0.0	3.811853770152359e-30	1	False
(filmRef)18999	35	0.004477077363896848	0.0	3.812601199435735e-30	1	False
(filmRef)17582	269	0.00035816618911174784	0.0	4.0704505817213754e-49	1	False
(filmRef)17586	35	0.004477077363896848	0.0	3.239378950519625e-30	1	False
(filmRef)17587	35	0.004477077363896848	0.0	3.2384091897444645e-30	1	False
(filmRef)17588	35	0.004477077363896848	0.0	3.2521984973638194e-30	1	False
(filmRef)17589	35	0.004477077363896848	0.0	3.2521984973638194e-30	1	False
(filmRef)17590	35	0.004477077363896848	0.0	3.2521984973638194e-30	1	False
(filmRef)17591	35	0.004477077363896848	0.0	3.252198497363819e-30	1	False
(filmRef)17592	35	0.004477077363896848	0.0	3.252198497363819e-30	1	False
(filmRef)17593	35	0.004477077363896848	0.0	3.2521984973638194e-30	1	False
(filmRef)18554	35	0.004477077363896848	0.0	3.812601199435735e-30	1	False
(filmRef)18561	35	0.004477077363896848	0.0	3.811854856838204e-30	1	False
(filmRef)18555	35	0.004477077363896848	0.0	3.811853770152359e-30	1	False
(filmRef)18560	35	0.004477077363896848	0.0	3.811854856838204e-30	1	False
(filmRef)18556	35	0.004477077363896848	0.0	3.811854856838204e-30	1	False
(filmRef)18557	35	0.004477077363896848	0.0	3.811854856838204e-30	1	False
(filmRef)18558	35	0.004477077363896848	0.0	3.8118548568382035e-30	1	False
(filmRef)17581	269	0.00035816618911174784	0.0	4.0704505817213754e-49	1	False
(filmRef)17553	196	0.00017908309455587392	0.0	5.4004106822000964e-48	1	False
(filmRef)18150	71	0.002328080229226361	0.0	2.1533136422977043e-34	1	False
(filmRef)19002	35	0.004477077363896848	0.0	3.811854856838204e-30	1	False
(filmRef)17619	71	0.002328080229226361	0.0	2.1533136422977043e-34	1	False
(filmRef)17618	71	0.002328080229226361	0.0	2.1533136422977043e-34	1	False
(filmRef)17617	71	0.002328080229226361	0.0	2.1533136422977043e-34	1	False
(filmRef)17616	71	0.002328080229226361	0.0	2.1533136422977043e-34	1	False
(filmRef)17615	71	0.002328080229226361	0.0	2.1533136422977043e-34	1	False
(filmRef)17595	405	0.00017908309455587392	0.0	2.838633047021352e-51	1	False
(filmRef)17538	172	0.00017908309455587392	0.0	1.4289443301158892e-48	1	False
(filmRef)17161	154	0.0008954154727793696	0.0	8.177215535280961e-42	1	False
(filmRef)17541	172	0.0005372492836676218	0.0	4.7171104665825466e-48	1	False
(filmRef)17594	405	0.00017908309455587392	0.0	2.838633047021352e-51	1	False
(filmRef)19008	35	0.004477077363896848	0.0	3.804327754605097e-30	1	False
(filmRef)17539	172	0.00035816618911174784	0.0	3.596256184661853e-48	1	False
(filmRef)19007	35	0.004477077363896848	0.0	3.8102762800231334e-30	1	False
(filmRef)17551	196	0.00035816618911174784	0.0	1.1937596638990631e-47	1	False
(filmRef)19006	35	0.004477077363896848	0.0	3.811854856838204e-30	1	False
(filmRef)19005	35	0.004477077363896848	0.0	3.811854856838204e-30	1	False
(filmRef)19004	35	0.004477077363896848	0.0	3.811854856838204e-30	1	False
(filmRef)17554	196	0.00035816618911174784	0.0	1.1736190620704232e-47	1	False
(filmRef)19003	35	0.004477077363896848	0.0	3.811854856838204e-30	1	False
(filmRef)19371	10	0.010386819484240688	0.0	1.2884239912258602e-23	1	False
(filmRef)18113	3	0.011819484240687678	0.0	1.7799093819565417e-22	1	False
(filmRef)18041	17	0.008954154727793696	0.0	3.6293956794561735e-23	1	False
(filmRef)17881	17	0.008954154727793696	0.0	3.629395679456173e-23	1	False
(filmRef)17889	17	0.008954154727793696	0.0	3.62939681316423e-23	1	False
(filmRef)17888	17	0.008954154727793696	0.0	3.62939681316423e-23	1	False
(filmRef)17887	17	0.008954154727793696	0.0	3.629884668327579e-23	1	False
(filmRef)17886	17	0.008954154727793696	0.0	3.629884668327579e-23	1	False
(filmRef)17885	17	0.008954154727793696	0.0	3.629884668327579e-23	1	False
(filmRef)17884	17	0.008954154727793696	0.0	3.629884668327579e-23	1	False
(filmRef)17966	10	0.009491404011461318	0.0	1.0420050406479455e-23	1	False
(filmRef)17883	17	0.008954154727793696	0.0	3.632323779985345e-23	1	False
(filmRef)18110	3	0.011819484240687678	0.0	1.758082058756071e-22	1	False
(filmRef)18286	3	0.011819484240687678	0.0	1.735501067583851e-22	1	False
(filmRef)18114	3	0.011819484240687678	0.0	1.7653211715430543e-22	1	False
(filmRef)17880	17	0.008954154727793696	0.0	3.6299823676814443e-23	1	False
(filmRef)17879	17	0.008954154727793696	0.0	3.629982367681445e-23	1	False
(filmRef)18389	10	0.009491404011461318	0.0	1.0761572490887734e-23	1	False
(filmRef)18652	10	0.010028653295128939	0.0	1.207028723443816e-23	1	False
(filmRef)17878	17	0.008954154727793696	0.0	3.629982367681445e-23	1	False
(filmRef)17877	17	0.008954154727793696	0.0	3.630471080486249e-23	1	False
(filmRef)18654	10	0.010565902578796561	0.0	1.266402067361173e-23	1	False
(filmRef)17876	17	0.008954154727793696	0.0	3.630471080486249e-23	1	False
(filmRef)17875	17	0.008954154727793696	0.0	3.630471080486249e-23	1	False
(filmRef)17890	17	0.008954154727793696	0.0	3.629396813164229e-23	1	False
(filmRef)17509	10	0.006984240687679083	0.0	7.346501711063898e-24	1	False
(filmRef)17678	3	0.011819484240687678	0.0	1.7925992317707348e-22	1	False
(filmRef)17891	17	0.008954154727793696	0.0	3.6279307349818064e-23	1	False
(filmRef)18040	17	0.008954154727793696	0.0	3.6299823676814443e-23	1	False
(filmRef)18039	17	0.008954154727793696	0.0	3.629982367681445e-23	1	False
(filmRef)18038	17	0.008954154727793696	0.0	3.6299823676814443e-23	1	False
(filmRef)18037	17	0.008954154727793696	0.0	3.630471080486249e-23	1	False
(filmRef)18036	17	0.008954154727793696	0.0	3.630471080486249e-23	1	False
(filmRef)17385	52	0.0005372492836676218	0.0	6.150677431273577e-45	1	False
(filmRef)17415	403	0.00017908309455587392	0.0	1.2288591354580997e-51	1	False
(filmRef)17416	403	0.00017908309455587392	0.0	1.2288591354580997e-51	1	False
(filmRef)18035	17	0.008954154727793696	0.0	3.630471080486249e-23	1	False
(filmRef)17638	67	0.00017908309455587392	0.0	5.1044896561354495e-45	1	False
(filmRef)18034	17	0.008954154727793696	0.0	3.630471080486249e-23	1	False
(filmRef)17431	231	0.00035816618911174784	0.0	1.749919892661961e-48	1	False
(filmRef)17433	231	0.0005372492836676218	0.0	2.4201295727897794e-48	1	False
(filmRef)17434	231	0.00035816618911174784	0.0	1.9690795871002375e-48	1	False
(filmRef)17445	404	0.00017908309455587392	0.0	2.8148192760099647e-51	1	False
(filmRef)17446	404	0.00017908309455587392	0.0	2.8148192760099647e-51	1	False
(filmRef)17507	10	0.008954154727793696	0.0	9.793375465129306e-24	1	False
(filmRef)18033	17	0.008954154727793696	0.0	3.6331590170689795e-23	1	False
(filmRef)18032	17	0.008954154727793696	0.0	3.6346265368919476e-23	1	False
(filmRef)17874	17	0.008954154727793696	0.0	3.630471080486249e-23	1	False
(filmRef)18655	10	0.010386819484240688	0.0	1.2551147995471576e-23	1	False
(filmRef)18656	10	0.010386819484240688	0.0	1.2515690438671464e-23	1	False
(filmRef)17718	411	0.00017908309455587392	0.0	2.926173703099802e-51	1	False
(filmRef)17679	3	0.011819484240687678	0.0	1.7927954101016916e-22	1	False
(filmRef)17717	410	0.00017908309455587392	0.0	2.926173703099802e-51	1	False
(filmRef)19360	10	0.010386819484240688	0.0	1.2750005723700632e-23	1	False
(filmRef)19361	10	0.010386819484240688	0.0	1.2774852315676807e-23	1	False
(filmRef)19362	10	0.010028653295128939	0.0	1.2304988747892788e-23	1	False
(filmRef)17782	409	0.00017908309455587392	0.0	2.926173703099802e-51	1	False
(filmRef)17716	409	0.00017908309455587392	0.0	2.926173703099802e-51	1	False
(filmRef)17781	408	0.00017908309455587392	0.0	2.926173703099802e-51	1	False
(filmRef)17715	408	0.00017908309455587392	0.0	2.926173703099802e-51	1	False
(filmRef)19105	271	0.00035816618911174784	0.0	5.872979602487087e-48	1	False
(filmRef)19363	10	0.010386819484240688	0.0	1.2785143753823706e-23	1	False
(filmRef)19364	10	0.010386819484240688	0.0	1.2652375714387978e-23	1	False
(filmRef)19365	10	0.010386819484240688	0.0	1.276329554293931e-23	1	False
(filmRef)19366	10	0.010386819484240688	0.0	1.2812037780264985e-23	1	False
(filmRef)18115	3	0.011819484240687678	0.0	1.7794041417509517e-22	1	False
(filmRef)17780	271	0.00035816618911174784	0.0	5.987294323643869e-48	1	False
(filmRef)17714	271	0.00035816618911174784	0.0	5.987294323643869e-48	1	False
(filmRef)19102	270	0.00035816618911174784	0.0	9.730278799614713e-48	1	False
(filmRef)19367	10	0.010386819484240688	0.0	1.2755862932281014e-23	1	False
(filmRef)17783	410	0.00017908309455587392	0.0	2.926173703099802e-51	1	False
(filmRef)17784	411	0.00017908309455587392	0.0	2.926173703099802e-51	1	False
(filmRef)18657	10	0.010028653295128939	0.0	1.2298138238039011e-23	1	False
(filmRef)17724	17	0.008954154727793696	0.0	3.627442814431104e-23	1	False
(filmRef)18285	3	0.011819484240687678	0.0	1.7229241204671446e-22	1	False
(filmRef)18734	10	0.009670487106017192	0.0	1.0649237719659202e-23	1	False
(filmRef)17873	17	0.008954154727793696	0.0	3.6331590170689795e-23	1	False
(filmRef)18997	10	0.009670487106017192	0.0	1.0837377968036086e-23	1	False
(filmRef)17872	17	0.008954154727793696	0.0	3.6346265368919476e-23	1	False
(filmRef)19349	10	0.010386819484240688	0.0	1.2498186584129365e-23	1	False
(filmRef)19350	10	0.010386819484240688	0.0	1.2835630682288814e-23	1	False
(filmRef)19351	10	0.010386819484240688	0.0	1.2813951601553962e-23	1	False
(filmRef)17728	17	0.008954154727793696	0.0	3.628419723853212e-23	1	False
(filmRef)19353	10	0.010386819484240688	0.0	1.2568562872212757e-23	1	False
(filmRef)17727	17	0.008954154727793696	0.0	3.628419723853212e-23	1	False
(filmRef)19354	10	0.010386819484240688	0.0	1.2749774685924273e-23	1	False
(filmRef)17726	17	0.008954154727793696	0.0	3.628419723853212e-23	1	False
(filmRef)19355	10	0.010386819484240688	0.0	1.2806226011308333e-23	1	False
(filmRef)19356	10	0.010386819484240688	0.0	1.2645508165475432e-23	1	False
(filmRef)19357	10	0.010386819484240688	0.0	1.252406002448766e-23	1	False
(filmRef)19358	10	0.010386819484240688	0.0	1.2863882786031997e-23	1	False
(filmRef)17725	17	0.008954154727793696	0.0	3.628419723853212e-23	1	False
(filmRef)19359	10	0.010386819484240688	0.0	1.2689821788243378e-23	1	False
(filmRef)16762	40	0.0030444126074498567	0.0	1.3104695752172365e-33	1	False
(filmRef)17388	52	0.00035816618911174784	0.0	2.4180531018276656e-45	1	False
(filmRef)17152	395	0.00017908309455587392	0.0	2.926173703099802e-51	1	False
(filmRef)16312	372	0.00017908309455587392	0.0	2.926173703099802e-51	1	False
(filmRef)16339	47	0.0034025787965616043	0.0	8.395227631528502e-32	1	False
(filmRef)18780	8	0.004477077363896848	0.0	7.901256490718039e-27	1	False
(filmRef)16338	47	0.0034025787965616043	0.0	8.482446005724178e-32	1	False
(filmRef)16337	47	0.0034025787965616043	0.0	8.492303768496049e-32	1	False
(filmRef)16336	47	0.0034025787965616043	0.0	8.448645537248918e-32	1	False
(filmRef)16335	47	0.0034025787965616043	0.0	8.492302613704173e-32	1	False
(filmRef)16317	47	0.0034025787965616043	0.0	8.492303768496049e-32	1	False
(filmRef)16316	47	0.0034025787965616043	0.0	8.492302945649363e-32	1	False
(filmRef)16315	47	0.0034025787965616043	0.0	8.492302613704173e-32	1	False
(filmRef)16847	373	0.00017908309455587392	0.0	2.926173703099802e-51	1	False
(filmRef)16313	373	0.00017908309455587392	0.0	2.926173703099802e-51	1	False
(filmRef)16311	372	0.00017908309455587392	0.0	2.926173703099802e-51	1	False
(filmRef)16855	47	0.0034025787965616043	0.0	8.6798905099684e-32	1	False
(filmRef)16309	12	0.00017908309455587392	0.0	5.570393034753337e-27	1	False
(filmRef)20699	12	0.009849570200573065	0.0	6.1479005231013504e-24	1	False
(filmRef)20698	12	0.009849570200573065	0.0	6.142143506050702e-24	1	False
(filmRef)20697	12	0.009849570200573065	0.0	6.227265104511608e-24	1	False
(filmRef)20696	12	0.009849570200573065	0.0	6.143748407479604e-24	1	False
(filmRef)20695	12	0.009849570200573065	0.0	6.197083968365297e-24	1	False
(filmRef)20694	12	0.009849570200573065	0.0	6.20444746657603e-24	1	False
(filmRef)20691	12	0.009849570200573065	0.0	5.661933519270679e-24	1	False
(filmRef)20690	12	0.009849570200573065	0.0	6.164903062803305e-24	1	False
(filmRef)20688	12	0.009849570200573065	0.0	5.634498401217226e-24	1	False
(filmRef)20265	12	0.009849570200573065	0.0	6.054093129348534e-24	1	False
(filmRef)16854	47	0.0034025787965616043	0.0	8.67988828687967e-32	1	False
(filmRef)16856	47	0.0034025787965616043	0.0	8.679893124581552e-32	1	False
(filmRef)18414	12	0.009670487106017192	0.0	6.432367252990331e-24	1	False
(filmRef)16365	374	0.00017908309455587392	0.0	2.926173703099802e-51	1	False
(filmRef)16401	191	0.0007163323782234957	0.0	2.6107887234266004e-43	1	False
(filmRef)16400	191	0.0007163323782234957	0.0	2.6107887234266004e-43	1	False
(filmRef)16399	191	0.0007163323782234957	0.0	2.6107887234266004e-43	1	False
(filmRef)16398	191	0.0007163323782234957	0.0	2.6107887234266004e-43	1	False
(filmRef)16417	209	0.00017908309455587392	0.0	1.222177548138118e-49	1	False
(filmRef)16368	209	0.00017908309455587392	0.0	1.2244830413938221e-49	1	False
(filmRef)16414	376	0.00017908309455587392	0.0	2.926173703099802e-51	1	False
(filmRef)16367	376	0.00017908309455587392	0.0	2.926173703099802e-51	1	False
(filmRef)16413	375	0.00017908309455587392	0.0	2.78535379921566e-51	1	False
(filmRef)16366	375	0.00017908309455587392	0.0	2.78535379921566e-51	1	False
(filmRef)16416	374	0.00017908309455587392	0.0	2.926173703099802e-51	1	False
(filmRef)16324	190	0.0005372492836676218	0.0	5.599517075952397e-45	1	False
(filmRef)16989	47	0.0034025787965616043	0.0	8.67988828687967e-32	1	False
(filmRef)16323	190	0.0005372492836676218	0.0	6.520397778526914e-45	1	False
(filmRef)16322	190	0.0007163323782234957	0.0	7.765407188646121e-45	1	False
(filmRef)16321	190	0.0007163323782234957	0.0	7.81407623270729e-45	1	False
(filmRef)16997	47	0.0034025787965616043	0.0	8.669099267957951e-32	1	False
(filmRef)16996	47	0.0034025787965616043	0.0	8.679893124581552e-32	1	False
(filmRef)16995	47	0.0034025787965616043	0.0	8.6798905099684e-32	1	False
(filmRef)16994	47	0.0034025787965616043	0.0	8.67988828687967e-32	1	False
(filmRef)16993	47	0.0034025787965616043	0.0	8.663298071477284e-32	1	False
(filmRef)16992	47	0.0034025787965616043	0.0	8.669099267957951e-32	1	False
(filmRef)16991	47	0.0034025787965616043	0.0	8.633402578679105e-32	1	False
(filmRef)16990	47	0.0034025787965616043	0.0	8.6798905099684e-32	1	False
(filmRef)20263	12	0.009849570200573065	0.0	6.189526626476424e-24	1	False
(filmRef)18413	12	0.009491404011461318	0.0	6.398463227571085e-24	1	False
(filmRef)17148	395	0.00017908309455587392	0.0	2.926173703099802e-51	1	False
(filmRef)16410	263	0.00035816618911174784	0.0	8.264698481107181e-48	1	False
(filmRef)16305	12	0.009491404011461318	0.0	6.407906759890965e-24	1	False
(filmRef)16304	12	0.009491404011461318	0.0	6.383753125480751e-24	1	False
(filmRef)16303	12	0.009491404011461318	0.0	6.365677705277866e-24	1	False
(filmRef)16302	12	0.009491404011461318	0.0	6.4342847575670405e-24	1	False
(filmRef)16301	12	0.00913323782234957	0.0	5.7801643728032084e-24	1	False
(filmRef)16300	371	0.00017908309455587392	0.0	1.4008475934936104e-52	1	False
(filmRef)16299	371	0.00017908309455587392	0.0	1.4008475934936104e-52	1	False
(filmRef)16319	114	0.00035816618911174784	0.0	2.077281041666098e-47	1	False
(filmRef)16296	114	0.00035816618911174784	0.0	2.4596664049350015e-47	1	False
(filmRef)16295	114	0.00035816618911174784	0.0	2.4734971251638787e-47	1	False
(filmRef)16294	114	0.00035816618911174784	0.0	2.1198082414069994e-47	1	False
(filmRef)16818	228	0.0005372492836676218	0.0	2.9023736668974714e-46	1	False
(filmRef)16307	12	0.009312320916905445	0.0	6.311851758777069e-24	1	False
(filmRef)16409	263	0.00035816618911174784	0.0	8.314888138399984e-48	1	False
(filmRef)16275	263	0.00035816618911174784	0.0	8.314888138399984e-48	1	False
(filmRef)16281	370	0.00017908309455587392	0.0	1.634402188864608e-51	1	False
(filmRef)16271	370	0.00017908309455587392	0.0	1.634402188864608e-51	1	False
(filmRef)16262	189	0.0005372492836676218	0.0	8.581149184455892e-46	1	False
(filmRef)16261	189	0.0007163323782234957	0.0	1.0391388575212533e-45	1	False
(filmRef)16260	189	0.0007163323782234957	0.0	1.0004491336323373e-45	1	False
(filmRef)16819	228	0.0005372492836676218	0.0	2.8959168702045515e-46	1	False
(filmRef)16259	189	0.0005372492836676218	0.0	8.285128833975457e-46	1	False
(filmRef)16334	31	0.004835243553008596	0.0	1.0043851261176962e-28	1	False
(filmRef)16333	31	0.004835243553008596	0.0	1.0043851261176962e-28	1	False
(filmRef)16306	12	0.009670487106017192	0.0	6.456761189622951e-24	1	False
(filmRef)16308	12	0.009491404011461318	0.0	6.3820127029704664e-24	1	False
(filmRef)18358	12	0.009491404011461318	0.0	6.392610210443969e-24	1	False
(filmRef)17237	12	0.009491404011461318	0.0	6.411023993533022e-24	1	False
(filmRef)18357	12	0.009670487106017192	0.0	6.508135942073577e-24	1	False
(filmRef)18355	12	0.009491404011461318	0.0	6.476763027461174e-24	1	False
(filmRef)18354	12	0.009491404011461318	0.0	6.358903924227273e-24	1	False
(filmRef)18353	12	0.009491404011461318	0.0	6.461896724080883e-24	1	False
(filmRef)18352	12	0.009491404011461318	0.0	6.362296364262358e-24	1	False
(filmRef)17241	12	0.009312320916905445	0.0	6.2203219817535365e-24	1	False
(filmRef)17240	12	0.009491404011461318	0.0	6.372383441818994e-24	1	False
(filmRef)17239	12	0.009491404011461318	0.0	6.35616782310894e-24	1	False
(filmRef)18798	8	0.004477077363896848	0.0	8.779662833397508e-27	1	False
(filmRef)19059	8	0.004477077363896848	0.0	7.61261262013941e-27	1	False
(filmRef)17238	12	0.009491404011461318	0.0	6.400112449451078e-24	1	False
(filmRef)17236	12	0.009670487106017192	0.0	6.4593181115852e-24	1	False
(filmRef)16953	12	0.009491404011461318	0.0	6.441768980932921e-24	1	False
(filmRef)17235	12	0.009491404011461318	0.0	6.3474273682552926e-24	1	False
(filmRef)17234	12	0.009491404011461318	0.0	6.422760342100798e-24	1	False
(filmRef)17233	12	0.009491404011461318	0.0	6.355325521844991e-24	1	False
(filmRef)16961	12	0.009491404011461318	0.0	6.3770274070113655e-24	1	False
(filmRef)16960	12	0.009491404011461318	0.0	6.273491763670808e-24	1	False
(filmRef)16959	12	0.009491404011461318	0.0	6.4739839924902416e-24	1	False
(filmRef)16958	12	0.009491404011461318	0.0	6.3593278327178175e-24	1	False
(filmRef)16957	12	0.009670487106017192	0.0	6.4767826844694685e-24	1	False
(filmRef)16956	12	0.009491404011461318	0.0	6.354512058251878e-24	1	False
(filmRef)16955	12	0.009670487106017192	0.0	6.491662493783285e-24	1	False
(filmRef)16954	12	0.009491404011461318	0.0	6.443560588904613e-24	1	False
(filmRef)16402	191	0.0007163323782234957	0.0	2.6107887234266004e-43	1	False
(filmRef)16420	226	0.0005372492836676218	0.0	3.068315516901578e-45	1	False
(filmRef)16427	226	0.0005372492836676218	0.0	3.068315516901578e-45	1	False
(filmRef)18232	100	0.0014326647564469914	0.0	1.0390729328238273e-38	1	False
(filmRef)20390	64	0.0026862464183381087	0.0	1.9841351121834403e-35	1	False
(filmRef)20391	64	0.0026862464183381087	0.0	1.8966910202065288e-35	1	False
(filmRef)16640	194	0.0007163323782234957	0.0	1.0844573631630729e-43	1	False
(filmRef)20392	64	0.0026862464183381087	0.0	2.051582986707607e-35	1	False
(filmRef)16590	124	0.00035816618911174784	0.0	3.6223342630248824e-49	1	False
(filmRef)16587	124	0.00035816618911174784	0.0	3.7389753710218355e-49	1	False
(filmRef)16564	380	0.00017908309455587392	0.0	2.773594231874125e-51	1	False
(filmRef)16563	380	0.00017908309455587392	0.0	2.773594231874125e-51	1	False
(filmRef)16880	23	0.0007163323782234957	0.0	2.738654132432104e-33	1	False
(filmRef)16560	23	0.0007163323782234957	0.0	2.738654132432104e-33	1	False
(filmRef)18080	416	0.00017908309455587392	0.0	2.926173703099802e-51	1	False
(filmRef)18231	100	0.0014326647564469914	0.0	1.0400662345344729e-38	1	False
(filmRef)19629	194	0.0007163323782234957	0.0	1.0844573631630729e-43	1	False
(filmRef)18230	100	0.0014326647564469914	0.0	1.0662621725147109e-38	1	False
(filmRef)18229	100	0.0014326647564469914	0.0	1.0607108879135773e-38	1	False
(filmRef)16550	100	0.0014326647564469914	0.0	1.041331469755448e-38	1	False
(filmRef)16549	100	0.0014326647564469914	0.0	1.0378049501042997e-38	1	False
(filmRef)16548	100	0.0014326647564469914	0.0	1.0662621725147112e-38	1	False
(filmRef)16547	100	0.0014326647564469914	0.0	1.0607108879135773e-38	1	False
(filmRef)16546	100	0.0014326647564469914	0.0	1.0607108879135773e-38	1	False
(filmRef)16530	265	0.00035816618911174784	0.0	9.119523965669939e-48	1	False
(filmRef)16529	265	0.00035816618911174784	0.0	9.119523965669939e-48	1	False
(filmRef)16528	265	0.00035816618911174784	0.0	9.119523965669939e-48	1	False
(filmRef)16527	264	0.00035816618911174784	0.0	3.97614797815829e-49	1	False
(filmRef)16641	194	0.0007163323782234957	0.0	1.0838624548936738e-43	1	False
(filmRef)19630	194	0.0007163323782234957	0.0	1.0258712192975817e-43	1	False
(filmRef)17180	226	0.0005372492836676218	0.0	3.068315516901578e-45	1	False
(filmRef)20034	64	0.0026862464183381087	0.0	1.9254820021968188e-35	1	False
(filmRef)16757	40	0.0030444126074498567	0.0	1.3168427859040976e-33	1	False
(filmRef)16692	40	0.0025071633237822347	0.0	1.0528591212782674e-33	1	False
(filmRef)16699	40	0.0007163323782234957	0.0	3.305371757717657e-34	1	False
(filmRef)16759	40	0.0028653295128939827	0.0	1.2860145346978397e-33	1	False
(filmRef)16760	40	0.0025071633237822347	0.0	1.1624132540832481e-33	1	False
(filmRef)20253	40	0.0017908309455587391	0.0	1.0179115699880722e-33	1	False
(filmRef)16705	64	0.0026862464183381087	0.0	1.925562497774185e-35	1	False
(filmRef)16706	64	0.0026862464183381087	0.0	1.9771575778987495e-35	1	False
(filmRef)16707	64	0.0025071633237822347	0.0	1.686188939079264e-35	1	False
(filmRef)16708	64	0.0025071633237822347	0.0	1.855264872551606e-35	1	False
(filmRef)20033	64	0.002328080229226361	0.0	1.603178875775317e-35	1	False
(filmRef)19573	40	0.001969914040114613	0.0	9.620622306133509e-34	1	False
(filmRef)20381	194	0.0007163323782234957	0.0	1.057308251922983e-43	1	False
(filmRef)16696	40	0.003939828080229226	0.0	1.804495747819054e-33	1	False
(filmRef)16686	40	0.001969914040114613	0.0	8.82568396504139e-34	1	False
(filmRef)16655	152	0.0008954154727793696	0.0	5.984632607980066e-42	1	False
(filmRef)16654	152	0.0008954154727793696	0.0	5.995207581127631e-42	1	False
(filmRef)16653	152	0.0008954154727793696	0.0	6.01294051427085e-42	1	False
(filmRef)20039	64	0.0026862464183381087	0.0	2.0540427996565585e-35	1	False
(filmRef)16652	152	0.0008954154727793696	0.0	5.995172159257923e-42	1	False
(filmRef)20040	64	0.0026862464183381087	0.0	2.0223389432503074e-35	1	False
(filmRef)16651	152	0.0008954154727793696	0.0	5.998641390802458e-42	1	False
(filmRef)20389	64	0.0026862464183381087	0.0	1.9297198991200443e-35	1	False
(filmRef)16650	152	0.0008954154727793696	0.0	5.970150213492584e-42	1	False
(filmRef)16526	264	0.00035816618911174784	0.0	3.983614881594251e-49	1	False
(filmRef)16525	264	0.00035816618911174784	0.0	4.070364616854376e-49	1	False
(filmRef)18195	14	0.0010744985673352436	0.0	1.3468336536954437e-32	1	False
(filmRef)18776	8	0.004297994269340974	0.0	7.045256555500258e-27	1	False
(filmRef)17545	192	0.0007163323782234957	0.0	9.19043516752593e-45	1	False
(filmRef)17973	8	0.004477077363896848	0.0	9.009274503685675e-27	1	False
(filmRef)17504	192	0.0007163323782234957	0.0	8.534301327577588e-45	1	False
(filmRef)17503	192	0.0007163323782234957	0.0	9.18060764203905e-45	1	False
(filmRef)16466	192	0.0007163323782234957	0.0	9.234425917087231e-45	1	False
(filmRef)16465	192	0.0007163323782234957	0.0	9.237954734482362e-45	1	False
(filmRef)16462	379	0.00017908309455587392	0.0	2.8896683189389093e-51	1	False
(filmRef)16461	379	0.00017908309455587392	0.0	2.8896683189389093e-51	1	False
(filmRef)16934	378	0.00017908309455587392	0.0	2.2425497427763124e-51	1	False
(filmRef)16459	378	0.00017908309455587392	0.0	2.2425497427763124e-51	1	False
(filmRef)18775	8	0.004297994269340974	0.0	7.045256555500258e-27	1	False
(filmRef)16457	151	0.0008954154727793696	0.0	9.707158696522379e-42	1	False
(filmRef)16508	14	0.00017908309455587392	0.0	1.905580420095444e-33	1	False
(filmRef)16456	151	0.0008954154727793696	0.0	9.707158696522379e-42	1	False
(filmRef)16455	151	0.0008954154727793696	0.0	9.707158696522379e-42	1	False
(filmRef)16454	151	0.0008954154727793696	0.0	9.707158696522379e-42	1	False
(filmRef)16453	151	0.0008954154727793696	0.0	9.707158696522379e-42	1	False
(filmRef)16452	151	0.0008954154727793696	0.0	9.707158696522379e-42	1	False
(filmRef)16451	377	0.00017908309455587392	0.0	2.7578129769972784e-51	1	False
(filmRef)16450	377	0.00017908309455587392	0.0	2.7578129769972784e-51	1	False
(filmRef)18779	8	0.004477077363896848	0.0	7.901256490718039e-27	1	False
(filmRef)16512	14	0.0005372492836676218	0.0	8.398043818246384e-33	1	False
(filmRef)16444	14	0.00017908309455587392	0.0	2.957169103373359e-33	1	False
(filmRef)19883	226	0.0005372492836676218	0.0	3.068315516901578e-45	1	False
(filmRef)17972	8	0.004477077363896848	0.0	9.012314253833535e-27	1	False
(filmRef)17424	8	0.0041189111747851	0.0	7.687036896011746e-27	1	False
(filmRef)17309	8	0.004477077363896848	0.0	9.011658059473779e-27	1	False
(filmRef)16468	227	0.0005372492836676218	0.0	1.290878249296931e-45	1	False
(filmRef)16753	381	0.00017908309455587392	0.0	2.269725981448086e-51	1	False
(filmRef)16513	14	0.00035816618911174784	0.0	4.695098432500404e-33	1	False
(filmRef)16884	23	0.0005372492836676218	0.0	2.8857713728058738e-33	1	False
(filmRef)16754	381	0.00017908309455587392	0.0	2.269725981448086e-51	1	False
(filmRef)16882	23	0.0007163323782234957	0.0	2.923242366658083e-33	1	False
(filmRef)16822	193	0.0007163323782234957	0.0	3.7005526946030793e-44	1	False
(filmRef)16485	193	0.0007163323782234957	0.0	4.586078869980352e-44	1	False
(filmRef)16484	193	0.0007163323782234957	0.0	4.586078869980352e-44	1	False
(filmRef)16793	382	0.00017908309455587392	0.0	2.8477721778501986e-52	1	False
(filmRef)16794	382	0.00017908309455587392	0.0	2.8477721778501986e-52	1	False
(filmRef)16809	8	0.004477077363896848	0.0	8.737213069814047e-27	1	False
(filmRef)16483	193	0.0007163323782234957	0.0	4.586078869980352e-44	1	False
(filmRef)16810	8	0.004477077363896848	0.0	8.740345367762277e-27	1	False
(filmRef)16811	8	0.004477077363896848	0.0	8.737213069814047e-27	1	False
(filmRef)16812	8	0.004477077363896848	0.0	8.740345367762277e-27	1	False
(filmRef)16482	193	0.0007163323782234957	0.0	4.586078869980352e-44	1	False
(filmRef)16813	8	0.004477077363896848	0.0	8.743478854876489e-27	1	False
(filmRef)16814	8	0.004477077363896848	0.0	9.011658059473777e-27	1	False
(filmRef)16474	227	0.0005372492836676218	0.0	1.2980235648834091e-45	1	False
(filmRef)17189	8	0.004477077363896848	0.0	9.0144228122762e-27	1	False
(filmRef)16473	227	0.0005372492836676218	0.0	1.301266639438076e-45	1	False
(filmRef)17191	8	0.004477077363896848	0.0	9.011383062128341e-27	1	False
(filmRef)16471	227	0.0005372492836676218	0.0	1.255202526068266e-45	1	False
(filmRef)16332	31	0.004835243553008596	0.0	1.0043851261176962e-28	1	False
(filmRef)16820	228	0.0005372492836676218	0.0	2.925147406776957e-46	1	False
(filmRef)16821	228	0.0005372492836676218	0.0	2.8893848875608723e-46	1	False
(filmRef)17742	15	0.004656160458452722	0.0	3.792021217543694e-28	1	False
(filmRef)17119	15	0.003939828080229226	0.0	3.3236227881283462e-28	1	False
(filmRef)17120	15	0.0037607449856733523	0.0	3.0211690839524464e-28	1	False
(filmRef)16293	18	0.008775071633237822	0.0	1.9162351455049708e-25	1	False
(filmRef)16292	18	0.008775071633237822	0.0	1.9400406700625025e-25	1	False
(filmRef)17123	15	0.003939828080229226	0.0	3.264335774418702e-28	1	False
(filmRef)17156	15	0.0041189111747851	0.0	3.4712173115871064e-28	1	False
(filmRef)17157	15	0.004297994269340974	0.0	3.6034876386402138e-28	1	False
(filmRef)17159	15	0.003939828080229226	0.0	3.2874542067083664e-28	1	False
(filmRef)16291	18	0.008775071633237822	0.0	2.0043600303910127e-25	1	False
(filmRef)17567	15	0.004297994269340974	0.0	3.560761948097538e-28	1	False
(filmRef)17741	15	0.0041189111747851	0.0	3.4362349131600618e-28	1	False
(filmRef)17745	15	0.0034025787965616043	0.0	2.751149039130838e-28	1	False
(filmRef)16578	18	0.008775071633237822	0.0	1.9746526862211814e-25	1	False
(filmRef)17943	15	0.003939828080229226	0.0	3.264335774418702e-28	1	False
(filmRef)17944	15	0.0041189111747851	0.0	3.381065263454389e-28	1	False
(filmRef)17945	15	0.0041189111747851	0.0	3.4536339447087566e-28	1	False
(filmRef)17946	15	0.0041189111747851	0.0	3.4782579556753454e-28	1	False
(filmRef)18497	15	0.004656160458452722	0.0	3.8550930768499666e-28	1	False
(filmRef)16257	18	0.008775071633237822	0.0	2.0072142323538104e-25	1	False
(filmRef)16256	18	0.008775071633237822	0.0	1.9450049000738866e-25	1	False
(filmRef)16255	18	0.008775071633237822	0.0	1.85511311479742e-25	1	False
(filmRef)18504	15	0.003939828080229226	0.0	3.300202445818122e-28	1	False
(filmRef)18505	15	0.0041189111747851	0.0	3.463243481394261e-28	1	False
(filmRef)18506	15	0.003939828080229226	0.0	3.2727048356547093e-28	1	False
(filmRef)17030	15	0.008416905444126075	0.0	6.070340093462478e-28	1	False
(filmRef)16579	18	0.008775071633237822	0.0	1.995776640332399e-25	1	False
(filmRef)18346	18	0.008775071633237822	0.0	1.883644524505212e-25	1	False
(filmRef)18066	18	0.008775071633237822	0.0	1.878407472574982e-25	1	False
(filmRef)18345	18	0.008775071633237822	0.0	1.8363367623790335e-25	1	False
(filmRef)16951	229	0.00017908309455587392	0.0	5.887709157554593e-51	1	False
(filmRef)16950	229	0.00017908309455587392	0.0	5.402911632147419e-51	1	False
(filmRef)17667	53	0.0008954154727793696	0.0	2.7247814026822626e-35	1	False
(filmRef)17729	53	0.0008954154727793696	0.0	2.72359674665958e-35	1	False
(filmRef)17730	53	0.0008954154727793696	0.0	2.683846439653028e-35	1	False
(filmRef)18344	18	0.008595988538681949	0.0	1.7725675348376137e-25	1	False
(filmRef)18069	18	0.008775071633237822	0.0	1.9233918151851713e-25	1	False
(filmRef)17016	15	0.008416905444126075	0.0	6.05186691872014e-28	1	False
(filmRef)18068	18	0.008775071633237822	0.0	1.871752400812349e-25	1	False
(filmRef)18067	18	0.008775071633237822	0.0	1.928301063280983e-25	1	False
(filmRef)18065	18	0.008775071633237822	0.0	1.9376553546850253e-25	1	False
(filmRef)16580	18	0.008775071633237822	0.0	1.9998203947181096e-25	1	False
(filmRef)17023	15	0.008416905444126075	0.0	6.100140295593725e-28	1	False
(filmRef)18064	18	0.008775071633237822	0.0	1.9135738784355732e-25	1	False
(filmRef)18063	18	0.008775071633237822	0.0	1.8612657123769285e-25	1	False
(filmRef)18062	18	0.008775071633237822	0.0	1.959294059330926e-25	1	False
(filmRef)18061	18	0.008775071633237822	0.0	1.9428149504416857e-25	1	False
(filmRef)18060	18	0.008775071633237822	0.0	1.9348681809954218e-25	1	False
(filmRef)18058	18	0.008775071633237822	0.0	1.940678562732219e-25	1	False
(filmRef)17027	15	0.008416905444126075	0.0	6.0646322998914525e-28	1	False
(filmRef)16879	18	0.008775071633237822	0.0	1.8648284957169825e-25	1	False
(filmRef)16878	18	0.008595988538681949	0.0	1.7154879778934787e-25	1	False
(filmRef)16581	18	0.008775071633237822	0.0	1.933701887989156e-25	1	False
(filmRef)17121	15	0.0026862464183381087	0.0	2.181520982371671e-28	1	False
(filmRef)17160	15	0.0030444126074498567	0.0	2.475410899338146e-28	1	False
(filmRef)17947	15	0.0032234957020057307	0.0	2.614032301395845e-28	1	False
(filmRef)17210	43	0.0035816618911174783	0.0	7.421904469964443e-31	1	False
(filmRef)17128	393	0.00017908309455587392	0.0	9.674028378380575e-53	1	False
(filmRef)17133	43	0.0035816618911174783	0.0	7.422839730445446e-31	1	False
(filmRef)17134	43	0.0035816618911174783	0.0	7.421904469964443e-31	1	False
(filmRef)17135	43	0.0035816618911174783	0.0	7.421904469964443e-31	1	False
(filmRef)17136	43	0.0035816618911174783	0.0	7.421904469964443e-31	1	False
(filmRef)17137	43	0.0035816618911174783	0.0	7.421904469964443e-31	1	False
(filmRef)17138	43	0.0035816618911174783	0.0	7.421904469964443e-31	1	False
(filmRef)17139	43	0.0035816618911174783	0.0	7.422839730445446e-31	1	False
(filmRef)17140	43	0.0035816618911174783	0.0	7.421904469964443e-31	1	False
(filmRef)17154	43	0.0035816618911174783	0.0	7.422839730445446e-31	1	False
(filmRef)17155	43	0.0035816618911174783	0.0	7.421904469964443e-31	1	False
(filmRef)17211	43	0.0035816618911174783	0.0	7.421904469964443e-31	1	False
(filmRef)17949	15	0.0030444126074498567	0.0	2.4738827083554713e-28	1	False
(filmRef)17218	43	0.0035816618911174783	0.0	7.421904469964443e-31	1	False
(filmRef)17306	43	0.0035816618911174783	0.0	7.420969445135024e-31	1	False
(filmRef)17461	43	0.0035816618911174783	0.0	7.422839730445448e-31	1	False
(filmRef)17492	43	0.0035816618911174783	0.0	7.421904469964443e-31	1	False
(filmRef)17564	43	0.0035816618911174783	0.0	7.421904469964443e-31	1	False
(filmRef)17640	43	0.0035816618911174783	0.0	7.421904469964443e-31	1	False
(filmRef)17670	43	0.0035816618911174783	0.0	7.421904469964443e-31	1	False
(filmRef)17735	43	0.0035816618911174783	0.0	7.421904469964443e-31	1	False
(filmRef)17740	43	0.0035816618911174783	0.0	7.420969445135022e-31	1	False
(filmRef)17142	394	0.00017908309455587392	0.0	2.926173703099802e-51	1	False
(filmRef)17150	394	0.00017908309455587392	0.0	2.926173703099802e-51	1	False
(filmRef)17126	393	0.00017908309455587392	0.0	9.674028378380575e-53	1	False
(filmRef)17130	392	0.00017908309455587392	0.0	3.50775626526924e-52	1	False
(filmRef)17125	392	0.00017908309455587392	0.0	3.50775626526924e-52	1	False
(filmRef)17124	195	0.00017908309455587392	0.0	1.4541059521232404e-47	1	False
(filmRef)16243	18	0.008775071633237822	0.0	1.9537292511660884e-25	1	False
(filmRef)17569	15	0.0012535816618911174	0.0	1.0377761649168017e-28	1	False
(filmRef)16242	18	0.008775071633237822	0.0	1.8994666699106886e-25	1	False
(filmRef)18498	15	0.0014326647564469914	0.0	1.1829529923551767e-28	1	False
(filmRef)17568	15	0.0008954154727793696	0.0	7.476818649006256e-29	1	False
(filmRef)17941	15	0.0007163323782234957	0.0	5.991851367563314e-29	1	False
(filmRef)17942	15	0.0007163323782234957	0.0	5.958188556927862e-29	1	False
(filmRef)16241	18	0.008775071633237822	0.0	1.816630311712147e-25	1	False
(filmRef)17093	390	0.00017908309455587392	0.0	2.5353279536327602e-51	1	False
(filmRef)17094	390	0.00017908309455587392	0.0	2.5353279536327602e-51	1	False
(filmRef)17095	391	0.00017908309455587392	0.0	4.54700993075689e-52	1	False
(filmRef)17096	391	0.00017908309455587392	0.0	4.54700993075689e-52	1	False
(filmRef)17110	153	0.0008954154727793696	0.0	8.962565199838337e-42	1	False
(filmRef)16240	18	0.008775071633237822	0.0	1.945396275260719e-25	1	False
(filmRef)17111	153	0.0008954154727793696	0.0	8.962565199838337e-42	1	False
(filmRef)16239	18	0.008775071633237822	0.0	1.9988709268372431e-25	1	False
(filmRef)16238	18	0.008775071633237822	0.0	2.01744950515351e-25	1	False
(filmRef)17112	153	0.0008954154727793696	0.0	8.962565199838337e-42	1	False
(filmRef)18673	3	0.011819484240687678	0.0	1.6821079612236323e-22	1	False
(filmRef)18672	3	0.011819484240687678	0.0	1.7075272224972792e-22	1	False
(filmRef)17113	153	0.0008954154727793696	0.0	8.962565199838337e-42	1	False
(filmRef)17114	153	0.0008954154727793696	0.0	8.962565199838337e-42	1	False
(filmRef)17115	153	0.0008954154727793696	0.0	8.962565199838337e-42	1	False
(filmRef)16943	52	0.00017908309455587392	0.0	2.6316096134423476e-45	1	False
(filmRef)18347	18	0.008775071633237822	0.0	1.8857818034691096e-25	1	False
(filmRef)16823	383	0.00017908309455587392	0.0	2.1248243961736364e-51	1	False
(filmRef)16282	31	0.004835243553008596	0.0	9.90764350636947e-29	1	False
(filmRef)16284	31	0.004835243553008596	0.0	9.749188932981592e-29	1	False
(filmRef)16283	31	0.004835243553008596	0.0	9.854711852845176e-29	1	False
(filmRef)16861	53	0.0025071633237822347	0.0	1.718263782475741e-34	1	False
(filmRef)16862	53	0.0025071633237822347	0.0	1.7213135729226443e-34	1	False
(filmRef)16969	53	0.0030444126074498567	0.0	1.3877630271050854e-34	1	False
(filmRef)16970	53	0.0025071633237822347	0.0	1.7207464591313713e-34	1	False
(filmRef)16971	53	0.0025071633237822347	0.0	1.7212757944800112e-34	1	False
(filmRef)16972	53	0.0025071633237822347	0.0	1.7213828608958663e-34	1	False
(filmRef)16973	53	0.0025071633237822347	0.0	1.7207471220488937e-34	1	False
(filmRef)16974	53	0.0025071633237822347	0.0	1.7207464591313713e-34	1	False
(filmRef)17666	53	0.0025071633237822347	0.0	1.7213146882634344e-34	1	False
(filmRef)17669	53	0.0030444126074498567	0.0	1.4714263739445465e-34	1	False
(filmRef)16286	31	0.004835243553008596	0.0	9.850891851640457e-29	1	False
(filmRef)16872	68	0.00017908309455587392	0.0	9.330376966044432e-40	1	False
(filmRef)16252	31	0.004835243553008596	0.0	9.932119434733008e-29	1	False
(filmRef)16251	31	0.004835243553008596	0.0	9.828173170490218e-29	1	False
(filmRef)16873	68	0.001969914040114613	0.0	1.0266382326206651e-37	1	False
(filmRef)16874	68	0.001969914040114613	0.0	1.0534567789676533e-37	1	False
(filmRef)16875	68	0.001969914040114613	0.0	1.0284075544507919e-37	1	False
(filmRef)17041	68	0.001969914040114613	0.0	1.0290317595982413e-37	1	False
(filmRef)17043	68	0.001969914040114613	0.0	1.0444999195917466e-37	1	False
(filmRef)16250	31	0.004835243553008596	0.0	9.95553287643648e-29	1	False
(filmRef)17295	68	0.001969914040114613	0.0	1.0131583580866802e-37	1	False
(filmRef)17296	68	0.001969914040114613	0.0	1.035465162140344e-37	1	False
(filmRef)16285	31	0.004835243553008596	0.0	9.845845529728084e-29	1	False
(filmRef)16860	53	0.0025071633237822347	0.0	1.7189013422942427e-34	1	False
(filmRef)16941	52	0.00017908309455587392	0.0	2.7389711020166364e-46	1	False
(filmRef)16877	384	0.00017908309455587392	0.0	8.061952623122782e-53	1	False
(filmRef)16824	383	0.00017908309455587392	0.0	2.1248243961736364e-51	1	False
(filmRef)16825	103	0.00017908309455587392	0.0	2.020150006327132e-49	1	False
(filmRef)16331	31	0.004835243553008596	0.0	1.0043851261176962e-28	1	False
(filmRef)16330	31	0.004835243553008596	0.0	1.0043851261176962e-28	1	False
(filmRef)16827	103	0.00017908309455587392	0.0	1.1220539893190346e-49	1	False
(filmRef)16329	31	0.004835243553008596	0.0	1.0043851261176962e-28	1	False
(filmRef)16328	31	0.004835243553008596	0.0	1.0043851261176962e-28	1	False
(filmRef)16327	31	0.004835243553008596	0.0	1.0043851261176962e-28	1	False
(filmRef)16829	103	0.00035816618911174784	0.0	8.403613437728118e-49	1	False
(filmRef)16326	31	0.004835243553008596	0.0	1.0043851261176962e-28	1	False
(filmRef)16845	384	0.00017908309455587392	0.0	8.061952623122782e-53	1	False
(filmRef)16851	266	0.00035816618911174784	0.0	5.093227644147623e-48	1	False
(filmRef)16859	53	0.0025071633237822347	0.0	1.7187938317543939e-34	1	False
(filmRef)16325	31	0.004835243553008596	0.0	1.0043851261176962e-28	1	False
(filmRef)16290	31	0.004835243553008596	0.0	9.831873328394134e-29	1	False
(filmRef)16289	31	0.004835243553008596	0.0	9.845182509106112e-29	1	False
(filmRef)17809	266	0.00035816618911174784	0.0	4.962048135319625e-48	1	False
(filmRef)18228	266	0.00035816618911174784	0.0	5.093227644147623e-48	1	False
(filmRef)16853	385	0.00017908309455587392	0.0	2.830881872540871e-51	1	False
(filmRef)18236	385	0.00017908309455587392	0.0	2.830881872540871e-51	1	False
(filmRef)16857	53	0.0025071633237822347	0.0	1.7188329651056076e-34	1	False
(filmRef)16858	53	0.0025071633237822347	0.0	1.721313572922644e-34	1	False
(filmRef)16288	31	0.004835243553008596	0.0	9.738814802569162e-29	1	False
(filmRef)16287	31	0.004835243553008596	0.0	9.875157807719541e-29	1	False
(filmRef)16249	31	0.004835243553008596	0.0	9.815660964971264e-29	1	False
(filmRef)16248	31	0.004835243553008596	0.0	9.808689456862674e-29	1	False
(filmRef)16247	31	0.004835243553008596	0.0	9.888611541192985e-29	1	False
(filmRef)18463	18	0.008775071633237822	0.0	1.952554215338749e-25	1	False
(filmRef)16909	60	0.0028653295128939827	0.0	8.197057761820547e-33	1	False
(filmRef)16910	60	0.0028653295128939827	0.0	8.200523865093536e-33	1	False
(filmRef)18464	18	0.008775071633237822	0.0	1.863987647173e-25	1	False
(filmRef)16911	60	0.0028653295128939827	0.0	8.200523865093536e-33	1	False
(filmRef)16912	60	0.0028653295128939827	0.0	8.200527945550409e-33	1	False
(filmRef)16913	60	0.0028653295128939827	0.0	8.200523865093536e-33	1	False
(filmRef)16914	60	0.0028653295128939827	0.0	8.174332882871954e-33	1	False
(filmRef)16915	60	0.0028653295128939827	0.0	8.200527945550409e-33	1	False
(filmRef)16917	386	0.00017908309455587392	0.0	2.6811525953294688e-52	1	False
(filmRef)16918	386	0.00017908309455587392	0.0	2.6811525953294688e-52	1	False
(filmRef)16925	267	0.00017908309455587392	0.0	2.9293793994680145e-51	1	False
(filmRef)16929	267	0.00017908309455587392	0.0	3.575689741390074e-51	1	False
(filmRef)17297	68	0.001969914040114613	0.0	1.0442549661347845e-37	1	False
(filmRef)16935	387	0.00017908309455587392	0.0	2.5209392262235005e-51	1	False
(filmRef)18462	18	0.008775071633237822	0.0	1.8493628628161213e-25	1	False
(filmRef)18233	387	0.00017908309455587392	0.0	2.5209392262235005e-51	1	False
(filmRef)16936	388	0.00017908309455587392	0.0	2.6350220436109104e-51	1	False
(filmRef)18234	388	0.00017908309455587392	0.0	2.6350220436109104e-51	1	False
(filmRef)16937	389	0.00017908309455587392	0.0	2.792930517964493e-51	1	False
(filmRef)18351	18	0.008775071633237822	0.0	1.7812337621212635e-25	1	False
(filmRef)18350	18	0.008775071633237822	0.0	1.9030087809500333e-25	1	False
(filmRef)18349	18	0.008775071633237822	0.0	1.8557980818106048e-25	1	False
(filmRef)18235	389	0.00017908309455587392	0.0	2.792930517964493e-51	1	False
(filmRef)18348	18	0.008775071633237822	0.0	1.786273520525713e-25	1	False
(filmRef)16908	60	0.0028653295128939827	0.0	8.197057761820547e-33	1	False
(filmRef)16907	60	0.0028653295128939827	0.0	8.175928521215845e-33	1	False
(filmRef)18465	18	0.008775071633237822	0.0	1.926058934605741e-25	1	False
(filmRef)16906	60	0.0028653295128939827	0.0	8.19522413907334e-33	1	False
(filmRef)16246	31	0.004835243553008596	0.0	9.938164486931213e-29	1	False
(filmRef)16245	31	0.004835243553008596	0.0	9.717362726363574e-29	1	False
(filmRef)16244	31	0.004835243553008596	0.0	9.925026130888278e-29	1	False
(filmRef)18473	18	0.008775071633237822	0.0	1.964690257380283e-25	1	False
(filmRef)18472	18	0.008775071633237822	0.0	1.8771551649483602e-25	1	False
(filmRef)18471	18	0.008775071633237822	0.0	1.9124153857418047e-25	1	False
(filmRef)18470	18	0.008775071633237822	0.0	1.8829067164315675e-25	1	False
(filmRef)17344	68	0.001969914040114613	0.0	1.04487007815529e-37	1	False
(filmRef)18469	18	0.008775071633237822	0.0	1.8808597930839972e-25	1	False
(filmRef)17345	68	0.001969914040114613	0.0	1.0315193278548488e-37	1	False
(filmRef)17346	68	0.001969914040114613	0.0	1.059043404711232e-37	1	False
(filmRef)18468	18	0.008775071633237822	0.0	1.8834449590804314e-25	1	False
(filmRef)18467	18	0.008775071633237822	0.0	1.8955579861903154e-25	1	False
(filmRef)18466	18	0.008775071633237822	0.0	1.9181024759020678e-25	1	False
(filmRef)16883	23	0.00017908309455587392	0.0	6.453473635128507e-35	1	False
(filmRef)16888	23	0.00017908309455587392	0.0	4.819556561351986e-34	1	False
(filmRef)16899	60	0.0028653295128939827	0.0	7.737677548555448e-33	1	False
(filmRef)16900	60	0.0028653295128939827	0.0	8.198691027572066e-33	1	False
(filmRef)16901	60	0.0028653295128939827	0.0	8.198691027572066e-33	1	False
(filmRef)16902	60	0.0028653295128939827	0.0	8.17940768641768e-33	1	False
(filmRef)16903	60	0.0028653295128939827	0.0	8.198691027572066e-33	1	False
(filmRef)16904	60	0.0028653295128939827	0.0	8.198692180147637e-33	1	False
(filmRef)16905	60	0.0028653295128939827	0.0	8.17940768641768e-33	1	False
(filmRef)17775	416	0.00017908309455587392	0.0	2.926173703099802e-51	1	False
(filmRef)0142	310	0.00017908309455587392	0.0	7.512434776943752e-52	1	False
(filmRef)17776	417	0.00017908309455587392	0.0	2.926173703099802e-51	1	False
(filmRef)21368	168	0.0008954154727793696	0.0	1.5825045227886548e-42	1	False
(filmRef)21391	512	0.00017908309455587392	0.0	2.926173703099802e-51	1	False
(filmRef)21373	168	0.0008954154727793696	0.0	1.4724994655776403e-42	1	False
(filmRef)21372	168	0.0008954154727793696	0.0	1.5585109197479323e-42	1	False
(filmRef)21371	168	0.0008954154727793696	0.0	1.538473882390744e-42	1	False
(filmRef)21370	168	0.0008954154727793696	0.0	1.5423549874639744e-42	1	False
(filmRef)21369	168	0.0008954154727793696	0.0	1.5312476165174204e-42	1	False
(filmRef)21367	296	0.00017908309455587392	0.0	2.7300397633467195e-51	1	False
(filmRef)21343	65	0.0026862464183381087	0.0	1.7626932209584097e-35	1	False
(filmRef)21366	296	0.00017908309455587392	0.0	2.3434979623797984e-51	1	False
(filmRef)21349	65	0.0026862464183381087	0.0	1.7637548466425411e-35	1	False
(filmRef)21348	65	0.0026862464183381087	0.0	1.6869239833059271e-35	1	False
(filmRef)21347	65	0.0026862464183381087	0.0	1.6787421742617163e-35	1	False
(filmRef)21346	65	0.0026862464183381087	0.0	1.689757428704754e-35	1	False
(filmRef)21345	65	0.0026862464183381087	0.0	1.6625038099284154e-35	1	False
(filmRef)21392	512	0.00017908309455587392	0.0	2.926173703099802e-51	1	False
(filmRef)21821	513	0.00017908309455587392	0.0	2.505920885067035e-51	1	False
(filmRef)21822	513	0.00017908309455587392	0.0	2.505920885067035e-51	1	False
(filmRef)21837	239	0.00017908309455587392	0.0	4.078109754417045e-51	1	False
(filmRef)21840	239	0.00017908309455587392	0.0	4.336617435069141e-51	1	False
(filmRef)21842	514	0.00017908309455587392	0.0	1.1224207013769698e-52	1	False
(filmRef)21843	514	0.00017908309455587392	0.0	1.1224207013769698e-52	1	False
(filmRef)21845	201	0.0007163323782234957	0.0	3.9492900562195177e-44	1	False
(filmRef)21846	201	0.0007163323782234957	0.0	4.229895657028393e-44	1	False
(filmRef)21847	201	0.0007163323782234957	0.0	4.229895657028393e-44	1	False
(filmRef)21848	201	0.0007163323782234957	0.0	4.0441421840279623e-44	1	False
(filmRef)21849	201	0.0007163323782234957	0.0	3.8028232497487656e-44	1	False
(filmRef)21986	98	0.0005372492836676218	0.0	1.9977322866611352e-42	1	False
(filmRef)21991	98	0.0012535816618911174	0.0	4.373727105330369e-42	1	False
(filmRef)21987	98	0.00017908309455587392	0.0	5.6625453580344405e-43	1	False
(filmRef)21988	98	0.0008954154727793696	0.0	3.028447306528533e-42	1	False
(filmRef)21990	98	0.0010744985673352436	0.0	4.000739671368648e-42	1	False
(filmRef)21344	65	0.0026862464183381087	0.0	1.7123415861396462e-35	1	False
(filmRef)21342	65	0.0026862464183381087	0.0	1.7125021949489083e-35	1	False
(filmRef)21271	200	0.0007163323782234957	0.0	1.831764084205167e-44	1	False
(filmRef)21290	166	0.0007163323782234957	0.0	4.0414384012835723e-44	1	False
(filmRef)21298	509	0.00017908309455587392	0.0	1.9606653302256455e-52	1	False
(filmRef)21297	167	0.0007163323782234957	0.0	6.052560635120233e-45	1	False
(filmRef)21296	167	0.0007163323782234957	0.0	6.233391135386817e-45	1	False
(filmRef)21295	167	0.0007163323782234957	0.0	6.076919014574535e-45	1	False
(filmRef)21294	167	0.0007163323782234957	0.0	6.108507740645396e-45	1	False
(filmRef)21293	167	0.00017908309455587392	0.0	1.339805755920403e-45	1	False
(filmRef)21289	166	0.0008954154727793696	0.0	4.96404386974681e-44	1	False
(filmRef)21341	65	0.0026862464183381087	0.0	1.6932481127625633e-35	1	False
(filmRef)21288	166	0.0008954154727793696	0.0	4.978934857580538e-44	1	False
(filmRef)21287	166	0.0008954154727793696	0.0	5.02708246137795e-44	1	False
(filmRef)21286	166	0.0007163323782234957	0.0	4.2963409268460283e-44	1	False
(filmRef)21275	200	0.0007163323782234957	0.0	1.8845886624747886e-44	1	False
(filmRef)21274	200	0.0007163323782234957	0.0	1.8550188849964103e-44	1	False
(filmRef)21273	200	0.0007163323782234957	0.0	1.8518605734598777e-44	1	False
(filmRef)21299	509	0.00017908309455587392	0.0	1.9606653302256455e-52	1	False
(filmRef)21305	97	0.0005372492836676218	0.0	3.830649630394233e-45	1	False
(filmRef)21306	97	0.0005372492836676218	0.0	4.480027873526856e-45	1	False
(filmRef)21307	97	0.0005372492836676218	0.0	4.3395456568623936e-45	1	False
(filmRef)21310	97	0.00035816618911174784	0.0	3.013935997047041e-45	1	False
(filmRef)21312	510	0.00017908309455587392	0.0	7.500961005600863e-53	1	False
(filmRef)21313	510	0.00017908309455587392	0.0	7.500961005600863e-53	1	False
(filmRef)21318	78	0.0008954154727793696	0.0	4.824972926049461e-42	1	False
(filmRef)21326	511	0.00017908309455587392	0.0	2.791545550957613e-52	1	False
(filmRef)21327	511	0.00017908309455587392	0.0	2.791545550957613e-52	1	False
(filmRef)21334	65	0.0026862464183381087	0.0	1.723182572399857e-35	1	False
(filmRef)21335	65	0.0026862464183381087	0.0	1.638331320249885e-35	1	False
(filmRef)21336	65	0.0026862464183381087	0.0	1.8253916143770788e-35	1	False
(filmRef)21337	65	0.0026862464183381087	0.0	1.765938704093052e-35	1	False
(filmRef)21338	65	0.0026862464183381087	0.0	1.712574707483193e-35	1	False
(filmRef)21339	65	0.0026862464183381087	0.0	1.669267202797633e-35	1	False
(filmRef)21340	65	0.0026862464183381087	0.0	1.804154110644327e-35	1	False
(filmRef)21992	98	0.0008954154727793696	0.0	3.081416581052875e-42	1	False
(filmRef)21998	515	0.00017908309455587392	0.0	1.93619068031018e-52	1	False
(filmRef)21999	515	0.00017908309455587392	0.0	1.93619068031018e-52	1	False
(filmRef)22535	523	0.00017908309455587392	0.0	7.930135672965224e-53	1	False
(filmRef)22570	525	0.00017908309455587392	0.0	1.128022541461861e-52	1	False
(filmRef)22569	525	0.00017908309455587392	0.0	1.128022541461861e-52	1	False
(filmRef)22761	58	0.00017908309455587392	0.0	9.243273356767754e-47	1	False
(filmRef)22562	524	0.00017908309455587392	0.0	2.9144135116263583e-52	1	False
(filmRef)22560	524	0.00017908309455587392	0.0	2.9144135116263583e-52	1	False
(filmRef)22538	523	0.00017908309455587392	0.0	7.930135672965224e-53	1	False
(filmRef)22527	522	0.00017908309455587392	0.0	5.705783521149092e-52	1	False
(filmRef)22002	106	0.00035816618911174784	0.0	8.779254111372407e-47	1	False
(filmRef)22526	522	0.00017908309455587392	0.0	5.705783521149092e-52	1	False
(filmRef)22513	299	0.00017908309455587392	0.0	2.404361929915459e-51	1	False
(filmRef)22512	299	0.00017908309455587392	0.0	2.526943867319973e-51	1	False
(filmRef)22494	298	0.00017908309455587392	0.0	5.397968938390047e-51	1	False
(filmRef)22493	298	0.00017908309455587392	0.0	6.496375107649023e-51	1	False
(filmRef)22468	202	0.00017908309455587392	0.0	1.2200870423034299e-49	1	False
(filmRef)22581	526	0.00017908309455587392	0.0	2.9497424968932785e-52	1	False
(filmRef)22582	526	0.00017908309455587392	0.0	2.9497424968932785e-52	1	False
(filmRef)22586	527	0.00017908309455587392	0.0	6.85235569034904e-53	1	False
(filmRef)22587	527	0.00017908309455587392	0.0	6.85235569034904e-53	1	False
(filmRef)22598	528	0.00017908309455587392	0.0	2.137490833505254e-51	1	False
(filmRef)22599	528	0.00017908309455587392	0.0	2.137490833505254e-51	1	False
(filmRef)22605	300	0.00017908309455587392	0.0	3.8479292852853914e-51	1	False
(filmRef)22608	300	0.00017908309455587392	0.0	3.7677957870609227e-51	1	False
(filmRef)22613	529	0.00017908309455587392	0.0	7.485840400915736e-53	1	False
(filmRef)22936	529	0.00017908309455587392	0.0	7.485840400915736e-53	1	False
(filmRef)22618	530	0.00017908309455587392	0.0	6.262554592597972e-52	1	False
(filmRef)22619	530	0.00017908309455587392	0.0	6.262554592597972e-52	1	False
(filmRef)22624	531	0.00017908309455587392	0.0	7.45273065704958e-53	1	False
(filmRef)22626	531	0.00017908309455587392	0.0	7.45273065704958e-53	1	False
(filmRef)22637	532	0.00017908309455587392	0.0	2.2073628928430248e-52	1	False
(filmRef)22638	532	0.00017908309455587392	0.0	2.2073628928430248e-52	1	False
(filmRef)22642	533	0.00017908309455587392	0.0	1.0214315057284988e-52	1	False
(filmRef)22467	202	0.00017908309455587392	0.0	1.2916463293162118e-49	1	False
(filmRef)22466	521	0.00017908309455587392	0.0	2.8628100834771864e-51	1	False
(filmRef)22465	521	0.00017908309455587392	0.0	2.8628100834771864e-51	1	False
(filmRef)22071	517	0.00017908309455587392	0.0	7.632677615660487e-53	1	False
(filmRef)22015	106	0.00035816618911174784	0.0	8.718720748636571e-47	1	False
(filmRef)22006	106	0.00017908309455587392	0.0	4.1215764840311734e-47	1	False
(filmRef)22007	106	0.00017908309455587392	0.0	3.880496830084922e-47	1	False
(filmRef)22021	516	0.00017908309455587392	0.0	1.4421512873352223e-51	1	False
(filmRef)22022	516	0.00017908309455587392	0.0	1.4421512873352223e-51	1	False
(filmRef)22033	297	0.00035816618911174784	0.0	6.488605732935271e-49	1	False
(filmRef)22034	297	0.00035816618911174784	0.0	6.461811399574383e-49	1	False
(filmRef)22035	297	0.00035816618911174784	0.0	6.84941205635606e-49	1	False
(filmRef)22060	104	0.00017908309455587392	0.0	3.2949793396411516e-48	1	False
(filmRef)22061	104	0.00017908309455587392	0.0	8.267084768217038e-48	1	False
(filmRef)22064	104	0.00035816618911174784	0.0	1.5934062255119749e-47	1	False
(filmRef)22065	104	0.00017908309455587392	0.0	8.255793922646302e-48	1	False
(filmRef)22067	104	0.00035816618911174784	0.0	1.553987363699259e-47	1	False
(filmRef)22070	517	0.00017908309455587392	0.0	7.632677615660487e-53	1	False
(filmRef)22074	518	0.00017908309455587392	0.0	2.1507928675506135e-52	1	False
(filmRef)22456	202	0.00017908309455587392	0.0	1.2409620285140958e-49	1	False
(filmRef)22075	518	0.00017908309455587392	0.0	2.1507928675506135e-52	1	False
(filmRef)22081	58	0.00017908309455587392	0.0	5.544414640173318e-48	1	False
(filmRef)22196	519	0.00017908309455587392	0.0	3.1445070075596393e-52	1	False
(filmRef)22204	519	0.00017908309455587392	0.0	3.1445070075596393e-52	1	False
(filmRef)22197	169	0.0007163323782234957	0.0	2.198107021579191e-45	1	False
(filmRef)22198	169	0.0007163323782234957	0.0	2.2389721659024556e-45	1	False
(filmRef)22200	169	0.0007163323782234957	0.0	2.124665962237782e-45	1	False
(filmRef)22201	169	0.0008954154727793696	0.0	2.452629559033104e-45	1	False
(filmRef)22209	520	0.00017908309455587392	0.0	1.3608121281370797e-52	1	False
(filmRef)22210	520	0.00017908309455587392	0.0	1.3608121281370797e-52	1	False
(filmRef)22425	58	0.00017908309455587392	0.0	1.2917072188913406e-46	1	False
(filmRef)22445	58	0.0005372492836676218	0.0	2.280350649731705e-45	1	False
(filmRef)22631	58	0.0005372492836676218	0.0	1.1908075280649916e-45	1	False
(filmRef)22453	202	0.00017908309455587392	0.0	1.4702302242065456e-49	1	False
(filmRef)21272	200	0.0007163323782234957	0.0	1.820532236108099e-44	1	False
(filmRef)21269	508	0.00017908309455587392	0.0	1.191016369040462e-52	1	False
(filmRef)22709	534	0.00017908309455587392	0.0	9.09766439882593e-53	1	False
(filmRef)20992	24	0.0057306590257879654	0.0	4.885344687286676e-29	1	False
(filmRef)21000	24	0.0057306590257879654	0.0	4.8314877336748735e-29	1	False
(filmRef)20999	24	0.005551575931232092	0.0	4.729862041543277e-29	1	False
(filmRef)20998	24	0.005551575931232092	0.0	4.7740054821900425e-29	1	False
(filmRef)20997	24	0.0057306590257879654	0.0	4.957050616538519e-29	1	False
(filmRef)20994	24	0.0057306590257879654	0.0	4.875720304376603e-29	1	False
(filmRef)20993	24	0.0057306590257879654	0.0	4.8683622535511777e-29	1	False
(filmRef)20990	24	0.005909742120343839	0.0	5.0078712015092213e-29	1	False
(filmRef)20759	503	0.00017908309455587392	0.0	2.809493729262764e-51	1	False
(filmRef)20989	24	0.005551575931232092	0.0	4.7935826753627657e-29	1	False
(filmRef)20988	24	0.0057306590257879654	0.0	4.8758315393593163e-29	1	False
(filmRef)20986	24	0.005551575931232092	0.0	4.68545550538025e-29	1	False
(filmRef)20985	24	0.005551575931232092	0.0	4.720133541714121e-29	1	False
(filmRef)20765	504	0.00017908309455587392	0.0	2.889494834922899e-51	1	False
(filmRef)20764	504	0.00017908309455587392	0.0	2.889494834922899e-51	1	False
(filmRef)21008	24	0.0057306590257879654	0.0	4.972558446472345e-29	1	False
(filmRef)21009	24	0.0060888252148997134	0.0	5.061563351521589e-29	1	False
(filmRef)21011	24	0.0060888252148997134	0.0	5.142547482023678e-29	1	False
(filmRef)21012	24	0.0057306590257879654	0.0	4.8960383581373657e-29	1	False
(filmRef)21022	24	0.0037607449856733523	0.0	3.2977118768479957e-29	1	False
(filmRef)21023	24	0.006267908309455587	0.0	5.251421905696668e-29	1	False
(filmRef)21024	24	0.0060888252148997134	0.0	5.136128500855591e-29	1	False
(filmRef)21026	24	0.006267908309455587	0.0	5.223772178757325e-29	1	False
(filmRef)21027	24	0.006267908309455587	0.0	5.195128948548615e-29	1	False
(filmRef)21032	24	0.006267908309455587	0.0	5.212565901548159e-29	1	False
(filmRef)21098	24	0.0060888252148997134	0.0	5.025376093278021e-29	1	False
(filmRef)21019	78	0.0007163323782234957	0.0	4.583906612873108e-42	1	False
(filmRef)21116	78	0.0007163323782234957	0.0	4.02176444900848e-42	1	False
(filmRef)21320	78	0.0010744985673352436	0.0	6.024694257037173e-42	1	False
(filmRef)21319	78	0.0010744985673352436	0.0	6.095833773960686e-42	1	False
(filmRef)21055	6	0.004656160458452722	0.0	1.298070387413817e-32	1	False
(filmRef)21067	6	0.0034025787965616043	0.0	9.646234077730622e-33	1	False
(filmRef)20760	503	0.00017908309455587392	0.0	2.809493729262764e-51	1	False
(filmRef)20755	502	0.00017908309455587392	0.0	2.926173703099802e-51	1	False
(filmRef)21268	508	0.00017908309455587392	0.0	1.191016369040462e-52	1	False
(filmRef)20742	37	0.0037607449856733523	0.0	9.072381937522566e-35	1	False
(filmRef)20762	237	0.0005372492836676218	0.0	4.468240762424683e-47	1	False
(filmRef)20723	237	0.0005372492836676218	0.0	4.391732336799736e-47	1	False
(filmRef)20713	237	0.0005372492836676218	0.0	4.2316405878910423e-47	1	False
(filmRef)20712	497	0.00017908309455587392	0.0	2.799937470047383e-51	1	False
(filmRef)20711	497	0.00017908309455587392	0.0	2.799937470047383e-51	1	False
(filmRef)20745	37	0.0014326647564469914	0.0	3.1358852921555433e-35	1	False
(filmRef)20729	37	0.002328080229226361	0.0	5.974306788887189e-35	1	False
(filmRef)20754	502	0.00017908309455587392	0.0	2.926173703099802e-51	1	False
(filmRef)20702	496	0.00017908309455587392	0.0	2.2680484907782886e-51	1	False
(filmRef)20701	496	0.00017908309455587392	0.0	2.2680484907782886e-51	1	False
(filmRef)20685	26	0.0017908309455587391	0.0	4.900433557545069e-34	1	False
(filmRef)20683	26	0.0017908309455587391	0.0	4.949587030600154e-34	1	False
(filmRef)20682	26	0.0017908309455587391	0.0	5.094870935513716e-34	1	False
(filmRef)20681	26	0.0017908309455587391	0.0	4.393587359257287e-34	1	False
(filmRef)20763	237	0.0005372492836676218	0.0	4.45763186009304e-47	1	False
(filmRef)20715	498	0.00017908309455587392	0.0	2.4693809902246307e-51	1	False
(filmRef)20716	498	0.00017908309455587392	0.0	2.4693809902246307e-51	1	False
(filmRef)20719	499	0.00017908309455587392	0.0	2.5344598816926777e-51	1	False
(filmRef)20720	499	0.00017908309455587392	0.0	2.5344598816926777e-51	1	False
(filmRef)20721	500	0.00017908309455587392	0.0	2.702718495783436e-51	1	False
(filmRef)20722	500	0.00017908309455587392	0.0	2.702718495783436e-51	1	False
(filmRef)20724	37	0.0025071633237822347	0.0	6.509001175158993e-35	1	False
(filmRef)20736	37	0.0030444126074498567	0.0	7.479032544020485e-35	1	False
(filmRef)20746	37	0.0016117478510028654	0.0	4.2030211963998964e-35	1	False
(filmRef)20735	37	0.0007163323782234957	0.0	1.7061653729125054e-35	1	False
(filmRef)20743	37	0.00035816618911174784	0.0	8.353563686255903e-36	1	False
(filmRef)20749	294	0.00035816618911174784	0.0	8.934194142809636e-48	1	False
(filmRef)20751	294	0.00035816618911174784	0.0	8.934194142809636e-48	1	False
(filmRef)20753	294	0.00035816618911174784	0.0	8.905060177377505e-48	1	False
(filmRef)20750	501	0.00017908309455587392	0.0	2.926173703099802e-51	1	False
(filmRef)20752	501	0.00017908309455587392	0.0	2.926173703099802e-51	1	False
(filmRef)21069	6	0.0034025787965616043	0.0	9.879496488131827e-33	1	False
(filmRef)21140	6	0.002148997134670487	0.0	4.256963297669517e-33	1	False
(filmRef)21141	6	0.0005372492836676218	0.0	1.291799129275443e-33	1	False
(filmRef)21087	6	0.0037607449856733523	0.0	1.1783080339287759e-30	1	False
(filmRef)21120	102	0.0014326647564469914	0.0	2.867407669853601e-40	1	False
(filmRef)21119	102	0.0014326647564469914	0.0	2.744241143813381e-40	1	False
(filmRef)21118	102	0.0014326647564469914	0.0	2.8260506223496867e-40	1	False
(filmRef)21097	505	0.00017908309455587392	0.0	1.709389923711752e-52	1	False
(filmRef)21094	505	0.00017908309455587392	0.0	1.709389923711752e-52	1	False
(filmRef)21088	6	0.0037607449856733523	0.0	1.178910436944064e-30	1	False
(filmRef)21086	6	0.0037607449856733523	0.0	1.178619224016893e-30	1	False
(filmRef)21145	6	0.0025071633237822347	0.0	5.0584115424997604e-33	1	False
(filmRef)21085	6	0.0037607449856733523	0.0	1.180016189236715e-30	1	False
(filmRef)21084	6	0.0037607449856733523	0.0	1.1800162186109751e-30	1	False
(filmRef)21083	6	0.0037607449856733523	0.0	1.1800162237114796e-30	1	False
(filmRef)21082	6	0.0037607449856733523	0.0	1.180016189236715e-30	1	False
(filmRef)21081	6	0.0037607449856733523	0.0	1.180016189236715e-30	1	False
(filmRef)21080	6	0.0037607449856733523	0.0	1.180016189236715e-30	1	False
(filmRef)21122	102	0.0014326647564469914	0.0	2.714788125870981e-40	1	False
(filmRef)21123	102	0.0014326647564469914	0.0	2.8673697798648375e-40	1	False
(filmRef)21124	102	0.0012535816618911174	0.0	2.473344145020828e-40	1	False
(filmRef)21125	102	0.0012535816618911174	0.0	2.6154121816010938e-40	1	False
(filmRef)21126	102	0.0010744985673352436	0.0	2.215410521381613e-40	1	False
(filmRef)21139	6	0.00017908309455587392	0.0	4.509232247442253e-34	1	False
(filmRef)21146	79	0.0008954154727793696	0.0	8.581882953524517e-42	1	False
(filmRef)21147	79	0.0010744985673352436	0.0	1.0358414583050477e-41	1	False
(filmRef)21148	79	0.00017908309455587392	0.0	1.5856315923315142e-42	1	False
(filmRef)21151	79	0.0005372492836676218	0.0	5.3868346504713e-42	1	False
(filmRef)21181	295	0.00035816618911174784	0.0	7.446850890591002e-50	1	False
(filmRef)21182	295	0.00035816618911174784	0.0	7.636766245597977e-50	1	False
(filmRef)21183	295	0.00035816618911174784	0.0	7.61590660670805e-50	1	False
(filmRef)21219	506	0.00017908309455587392	0.0	7.963363785345873e-52	1	False
(filmRef)21220	506	0.00017908309455587392	0.0	7.963363785345873e-52	1	False
(filmRef)21264	507	0.00017908309455587392	0.0	7.004231195234594e-53	1	False
(filmRef)21265	507	0.00017908309455587392	0.0	7.004231195234594e-53	1	False
(filmRef)21079	6	0.0037607449856733523	0.0	1.1800162239187871e-30	1	False
(filmRef)21078	6	0.0037607449856733523	0.0	1.1803026678316206e-30	1	False
(filmRef)21077	6	0.0037607449856733523	0.0	1.1811875263955843e-30	1	False
(filmRef)21132	6	0.0025071633237822347	0.0	5.995624219672624e-32	1	False
(filmRef)21453	6	0.002148997134670487	0.0	4.364248213518555e-33	1	False
(filmRef)21029	6	0.00017908309455587392	0.0	4.397309895568987e-34	1	False
(filmRef)21061	6	0.0016117478510028654	0.0	3.31988122851736e-33	1	False
(filmRef)21142	6	0.0014326647564469914	0.0	2.8407311636550328e-33	1	False
(filmRef)21099	6	0.0025071633237822347	0.0	5.998535848425725e-32	1	False
(filmRef)21100	6	0.0025071633237822347	0.0	6.265980710295214e-32	1	False
(filmRef)21101	6	0.0025071633237822347	0.0	6.219294451622934e-32	1	False
(filmRef)21102	6	0.0025071633237822347	0.0	6.412887237634241e-32	1	False
(filmRef)21103	6	0.0025071633237822347	0.0	5.662769092507458e-32	1	False
(filmRef)21127	6	0.0025071633237822347	0.0	6.175617396306505e-32	1	False
(filmRef)21128	6	0.0025071633237822347	0.0	6.10828060505305e-32	1	False
(filmRef)21129	6	0.0041189111747851	0.0	3.971553102291535e-31	1	False
(filmRef)21130	6	0.0025071633237822347	0.0	6.410136823763212e-32	1	False
(filmRef)21131	6	0.0025071633237822347	0.0	6.309258733570776e-32	1	False
(filmRef)21144	6	0.00017908309455587392	0.0	2.0220637146265435e-33	1	False
(filmRef)21068	6	0.00017908309455587392	0.0	4.724879815326671e-34	1	False
(filmRef)21043	6	0.0008954154727793696	0.0	2.0885871848792222e-33	1	False
(filmRef)21045	6	0.0007163323782234957	0.0	1.7048035082672056e-33	1	False
(filmRef)21053	6	0.0008954154727793696	0.0	1.9588335213573933e-33	1	False
(filmRef)21047	6	0.0017908309455587391	0.0	4.087303400672781e-31	1	False
(filmRef)21064	6	0.0007163323782234957	0.0	1.697270204030521e-33	1	False
(filmRef)21056	238	0.0005372492836676218	0.0	5.591201159538594e-47	1	False
(filmRef)21058	238	0.0005372492836676218	0.0	5.499081441033099e-47	1	False
(filmRef)21300	238	0.0005372492836676218	0.0	5.567696598651475e-47	1	False
(filmRef)21301	238	0.0005372492836676218	0.0	5.025112348315897e-47	1	False
(filmRef)21331	107	0.0007163323782234957	0.0	2.289081704066896e-44	1	False
(filmRef)21332	107	0.0005372492836676218	0.0	1.6540420826282783e-44	1	False
(filmRef)21328	107	0.0005372492836676218	0.0	1.658255381722929e-44	1	False
(filmRef)21330	107	0.0005372492836676218	0.0	1.7144926104400263e-44	1	False
(filmRef)21060	6	0.00017908309455587392	0.0	4.431964385162817e-34	1	False
(filmRef)22643	533	0.00017908309455587392	0.0	1.0214315057284988e-52	1	False
(filmRef)22710	534	0.00017908309455587392	0.0	9.09766439882593e-53	1	False
(filmRef)19182	417	0.00017908309455587392	0.0	2.926173703099802e-51	1	False
(filmRef)T0159	573	0.00017908309455587392	0.0	6.788977720639944e-53	1	False
(filmRef)T0569	4	0.0005372492836676218	0.0	3.538515148533632e-43	1	False
(filmRef)T0190	4	0.00035816618911174784	0.0	2.8261173508222716e-43	1	False
(filmRef)T0303	574	0.00017908309455587392	0.0	6.72648179755668e-53	1	False
(filmRef)T0182	574	0.00017908309455587392	0.0	6.72648179755668e-53	1	False
(filmRef)T0177	4	0.00017908309455587392	0.0	2.1699985873318663e-45	1	False
(filmRef)T0160	4	0.00017908309455587392	0.0	2.5575598338030044e-43	1	False
(filmRef)T0143	573	0.00017908309455587392	0.0	6.788977720639944e-53	1	False
(filmRef)N0673	570	0.00017908309455587392	0.0	6.510289731891715e-53	1	False
(filmRef)T0525	4	0.00017908309455587392	0.0	2.6355357907237607e-42	1	False
(filmRef)T0012	4	0.00017908309455587392	0.0	2.2331363755039433e-43	1	False
(filmRef)N0897	572	0.00017908309455587392	0.0	1.1414520106187264e-52	1	False
(filmRef)N0891	572	0.00017908309455587392	0.0	1.1414520106187264e-52	1	False
(filmRef)N0900	571	0.00017908309455587392	0.0	6.548667941365622e-53	1	False
(filmRef)N0718	571	0.00017908309455587392	0.0	6.548667941365622e-53	1	False
(filmRef)T0328	575	0.00017908309455587392	0.0	1.5862898662243435e-51	1	False
(filmRef)T0329	575	0.00017908309455587392	0.0	1.5862898662243435e-51	1	False
(filmRef)T0330	4	0.00017908309455587392	0.0	2.03451138551824e-44	1	False
(filmRef)T0334	4	0.00017908309455587392	0.0	2.5795455481561327e-43	1	False
(filmRef)T0352	4	0.00017908309455587392	0.0	2.0230794717589715e-44	1	False
(filmRef)T0456	4	0.00017908309455587392	0.0	2.1682560066770564e-43	1	False
(filmRef)T0647	308	0.00017908309455587392	0.0	1.6579630393458987e-51	1	False
(filmRef)T0649	308	0.00017908309455587392	0.0	1.7315860085789486e-51	1	False
(filmRef)T1046	4	0.00017908309455587392	0.0	2.2288228598556806e-43	1	False
(filmRef)T0979	576	0.00017908309455587392	0.0	7.181483682958333e-53	1	False
(filmRef)T1010	576	0.00017908309455587392	0.0	7.181483682958333e-53	1	False
(filmRef)T1113	4	0.00017908309455587392	0.0	8.959358524973604e-44	1	False
(filmRef)T1160	4	0.00017908309455587392	0.0	2.860371342599559e-44	1	False
(filmRef)T1411	577	0.00017908309455587392	0.0	6.400151048788153e-53	1	False
(filmRef)T1564	577	0.00017908309455587392	0.0	6.400151048788153e-53	1	False
(filmRef)T1444	4	0.00035816618911174784	0.0	6.743408319713774e-42	1	False
(filmRef)T1885	4	0.00017908309455587392	0.0	3.608774698760575e-43	1	False
(filmRef)N0795	570	0.00017908309455587392	0.0	6.510289731891715e-53	1	False
(filmRef)N0729	569	0.00017908309455587392	0.0	6.5958665477031005e-53	1	False
(filmRef)8103	66	0.002328080229226361	0.0	2.0106339038819503e-34	1	False
(filmRef)9851	561	0.00017908309455587392	0.0	2.926173703099802e-51	1	False
(filmRef)N0057	306	0.00035816618911174784	0.0	4.709675571432867e-49	1	False
(filmRef)N0013	4	0.00035816618911174784	0.0	3.242091803434189e-41	1	False
(filmRef)9980	563	0.00017908309455587392	0.0	2.7726488345335803e-51	1	False
(filmRef)9979	563	0.00017908309455587392	0.0	2.7726488345335803e-51	1	False
(filmRef)9935	562	0.00017908309455587392	0.0	1.1756979496650603e-51	1	False
(filmRef)9934	562	0.00017908309455587392	0.0	1.1756979496650603e-51	1	False
(filmRef)9850	561	0.00017908309455587392	0.0	2.926173703099802e-51	1	False
(filmRef)N0659	569	0.00017908309455587392	0.0	6.5958665477031005e-53	1	False
(filmRef)8513	305	0.00035816618911174784	0.0	2.1182674580663196e-49	1	False
(filmRef)8512	305	0.00035816618911174784	0.0	2.1739460026300635e-49	1	False
(filmRef)8511	305	0.00035816618911174784	0.0	2.144165815901818e-49	1	False
(filmRef)9127	560	0.00017908309455587392	0.0	1.740148750855329e-52	1	False
(filmRef)8090	560	0.00017908309455587392	0.0	1.740148750855329e-52	1	False
(filmRef)8106	66	0.002328080229226361	0.0	2.0106339038819503e-34	1	False
(filmRef)N0058	306	0.00035816618911174784	0.0	4.827214749835898e-49	1	False
(filmRef)N0059	306	0.00035816618911174784	0.0	4.667271913567464e-49	1	False
(filmRef)N0085	564	0.00017908309455587392	0.0	8.191538436469865e-53	1	False
(filmRef)N0412	564	0.00017908309455587392	0.0	8.191538436469865e-53	1	False
(filmRef)N0105	4	0.00017908309455587392	0.0	2.982704163035397e-42	1	False
(filmRef)N0150	565	0.00017908309455587392	0.0	6.812781692646879e-53	1	False
(filmRef)N0511	565	0.00017908309455587392	0.0	6.812781692646879e-53	1	False
(filmRef)N0178	4	0.00017908309455587392	0.0	2.8834776002208234e-41	1	False
(filmRef)N0368	566	0.00017908309455587392	0.0	2.581326478965655e-51	1	False
(filmRef)N0382	566	0.00017908309455587392	0.0	2.581326478965655e-51	1	False
(filmRef)N0393	307	0.00017908309455587392	0.0	1.82261503538479e-51	1	False
(filmRef)N0404	307	0.00017908309455587392	0.0	1.745315174918855e-51	1	False
(filmRef)N0529	4	0.00017908309455587392	0.0	1.797675708635661e-45	1	False
(filmRef)N0457	567	0.00017908309455587392	0.0	1.7872142949405367e-51	1	False
(filmRef)N0458	567	0.00017908309455587392	0.0	1.7872142949405367e-51	1	False
(filmRef)N0588	568	0.00017908309455587392	0.0	7.036038754943812e-53	1	False
(filmRef)N0590	568	0.00017908309455587392	0.0	7.036038754943812e-53	1	False
(filmRef)T1944	4	0.0014326647564469914	0.0	2.2302182015547377e-41	1	False
(filmRef)T1942	4	0.0005372492836676218	0.0	9.215473013560034e-42	1	False
(filmRef)T1954	4	0.0007163323782234957	0.0	1.2036630251800227e-41	1	False
(filmRef)UCS0093	128	0.00017908309455587392	0.0	2.748280408267819e-47	1	False
(filmRef)UCS0133	11	0.0005372492836676218	0.0	6.120830989459512e-39	1	False
(filmRef)UCS0190	11	0.00035816618911174784	0.0	9.589865907304929e-40	1	False
(filmRef)UCS0114	11	0.00035816618911174784	0.0	9.485385922921502e-40	1	False
(filmRef)UCS0109	309	0.00017908309455587392	0.0	1.4686487080893564e-51	1	False
(filmRef)UCS0107	309	0.00017908309455587392	0.0	1.4127722806490392e-51	1	False
(filmRef)UCS0104	11	0.00017908309455587392	0.0	1.782909898503835e-41	1	False
(filmRef)UCS0129	11	0.0007163323782234957	0.0	9.338735891638383e-40	1	False
(filmRef)T1992	4	0.00017908309455587392	0.0	2.3861968144411758e-42	1	False
(filmRef)UCS0088	36	0.00035816618911174784	0.0	1.521324847500436e-45	1	False
(filmRef)UCS0085	11	0.00017908309455587392	0.0	9.922091359388109e-40	1	False
(filmRef)UCS0084	583	0.00017908309455587392	0.0	1.7349061305323576e-51	1	False
(filmRef)UCS0083	583	0.00017908309455587392	0.0	1.7349061305323576e-51	1	False
(filmRef)UCS0079	582	0.00017908309455587392	0.0	2.5354005757198154e-52	1	False
(filmRef)UCS0078	582	0.00017908309455587392	0.0	2.5354005757198154e-52	1	False
(filmRef)UCS0121	11	0.00035816618911174784	0.0	3.3001076351456677e-40	1	False
(filmRef)UCS0145	11	0.0005372492836676218	0.0	8.24378841505897e-40	1	False
(filmRef)UCS0123	11	0.00017908309455587392	0.0	1.980749889412628e-41	1	False
(filmRef)UCS0161	11	0.0012535816618911174	0.0	1.5693362253763795e-38	1	False
(filmRef)UCS0163	11	0.0010744985673352436	0.0	1.3610537368719525e-38	1	False
(filmRef)UCS0170	11	0.00035816618911174784	0.0	4.986591006520624e-40	1	False
(filmRef)UCS0136	36	0.00017908309455587392	0.0	7.791938211444301e-46	1	False
(filmRef)UCS0192	11	0.0005372492836676218	0.0	7.610958403935899e-40	1	False
(filmRef)UCS0164	11	0.00017908309455587392	0.0	2.4884738264051327e-40	1	False
(filmRef)UCS0150	11	0.00017908309455587392	0.0	1.797042494795294e-41	1	False
(filmRef)UCS0153	584	0.00017908309455587392	0.0	2.109055605430408e-52	1	False
(filmRef)UCS0154	584	0.00017908309455587392	0.0	2.109055605430408e-52	1	False
(filmRef)UCS0159	585	0.00017908309455587392	0.0	2.0654457551295386e-52	1	False
(filmRef)UCS0160	585	0.00017908309455587392	0.0	2.0654457551295386e-52	1	False
(filmRef)UCS0178	11	0.00017908309455587392	0.0	6.712017039385918e-40	1	False
(filmRef)UCS0194	11	0.00017908309455587392	0.0	1.5293943867126222e-40	1	False
(filmRef)UCS0202	586	0.00017908309455587392	0.0	1.2142226696259376e-51	1	False
(filmRef)UCS0070	11	0.0008954154727793696	0.0	5.1422545832437934e-39	1	False
(filmRef)UCS0071	581	0.00017908309455587392	0.0	1.7414316841513157e-52	1	False
(filmRef)UCS0061	581	0.00017908309455587392	0.0	1.7414316841513157e-52	1	False
(filmRef)UCS0028	123	0.00017908309455587392	0.0	2.7549246073057726e-50	1	False
(filmRef)UCS0008	126	0.00035816618911174784	0.0	5.50044670249724e-48	1	False
(filmRef)UCS0009	126	0.0005372492836676218	0.0	7.177216139066376e-48	1	False
(filmRef)UCS0011	578	0.00017908309455587392	0.0	8.304369947767597e-52	1	False
(filmRef)UCS0012	578	0.00017908309455587392	0.0	8.304369947767597e-52	1	False
(filmRef)UCS0013	36	0.00017908309455587392	0.0	5.175727067413187e-47	1	False
(filmRef)UCS0014	126	0.00017908309455587392	0.0	1.0268073714217678e-48	1	False
(filmRef)UCS0017	36	0.00017908309455587392	0.0	6.618036669500798e-47	1	False
(filmRef)UCS0022	128	0.00017908309455587392	0.0	2.9386713918975816e-47	1	False
(filmRef)UCS0023	36	0.00035816618911174784	0.0	2.5848070263952275e-46	1	False
(filmRef)UCS0026	123	0.00017908309455587392	0.0	4.017354486396442e-50	1	False
(filmRef)UCS0027	11	0.0016117478510028654	0.0	1.1298084195456389e-38	1	False
(filmRef)UCS0063	11	0.0017908309455587391	0.0	1.2147724976202643e-38	1	False
(filmRef)UCS0064	11	0.0017908309455587391	0.0	1.2147724976202643e-38	1	False
(filmRef)UCS0065	11	0.0017908309455587391	0.0	1.1887695913961018e-38	1	False
(filmRef)UCS0030	36	0.00035816618911174784	0.0	2.346190930447152e-46	1	False
(filmRef)UCS0141	36	0.00017908309455587392	0.0	1.7181337146183094e-46	1	False
(filmRef)UCS0094	36	0.00035816618911174784	0.0	2.5680722574503154e-46	1	False
(filmRef)UCS0032	123	0.00017908309455587392	0.0	3.435117967859986e-50	1	False
(filmRef)UCS0037	579	0.00017908309455587392	0.0	1.9067757131001844e-52	1	False
(filmRef)UCS0038	579	0.00017908309455587392	0.0	1.9067757131001844e-52	1	False
(filmRef)UCS0080	36	0.0007163323782234957	0.0	2.453267948356583e-45	1	False
(filmRef)UCS0075	36	0.00017908309455587392	0.0	3.787412077584031e-47	1	False
(filmRef)UCS0043	580	0.00017908309455587392	0.0	7.632677615660487e-53	1	False
(filmRef)UCS0081	580	0.00017908309455587392	0.0	7.632677615660487e-53	1	False
(filmRef)UCS0051	11	0.00017908309455587392	0.0	2.356394501847555e-39	1	False
(filmRef)UCS0055	36	0.00017908309455587392	0.0	2.221182502284157e-46	1	False
(filmRef)UCS0059	128	0.0005372492836676218	0.0	9.442120764911506e-47	1	False
(filmRef)UCS0074	128	0.0005372492836676218	0.0	8.942649234946976e-47	1	False
(filmRef)UCS0073	36	0.00035816618911174784	0.0	4.42188744943158e-46	1	False
(filmRef)UCS0076	36	0.00035816618911174784	0.0	4.57378185803434e-46	1	False
(filmRef)8105	66	0.002328080229226361	0.0	2.0106339038819503e-34	1	False
(filmRef)8035	66	0.002328080229226361	0.0	2.0029169840880425e-34	1	False
(filmRef)22716	535	0.00017908309455587392	0.0	4.335200624640489e-52	1	False
(filmRef)2923	112	0.0010744985673352436	0.0	1.0899157332885993e-41	1	False
(filmRef)2979	546	0.00017908309455587392	0.0	1.5592648080213566e-52	1	False
(filmRef)3471	105	0.00035816618911174784	0.0	3.4294733928818185e-47	1	False
(filmRef)2945	105	0.00035816618911174784	0.0	3.593270087207673e-47	1	False
(filmRef)2927	112	0.0010744985673352436	0.0	9.652683372197414e-42	1	False
(filmRef)2926	112	0.0010744985673352436	0.0	1.0523222276471968e-41	1	False
(filmRef)2925	112	0.0010744985673352436	0.0	1.0850577825074487e-41	1	False
(filmRef)2921	112	0.0010744985673352436	0.0	1.0938520045915209e-41	1	False
(filmRef)2526	303	0.00017908309455587392	0.0	2.569720479812297e-51	1	False
(filmRef)2918	112	0.00035816618911174784	0.0	3.9923373099569806e-42	1	False
(filmRef)2788	545	0.00017908309455587392	0.0	6.414654567279642e-52	1	False
(filmRef)2787	545	0.00017908309455587392	0.0	6.414654567279642e-52	1	False
(filmRef)4211	544	0.00017908309455587392	0.0	6.399446894766333e-52	1	False
(filmRef)2737	544	0.00017908309455587392	0.0	6.399446894766333e-52	1	False
(filmRef)2534	543	0.00017908309455587392	0.0	7.270956449240006e-53	1	False
(filmRef)2980	546	0.00017908309455587392	0.0	1.5592648080213566e-52	1	False
(filmRef)3143	547	0.00017908309455587392	0.0	7.975277744499158e-53	1	False
(filmRef)3144	547	0.00017908309455587392	0.0	7.975277744499158e-53	1	False
(filmRef)3297	548	0.00017908309455587392	0.0	6.572783227265974e-53	1	False
(filmRef)3895	548	0.00017908309455587392	0.0	6.572783227265974e-53	1	False
(filmRef)3328	208	0.00017908309455587392	0.0	4.275159528966237e-51	1	False
(filmRef)3333	208	0.00017908309455587392	0.0	4.575465970290798e-51	1	False
(filmRef)3464	304	0.00017908309455587392	0.0	2.5049390031701036e-51	1	False
(filmRef)3465	304	0.00017908309455587392	0.0	2.6606401024684897e-51	1	False
(filmRef)4127	203	0.00017908309455587392	0.0	7.175721099489084e-50	1	False
(filmRef)4129	203	0.00017908309455587392	0.0	7.761871300434174e-50	1	False
(filmRef)4130	203	0.00017908309455587392	0.0	7.022108529889671e-50	1	False
(filmRef)4131	203	0.00017908309455587392	0.0	6.890703369664962e-50	1	False
(filmRef)4218	549	0.00017908309455587392	0.0	7.632677615660487e-53	1	False
(filmRef)4272	549	0.00017908309455587392	0.0	7.632677615660487e-53	1	False
(filmRef)4445	550	0.00017908309455587392	0.0	2.861883502703825e-52	1	False
(filmRef)4445A	550	0.00017908309455587392	0.0	2.861883502703825e-52	1	False
(filmRef)2531	543	0.00017908309455587392	0.0	7.270956449240006e-53	1	False
(filmRef)2525	303	0.00017908309455587392	0.0	2.4254463039729152e-51	1	False
(filmRef)8034	66	0.002328080229226361	0.0	2.0029169840880425e-34	1	False
(filmRef)22800	539	0.00017908309455587392	0.0	1.3408054238840767e-52	1	False
(filmRef)22929	301	0.00017908309455587392	0.0	2.4315140895770834e-51	1	False
(filmRef)22901	541	0.00017908309455587392	0.0	1.4627415742260247e-52	1	False
(filmRef)22900	541	0.00017908309455587392	0.0	1.4627415742260247e-52	1	False
(filmRef)22888	540	0.00017908309455587392	0.0	1.0584177942648956e-51	1	False
(filmRef)22887	540	0.00017908309455587392	0.0	1.0584177942648956e-51	1	False
(filmRef)22801	539	0.00017908309455587392	0.0	1.3408054238840767e-52	1	False
(filmRef)22784	538	0.00017908309455587392	0.0	5.627538520715243e-52	1	False
(filmRef)2421	241	0.00035816618911174784	0.0	4.278665957498043e-49	1	False
(filmRef)22783	538	0.00017908309455587392	0.0	5.627538520715243e-52	1	False
(filmRef)22778	537	0.00017908309455587392	0.0	7.053098500526783e-53	1	False
(filmRef)22777	537	0.00017908309455587392	0.0	7.053098500526783e-53	1	False
(filmRef)22730	536	0.00017908309455587392	0.0	2.266220062291414e-52	1	False
(filmRef)22729	536	0.00017908309455587392	0.0	2.266220062291414e-52	1	False
(filmRef)22717	535	0.00017908309455587392	0.0	4.335200624640489e-52	1	False
(filmRef)22932	301	0.00017908309455587392	0.0	2.1487875992135154e-51	1	False
(filmRef)22939	213	0.00035816618911174784	0.0	2.3064306305733053e-49	1	False
(filmRef)22943	213	0.00035816618911174784	0.0	2.2747852511070866e-49	1	False
(filmRef)22940	213	0.00017908309455587392	0.0	1.4478770815910273e-49	1	False
(filmRef)22948	240	0.00017908309455587392	0.0	2.452774979016612e-50	1	False
(filmRef)22949	240	0.00017908309455587392	0.0	2.452774979016612e-50	1	False
(filmRef)22951	240	0.00017908309455587392	0.0	3.1954428137499277e-50	1	False
(filmRef)22959	207	0.00035816618911174784	0.0	3.41065720655631e-48	1	False
(filmRef)22960	207	0.00035816618911174784	0.0	3.3909287247544105e-48	1	False
(filmRef)22961	207	0.00017908309455587392	0.0	1.6873270329211266e-48	1	False
(filmRef)22987	302	0.00035816618911174784	0.0	1.7528678577880243e-49	1	False
(filmRef)22988	302	0.00035816618911174784	0.0	1.8514878462605583e-49	1	False
(filmRef)22989	302	0.00035816618911174784	0.0	1.8144175510266606e-49	1	False
(filmRef)2305	542	0.00017908309455587392	0.0	7.333396300157548e-53	1	False
(filmRef)2306	542	0.00017908309455587392	0.0	7.333396300157548e-53	1	False
(filmRef)2417	241	0.00017908309455587392	0.0	2.5806528648588004e-49	1	False
(filmRef)2420	241	0.00035816618911174784	0.0	4.102061022623442e-49	1	False
(filmRef)4928	105	0.00017908309455587392	0.0	1.875981908480545e-47	1	False
(filmRef)T0718	105	0.00017908309455587392	0.0	1.4529467078239506e-47	1	False
(filmRef)4700	170	0.0007163323782234957	0.0	3.4844605789861794e-43	1	False
(filmRef)7031	39	0.003939828080229226	0.0	2.3950091504977642e-32	1	False
(filmRef)7037	39	0.003939828080229226	0.0	2.3311822036963043e-32	1	False
(filmRef)7036	39	0.003939828080229226	0.0	2.4019147523288612e-32	1	False
(filmRef)7035	39	0.003939828080229226	0.0	2.4486997790266073e-32	1	False
(filmRef)7034	39	0.003939828080229226	0.0	2.4622631808649845e-32	1	False
(filmRef)7033	39	0.003939828080229226	0.0	2.497468709701857e-32	1	False
(filmRef)7032	39	0.003939828080229226	0.0	2.434148669384868e-32	1	False
(filmRef)7030	39	0.003939828080229226	0.0	2.4072535492151824e-32	1	False
(filmRef)4701	170	0.0007163323782234957	0.0	3.621965363880318e-43	1	False
(filmRef)7029	39	0.003939828080229226	0.0	2.516514432276395e-32	1	False
(filmRef)7028	39	0.003939828080229226	0.0	2.52177006484278e-32	1	False
(filmRef)7026	39	0.003939828080229226	0.0	2.3785813025289748e-32	1	False
(filmRef)7024	39	0.003939828080229226	0.0	2.541162095799061e-32	1	False
(filmRef)7023	39	0.003939828080229226	0.0	2.3584159065534954e-32	1	False
(filmRef)7022	39	0.003939828080229226	0.0	2.3905688912366197e-32	1	False
(filmRef)7038	39	0.0041189111747851	0.0	2.6947140809141813e-32	1	False
(filmRef)7040	39	0.003939828080229226	0.0	2.4793293558257253e-32	1	False
(filmRef)7042	39	0.0041189111747851	0.0	2.7344018565937626e-32	1	False
(filmRef)7043	39	0.0041189111747851	0.0	2.733706819645773e-32	1	False
(filmRef)7044	39	0.0041189111747851	0.0	2.675601204169193e-32	1	False
(filmRef)7041	39	0.0010744985673352436	0.0	6.433285675469322e-33	1	False
(filmRef)7983	559	0.00017908309455587392	0.0	6.013060619754925e-52	1	False
(filmRef)8082	559	0.00017908309455587392	0.0	6.013060619754925e-52	1	False
(filmRef)8025	66	0.00017908309455587392	0.0	1.0081295935774544e-35	1	False
(filmRef)8026	66	0.002328080229226361	0.0	2.0106339038819503e-34	1	False
(filmRef)8027	66	0.002328080229226361	0.0	2.0106339038819503e-34	1	False
(filmRef)8028	66	0.002328080229226361	0.0	2.0106339038819503e-34	1	False
(filmRef)8029	66	0.002328080229226361	0.0	2.0106339038819503e-34	1	False
(filmRef)8030	66	0.002328080229226361	0.0	2.0106339038819503e-34	1	False
(filmRef)8031	66	0.002328080229226361	0.0	2.0106339038819503e-34	1	False
(filmRef)8032	66	0.002328080229226361	0.0	2.0106339038819503e-34	1	False
(filmRef)8033	66	0.002328080229226361	0.0	2.0106339038819503e-34	1	False
(filmRef)7021	39	0.003939828080229226	0.0	2.374566095766194e-32	1	False
(filmRef)7017	39	0.003939828080229226	0.0	2.3772745955097574e-32	1	False
(filmRef)6927	558	0.00017908309455587392	0.0	4.4858202525904825e-52	1	False
(filmRef)4924	554	0.00017908309455587392	0.0	6.445006284582497e-53	1	False
(filmRef)4711	170	0.0008954154727793696	0.0	4.2144606100249225e-43	1	False
(filmRef)4709	170	0.0005372492836676218	0.0	2.831875477580156e-43	1	False
(filmRef)4758	214	0.00035816618911174784	0.0	7.352333836214202e-49	1	False
(filmRef)4759	214	0.00035816618911174784	0.0	7.372901649847424e-49	1	False
(filmRef)4965	214	0.00017908309455587392	0.0	2.8878637513411495e-49	1	False
(filmRef)4844	551	0.00017908309455587392	0.0	7.401591949100337e-53	1	False
(filmRef)4905	551	0.00017908309455587392	0.0	7.401591949100337e-53	1	False
(filmRef)4873	552	0.00017908309455587392	0.0	3.710267670248486e-52	1	False
(filmRef)4874	552	0.00017908309455587392	0.0	3.710267670248486e-52	1	False
(filmRef)4880	210	0.00017908309455587392	0.0	1.0189801287260966e-50	1	False
(filmRef)4884	210	0.00017908309455587392	0.0	8.664326052385573e-51	1	False
(filmRef)4886	553	0.00017908309455587392	0.0	2.824569404280409e-52	1	False
(filmRef)4887	553	0.00017908309455587392	0.0	2.824569404280409e-52	1	False
(filmRef)4923	554	0.00017908309455587392	0.0	6.445006284582497e-53	1	False
(filmRef)5326	4	0.0007163323782234957	0.0	3.987047735342157e-38	1	False
(filmRef)6926	558	0.00017908309455587392	0.0	4.4858202525904825e-52	1	False
(filmRef)5256	4	0.0007163323782234957	0.0	3.1997755405287444e-38	1	False
(filmRef)5109	555	0.00017908309455587392	0.0	4.4865100547264296e-52	1	False
(filmRef)5110	555	0.00017908309455587392	0.0	4.4865100547264296e-52	1	False
(filmRef)5135	4	0.00017908309455587392	0.0	4.5342783609991504e-39	1	False
(filmRef)5273	4	0.00017908309455587392	0.0	1.4833278601074287e-39	1	False
(filmRef)5277	4	0.0007163323782234957	0.0	3.200540246416508e-38	1	False
(filmRef)5302	4	0.0008954154727793696	0.0	2.653462480588901e-38	1	False
(filmRef)5246	4	0.00017908309455587392	0.0	8.020040677073627e-39	1	False
(filmRef)5247	4	0.00017908309455587392	0.0	1.494060699976674e-39	1	False
(filmRef)5523	4	0.00017908309455587392	0.0	8.013393833180458e-39	1	False
(filmRef)5312	556	0.00017908309455587392	0.0	2.726861734138557e-51	1	False
(filmRef)5313	556	0.00017908309455587392	0.0	2.726861734138557e-51	1	False
(filmRef)5539	557	0.00017908309455587392	0.0	1.7018536843728305e-51	1	False
(filmRef)5545	557	0.00017908309455587392	0.0	1.7018536843728305e-51	1	False
(filmRef)20679	26	0.0017908309455587391	0.0	5.021833475958511e-34	1	False
(filmRef)20678	26	0.0017908309455587391	0.0	5.024459049949944e-34	1	False
(filmRef)20622	94	0.0016117478510028654	0.0	2.5679607534369474e-37	1	False
(filmRef)18537	178	0.0005372492836676218	0.0	8.283262620406101e-47	1	False
(filmRef)18567	459	0.00017908309455587392	0.0	1.2569309108963512e-52	1	False
(filmRef)18566	459	0.00017908309455587392	0.0	1.2569309108963512e-52	1	False
(filmRef)18538	178	0.00035816618911174784	0.0	6.514192207688337e-47	1	False
(filmRef)18536	282	0.00035816618911174784	0.0	6.217931442659278e-48	1	False
(filmRef)18535	282	0.00035816618911174784	0.0	6.17259473241925e-48	1	False
(filmRef)18534	282	0.00035816618911174784	0.0	6.225471649684814e-48	1	False
(filmRef)18533	178	0.00035816618911174784	0.0	5.840686565759869e-47	1	False
(filmRef)18496	281	0.00035816618911174784	0.0	9.392784937495134e-48	1	False
(filmRef)18529	458	0.00017908309455587392	0.0	1.088590417581219e-52	1	False
(filmRef)18528	458	0.00017908309455587392	0.0	1.088590417581219e-52	1	False
(filmRef)20758	457	0.00017908309455587392	0.0	2.3122121145960892e-51	1	False
(filmRef)18521	457	0.00017908309455587392	0.0	2.3122121145960892e-51	1	False
(filmRef)18520	456	0.00017908309455587392	0.0	2.558100231401585e-51	1	False
(filmRef)18519	456	0.00017908309455587392	0.0	2.558100231401585e-51	1	False
(filmRef)18570	460	0.00017908309455587392	0.0	2.926173703099802e-51	1	False
(filmRef)18918	460	0.00017908309455587392	0.0	2.926173703099802e-51	1	False
(filmRef)18571	461	0.00017908309455587392	0.0	2.926173703099802e-51	1	False
(filmRef)18919	461	0.00017908309455587392	0.0	2.926173703099802e-51	1	False
(filmRef)18572	462	0.00017908309455587392	0.0	2.926173703099802e-51	1	False
(filmRef)18920	462	0.00017908309455587392	0.0	2.926173703099802e-51	1	False
(filmRef)18596	160	0.0007163323782234957	0.0	2.8396398984137423e-44	1	False
(filmRef)18598	160	0.0008954154727793696	0.0	3.697420033746697e-44	1	False
(filmRef)18599	160	0.0008954154727793696	0.0	3.7783362340783635e-44	1	False
(filmRef)18600	160	0.0008954154727793696	0.0	3.4447763397474247e-44	1	False
(filmRef)18601	160	0.0007163323782234957	0.0	3.036526116168814e-44	1	False
(filmRef)18615	41	0.003939828080229226	0.0	3.75708911544737e-30	1	False
(filmRef)18616	41	0.003939828080229226	0.0	3.7519936838871434e-30	1	False
(filmRef)18617	41	0.003939828080229226	0.0	3.750720098504836e-30	1	False
(filmRef)18618	41	0.003939828080229226	0.0	3.585358932670424e-30	1	False
(filmRef)18619	41	0.003939828080229226	0.0	3.750719389597258e-30	1	False
(filmRef)18620	41	0.003939828080229226	0.0	3.750719389597258e-30	1	False
(filmRef)18503	15	0.0005372492836676218	0.0	4.470216878444693e-29	1	False
(filmRef)18495	281	0.00035816618911174784	0.0	9.392784937495134e-48	1	False
(filmRef)18325	448	0.00017908309455587392	0.0	2.926173703099802e-51	1	False
(filmRef)18677	450	0.00017908309455587392	0.0	1.9494068719973934e-52	1	False
(filmRef)18363	118	0.0010744985673352436	0.0	7.010085712742424e-41	1	False
(filmRef)18362	118	0.0010744985673352436	0.0	7.108088973036848e-41	1	False
(filmRef)18361	118	0.0010744985673352436	0.0	7.195611134007582e-41	1	False
(filmRef)18360	118	0.0010744985673352436	0.0	7.195995245197235e-41	1	False
(filmRef)18340	451	0.00017908309455587392	0.0	3.8076855907675046e-52	1	False
(filmRef)18338	451	0.00017908309455587392	0.0	3.8076855907675046e-52	1	False
(filmRef)18336	450	0.00017908309455587392	0.0	1.9494068719973934e-52	1	False
(filmRef)18494	281	0.00035816618911174784	0.0	9.380162284649184e-48	1	False
(filmRef)18334	235	0.0005372492836676218	0.0	1.9407884283781224e-45	1	False
(filmRef)18333	235	0.0005372492836676218	0.0	1.9528321579456806e-45	1	False
(filmRef)18332	235	0.0005372492836676218	0.0	1.9545345552664372e-45	1	False
(filmRef)18331	235	0.0005372492836676218	0.0	1.9577028751974637e-45	1	False
(filmRef)18648	449	0.00017908309455587392	0.0	2.926173703099802e-51	1	False
(filmRef)18326	449	0.00017908309455587392	0.0	2.926173703099802e-51	1	False
(filmRef)18364	118	0.0010744985673352436	0.0	7.114302966260343e-41	1	False
(filmRef)18366	118	0.0010744985673352436	0.0	7.115937240659984e-41	1	False
(filmRef)18367	118	0.0010744985673352436	0.0	7.103174052070426e-41	1	False
(filmRef)18436	452	0.00017908309455587392	0.0	2.0970595060974704e-51	1	False
(filmRef)18437	452	0.00017908309455587392	0.0	2.0970595060974704e-51	1	False
(filmRef)18454	453	0.00017908309455587392	0.0	1.0991621343621973e-52	1	False
(filmRef)18457	453	0.00017908309455587392	0.0	1.0991621343621973e-52	1	False
(filmRef)18475	454	0.00017908309455587392	0.0	1.613324488766437e-52	1	False
(filmRef)18476	454	0.00017908309455587392	0.0	1.613324488766437e-52	1	False
(filmRef)18485	455	0.00017908309455587392	0.0	6.4837247012643585e-52	1	False
(filmRef)18486	455	0.00017908309455587392	0.0	6.4837247012643585e-52	1	False
(filmRef)18487	159	0.0008954154727793696	0.0	8.071527336143614e-42	1	False
(filmRef)18488	159	0.0008954154727793696	0.0	8.03921910453181e-42	1	False
(filmRef)18489	159	0.0008954154727793696	0.0	8.071527336143615e-42	1	False
(filmRef)18490	159	0.0008954154727793696	0.0	8.071527336143615e-42	1	False
(filmRef)18491	159	0.0008954154727793696	0.0	8.071527336143615e-42	1	False
(filmRef)18492	159	0.0008954154727793696	0.0	8.071527336143615e-42	1	False
(filmRef)18621	41	0.003939828080229226	0.0	3.750719389597258e-30	1	False
(filmRef)18622	41	0.003939828080229226	0.0	3.750719389597258e-30	1	False
(filmRef)18623	41	0.003939828080229226	0.0	3.750719389597258e-30	1	False
(filmRef)18691	89	0.00017908309455587392	0.0	3.957281699381008e-48	1	False
(filmRef)18702	464	0.00017908309455587392	0.0	1.607107202512041e-52	1	False
(filmRef)18709	179	0.0005372492836676218	0.0	2.0947495341551822e-47	1	False
(filmRef)18700	179	0.00035816618911174784	0.0	1.589238942048069e-47	1	False
(filmRef)18697	205	0.00035816618911174784	0.0	6.3883829951283684e-49	1	False
(filmRef)18696	205	0.00035816618911174784	0.0	6.364537943635286e-49	1	False
(filmRef)18695	205	0.00017908309455587392	0.0	3.2500506638525217e-49	1	False
(filmRef)18690	89	0.00017908309455587392	0.0	2.6387265414495772e-48	1	False
(filmRef)18624	41	0.003939828080229226	0.0	3.745152670570514e-30	1	False
(filmRef)18885	38	0.004297994269340974	0.0	3.9240880541180265e-31	1	False
(filmRef)18884	38	0.004297994269340974	0.0	4.019090644946877e-31	1	False
(filmRef)18883	38	0.004297994269340974	0.0	3.98127735117139e-31	1	False
(filmRef)18882	38	0.004297994269340974	0.0	3.9124633069755415e-31	1	False
(filmRef)18881	38	0.003939828080229226	0.0	3.774383448602768e-31	1	False
(filmRef)18880	38	0.004297994269340974	0.0	3.967602223605243e-31	1	False
(filmRef)18706	464	0.00017908309455587392	0.0	1.607107202512041e-52	1	False
(filmRef)18705	179	0.00035816618911174784	0.0	1.6629695141326793e-47	1	False
(filmRef)18710	179	0.00017908309455587392	0.0	7.193336212024375e-48	1	False
(filmRef)18728	465	0.00017908309455587392	0.0	2.743052554011434e-51	1	False
(filmRef)18729	465	0.00017908309455587392	0.0	2.743052554011434e-51	1	False
(filmRef)18758	61	0.0028653295128939827	0.0	5.570851307975971e-35	1	False
(filmRef)18759	61	0.0028653295128939827	0.0	5.367475148116218e-35	1	False
(filmRef)18760	61	0.0028653295128939827	0.0	5.345040859893795e-35	1	False
(filmRef)18761	61	0.0028653295128939827	0.0	5.365345748553e-35	1	False
(filmRef)18762	61	0.0028653295128939827	0.0	5.524348646203863e-35	1	False
(filmRef)18763	61	0.0028653295128939827	0.0	5.249271664849315e-35	1	False
(filmRef)18764	61	0.0028653295128939827	0.0	5.197676662971434e-35	1	False
(filmRef)18765	61	0.0028653295128939827	0.0	5.408549676177147e-35	1	False
(filmRef)18766	61	0.0028653295128939827	0.0	5.304601642324673e-35	1	False
(filmRef)18767	61	0.0028653295128939827	0.0	5.395164097666387e-35	1	False
(filmRef)18768	61	0.0028653295128939827	0.0	5.445712134979454e-35	1	False
(filmRef)19028	61	0.0028653295128939827	0.0	5.246791021548009e-35	1	False
(filmRef)18879	38	0.004297994269340974	0.0	3.901669706412191e-31	1	False
(filmRef)18878	38	0.004297994269340974	0.0	3.9035872969603243e-31	1	False
(filmRef)18877	38	0.004297994269340974	0.0	3.854781323164911e-31	1	False
(filmRef)18640	463	0.00017908309455587392	0.0	2.926173703099802e-51	1	False
(filmRef)18625	41	0.003939828080229226	0.0	3.745152670570514e-30	1	False
(filmRef)18626	41	0.003939828080229226	0.0	3.746435689654889e-30	1	False
(filmRef)18815	41	0.003939828080229226	0.0	3.75708911544737e-30	1	False
(filmRef)18816	41	0.003939828080229226	0.0	3.7519936838871434e-30	1	False
(filmRef)18817	41	0.003939828080229226	0.0	3.7383290093197556e-30	1	False
(filmRef)18818	41	0.003939828080229226	0.0	3.7506128999328336e-30	1	False
(filmRef)18819	41	0.003939828080229226	0.0	3.750719389597258e-30	1	False
(filmRef)18820	41	0.003939828080229226	0.0	3.750719389597258e-30	1	False
(filmRef)18821	41	0.003939828080229226	0.0	3.750719389597258e-30	1	False
(filmRef)18822	41	0.003939828080229226	0.0	3.750719389597258e-30	1	False
(filmRef)18823	41	0.003939828080229226	0.0	3.750719389597258e-30	1	False
(filmRef)18824	41	0.003939828080229226	0.0	3.745152670570514e-30	1	False
(filmRef)18825	41	0.003939828080229226	0.0	3.745152670570514e-30	1	False
(filmRef)18638	89	0.00035816618911174784	0.0	6.150503581613128e-48	1	False
(filmRef)18641	463	0.00017908309455587392	0.0	2.926173703099802e-51	1	False
(filmRef)18876	38	0.004297994269340974	0.0	3.9293411152049416e-31	1	False
(filmRef)18643	96	0.0010744985673352436	0.0	8.163795975451917e-43	1	False
(filmRef)18947	96	0.0008954154727793696	0.0	7.299500251111344e-43	1	False
(filmRef)19249	96	0.0010744985673352436	0.0	8.176539430876288e-43	1	False
(filmRef)18659	38	0.004297994269340974	0.0	3.681016768749437e-31	1	False
(filmRef)18660	38	0.004297994269340974	0.0	3.469203442419726e-31	1	False
(filmRef)18661	38	0.0041189111747851	0.0	3.3504256855321097e-31	1	False
(filmRef)18662	38	0.0041189111747851	0.0	3.25972125026721e-31	1	False
(filmRef)18663	38	0.0041189111747851	0.0	3.25972125026721e-31	1	False
(filmRef)18664	38	0.0037607449856733523	0.0	2.9511575790006383e-31	1	False
(filmRef)18665	38	0.0037607449856733523	0.0	2.9511575790006383e-31	1	False
(filmRef)18871	38	0.003939828080229226	0.0	3.7627310569442668e-31	1	False
(filmRef)18873	38	0.004297994269340974	0.0	3.990893156543603e-31	1	False
(filmRef)18874	38	0.004297994269340974	0.0	3.998788261613974e-31	1	False
(filmRef)18875	38	0.004297994269340974	0.0	3.978310601337803e-31	1	False
(filmRef)18647	448	0.00017908309455587392	0.0	2.926173703099802e-51	1	False
(filmRef)18649	447	0.00017908309455587392	0.0	2.926173703099802e-51	1	False
(filmRef)20621	94	0.0016117478510028654	0.0	2.5712065708611104e-37	1	False
(filmRef)17977	424	0.00017908309455587392	0.0	2.860690029972295e-51	1	False
(filmRef)17986	427	0.00017908309455587392	0.0	2.8721675632145704e-51	1	False
(filmRef)17985	427	0.00017908309455587392	0.0	2.8721675632145704e-51	1	False
(filmRef)17984	426	0.00017908309455587392	0.0	2.8846990323329987e-51	1	False
(filmRef)17983	426	0.00017908309455587392	0.0	2.8846990323329987e-51	1	False
(filmRef)17982	425	0.00017908309455587392	0.0	2.870299491956812e-51	1	False
(filmRef)17981	425	0.00017908309455587392	0.0	2.870299491956812e-51	1	False
(filmRef)17976	424	0.00017908309455587392	0.0	2.860690029972295e-51	1	False
(filmRef)17865	423	0.00017908309455587392	0.0	1.0236444037638963e-52	1	False
(filmRef)17950	15	0.0005372492836676218	0.0	4.467404349627548e-29	1	False
(filmRef)18386	10	0.008416905444126075	0.0	8.947389432040195e-24	1	False
(filmRef)18848	197	0.0005372492836676218	0.0	1.6019855397292357e-45	1	False
(filmRef)18847	197	0.0005372492836676218	0.0	1.554168566296862e-45	1	False
(filmRef)17894	197	0.0007163323782234957	0.0	2.0482307031765763e-45	1	False
(filmRef)17893	197	0.0007163323782234957	0.0	2.0947287742546026e-45	1	False
(filmRef)17987	428	0.00017908309455587392	0.0	2.872368808995157e-51	1	False
(filmRef)17988	428	0.00017908309455587392	0.0	2.872368808995157e-51	1	False
(filmRef)18575	173	0.00017908309455587392	0.0	4.5234183256494436e-49	1	False
(filmRef)18001	276	0.00035816618911174784	0.0	9.313089541127299e-49	1	False
(filmRef)18002	276	0.00035816618911174784	0.0	9.177555195825303e-49	1	False
(filmRef)18003	276	0.00035816618911174784	0.0	9.10422772229663e-49	1	False
(filmRef)18007	101	0.0014326647564469914	0.0	1.8273189368627663e-38	1	False
(filmRef)18008	101	0.0014326647564469914	0.0	2.05055711544617e-38	1	False
(filmRef)18009	101	0.0014326647564469914	0.0	2.05055711544617e-38	1	False
(filmRef)18010	101	0.0014326647564469914	0.0	2.05055711544617e-38	1	False
(filmRef)18011	101	0.0014326647564469914	0.0	2.05055711544617e-38	1	False
(filmRef)18012	101	0.0014326647564469914	0.0	2.05055711544617e-38	1	False
(filmRef)18013	101	0.0014326647564469914	0.0	2.05055711544617e-38	1	False
(filmRef)18014	101	0.0014326647564469914	0.0	2.05055711544617e-38	1	False
(filmRef)18015	101	0.0014326647564469914	0.0	2.05055711544617e-38	1	False
(filmRef)18016	158	0.0008954154727793696	0.0	1.0202936822584805e-41	1	False
(filmRef)18017	158	0.0008954154727793696	0.0	1.0202936822584805e-41	1	False
(filmRef)18274	423	0.00017908309455587392	0.0	1.0236444037638963e-52	1	False
(filmRef)17867	422	0.00017908309455587392	0.0	2.926173703099802e-51	1	False
(filmRef)18324	447	0.00017908309455587392	0.0	2.926173703099802e-51	1	False
(filmRef)17791	233	0.0005372492836676218	0.0	6.015124031532745e-46	1	False
(filmRef)17813	80	0.001969914040114613	0.0	5.678247576215622e-38	1	False
(filmRef)17812	80	0.001969914040114613	0.0	5.333740511459071e-38	1	False
(filmRef)17811	80	0.001969914040114613	0.0	5.562639083255779e-38	1	False
(filmRef)17810	80	0.001969914040114613	0.0	5.459798697236259e-38	1	False
(filmRef)17793	233	0.0005372492836676218	0.0	6.2773409344680815e-46	1	False
(filmRef)17792	233	0.0005372492836676218	0.0	6.2773409344680815e-46	1	False
(filmRef)17790	233	0.0005372492836676218	0.0	5.990364476256402e-46	1	False
(filmRef)17862	422	0.00017908309455587392	0.0	2.926173703099802e-51	1	False
(filmRef)17789	418	0.00017908309455587392	0.0	2.910150833257736e-51	1	False
(filmRef)17788	418	0.00017908309455587392	0.0	2.910150833257736e-51	1	False
(filmRef)17968	10	0.0007163323782234957	0.0	5.424887543500853e-25	1	False
(filmRef)17787	10	0.0008954154727793696	0.0	6.561656494349094e-25	1	False
(filmRef)17786	10	0.006626074498567335	0.0	6.670491693392957e-24	1	False
(filmRef)17931	10	0.007700573065902578	0.0	8.086135894435122e-24	1	False
(filmRef)17814	80	0.001969914040114613	0.0	5.590660364866381e-38	1	False
(filmRef)17815	80	0.001969914040114613	0.0	5.509028966123523e-38	1	False
(filmRef)17816	80	0.001969914040114613	0.0	5.369450495517663e-38	1	False
(filmRef)17817	80	0.001969914040114613	0.0	5.433833322946015e-38	1	False
(filmRef)17818	80	0.001969914040114613	0.0	5.654050174650722e-38	1	False
(filmRef)17819	80	0.001969914040114613	0.0	5.41950558730557e-38	1	False
(filmRef)17820	80	0.001969914040114613	0.0	5.525237305467126e-38	1	False
(filmRef)17821	80	0.001969914040114613	0.0	5.495908555308133e-38	1	False
(filmRef)17822	275	0.00035816618911174784	0.0	6.020699372944696e-48	1	False
(filmRef)17824	275	0.00035816618911174784	0.0	6.020699372944696e-48	1	False
(filmRef)17857	275	0.00035816618911174784	0.0	5.907110023998924e-48	1	False
(filmRef)17825	419	0.00017908309455587392	0.0	2.867255574577926e-51	1	False
(filmRef)17858	419	0.00017908309455587392	0.0	2.867255574577926e-51	1	False
(filmRef)17826	420	0.00017908309455587392	0.0	2.8765692756678296e-51	1	False
(filmRef)17827	420	0.00017908309455587392	0.0	2.8765692756678296e-51	1	False
(filmRef)17828	421	0.00017908309455587392	0.0	1.974353003645895e-51	1	False
(filmRef)17859	421	0.00017908309455587392	0.0	1.974353003645895e-51	1	False
(filmRef)18018	158	0.0008954154727793696	0.0	1.0202936822584805e-41	1	False
(filmRef)18019	158	0.0008954154727793696	0.0	1.0202936822584805e-41	1	False
(filmRef)18020	158	0.0008954154727793696	0.0	1.0202936822584805e-41	1	False
(filmRef)18186	234	0.0005372492836676218	0.0	3.2707555914122484e-47	1	False
(filmRef)18194	445	0.00017908309455587392	0.0	2.4249132840674844e-51	1	False
(filmRef)18192	444	0.00017908309455587392	0.0	2.926173703099802e-51	1	False
(filmRef)18191	444	0.00017908309455587392	0.0	2.926173703099802e-51	1	False
(filmRef)18189	234	0.0005372492836676218	0.0	3.3403928305511215e-47	1	False
(filmRef)18188	234	0.0005372492836676218	0.0	3.378695207169029e-47	1	False
(filmRef)18187	234	0.0005372492836676218	0.0	3.249929295039312e-47	1	False
(filmRef)18183	278	0.00017908309455587392	0.0	1.168839957427263e-50	1	False
(filmRef)18021	158	0.0008954154727793696	0.0	1.0202936822584805e-41	1	False
(filmRef)18182	278	0.00017908309455587392	0.0	1.728603761923316e-50	1	False
(filmRef)18179	115	0.0007163323782234957	0.0	1.4874803753996495e-45	1	False
(filmRef)18173	115	0.0007163323782234957	0.0	1.584231951796667e-45	1	False
(filmRef)18172	115	0.0007163323782234957	0.0	1.4852078110671245e-45	1	False
(filmRef)18171	115	0.0007163323782234957	0.0	1.5080463492368625e-45	1	False
(filmRef)18168	115	0.00017908309455587392	0.0	9.134424981356644e-47	1	False
(filmRef)20710	445	0.00017908309455587392	0.0	2.4249132840674844e-51	1	False
(filmRef)18198	14	0.00017908309455587392	0.0	6.7916538477625885e-34	1	False
(filmRef)18200	14	0.00035816618911174784	0.0	4.454311309702406e-33	1	False
(filmRef)18217	279	0.00035816618911174784	0.0	3.766474073951064e-49	1	False
(filmRef)18218	279	0.00035816618911174784	0.0	3.78003491611998e-49	1	False
(filmRef)18219	279	0.00035816618911174784	0.0	3.716178480913774e-49	1	False
(filmRef)18238	280	0.00017908309455587392	0.0	1.9866918084094246e-51	1	False
(filmRef)18240	280	0.00017908309455587392	0.0	2.1178493068815084e-51	1	False
(filmRef)18241	446	0.00017908309455587392	0.0	8.63491074595878e-53	1	False
(filmRef)18244	446	0.00017908309455587392	0.0	8.63491074595878e-53	1	False
(filmRef)18278	117	0.0010744985673352436	0.0	8.389411698198725e-41	1	False
(filmRef)18279	117	0.0010744985673352436	0.0	8.903763145477673e-41	1	False
(filmRef)18280	117	0.0010744985673352436	0.0	9.004871963338007e-41	1	False
(filmRef)18281	117	0.0010744985673352436	0.0	8.924467876983749e-41	1	False
(filmRef)18282	117	0.0010744985673352436	0.0	8.972363677572777e-41	1	False
(filmRef)18283	117	0.0010744985673352436	0.0	8.990961197237007e-41	1	False
(filmRef)18284	117	0.0010744985673352436	0.0	8.805397806904059e-41	1	False
(filmRef)18130	443	0.00017908309455587392	0.0	2.8793344056633224e-51	1	False
(filmRef)18129	443	0.00017908309455587392	0.0	2.8793344056633224e-51	1	False
(filmRef)18128	442	0.00017908309455587392	0.0	2.871563906238653e-51	1	False
(filmRef)18087	434	0.00017908309455587392	0.0	2.926173703099802e-51	1	False
(filmRef)18989	1	0.00017908309455587392	0.0	3.89936155826517e-08	1	False
(filmRef)18081	277	0.00035816618911174784	0.0	9.730278799614713e-48	1	False
(filmRef)18091	277	0.00035816618911174784	0.0	9.730278799614713e-48	1	False
(filmRef)19101	277	0.00035816618911174784	0.0	9.730278799614713e-48	1	False
(filmRef)18082	429	0.00017908309455587392	0.0	2.926173703099802e-51	1	False
(filmRef)18092	429	0.00017908309455587392	0.0	2.926173703099802e-51	1	False
(filmRef)18083	430	0.00017908309455587392	0.0	2.926173703099802e-51	1	False
(filmRef)18093	430	0.00017908309455587392	0.0	2.926173703099802e-51	1	False
(filmRef)18084	431	0.00017908309455587392	0.0	2.926173703099802e-51	1	False
(filmRef)18094	431	0.00017908309455587392	0.0	2.926173703099802e-51	1	False
(filmRef)18085	432	0.00017908309455587392	0.0	2.926173703099802e-51	1	False
(filmRef)18095	432	0.00017908309455587392	0.0	2.926173703099802e-51	1	False
(filmRef)18086	433	0.00017908309455587392	0.0	2.926173703099802e-51	1	False
(filmRef)18096	433	0.00017908309455587392	0.0	2.926173703099802e-51	1	False
(filmRef)18097	434	0.00017908309455587392	0.0	2.926173703099802e-51	1	False
(filmRef)18127	442	0.00017908309455587392	0.0	2.871563906238653e-51	1	False
(filmRef)18088	435	0.00017908309455587392	0.0	2.926173703099802e-51	1	False
(filmRef)18098	435	0.00017908309455587392	0.0	2.926173703099802e-51	1	False
(filmRef)18089	436	0.00017908309455587392	0.0	2.926173703099802e-51	1	False
(filmRef)18099	436	0.00017908309455587392	0.0	2.926173703099802e-51	1	False
(filmRef)18090	437	0.00017908309455587392	0.0	2.926173703099802e-51	1	False
(filmRef)18100	437	0.00017908309455587392	0.0	2.926173703099802e-51	1	False
(filmRef)18119	438	0.00017908309455587392	0.0	2.864931629537113e-51	1	False
(filmRef)18120	438	0.00017908309455587392	0.0	2.864931629537113e-51	1	False
(filmRef)18121	439	0.00017908309455587392	0.0	2.877145136300714e-51	1	False
(filmRef)18122	439	0.00017908309455587392	0.0	2.877145136300714e-51	1	False
(filmRef)18123	440	0.00017908309455587392	0.0	2.876482906017462e-51	1	False
(filmRef)18124	440	0.00017908309455587392	0.0	2.876482906017462e-51	1	False
(filmRef)18125	441	0.00017908309455587392	0.0	2.85405303960304e-51	1	False
(filmRef)18126	441	0.00017908309455587392	0.0	2.85405303960304e-51	1	False
(filmRef)19029	61	0.0028653295128939827	0.0	5.272426884771719e-35	1	False
(filmRef)19030	61	0.0028653295128939827	0.0	5.378269968675856e-35	1	False
(filmRef)19031	61	0.0028653295128939827	0.0	5.415329317860256e-35	1	False
(filmRef)20077	83	0.001969914040114613	0.0	9.891790580602964e-36	1	False
(filmRef)20247	83	0.001969914040114613	0.0	9.891790580602964e-36	1	False
(filmRef)20082	83	0.001969914040114613	0.0	9.891790580602963e-36	1	False
(filmRef)20081	83	0.001969914040114613	0.0	9.891790580602963e-36	1	False
(filmRef)20080	83	0.001969914040114613	0.0	9.891790580602963e-36	1	False
(filmRef)20079	83	0.001969914040114613	0.0	9.891790580602963e-36	1	False
(filmRef)20078	83	0.001969914040114613	0.0	9.891790580602963e-36	1	False
(filmRef)20073	491	0.00017908309455587392	0.0	2.926173703099802e-51	1	False
(filmRef)20087	82	0.001969914040114613	0.0	3.502004389171664e-36	1	False
(filmRef)20072	491	0.00017908309455587392	0.0	2.926173703099802e-51	1	False
(filmRef)20059	291	0.00035816618911174784	0.0	4.6286258052861973e-48	1	False
(filmRef)20058	291	0.00035816618911174784	0.0	4.751942081166385e-48	1	False
(filmRef)20057	291	0.00035816618911174784	0.0	4.751942081166385e-48	1	False
(filmRef)20090	82	0.001969914040114613	0.0	3.502004389171664e-36	1	False
(filmRef)20089	82	0.001969914040114613	0.0	3.502004389171664e-36	1	False
(filmRef)17402	3	0.011819484240687678	0.0	1.6458630290759704e-22	1	False
(filmRef)20249	83	0.001969914040114613	0.0	9.891790580602964e-36	1	False
(filmRef)20250	83	0.001969914040114613	0.0	9.891790580602964e-36	1	False
(filmRef)20251	83	0.001969914040114613	0.0	9.891790580602964e-36	1	False
(filmRef)20252	83	0.001969914040114613	0.0	9.891790580602964e-36	1	False
(filmRef)20113	48	0.0030444126074498567	0.0	1.4411116681114653e-33	1	False
(filmRef)20134	48	0.0030444126074498567	0.0	1.635076279357261e-33	1	False
(filmRef)20135	48	0.0030444126074498567	0.0	1.6140512795494606e-33	1	False
(filmRef)20136	48	0.0030444126074498567	0.0	1.6280489303819773e-33	1	False
(filmRef)20137	48	0.0030444126074498567	0.0	1.6016412624824646e-33	1	False
(filmRef)20139	48	0.0030444126074498567	0.0	1.6155355816139517e-33	1	False
(filmRef)20144	48	0.0030444126074498567	0.0	1.5037440466829162e-33	1	False
(filmRef)20145	48	0.0030444126074498567	0.0	1.6105926124985426e-33	1	False
(filmRef)20146	48	0.0030444126074498567	0.0	1.602259475689596e-33	1	False
(filmRef)20147	48	0.0030444126074498567	0.0	1.5806481765485302e-33	1	False
(filmRef)20148	48	0.0030444126074498567	0.0	1.56377931253503e-33	1	False
(filmRef)20149	48	0.0030444126074498567	0.0	1.578536677758475e-33	1	False
(filmRef)20088	82	0.001969914040114613	0.0	2.9455984440740506e-36	1	False
(filmRef)20086	82	0.001969914040114613	0.0	3.502004389171664e-36	1	False
(filmRef)19032	61	0.0028653295128939827	0.0	5.308585024780707e-35	1	False
(filmRef)20671	13	0.007700573065902578	0.0	2.0604383628542992e-23	1	False
(filmRef)20019	72	0.002328080229226361	0.0	2.082828943195079e-36	1	False
(filmRef)20018	72	0.002328080229226361	0.0	2.08166538745964e-36	1	False
(filmRef)20017	72	0.002328080229226361	0.0	2.1179958918921454e-36	1	False
(filmRef)20016	72	0.002148997134670487	0.0	1.9819062798575637e-36	1	False
(filmRef)20015	72	0.002148997134670487	0.0	1.9968544619569466e-36	1	False
(filmRef)20012	72	0.002148997134670487	0.0	1.9849617177234254e-36	1	False
(filmRef)19986	1	0.01325214899713467	0.0	2.765443747605594e-06	1	False
(filmRef)20085	82	0.001969914040114613	0.0	3.501578202786548e-36	1	False
(filmRef)20097	87	0.0017908309455587391	0.0	4.05860071660374e-38	1	False
(filmRef)20096	87	0.0017908309455587391	0.0	4.094081547562905e-38	1	False
(filmRef)20095	87	0.0017908309455587391	0.0	4.139967776216499e-38	1	False
(filmRef)20094	87	0.0017908309455587391	0.0	4.1500168008046193e-38	1	False
(filmRef)20093	87	0.0017908309455587391	0.0	4.187883980455663e-38	1	False
(filmRef)20092	87	0.0017908309455587391	0.0	4.1200002560191464e-38	1	False
(filmRef)20319	72	0.002328080229226361	0.0	2.0969622097880234e-36	1	False
(filmRef)20320	72	0.002328080229226361	0.0	2.0966164793672613e-36	1	False
(filmRef)20321	72	0.002328080229226361	0.0	2.1057693978430057e-36	1	False
(filmRef)20322	72	0.001969914040114613	0.0	1.5181489119605574e-36	1	False
(filmRef)20318	72	0.0014326647564469914	0.0	1.0787532744443868e-36	1	False
(filmRef)20043	162	0.0008954154727793696	0.0	2.7871677809046085e-42	1	False
(filmRef)20044	162	0.0008954154727793696	0.0	2.788054164525691e-42	1	False
(filmRef)20045	162	0.0008954154727793696	0.0	2.7942119961607307e-42	1	False
(filmRef)20046	162	0.0008954154727793696	0.0	2.813758843257883e-42	1	False
(filmRef)20047	162	0.0008954154727793696	0.0	2.793311759848154e-42	1	False
(filmRef)20048	162	0.0008954154727793696	0.0	2.6510327925816166e-42	1	False
(filmRef)20050	82	0.001969914040114613	0.0	3.053847355881854e-36	1	False
(filmRef)20051	82	0.001969914040114613	0.0	3.502004389171664e-36	1	False
(filmRef)20052	82	0.001969914040114613	0.0	3.502004389171664e-36	1	False
(filmRef)20053	82	0.001969914040114613	0.0	3.501494897127122e-36	1	False
(filmRef)20054	82	0.001969914040114613	0.0	3.502004389171664e-36	1	False
(filmRef)20055	82	0.001969914040114613	0.0	3.502004389171664e-36	1	False
(filmRef)20150	48	0.0030444126074498567	0.0	1.5659422921734593e-33	1	False
(filmRef)20151	48	0.0030444126074498567	0.0	1.6070119928214306e-33	1	False
(filmRef)20152	48	0.0030444126074498567	0.0	1.6001141562285517e-33	1	False
(filmRef)20244	164	0.0007163323782234957	0.0	4.072334205362265e-43	1	False
(filmRef)20290	48	0.00035816618911174784	0.0	1.3715669509016109e-34	1	False
(filmRef)2030	494	0.00017908309455587392	0.0	6.34951473365965e-53	1	False
(filmRef)2028	494	0.00017908309455587392	0.0	6.34951473365965e-53	1	False
(filmRef)20264	12	0.0026862464183381087	0.0	1.4569913055110975e-24	1	False
(filmRef)20668	493	0.00017908309455587392	0.0	2.0986166229677597e-51	1	False
(filmRef)20260	493	0.00017908309455587392	0.0	2.0986166229677597e-51	1	False
(filmRef)20245	164	0.0008954154727793696	0.0	4.797692927713649e-43	1	False
(filmRef)20153	48	0.0030444126074498567	0.0	1.587351841187584e-33	1	False
(filmRef)20243	164	0.0008954154727793696	0.0	4.830978017575274e-43	1	False
(filmRef)20242	164	0.0008954154727793696	0.0	4.857854821279886e-43	1	False
(filmRef)20240	164	0.0007163323782234957	0.0	3.968895654618126e-43	1	False
(filmRef)20232	119	0.0010744985673352436	0.0	7.662047837796492e-42	1	False
(filmRef)20231	119	0.0010744985673352436	0.0	8.09785918413052e-42	1	False
(filmRef)20230	119	0.0010744985673352436	0.0	9.097812123618403e-42	1	False
(filmRef)20347	165	0.0008954154727793696	0.0	9.484788037208262e-42	1	False
(filmRef)20348	165	0.0008954154727793696	0.0	9.484788037208262e-42	1	False
(filmRef)20349	165	0.0008954154727793696	0.0	9.484788037208262e-42	1	False
(filmRef)20350	165	0.0008954154727793696	0.0	9.484788037208262e-42	1	False
(filmRef)20351	165	0.0008954154727793696	0.0	9.48478803720826e-42	1	False
(filmRef)20352	165	0.0008954154727793696	0.0	9.48478803720826e-42	1	False
(filmRef)20353	4	0.00017908309455587392	0.0	2.595672318060147e-42	1	False
(filmRef)20382	495	0.00017908309455587392	0.0	2.926173703099802e-51	1	False
(filmRef)20383	495	0.00017908309455587392	0.0	2.926173703099802e-51	1	False
(filmRef)20613	94	0.0016117478510028654	0.0	2.5722928404594957e-37	1	False
(filmRef)20614	94	0.0016117478510028654	0.0	2.5712065708611104e-37	1	False
(filmRef)20615	94	0.0016117478510028654	0.0	2.5712065708611104e-37	1	False
(filmRef)20616	94	0.0016117478510028654	0.0	2.5712065708611104e-37	1	False
(filmRef)20617	94	0.0016117478510028654	0.0	2.5712065708611104e-37	1	False
(filmRef)20618	94	0.0016117478510028654	0.0	2.5712065708611104e-37	1	False
(filmRef)20619	94	0.0016117478510028654	0.0	2.5712065708611104e-37	1	False
(filmRef)20620	94	0.0016117478510028654	0.0	2.5712065708611104e-37	1	False
(filmRef)20229	119	0.0010744985673352436	0.0	8.865470932468624e-42	1	False
(filmRef)20228	119	0.0010744985673352436	0.0	8.85290719427892e-42	1	False
(filmRef)20226	119	0.0010744985673352436	0.0	8.831831553348739e-42	1	False
(filmRef)20208	293	0.00035816618911174784	0.0	8.746620111331252e-49	1	False
(filmRef)20385	48	0.0032234957020057307	0.0	1.3780260491757955e-33	1	False
(filmRef)20167	236	0.0005372492836676218	0.0	2.4476405404188432e-45	1	False
(filmRef)20168	236	0.0005372492836676218	0.0	2.4476754615998116e-45	1	False
(filmRef)20169	236	0.0005372492836676218	0.0	2.4476405404188432e-45	1	False
(filmRef)20170	236	0.0005372492836676218	0.0	2.447675461599812e-45	1	False
(filmRef)20177	292	0.00035816618911174784	0.0	3.1023889039309944e-49	1	False
(filmRef)20178	292	0.00035816618911174784	0.0	3.1657228650410884e-49	1	False
(filmRef)20179	292	0.00035816618911174784	0.0	3.1580884160000676e-49	1	False
(filmRef)20182	88	0.0008954154727793696	0.0	7.330527131080273e-42	1	False
(filmRef)20185	88	0.0007163323782234957	0.0	5.6776706349652155e-42	1	False
(filmRef)20190	88	0.0008954154727793696	0.0	7.474811639555006e-42	1	False
(filmRef)20183	88	0.0005372492836676218	0.0	4.245348663160175e-42	1	False
(filmRef)20191	88	0.0005372492836676218	0.0	4.3646922086745025e-42	1	False
(filmRef)20192	88	0.0005372492836676218	0.0	4.454922018570829e-42	1	False
(filmRef)20209	293	0.00035816618911174784	0.0	8.556637372823381e-49	1	False
(filmRef)20225	119	0.0010744985673352436	0.0	8.416237067500699e-42	1	False
(filmRef)20210	293	0.00035816618911174784	0.0	8.532459451106162e-49	1	False
(filmRef)20211	199	0.0007163323782234957	0.0	9.122711757024717e-44	1	False
(filmRef)20212	199	0.0007163323782234957	0.0	8.704485977093371e-44	1	False
(filmRef)20213	199	0.0007163323782234957	0.0	9.125248644640384e-44	1	False
(filmRef)20214	199	0.0007163323782234957	0.0	9.159871202171915e-44	1	False
(filmRef)20215	199	0.0007163323782234957	0.0	9.149246153324093e-44	1	False
(filmRef)20216	492	0.00017908309455587392	0.0	1.4451381590154187e-52	1	False
(filmRef)20219	492	0.00017908309455587392	0.0	1.4451381590154187e-52	1	False
(filmRef)20217	163	0.0008954154727793696	0.0	5.774653826105373e-43	1	False
(filmRef)20218	163	0.0008954154727793696	0.0	5.42221963969043e-43	1	False
(filmRef)20220	163	0.0008954154727793696	0.0	5.966305288414046e-43	1	False
(filmRef)20221	163	0.0008954154727793696	0.0	5.778029992498407e-43	1	False
(filmRef)20222	163	0.0008954154727793696	0.0	5.650976976225698e-43	1	False
(filmRef)20224	163	0.0008954154727793696	0.0	5.624849518468429e-43	1	False
(filmRef)20011	87	0.0017908309455587391	0.0	4.0451478277623764e-38	1	False
(filmRef)19983	87	0.0017908309455587391	0.0	3.646690391011346e-38	1	False
(filmRef)19982	87	0.0017908309455587391	0.0	3.741798093471839e-38	1	False
(filmRef)19181	90	0.0014326647564469914	0.0	9.638134870352338e-40	1	False
(filmRef)19038	471	0.00017908309455587392	0.0	2.817434625116707e-52	1	False
(filmRef)19024	89	0.00017908309455587392	0.0	4.1595271443384844e-48	1	False
(filmRef)19023	89	0.00017908309455587392	0.0	4.1367364566461983e-48	1	False
(filmRef)19021	89	0.00017908309455587392	0.0	4.295848213441425e-48	1	False
(filmRef)19011	90	0.00017908309455587392	0.0	3.43398052592549e-41	1	False
(filmRef)19195	90	0.0014326647564469914	0.0	9.614076673742307e-40	1	False
(filmRef)19180	90	0.0012535816618911174	0.0	9.447431590228345e-40	1	False
(filmRef)19122	113	0.00017908309455587392	0.0	6.78084708863699e-48	1	False
(filmRef)19179	90	0.0012535816618911174	0.0	9.423376816506292e-40	1	False
(filmRef)19178	90	0.0012535816618911174	0.0	9.462664025006983e-40	1	False
(filmRef)19177	90	0.0012535816618911174	0.0	9.453872504778555e-40	1	False
(filmRef)19131	90	0.0012535816618911174	0.0	9.353754833453674e-40	1	False
(filmRef)18964	470	0.00017908309455587392	0.0	3.0370292544090155e-52	1	False
(filmRef)18963	470	0.00017908309455587392	0.0	3.0370292544090155e-52	1	False
(filmRef)19039	471	0.00017908309455587392	0.0	2.817434625116707e-52	1	False
(filmRef)19052	472	0.00017908309455587392	0.0	2.893805950781662e-51	1	False
(filmRef)19134	472	0.00017908309455587392	0.0	2.893805950781662e-51	1	False
(filmRef)19056	473	0.00017908309455587392	0.0	1.2022507312292873e-51	1	False
(filmRef)19107	473	0.00017908309455587392	0.0	1.2022507312292873e-51	1	False
(filmRef)19057	474	0.00017908309455587392	0.0	1.0432610405250424e-52	1	False
(filmRef)19058	474	0.00017908309455587392	0.0	1.0432610405250424e-52	1	False
(filmRef)19060	96	0.00035816618911174784	0.0	2.057338178164616e-43	1	False
(filmRef)19085	475	0.00017908309455587392	0.0	1.85319059050312e-51	1	False
(filmRef)19086	475	0.00017908309455587392	0.0	1.85319059050312e-51	1	False
(filmRef)19087	77	0.00017908309455587392	0.0	9.317170770283461e-41	1	False
(filmRef)19242	77	0.0016117478510028654	0.0	1.3335769306397437e-39	1	False
(filmRef)19243	77	0.0016117478510028654	0.0	1.3374410161676337e-39	1	False
(filmRef)19245	77	0.0012535816618911174	0.0	1.1367606671530072e-39	1	False
(filmRef)19089	476	0.00017908309455587392	0.0	9.25741254534308e-53	1	False
(filmRef)19100	476	0.00017908309455587392	0.0	9.25741254534308e-53	1	False
(filmRef)19108	477	0.00017908309455587392	0.0	2.862953384155661e-51	1	False
(filmRef)19061	96	0.0007163323782234957	0.0	4.7059906170935756e-43	1	False
(filmRef)18934	469	0.00017908309455587392	0.0	2.789936635976061e-51	1	False
(filmRef)18933	469	0.00017908309455587392	0.0	2.789936635976061e-51	1	False
(filmRef)18809	468	0.00017908309455587392	0.0	2.496291392833244e-51	1	False
(filmRef)19033	61	0.0028653295128939827	0.0	5.194928231901421e-35	1	False
(filmRef)18789	283	0.00035816618911174784	0.0	5.937599613123372e-48	1	False
(filmRef)18790	283	0.00035816618911174784	0.0	5.968192273222981e-48	1	False
(filmRef)18791	283	0.00035816618911174784	0.0	5.957836984853012e-48	1	False
(filmRef)18794	466	0.00017908309455587392	0.0	2.926173703099802e-51	1	False
(filmRef)19017	466	0.00017908309455587392	0.0	2.926173703099802e-51	1	False
(filmRef)18797	284	0.00035816618911174784	0.0	6.858036695514676e-48	1	False
(filmRef)18803	284	0.00035816618911174784	0.0	6.772806483147702e-48	1	False
(filmRef)19018	284	0.00035816618911174784	0.0	6.849432157688489e-48	1	False
(filmRef)18799	285	0.00035816618911174784	0.0	9.308799634615143e-48	1	False
(filmRef)18800	285	0.00035816618911174784	0.0	9.308799634615143e-48	1	False
(filmRef)18802	285	0.00035816618911174784	0.0	9.30490436040288e-48	1	False
(filmRef)18801	467	0.00017908309455587392	0.0	5.049760337187435e-52	1	False
(filmRef)19129	467	0.00017908309455587392	0.0	5.049760337187435e-52	1	False
(filmRef)18949	468	0.00017908309455587392	0.0	2.496291392833244e-51	1	False
(filmRef)18913	173	0.00035816618911174784	0.0	2.1889177409303288e-48	1	False
(filmRef)18849	111	0.0012535816618911174	0.0	4.678576481685005e-40	1	False
(filmRef)18850	111	0.0012535816618911174	0.0	4.716621912436421e-40	1	False
(filmRef)18851	111	0.0012535816618911174	0.0	4.6888066575929535e-40	1	False
(filmRef)18852	111	0.0012535816618911174	0.0	4.686797967954844e-40	1	False
(filmRef)18853	111	0.0012535816618911174	0.0	4.72120681990041e-40	1	False
(filmRef)18854	111	0.0012535816618911174	0.0	4.707767053937639e-40	1	False
(filmRef)18855	111	0.0012535816618911174	0.0	4.7388851239567855e-40	1	False
(filmRef)18856	111	0.0012535816618911174	0.0	4.648700578902394e-40	1	False
(filmRef)18905	198	0.0007163323782234957	0.0	3.633479941168419e-45	1	False
(filmRef)18906	198	0.0007163323782234957	0.0	3.8818943878801466e-45	1	False
(filmRef)18907	198	0.0007163323782234957	0.0	3.887188848916776e-45	1	False
(filmRef)18908	198	0.0007163323782234957	0.0	3.960416734550916e-45	1	False
(filmRef)18909	198	0.0007163323782234957	0.0	3.818844253026935e-45	1	False
(filmRef)18912	173	0.00035816618911174784	0.0	2.1889177409303288e-48	1	False
(filmRef)19109	477	0.00017908309455587392	0.0	2.862953384155661e-51	1	False
(filmRef)19127	113	0.0005372492836676218	0.0	2.0417782311284648e-47	1	False
(filmRef)19981	87	0.0017908309455587391	0.0	3.8441366887742126e-38	1	False
(filmRef)19453	81	0.0007163323782234957	0.0	2.6350687984338877e-42	1	False
(filmRef)19466	288	0.00035816618911174784	0.0	1.0813715519416147e-48	1	False
(filmRef)19465	288	0.00035816618911174784	0.0	9.745266394328617e-49	1	False
(filmRef)19462	206	0.00017908309455587392	0.0	2.6218230603271464e-50	1	False
(filmRef)19461	206	0.00017908309455587392	0.0	2.815019509650595e-50	1	False
(filmRef)19455	81	0.00017908309455587392	0.0	7.265799345793067e-43	1	False
(filmRef)19450	81	0.00017908309455587392	0.0	7.02852250379934e-43	1	False
(filmRef)19447	81	0.00017908309455587392	0.0	7.099495481554377e-43	1	False
(filmRef)19128	113	0.0005372492836676218	0.0	2.0546077387639237e-47	1	False
(filmRef)19456	81	0.0008954154727793696	0.0	3.225981813594922e-42	1	False
(filmRef)19452	81	0.0010744985673352436	0.0	3.989517986434421e-42	1	False
(filmRef)19449	81	0.0014326647564469914	0.0	4.741666593638201e-42	1	False
(filmRef)19446	81	0.0012535816618911174	0.0	4.387311114110602e-42	1	False
(filmRef)19370	486	0.00017908309455587392	0.0	6.302517509825432e-52	1	False
(filmRef)19369	486	0.00017908309455587392	0.0	6.302517509825432e-52	1	False
(filmRef)19467	288	0.00035816618911174784	0.0	1.0813715519416147e-48	1	False
(filmRef)19604	487	0.00017908309455587392	0.0	1.7395476850101873e-52	1	False
(filmRef)19605	487	0.00017908309455587392	0.0	1.7395476850101873e-52	1	False
(filmRef)19622	289	0.00035816618911174784	0.0	1.3622235194524827e-49	1	False
(filmRef)19623	289	0.00035816618911174784	0.0	1.3755265746583622e-49	1	False
(filmRef)19625	289	0.00035816618911174784	0.0	1.3700319347735018e-49	1	False
(filmRef)19674	488	0.00017908309455587392	0.0	6.038231892497866e-52	1	False
(filmRef)19675	488	0.00017908309455587392	0.0	6.038231892497866e-52	1	False
(filmRef)19705	489	0.00017908309455587392	0.0	7.632677615660487e-53	1	False
(filmRef)19706	489	0.00017908309455587392	0.0	7.632677615660487e-53	1	False
(filmRef)19829	290	0.00035816618911174784	0.0	4.544074805585153e-48	1	False
(filmRef)19830	290	0.00035816618911174784	0.0	4.557486748913225e-48	1	False
(filmRef)20355	290	0.00035816618911174784	0.0	4.449968508305285e-48	1	False
(filmRef)19905	124	0.00017908309455587392	0.0	6.869150968978078e-50	1	False
(filmRef)19909	490	0.00017908309455587392	0.0	1.0184605148528836e-51	1	False
(filmRef)19910	490	0.00017908309455587392	0.0	1.0184605148528836e-51	1	False
(filmRef)19980	87	0.0017908309455587391	0.0	3.816212001855522e-38	1	False
(filmRef)19368	287	0.00017908309455587392	0.0	2.266104647827643e-51	1	False
(filmRef)19342	287	0.00017908309455587392	0.0	1.997023536711478e-51	1	False
(filmRef)19321	286	0.00035816618911174784	0.0	9.539261964258275e-48	1	False
(filmRef)19190	161	0.0008954154727793696	0.0	4.680602640756437e-44	1	False
(filmRef)19126	113	0.00017908309455587392	0.0	2.4019638081075382e-48	1	False
(filmRef)19130	478	0.00017908309455587392	0.0	7.211705426272229e-52	1	False
(filmRef)19132	478	0.00017908309455587392	0.0	7.211705426272229e-52	1	False
(filmRef)19140	180	0.00017908309455587392	0.0	2.7866144625574134e-50	1	False
(filmRef)19142	0	0.00017908309455587392	0.0	4.429017656997536e-05	1	False
(filmRef)19144	479	0.00017908309455587392	0.0	6.580674752592514e-52	1	False
(filmRef)19145	479	0.00017908309455587392	0.0	6.580674752592514e-52	1	False
(filmRef)19148	480	0.00017908309455587392	0.0	6.555164430869258e-53	1	False
(filmRef)19151	480	0.00017908309455587392	0.0	6.555164430869258e-53	1	False
(filmRef)19150	481	0.00017908309455587392	0.0	1.6186290117649672e-52	1	False
(filmRef)19152	481	0.00017908309455587392	0.0	1.6186290117649672e-52	1	False
(filmRef)19278	180	0.00017908309455587392	0.0	2.5728413054616717e-50	1	False
(filmRef)19157	180	0.00017908309455587392	0.0	1.9223969326420065e-50	1	False
(filmRef)19188	161	0.0007163323782234957	0.0	3.9843925529606294e-44	1	False
(filmRef)19191	161	0.0008954154727793696	0.0	4.856869169800291e-44	1	False
(filmRef)19320	286	0.00035816618911174784	0.0	9.541029774824344e-48	1	False
(filmRef)19192	161	0.0008954154727793696	0.0	4.855453466761717e-44	1	False
(filmRef)19189	161	0.0007163323782234957	0.0	4.182702140211568e-44	1	False
(filmRef)19253	77	0.0014326647564469914	0.0	1.028365502476496e-39	1	False
(filmRef)19251	77	0.0007163323782234957	0.0	5.582622891114409e-40	1	False
(filmRef)19254	482	0.00017908309455587392	0.0	2.926173703099802e-51	1	False
(filmRef)19275	482	0.00017908309455587392	0.0	2.926173703099802e-51	1	False
(filmRef)19272	0	0.00017908309455587392	0.0	4.412512969433774e-05	1	False
(filmRef)19279	483	0.00035816618911174784	0.0	4.477904107357209e-05	2	False
(filmRef)19280	483	0.00035816618911174784	0.0	4.4536536132122504e-05	2	False
(filmRef)19300	484	0.00017908309455587392	0.0	2.926173703099802e-51	1	False
(filmRef)19301	484	0.00017908309455587392	0.0	2.926173703099802e-51	1	False
(filmRef)19312	485	0.00017908309455587392	0.0	2.963701883924732e-52	1	False
(filmRef)19313	485	0.00017908309455587392	0.0	2.963701883924732e-52	1	False
(filmRef)19319	286	0.00035816618911174784	0.0	9.541029774824344e-48	1	False
(filmRef)20248	83	0.001969914040114613	0.0	9.891790580602964e-36	1	False
(filmRef)15471	143	0.0008954154727793696	0.0	2.5250611053064698e-42	1	False
(filmRef)17401	3	0.011819484240687678	0.0	1.648076928685681e-22	1	False
(filmRef)14348	30	0.004835243553008596	0.0	2.8982849335326566e-29	1	False
(filmRef)14319	131	0.0008954154727793696	0.0	7.314474232050281e-42	1	False
(filmRef)15484	62	0.0025071633237822347	0.0	1.2858335144103008e-34	1	False
(filmRef)15482	62	0.0026862464183381087	0.0	1.393615086214834e-34	1	False
(filmRef)15481	62	0.0025071633237822347	0.0	1.2852063492977357e-34	1	False
(filmRef)15480	62	0.0025071633237822347	0.0	1.285186731475258e-34	1	False
(filmRef)15479	62	0.0025071633237822347	0.0	1.3635302151511092e-34	1	False
(filmRef)14765	62	0.0026862464183381087	0.0	1.3934498620898177e-34	1	False
(filmRef)14764	62	0.0025071633237822347	0.0	1.2857894949859023e-34	1	False
(filmRef)14763	62	0.0025071633237822347	0.0	1.3835209685774732e-34	1	False
(filmRef)14317	62	0.0025071633237822347	0.0	1.3556716424740822e-34	1	False
(filmRef)14316	62	0.0025071633237822347	0.0	1.3570807208989562e-34	1	False
(filmRef)14315	62	0.0025071633237822347	0.0	1.3656540250490865e-34	1	False
(filmRef)14314	62	0.0025071633237822347	0.0	1.3680026956292648e-34	1	False
(filmRef)14313	62	0.0025071633237822347	0.0	1.35321312568945e-34	1	False
(filmRef)14312	62	0.0025071633237822347	0.0	1.3099934911542103e-34	1	False
(filmRef)14320	131	0.0008954154727793696	0.0	7.300536908557972e-42	1	False
(filmRef)14321	131	0.0008954154727793696	0.0	7.329537101595401e-42	1	False
(filmRef)14322	131	0.0008954154727793696	0.0	7.329537101595401e-42	1	False
(filmRef)16648	49	0.0032234957020057307	0.0	1.9151832963944633e-34	1	False
(filmRef)14341	49	0.002148997134670487	0.0	1.1653148563230577e-34	1	False
(filmRef)20031	49	0.0032234957020057307	0.0	1.9202436388358041e-34	1	False
(filmRef)19633	49	0.0032234957020057307	0.0	1.9126618167455132e-34	1	False
(filmRef)19632	49	0.0030444126074498567	0.0	1.878620464821653e-34	1	False
(filmRef)19631	49	0.0026862464183381087	0.0	1.6498503688974522e-34	1	False
(filmRef)16674	49	0.0030444126074498567	0.0	1.872220053043903e-34	1	False
(filmRef)16646	49	0.0026862464183381087	0.0	1.6810468622141634e-34	1	False
(filmRef)14323	131	0.0008954154727793696	0.0	7.329537101595401e-42	1	False
(filmRef)14339	49	0.0032234957020057307	0.0	1.955529399102972e-34	1	False
(filmRef)14338	49	0.0026862464183381087	0.0	1.5997017398870712e-34	1	False
(filmRef)14337	49	0.0026862464183381087	0.0	1.5092623360395005e-34	1	False
(filmRef)14336	49	0.0026862464183381087	0.0	1.5215503708803177e-34	1	False
(filmRef)14335	49	0.0026862464183381087	0.0	1.632439505216986e-34	1	False
(filmRef)14324	131	0.0008954154727793696	0.0	7.285981989441889e-42	1	False
(filmRef)1669	342	0.00017908309455587392	0.0	1.0878591563845795e-52	1	False
(filmRef)1431	342	0.00017908309455587392	0.0	1.0878591563845795e-52	1	False
(filmRef)14833	5	0.0005372492836676218	0.0	2.9360166347763833e-31	1	False
(filmRef)14357	30	0.004835243553008596	0.0	2.828801103544812e-29	1	False
(filmRef)14363	30	0.004835243553008596	0.0	2.83545997459577e-29	1	False
(filmRef)14362	30	0.004835243553008596	0.0	2.870957491668537e-29	1	False
(filmRef)14361	30	0.004835243553008596	0.0	2.843449704306846e-29	1	False
(filmRef)14360	30	0.004835243553008596	0.0	2.8238619890692085e-29	1	False
(filmRef)14359	30	0.004835243553008596	0.0	2.8150787432420453e-29	1	False
(filmRef)14358	30	0.004835243553008596	0.0	2.829478746660602e-29	1	False
(filmRef)14356	30	0.004835243553008596	0.0	2.8634080296810754e-29	1	False
(filmRef)14365	30	0.004835243553008596	0.0	2.834535999778799e-29	1	False
(filmRef)14355	30	0.004835243553008596	0.0	2.8820261055384747e-29	1	False
(filmRef)14354	30	0.004835243553008596	0.0	2.8742465257272317e-29	1	False
(filmRef)14353	30	0.004835243553008596	0.0	2.835527767089598e-29	1	False
(filmRef)14352	30	0.004835243553008596	0.0	2.8594395969210984e-29	1	False
(filmRef)14351	30	0.004835243553008596	0.0	2.811437401230917e-29	1	False
(filmRef)14350	30	0.004835243553008596	0.0	2.8101519597570543e-29	1	False
(filmRef)14364	30	0.004835243553008596	0.0	2.8262083150408126e-29	1	False
(filmRef)14366	30	0.004835243553008596	0.0	2.8009281401142385e-29	1	False
(filmRef)14295	16	0.001969914040114613	0.0	1.2513993673485993e-29	1	False
(filmRef)14288	130	0.0008954154727793696	0.0	9.312904099561439e-42	1	False
(filmRef)14442	16	0.004297994269340974	0.0	5.766590649026214e-29	1	False
(filmRef)14293	16	0.0017908309455587391	0.0	1.0207292538317187e-29	1	False
(filmRef)14292	130	0.0008954154727793696	0.0	9.312904099561439e-42	1	False
(filmRef)14291	130	0.0008954154727793696	0.0	9.312904099561439e-42	1	False
(filmRef)14290	130	0.0008954154727793696	0.0	9.312904099561439e-42	1	False
(filmRef)14289	130	0.0008954154727793696	0.0	9.312904099561439e-42	1	False
(filmRef)14287	130	0.0008954154727793696	0.0	9.312904099561439e-42	1	False
(filmRef)14367	30	0.004835243553008596	0.0	2.852014355572505e-29	1	False
(filmRef)19048	3	0.00017908309455587392	0.0	1.6979226290670258e-27	1	False
(filmRef)14284	3	0.00017908309455587392	0.0	1.8912269854673408e-27	1	False
(filmRef)14285	3	0.0007163323782234957	0.0	1.544182039079662e-25	1	False
(filmRef)14282	3	0.0007163323782234957	0.0	1.53488382028706e-25	1	False
(filmRef)14281	3	0.0007163323782234957	0.0	1.529700869158477e-25	1	False
(filmRef)14368	30	0.004835243553008596	0.0	2.833040732037162e-29	1	False
(filmRef)14342	49	0.0017908309455587391	0.0	9.411061856599363e-35	1	False
(filmRef)14369	171	0.00017908309455587392	0.0	1.6052300103498355e-50	1	False
(filmRef)14374	171	0.00017908309455587392	0.0	1.3044346993445768e-50	1	False
(filmRef)16678	13	0.009670487106017192	0.0	2.9124709005939536e-23	1	False
(filmRef)20003	13	0.009849570200573065	0.0	3.4504021631803017e-23	1	False
(filmRef)20002	13	0.009849570200573065	0.0	3.486208516976763e-23	1	False
(filmRef)20001	13	0.009849570200573065	0.0	3.4697831709494615e-23	1	False
(filmRef)20000	13	0.009849570200573065	0.0	3.468607419682937e-23	1	False
(filmRef)16680	13	0.009670487106017192	0.0	2.8961955290922226e-23	1	False
(filmRef)16679	13	0.009670487106017192	0.0	3.317961005155605e-23	1	False
(filmRef)16677	13	0.009670487106017192	0.0	3.339374580721415e-23	1	False
(filmRef)20005	13	0.009849570200573065	0.0	3.4341988430788864e-23	1	False
(filmRef)16676	13	0.009670487106017192	0.0	2.9124756762027913e-23	1	False
(filmRef)14435	13	0.009670487106017192	0.0	3.253148957682106e-23	1	False
(filmRef)14434	13	0.009670487106017192	0.0	3.199673626690657e-23	1	False
(filmRef)14433	13	0.009670487106017192	0.0	3.276524266759333e-23	1	False
(filmRef)14432	13	0.009670487106017192	0.0	3.259476674206389e-23	1	False
(filmRef)14431	13	0.009670487106017192	0.0	3.2639169090096334e-23	1	False
(filmRef)20004	13	0.009849570200573065	0.0	3.471928962292647e-23	1	False
(filmRef)20006	13	0.009849570200573065	0.0	3.4701296142999974e-23	1	False
(filmRef)14422	254	0.00017908309455587392	0.0	2.219960024234877e-51	1	False
(filmRef)20115	13	0.009849570200573065	0.0	3.4480022360813734e-23	1	False
(filmRef)20121	13	0.009849570200573065	0.0	3.466625410441627e-23	1	False
(filmRef)20120	13	0.009849570200573065	0.0	3.461032972014629e-23	1	False
(filmRef)20119	13	0.009849570200573065	0.0	3.49011189729938e-23	1	False
(filmRef)20118	13	0.009849570200573065	0.0	3.481320841055544e-23	1	False
(filmRef)20117	13	0.009849570200573065	0.0	3.4835742262285096e-23	1	False
(filmRef)20116	13	0.009849570200573065	0.0	3.465327805469925e-23	1	False
(filmRef)20024	13	0.009849570200573065	0.0	3.414550905486554e-23	1	False
(filmRef)20007	13	0.009849570200573065	0.0	3.4471844726728426e-23	1	False
(filmRef)20023	13	0.009849570200573065	0.0	3.4817610799290596e-23	1	False
(filmRef)20022	13	0.009849570200573065	0.0	3.3948372231077176e-23	1	False
(filmRef)20021	13	0.009849570200573065	0.0	3.3806911228563214e-23	1	False
(filmRef)20020	13	0.009849570200573065	0.0	3.4611900286810324e-23	1	False
(filmRef)20009	13	0.009849570200573065	0.0	3.467371260558623e-23	1	False
(filmRef)20008	13	0.009849570200573065	0.0	3.489761443045336e-23	1	False
(filmRef)14430	13	0.009670487106017192	0.0	2.996247036616749e-23	1	False
(filmRef)14421	254	0.00017908309455587392	0.0	2.2561542486511494e-51	1	False
(filmRef)14376	253	0.00035816618911174784	0.0	5.2946135305237287e-48	1	False
(filmRef)14395	34	0.004477077363896848	0.0	2.7944100526050455e-29	1	False
(filmRef)14401	34	0.004477077363896848	0.0	3.3806832014949145e-29	1	False
(filmRef)14400	34	0.004477077363896848	0.0	3.3689751769393134e-29	1	False
(filmRef)14399	34	0.004477077363896848	0.0	3.381739710111336e-29	1	False
(filmRef)14398	34	0.004477077363896848	0.0	3.381739710111336e-29	1	False
(filmRef)14397	34	0.004477077363896848	0.0	3.3817370971157e-29	1	False
(filmRef)14396	34	0.004477077363896848	0.0	3.3880669034624254e-29	1	False
(filmRef)15056	76	0.00035816618911174784	0.0	1.2153825143059197e-42	1	False
(filmRef)14403	34	0.004477077363896848	0.0	3.3742840040253165e-29	1	False
(filmRef)14392	2	0.006805157593123209	0.0	1.6542179559377962e-09	1	False
(filmRef)14387	2	0.007163323782234957	0.0	1.7169928261446723e-09	1	False
(filmRef)14391	2	0.006984240687679083	0.0	1.6668852454925931e-09	1	False
(filmRef)14382	2	0.007700573065902578	0.0	1.6970665124901505e-09	1	False
(filmRef)15280	253	0.00035816618911174784	0.0	5.3100436064305606e-48	1	False
(filmRef)14377	253	0.00035816618911174784	0.0	5.252973412099092e-48	1	False
(filmRef)14402	34	0.004477077363896848	0.0	3.380683201494915e-29	1	False
(filmRef)14404	34	0.004477077363896848	0.0	3.379668316237011e-29	1	False
(filmRef)14420	34	0.004477077363896848	0.0	3.377911561407525e-29	1	False
(filmRef)14413	34	0.004477077363896848	0.0	3.373291876867305e-29	1	False
(filmRef)14419	34	0.004477077363896848	0.0	3.366230474093658e-29	1	False
(filmRef)14418	34	0.004477077363896848	0.0	3.366230474093658e-29	1	False
(filmRef)14417	34	0.004477077363896848	0.0	3.377909275193806e-29	1	False
(filmRef)14416	34	0.004477077363896848	0.0	3.3758042081506615e-29	1	False
(filmRef)14415	34	0.004477077363896848	0.0	3.385972544498954e-29	1	False
(filmRef)14414	34	0.004477077363896848	0.0	3.3704618532018547e-29	1	False
(filmRef)14412	34	0.004477077363896848	0.0	3.379671504262467e-29	1	False
(filmRef)14405	34	0.004477077363896848	0.0	3.378617073496937e-29	1	False
(filmRef)14411	34	0.004477077363896848	0.0	3.379671504262467e-29	1	False
(filmRef)14410	34	0.004477077363896848	0.0	3.3743437767639305e-29	1	False
(filmRef)14409	34	0.004477077363896848	0.0	3.3743441268374597e-29	1	False
(filmRef)14408	34	0.004477077363896848	0.0	3.3743441268374597e-29	1	False
(filmRef)14407	34	0.004477077363896848	0.0	3.380721266922896e-29	1	False
(filmRef)14406	34	0.004477077363896848	0.0	3.379615700414928e-29	1	False
(filmRef)14349	30	0.004835243553008596	0.0	2.8402976926496875e-29	1	False
(filmRef)14347	30	0.004835243553008596	0.0	2.8139989185249076e-29	1	False
(filmRef)20123	13	0.009849570200573065	0.0	3.4569961386054365e-23	1	False
(filmRef)14346	30	0.004835243553008596	0.0	2.88001610311516e-29	1	False
(filmRef)17042	1	0.09813753581661891	0.0	2.2691165861313047e-05	1	False
(filmRef)16984	1	0.09831661891117478	0.0	2.2871446750601545e-05	1	False
(filmRef)16364	1	0.09670487106017192	0.0	2.2036870344161488e-05	1	False
(filmRef)16344	1	0.09903295128939828	0.0	2.2947784857990765e-05	1	False
(filmRef)15843	1	0.09903295128939828	0.0	2.3150177442541177e-05	1	False
(filmRef)15767	1	0.09849570200573066	0.0	2.2880787415145166e-05	1	False
(filmRef)15739	1	0.09813753581661891	0.0	2.247893668157101e-05	1	False
(filmRef)15687	1	0.09580945558739255	0.0	2.1251413434889443e-05	1	False
(filmRef)15585	1	0.09849570200573066	0.0	2.2812881790173043e-05	1	False
(filmRef)15553	1	0.0988538681948424	0.0	2.3216142139589337e-05	1	False
(filmRef)15437	1	0.09867478510028653	0.0	2.3035359126716574e-05	1	False
(filmRef)15319	1	0.0988538681948424	0.0	2.290955533424046e-05	1	False
(filmRef)15060	1	0.0988538681948424	0.0	2.31388764655246e-05	1	False
(filmRef)15046	1	0.09867478510028653	0.0	2.299072793782585e-05	1	False
(filmRef)14996	1	0.09921203438395415	0.0	2.3015471790660835e-05	1	False
(filmRef)17045	1	0.09724212034383954	0.0	2.2389718265033627e-05	1	False
(filmRef)17047	1	0.09831661891117478	0.0	2.3196334232446467e-05	1	False
(filmRef)17284	1	0.0988538681948424	0.0	2.3040476120516005e-05	1	False
(filmRef)17343	1	0.09795845272206304	0.0	2.297715810426297e-05	1	False
(filmRef)17688	1	0.09760028653295129	0.0	2.1925219332801444e-05	1	False
(filmRef)17686	1	0.09849570200573066	0.0	2.2605688334955923e-05	1	False
(filmRef)17684	1	0.09777936962750716	0.0	2.2125747472301014e-05	1	False
(filmRef)17681	1	0.09795845272206304	0.0	2.2259603342194573e-05	1	False
(filmRef)17680	1	0.09724212034383954	0.0	2.1900714264401372e-05	1	False
(filmRef)17347	1	0.09849570200573066	0.0	2.3052676726752444e-05	1	False
(filmRef)17342	1	0.09813753581661891	0.0	2.3027591190375617e-05	1	False
(filmRef)17288	1	0.0988538681948424	0.0	2.3151298701464407e-05	1	False
(filmRef)17340	1	0.09777936962750716	0.0	2.2851672972377408e-05	1	False
(filmRef)17330	1	0.09742120343839542	0.0	2.2537436454510226e-05	1	False
(filmRef)17305	1	0.09903295128939828	0.0	2.304525152241633e-05	1	False
(filmRef)17302	1	0.09777936962750716	0.0	2.2300706540276938e-05	1	False
(filmRef)17299	1	0.09867478510028653	0.0	2.284198431753021e-05	1	False
(filmRef)17298	1	0.09795845272206304	0.0	2.2481470181823143e-05	1	False
(filmRef)14943	1	0.0995702005730659	0.0	2.3821372716674453e-05	1	False
(filmRef)14767	1	0.09652578796561605	0.0	2.1490171983893e-05	1	False
(filmRef)14740	1	0.09706303724928367	0.0	2.170270960044225e-05	1	False
(filmRef)14280	1	0.09760028653295129	0.0	2.277307853883142e-05	1	False
(filmRef)14427	1	0.09760028653295129	0.0	2.277108989814519e-05	1	False
(filmRef)14327	1	0.09760028653295129	0.0	2.277183520368052e-05	1	False
(filmRef)14318	1	0.09760028653295129	0.0	2.2773579666241104e-05	1	False
(filmRef)14305	1	0.09760028653295129	0.0	2.277457148145092e-05	1	False
(filmRef)14302	1	0.09760028653295129	0.0	2.2774961803860797e-05	1	False
(filmRef)14301	1	0.09760028653295129	0.0	2.2785296471099382e-05	1	False
(filmRef)14275	1	0.09670487106017192	0.0	2.258953826788315e-05	1	False
(filmRef)14429	1	0.09760028653295129	0.0	2.2783984396964464e-05	1	False
(filmRef)14274	1	0.09760028653295129	0.0	2.276924614114416e-05	1	False
(filmRef)14273	1	0.09760028653295129	0.0	2.2769373589783002e-05	1	False
(filmRef)14272	1	0.09760028653295129	0.0	2.276979799047555e-05	1	False
(filmRef)14271	1	0.09760028653295129	0.0	2.2771275476996706e-05	1	False
(filmRef)14255	1	0.06267908309455587	0.0	1.4200097124864362e-05	1	False
(filmRef)14669	22	0.0053724928366762174	0.0	1.6172653689699125e-27	1	False
(filmRef)14428	1	0.09760028653295129	0.0	2.275700121543507e-05	1	False
(filmRef)14436	1	0.09760028653295129	0.0	2.2751649431692982e-05	1	False
(filmRef)14703	1	0.09867478510028653	0.0	2.2897815547556833e-05	1	False
(filmRef)14589	1	0.09760028653295129	0.0	2.277307853883142e-05	1	False
(filmRef)14614	1	0.09724212034383954	0.0	2.1866612864082675e-05	1	False
(filmRef)14613	1	0.09760028653295129	0.0	2.2773579666241104e-05	1	False
(filmRef)14608	1	0.09760028653295129	0.0	2.277457148145092e-05	1	False
(filmRef)14607	1	0.09760028653295129	0.0	2.2774961803860797e-05	1	False
(filmRef)14602	1	0.09580945558739255	0.0	2.2131398710450156e-05	1	False
(filmRef)14592	1	0.09760028653295129	0.0	2.276868970534406e-05	1	False
(filmRef)14582	1	0.09760028653295129	0.0	2.2768499464683167e-05	1	False
(filmRef)14444	1	0.09760028653295129	0.0	2.2773923194554532e-05	1	False
(filmRef)14569	1	0.09760028653295129	0.0	2.276924614114416e-05	1	False
(filmRef)14565	1	0.09760028653295129	0.0	2.2769373589783002e-05	1	False
(filmRef)14519	1	0.09760028653295129	0.0	2.2771275476996706e-05	1	False
(filmRef)14512	1	0.09760028653295129	0.0	2.2771987083176334e-05	1	False
(filmRef)14509	1	0.09760028653295129	0.0	2.2773923194554532e-05	1	False
(filmRef)14506	1	0.09760028653295129	0.0	2.280217228273421e-05	1	False
(filmRef)17692	1	0.0961676217765043	0.0	2.1494276321200626e-05	1	False
(filmRef)17696	1	0.09903295128939828	0.0	2.2793870698563488e-05	1	False
(filmRef)17700	1	0.09903295128939828	0.0	2.299082585675325e-05	1	False
(filmRef)15338	1	0.05515759312320917	0.0	1.177889463359574e-05	1	False
(filmRef)16023	1	0.03742836676217765	0.0	7.956563341510714e-06	1	False
(filmRef)16018	1	0.06142550143266475	0.0	1.3112096199916001e-05	1	False
(filmRef)16016	1	0.058560171919770775	0.0	1.2598514477155848e-05	1	False
(filmRef)16008	1	0.05408309455587392	0.0	1.1555334579368082e-05	1	False
(filmRef)15792	1	0.05784383954154727	0.0	1.2328335340464137e-05	1	False
(filmRef)15414	1	0.06536532951289398	0.0	1.3993028973166515e-05	1	False
(filmRef)20638	1	0.09652578796561605	0.0	2.1723590998243357e-05	1	False
(filmRef)16360	1	0.06536532951289398	0.0	1.3896020539310962e-05	1	False
(filmRef)20624	1	0.0961676217765043	0.0	2.1620069042815393e-05	1	False
(filmRef)20623	1	0.09742120343839542	0.0	2.2565513180364284e-05	1	False
(filmRef)20606	1	0.09813753581661891	0.0	2.293470931263749e-05	1	False
(filmRef)20603	1	0.09580945558739255	0.0	2.1390430435136268e-05	1	False
(filmRef)20602	1	0.09652578796561605	0.0	2.185416377394115e-05	1	False
(filmRef)20598	1	0.09742120343839542	0.0	2.231896699522805e-05	1	False
(filmRef)16025	1	0.03133954154727794	0.0	6.723768597767983e-06	1	False
(filmRef)18723	1	0.0404727793696275	0.0	8.6598916047656e-06	1	False
(filmRef)20554	1	0.09760028653295129	0.0	2.250490697119825e-05	1	False
(filmRef)18993	1	0.025787965616045846	0.0	5.536853670853342e-06	1	False
(filmRef)14345	30	0.004835243553008596	0.0	2.7921854082704884e-29	1	False
(filmRef)14344	30	0.004835243553008596	0.0	2.8360694872809813e-29	1	False
(filmRef)14343	30	0.004835243553008596	0.0	2.808039117151874e-29	1	False
(filmRef)14279	30	0.004835243553008596	0.0	2.657146340003241e-29	1	False
(filmRef)14278	30	0.004835243553008596	0.0	2.657146340003241e-29	1	False
(filmRef)19229	1	0.03724928366762178	0.0	8.013332608954003e-06	1	False
(filmRef)18986	1	0.037607449856733526	0.0	8.069114418898613e-06	1	False
(filmRef)18726	1	0.03259312320916905	0.0	6.936579676984523e-06	1	False
(filmRef)20485	1	0.0940186246418338	0.0	2.070350797005629e-05	1	False
(filmRef)19233	1	0.056948424068767906	0.0	1.2227562152075837e-05	1	False
(filmRef)19230	1	0.05533667621776504	0.0	1.1841459808137026e-05	1	False
(filmRef)18991	1	0.04656160458452722	0.0	9.984606375326883e-06	1	False
(filmRef)18985	1	0.04315902578796561	0.0	9.258810966955786e-06	1	False
(filmRef)18981	1	0.053187679083094554	0.0	1.1397941680214632e-05	1	False
(filmRef)20593	1	0.0968839541547278	0.0	2.199672154827403e-05	1	False
(filmRef)20550	1	0.09777936962750716	0.0	2.2498174269162327e-05	1	False
(filmRef)17701	1	0.09742120343839542	0.0	2.200862926097183e-05	1	False
(filmRef)18415	1	0.09867478510028653	0.0	2.3041336196063425e-05	1	False
(filmRef)19992	1	0.09795845272206304	0.0	2.2459458731791414e-05	1	False
(filmRef)19240	1	0.09724212034383954	0.0	2.2672840392395277e-05	1	False
(filmRef)19239	1	0.09724212034383954	0.0	2.267429460694137e-05	1	False
(filmRef)19106	1	0.09742120343839542	0.0	2.2246944129107417e-05	1	False
(filmRef)18722	1	0.09760028653295129	0.0	2.2011327494638247e-05	1	False
(filmRef)18712	1	0.09777936962750716	0.0	2.2212117635653558e-05	1	False
(filmRef)18379	1	0.09867478510028653	0.0	2.268740228852432e-05	1	False
(filmRef)20193	1	0.09813753581661891	0.0	2.2710163344090127e-05	1	False
(filmRef)18377	1	0.09867478510028653	0.0	2.3041336196063422e-05	1	False
(filmRef)18376	1	0.09777936962750716	0.0	2.2235091203529324e-05	1	False
(filmRef)18375	1	0.09760028653295129	0.0	2.2015136315746466e-05	1	False
(filmRef)18373	1	0.09563037249283668	0.0	2.1198638899947768e-05	1	False
(filmRef)18023	1	0.09777936962750716	0.0	2.2024198354543742e-05	1	False
(filmRef)17906	1	0.09724212034383954	0.0	2.1772717575675154e-05	1	False
(filmRef)20142	1	0.09760028653295129	0.0	2.2236700390593106e-05	1	False
(filmRef)20195	1	0.09795845272206304	0.0	2.263919445984101e-05	1	False
(filmRef)20541	1	0.0968839541547278	0.0	2.198093790484617e-05	1	False
(filmRef)20407	1	0.09831661891117478	0.0	2.3123162254980887e-05	1	False
(filmRef)20505	1	0.09795845272206304	0.0	2.2704433089319183e-05	1	False
(filmRef)20504	1	0.09652578796561605	0.0	2.1933826073486828e-05	1	False
(filmRef)20484	1	0.09795845272206304	0.0	2.2641284879342344e-05	1	False
(filmRef)20463	1	0.09724212034383954	0.0	2.169301112525071e-05	1	False
(filmRef)20462	1	0.09777936962750716	0.0	2.2683714794384733e-05	1	False
(filmRef)20461	1	0.09777936962750716	0.0	2.2419242265683836e-05	1	False
(filmRef)20403	1	0.09598853868194843	0.0	2.1484910303440096e-05	1	False
(filmRef)20196	1	0.09634670487106017	0.0	2.163951478144661e-05	1	False
(filmRef)20380	1	0.09598853868194843	0.0	2.1484910303440096e-05	1	False
(filmRef)20308	1	0.09813753581661891	0.0	2.275798903799756e-05	1	False
(filmRef)20304	1	0.09813753581661891	0.0	2.2679210963068498e-05	1	False
(filmRef)20200	1	0.09777936962750716	0.0	2.2654192820078975e-05	1	False
(filmRef)20199	1	0.09742120343839542	0.0	2.2190756737949213e-05	1	False
(filmRef)20197	1	0.09742120343839542	0.0	2.236611196106217e-05	1	False
(filmRef)20122	13	0.009849570200573065	0.0	3.4492564918495013e-23	1	False
(filmRef)20124	13	0.009849570200573065	0.0	3.4579612757652357e-23	1	False
(filmRef)14665	22	0.0053724928366762174	0.0	1.6252495978250854e-27	1	False
(filmRef)15277	0	0.10404727793696275	0.0	0.04155302037665258	1	False
(filmRef)15624	0	0.10404727793696275	0.0	0.04159644774352818	1	False
(filmRef)15623	0	0.10404727793696275	0.0	0.04160280953856503	1	False
(filmRef)15622	0	0.10404727793696275	0.0	0.04164098631287831	1	False
(filmRef)15621	0	0.10404727793696275	0.0	0.04158092070539003	1	False
(filmRef)15620	0	0.10404727793696275	0.0	0.041594038335569676	1	False
(filmRef)15619	0	0.10404727793696275	0.0	0.04159643166888119	1	False
(filmRef)15618	0	0.10404727793696275	0.0	0.04159600441652047	1	False
(filmRef)15617	0	0.10404727793696275	0.0	0.04159658612344405	1	False
(filmRef)15616	0	0.10404727793696275	0.0	0.04159941007457082	1	False
(filmRef)15615	0	0.10404727793696275	0.0	0.041598822762556366	1	False
(filmRef)15614	0	0.10404727793696275	0.0	0.041600591266225444	1	False
(filmRef)15613	0	0.10404727793696275	0.0	0.04160924511864902	1	False
(filmRef)15612	0	0.10404727793696275	0.0	0.041655216189795806	1	False
(filmRef)15468	0	0.10404727793696275	0.0	0.0414857531998867	1	False
(filmRef)15467	0	0.10404727793696275	0.0	0.04155828032265018	1	False
(filmRef)15625	0	0.10404727793696275	0.0	0.04159545843358195	1	False
(filmRef)15707	0	0.10404727793696275	0.0	0.039847382218513104	1	False
(filmRef)15708	0	0.10404727793696275	0.0	0.041595646530674886	1	False
(filmRef)15717	0	0.10404727793696275	0.0	0.04155701377732272	1	False
(filmRef)15723	0	0.10404727793696275	0.0	0.04159587459264597	1	False
(filmRef)15722	0	0.10404727793696275	0.0	0.04150918798423852	1	False
(filmRef)15721	0	0.10404727793696275	0.0	0.041552836999476706	1	False
(filmRef)15720	0	0.10404727793696275	0.0	0.04155302037665258	1	False
(filmRef)15719	0	0.10404727793696275	0.0	0.04155583561646183	1	False
(filmRef)15718	0	0.10404727793696275	0.0	0.041555251373958824	1	False
(filmRef)15716	0	0.10404727793696275	0.0	0.041563906739712324	1	False
(filmRef)15709	0	0.10404727793696275	0.0	0.04159283129087052	1	False
(filmRef)15715	0	0.10404727793696275	0.0	0.04153851185935925	1	False
(filmRef)15714	0	0.10404727793696275	0.0	0.04164180944900914	1	False
(filmRef)15713	0	0.10404727793696275	0.0	0.0415532629591185	1	False
(filmRef)15712	0	0.10404727793696275	0.0	0.04155541831212422	1	False
(filmRef)15711	0	0.10404727793696275	0.0	0.041593073944670045	1	False
(filmRef)15710	0	0.10404727793696275	0.0	0.04159264798502827	1	False
(filmRef)15466	0	0.10404727793696275	0.0	0.04159587459264597	1	False
(filmRef)15457	0	0.10404727793696275	0.0	0.04150918798423852	1	False
(filmRef)15456	0	0.10404727793696275	0.0	0.0415532629591185	1	False
(filmRef)15394	0	0.10404727793696275	0.0	0.041655216189795806	1	False
(filmRef)15401	0	0.10404727793696275	0.0	0.04159643166888119	1	False
(filmRef)15400	0	0.103689111747851	0.0	0.03869705158221226	1	False
(filmRef)15399	0	0.10404727793696275	0.0	0.04159658612344405	1	False
(filmRef)15398	0	0.10404727793696275	0.0	0.04159941007457082	1	False
(filmRef)15397	0	0.10404727793696275	0.0	0.041598822762556366	1	False
(filmRef)15396	0	0.10404727793696275	0.0	0.041600591266225444	1	False
(filmRef)15393	0	0.10404727793696275	0.0	0.04169514625215711	1	False
(filmRef)15403	0	0.10404727793696275	0.0	0.04158092070539003	1	False
(filmRef)15289	0	0.10404727793696275	0.0	0.041511576719960204	1	False
(filmRef)15288	0	0.10404727793696275	0.0	0.0414857531998867	1	False
(filmRef)15287	0	0.10404727793696275	0.0	0.04155828032265018	1	False
(filmRef)15286	0	0.10404727793696275	0.0	0.04159587459264597	1	False
(filmRef)15285	0	0.10404727793696275	0.0	0.04150918798423852	1	False
(filmRef)15279	0	0.10404727793696275	0.0	0.0415532629591185	1	False
(filmRef)15402	0	0.10404727793696275	0.0	0.041594038335569676	1	False
(filmRef)15404	0	0.10404727793696275	0.0	0.04164098631287831	1	False
(filmRef)15455	0	0.10404727793696275	0.0	0.041552836999476706	1	False
(filmRef)15448	0	0.10404727793696275	0.0	0.04164180944900914	1	False
(filmRef)15454	0	0.10404727793696275	0.0	0.04155302037665258	1	False
(filmRef)15453	0	0.10404727793696275	0.0	0.04155583561646183	1	False
(filmRef)15452	0	0.10404727793696275	0.0	0.041555251373958824	1	False
(filmRef)15451	0	0.10404727793696275	0.0	0.04155701377732272	1	False
(filmRef)15450	0	0.10404727793696275	0.0	0.041563906739712324	1	False
(filmRef)15449	0	0.10404727793696275	0.0	0.04153851185935925	1	False
(filmRef)15447	0	0.10404727793696275	0.0	0.04155541831212422	1	False
(filmRef)15405	0	0.10404727793696275	0.0	0.04159644774352818	1	False
(filmRef)15446	0	0.10404727793696275	0.0	0.041593073944670045	1	False
(filmRef)15445	0	0.10404727793696275	0.0	0.04159264798502827	1	False
(filmRef)15444	0	0.10404727793696275	0.0	0.04160280953856503	1	False
(filmRef)15408	0	0.10404727793696275	0.0	0.04159283129087052	1	False
(filmRef)15407	0	0.10404727793696275	0.0	0.041595646530674886	1	False
(filmRef)15406	0	0.10404727793696275	0.0	0.04159545843358195	1	False
(filmRef)15724	0	0.10404727793696275	0.0	0.04155828032265018	1	False
(filmRef)15756	0	0.10404727793696275	0.0	0.04159941007457082	1	False
(filmRef)15834	0	0.10404727793696275	0.0	0.04155541831212422	1	False
(filmRef)16121	0	0.10404727793696275	0.0	0.04164180944900914	1	False
(filmRef)16127	0	0.10404727793696275	0.0	0.04155302037665258	1	False
(filmRef)16126	0	0.10404727793696275	0.0	0.04155583561646183	1	False
(filmRef)16125	0	0.10404727793696275	0.0	0.04155525137395883	1	False
(filmRef)16124	0	0.10404727793696275	0.0	0.04155701377732272	1	False
(filmRef)16123	0	0.10404727793696275	0.0	0.041563906739712324	1	False
(filmRef)16122	0	0.10404727793696275	0.0	0.04153851185935925	1	False
(filmRef)16120	0	0.10404727793696275	0.0	0.04155541831212422	1	False
(filmRef)16129	0	0.10404727793696275	0.0	0.0415532629591185	1	False
(filmRef)16119	0	0.10404727793696275	0.0	0.041593073944670045	1	False
(filmRef)16118	0	0.10404727793696275	0.0	0.04159264798502827	1	False
(filmRef)16117	0	0.10404727793696275	0.0	0.04159283129087052	1	False
(filmRef)16116	0	0.10404727793696275	0.0	0.041595646530674886	1	False
(filmRef)16115	0	0.10404727793696275	0.0	0.04159545843358195	1	False
(filmRef)16114	0	0.10404727793696275	0.0	0.04159644774352818	1	False
(filmRef)16128	0	0.10404727793696275	0.0	0.041552836999476706	1	False
(filmRef)16130	0	0.10404727793696275	0.0	0.04150918798423852	1	False
(filmRef)16112	0	0.10404727793696275	0.0	0.04164098631287831	1	False
(filmRef)16378	0	0.10404727793696275	0.0	0.04159600441652047	1	False
(filmRef)16384	0	0.10404727793696275	0.0	0.04159545843358195	1	False
(filmRef)16383	0	0.10404727793696275	0.0	0.04160280953856503	1	False
(filmRef)16382	0	0.10404727793696275	0.0	0.04164098631287831	1	False
(filmRef)16381	0	0.10404727793696275	0.0	0.04158092070539004	1	False
(filmRef)16380	0	0.10404727793696275	0.0	0.041594038335569676	1	False
(filmRef)16379	0	0.10404727793696275	0.0	0.04159643166888119	1	False
(filmRef)16377	0	0.10404727793696275	0.0	0.04159658612344405	1	False
(filmRef)16131	0	0.10404727793696275	0.0	0.04159587459264597	1	False
(filmRef)16376	0	0.10404727793696275	0.0	0.04159941007457082	1	False
(filmRef)16375	0	0.10404727793696275	0.0	0.041598822762556366	1	False
(filmRef)16374	0	0.10404727793696275	0.0	0.041600591266225444	1	False
(filmRef)16373	0	0.10404727793696275	0.0	0.04160924511864902	1	False
(filmRef)16372	0	0.10404727793696275	0.0	0.041655216189795806	1	False
(filmRef)16371	0	0.10404727793696275	0.0	0.04169514625215711	1	False
(filmRef)16113	0	0.10404727793696275	0.0	0.04160280953856503	1	False
(filmRef)16111	0	0.10404727793696275	0.0	0.04158092070539004	1	False
(filmRef)15845	0	0.10404727793696275	0.0	0.04164180944900914	1	False
(filmRef)15854	0	0.10404727793696275	0.0	0.04159644774352818	1	False
(filmRef)15860	0	0.10404727793696275	0.0	0.04153851185935925	1	False
(filmRef)15859	0	0.10404727793696275	0.0	0.041593073944670045	1	False
(filmRef)15858	0	0.10404727793696275	0.0	0.04159264798502827	1	False
(filmRef)15857	0	0.10404727793696275	0.0	0.04159283129087052	1	False
(filmRef)15856	0	0.10404727793696275	0.0	0.041595646530674886	1	False
(filmRef)15855	0	0.10404727793696275	0.0	0.04159545843358195	1	False
(filmRef)15853	0	0.10404727793696275	0.0	0.04160280953856503	1	False
(filmRef)15862	0	0.10404727793696275	0.0	0.04155701377732272	1	False
(filmRef)15852	0	0.10404727793696275	0.0	0.04164098631287831	1	False
(filmRef)15851	0	0.10404727793696275	0.0	0.04159643166888119	1	False
(filmRef)15850	0	0.10404727793696275	0.0	0.04159658612344405	1	False
(filmRef)15849	0	0.10404727793696275	0.0	0.041598822762556366	1	False
(filmRef)15848	0	0.10404727793696275	0.0	0.041600591266225444	1	False
(filmRef)15847	0	0.10404727793696275	0.0	0.04160924511864902	1	False
(filmRef)15861	0	0.10404727793696275	0.0	0.041563906739712324	1	False
(filmRef)15863	0	0.10404727793696275	0.0	0.041555251373958824	1	False
(filmRef)16110	0	0.10404727793696275	0.0	0.04158092070539004	1	False
(filmRef)16103	0	0.10404727793696275	0.0	0.041598822762556366	1	False
(filmRef)16109	0	0.10404727793696275	0.0	0.041594038335569676	1	False
(filmRef)16108	0	0.10404727793696275	0.0	0.04159643166888119	1	False
(filmRef)16107	0	0.10404727793696275	0.0	0.04159600441652047	1	False
(filmRef)16106	0	0.10404727793696275	0.0	0.04159600441652047	1	False
(filmRef)16105	0	0.10404727793696275	0.0	0.04159658612344405	1	False
(filmRef)16104	0	0.10404727793696275	0.0	0.04159941007457082	1	False
(filmRef)16102	0	0.10404727793696275	0.0	0.041600591266225444	1	False
(filmRef)15864	0	0.10404727793696275	0.0	0.04155583561646183	1	False
(filmRef)16101	0	0.10404727793696275	0.0	0.04160924511864902	1	False
(filmRef)16100	0	0.10404727793696275	0.0	0.041655216189795806	1	False
(filmRef)16099	0	0.10404727793696275	0.0	0.04040609476558963	1	False
(filmRef)15867	0	0.10404727793696275	0.0	0.04159587459264597	1	False
(filmRef)15866	0	0.10404727793696275	0.0	0.0415532629591185	1	False
(filmRef)15865	0	0.10404727793696275	0.0	0.04155302037665258	1	False
(filmRef)15278	0	0.10404727793696275	0.0	0.041552836999476706	1	False
(filmRef)15276	0	0.10404727793696275	0.0	0.04155583561646183	1	False
(filmRef)20125	13	0.009849570200573065	0.0	3.4816694531718634e-23	1	False
(filmRef)15275	0	0.10404727793696275	0.0	0.041555251373958824	1	False
(filmRef)14886	25	0.005551575931232092	0.0	1.8065696593877645e-27	1	False
(filmRef)14885	25	0.005551575931232092	0.0	1.8148239173586775e-27	1	False
(filmRef)14884	25	0.005551575931232092	0.0	1.814838477978288e-27	1	False
(filmRef)14883	25	0.005551575931232092	0.0	1.814838477978288e-27	1	False
(filmRef)14882	25	0.005551575931232092	0.0	1.814838477978288e-27	1	False
(filmRef)14881	25	0.005551575931232092	0.0	1.8161488257864785e-27	1	False
(filmRef)14880	25	0.005551575931232092	0.0	1.8164850343579972e-27	1	False
(filmRef)14689	25	0.005551575931232092	0.0	1.8052409463987205e-27	1	False
(filmRef)14688	25	0.005551575931232092	0.0	1.8052553720537386e-27	1	False
(filmRef)14687	25	0.005551575931232092	0.0	1.8052553720537386e-27	1	False
(filmRef)14686	25	0.005551575931232092	0.0	1.8052553720537386e-27	1	False
(filmRef)14685	25	0.005551575931232092	0.0	1.7828004075485993e-27	1	False
(filmRef)14684	25	0.005551575931232092	0.0	1.8065696593877645e-27	1	False
(filmRef)14683	25	0.005551575931232092	0.0	1.7972562314735337e-27	1	False
(filmRef)14682	25	0.005551575931232092	0.0	1.8148384779782875e-27	1	False
(filmRef)14887	25	0.005551575931232092	0.0	1.8062355005417125e-27	1	False
(filmRef)14499	216	0.0005372492836676218	0.0	1.3589512771495132e-45	1	False
(filmRef)14500	216	0.0005372492836676218	0.0	1.359354932852634e-45	1	False
(filmRef)14558	0	0.10404727793696275	0.0	0.04159658612344405	1	False
(filmRef)14593	0	0.10404727793696275	0.0	0.04160280953856503	1	False
(filmRef)14590	0	0.10404727793696275	0.0	0.04164098631287831	1	False
(filmRef)14588	0	0.10404727793696275	0.0	0.04158092070539004	1	False
(filmRef)14571	0	0.10404727793696275	0.0	0.041594038335569676	1	False
(filmRef)14570	0	0.10404727793696275	0.0	0.04159643166888118	1	False
(filmRef)14568	0	0.10404727793696275	0.0	0.04159600441652047	1	False
(filmRef)14520	0	0.10404727793696275	0.0	0.04159941007457082	1	False
(filmRef)14600	216	0.0005372492836676218	0.0	1.2917167291816712e-45	1	False
(filmRef)14518	0	0.10386819484240688	0.0	0.040158064692991303	1	False
(filmRef)14511	0	0.10404727793696275	0.0	0.04160059126622544	1	False
(filmRef)14510	0	0.10404727793696275	0.0	0.04160924511864901	1	False
(filmRef)14507	0	0.10404727793696275	0.0	0.041655216189795806	1	False
(filmRef)14505	0	0.10404727793696275	0.0	0.0416951462521571	1	False
(filmRef)14601	216	0.0005372492836676218	0.0	1.3590143293889517e-45	1	False
(filmRef)14681	25	0.005551575931232092	0.0	1.8148384779782875e-27	1	False
(filmRef)14680	25	0.005551575931232092	0.0	1.8148384779782875e-27	1	False
(filmRef)14679	25	0.005551575931232092	0.0	1.8158242157780493e-27	1	False
(filmRef)20370	13	0.009670487106017192	0.0	3.1244776226365194e-23	1	False
(filmRef)20675	13	0.009849570200573065	0.0	3.41762274734966e-23	1	False
(filmRef)20674	13	0.009849570200573065	0.0	3.427937753455497e-23	1	False
(filmRef)20673	13	0.009849570200573065	0.0	3.4780974140937985e-23	1	False
(filmRef)20672	13	0.009849570200573065	0.0	3.431319574990969e-23	1	False
(filmRef)20388	13	0.009849570200573065	0.0	3.459041249936758e-23	1	False
(filmRef)20387	13	0.009849570200573065	0.0	3.4583513056052257e-23	1	False
(filmRef)20132	13	0.009849570200573065	0.0	3.312813684691058e-23	1	False
(filmRef)14445	255	0.00035816618911174784	0.0	7.885140320602295e-49	1	False
(filmRef)20131	13	0.009849570200573065	0.0	3.499826109607353e-23	1	False
(filmRef)20130	13	0.009849570200573065	0.0	3.464568362068177e-23	1	False
(filmRef)20129	13	0.009849570200573065	0.0	3.487898475507264e-23	1	False
(filmRef)20128	13	0.009849570200573065	0.0	3.4445368073082517e-23	1	False
(filmRef)20127	13	0.009849570200573065	0.0	3.412168650488102e-23	1	False
(filmRef)20126	13	0.009849570200573065	0.0	3.489904481605194e-23	1	False
(filmRef)20676	13	0.009849570200573065	0.0	3.466906740473674e-23	1	False
(filmRef)14446	255	0.00035816618911174784	0.0	8.799751386791676e-49	1	False
(filmRef)14678	25	0.005551575931232092	0.0	1.8164850343579972e-27	1	False
(filmRef)14476	25	0.005551575931232092	0.0	1.8154736966025085e-27	1	False
(filmRef)14482	25	0.005551575931232092	0.0	1.7834588210919275e-27	1	False
(filmRef)14481	25	0.005551575931232092	0.0	1.7777815181563554e-27	1	False
(filmRef)14480	25	0.005551575931232092	0.0	1.774093904607749e-27	1	False
(filmRef)14479	25	0.005551575931232092	0.0	1.774423385012694e-27	1	False
(filmRef)14478	25	0.005551575931232092	0.0	1.8062355005417125e-27	1	False
(filmRef)14477	25	0.005551575931232092	0.0	1.8065696593877645e-27	1	False
(filmRef)14475	25	0.005551575931232092	0.0	1.815488257222119e-27	1	False
(filmRef)14447	255	0.00035816618911174784	0.0	8.809107652507309e-49	1	False
(filmRef)14474	25	0.005551575931232092	0.0	1.815488257222119e-27	1	False
(filmRef)14473	25	0.005551575931232092	0.0	1.815488257222119e-27	1	False
(filmRef)14472	25	0.005551575931232092	0.0	1.8164739950218807e-27	1	False
(filmRef)14471	25	0.005551575931232092	0.0	1.816810083710307e-27	1	False
(filmRef)14458	343	0.00017908309455587392	0.0	2.7886504838422e-51	1	False
(filmRef)14457	343	0.00017908309455587392	0.0	2.7886504838422e-51	1	False
(filmRef)14595	0	0.10404727793696275	0.0	0.04159644774352818	1	False
(filmRef)14603	0	0.10404727793696275	0.0	0.04159545843358195	1	False
(filmRef)14606	0	0.10404727793696275	0.0	0.041595646530674886	1	False
(filmRef)15040	0	0.10404727793696275	0.0	0.04164180944900914	1	False
(filmRef)15206	0	0.10404727793696275	0.0	0.04159941007457082	1	False
(filmRef)15204	0	0.10404727793696275	0.0	0.04160059126622544	1	False
(filmRef)15203	0	0.10404727793696275	0.0	0.04160924511864902	1	False
(filmRef)15202	0	0.10404727793696275	0.0	0.041655216189795806	1	False
(filmRef)15201	0	0.10404727793696275	0.0	0.0416951462521571	1	False
(filmRef)15047	0	0.10404727793696275	0.0	0.04153851185935925	1	False
(filmRef)15033	0	0.10404727793696275	0.0	0.04155541831212422	1	False
(filmRef)15208	0	0.10404727793696275	0.0	0.04159600441652047	1	False
(filmRef)15018	0	0.10404727793696275	0.0	0.04159307394467004	1	False
(filmRef)15017	0	0.10404727793696275	0.0	0.04159264798502827	1	False
(filmRef)15009	0	0.10404727793696275	0.0	0.04159283129087052	1	False
(filmRef)15005	0	0.10404727793696275	0.0	0.041595646530674886	1	False
(filmRef)15002	0	0.10404727793696275	0.0	0.04159545843358195	1	False
(filmRef)15000	0	0.10404727793696275	0.0	0.04159644774352818	1	False
(filmRef)15207	0	0.10404727793696275	0.0	0.04159941007457082	1	False
(filmRef)15209	0	0.10404727793696275	0.0	0.04159643166888118	1	False
(filmRef)14995	0	0.10404727793696275	0.0	0.04164098631287831	1	False
(filmRef)15220	0	0.10404727793696275	0.0	0.04159264798502827	1	False
(filmRef)15274	0	0.10404727793696275	0.0	0.04155701377732272	1	False
(filmRef)15273	0	0.10404727793696275	0.0	0.041563906739712324	1	False
(filmRef)15272	0	0.10404727793696275	0.0	0.04153851185935925	1	False
(filmRef)15271	0	0.10404727793696275	0.0	0.04164180944900914	1	False
(filmRef)15222	0	0.10404727793696275	0.0	0.04155541831212422	1	False
(filmRef)15221	0	0.10404727793696275	0.0	0.041593073944670045	1	False
(filmRef)15219	0	0.10404727793696275	0.0	0.04159283129087052	1	False
(filmRef)15210	0	0.10404727793696275	0.0	0.041594038335569676	1	False
(filmRef)15218	0	0.103689111747851	0.0	0.038372097352484286	1	False
(filmRef)15217	0	0.10404727793696275	0.0	0.04159545843358195	1	False
(filmRef)15216	0	0.10404727793696275	0.0	0.04041970408982917	1	False
(filmRef)15215	0	0.10404727793696275	0.0	0.04160280953856503	1	False
(filmRef)15214	0	0.10404727793696275	0.0	0.041640986312878304	1	False
(filmRef)15213	0	0.10404727793696275	0.0	0.04158092070539003	1	False
(filmRef)14997	0	0.10404727793696275	0.0	0.04160280953856503	1	False
(filmRef)14973	0	0.10404727793696275	0.0	0.04158092070539003	1	False
(filmRef)14609	0	0.10404727793696275	0.0	0.04159283129087052	1	False
(filmRef)14733	0	0.10404727793696275	0.0	0.041598822762556366	1	False
(filmRef)14759	0	0.10404727793696275	0.0	0.04158092070539003	1	False
(filmRef)14754	0	0.10404727793696275	0.0	0.041594038335569676	1	False
(filmRef)14750	0	0.10404727793696275	0.0	0.04159643166888118	1	False
(filmRef)14749	0	0.10404727793696275	0.0	0.04159600441652047	1	False
(filmRef)14748	0	0.10404727793696275	0.0	0.04159658612344405	1	False
(filmRef)14745	0	0.10404727793696275	0.0	0.04159941007457082	1	False
(filmRef)14729	0	0.10404727793696275	0.0	0.04160924511864901	1	False
(filmRef)14768	0	0.10404727793696275	0.0	0.04159644774352818	1	False
(filmRef)14728	0	0.10404727793696275	0.0	0.041655216189795806	1	False
(filmRef)14719	0	0.10404727793696275	0.0	0.0416951462521571	1	False
(filmRef)14616	0	0.10404727793696275	0.0	0.04164180944900914	1	False
(filmRef)14615	0	0.10404727793696275	0.0	0.04155541831212422	1	False
(filmRef)14612	0	0.10404727793696275	0.0	0.041593073944670045	1	False
(filmRef)14611	0	0.10404727793696275	0.0	0.04159264798502827	1	False
(filmRef)14766	0	0.10404727793696275	0.0	0.04160280953856503	1	False
(filmRef)14770	0	0.10404727793696275	0.0	0.04159545843358195	1	False
(filmRef)14972	0	0.10404727793696275	0.0	0.041594038335569676	1	False
(filmRef)14935	0	0.10404727793696275	0.0	0.04160924511864901	1	False
(filmRef)14945	0	0.10404727793696275	0.0	0.04159643166888118	1	False
(filmRef)14944	0	0.10404727793696275	0.0	0.04159600441652047	1	False
(filmRef)14941	0	0.10404727793696275	0.0	0.04159658612344405	1	False
(filmRef)14940	0	0.10404727793696275	0.0	0.04159941007457082	1	False
(filmRef)14937	0	0.10404727793696275	0.0	0.041598822762556366	1	False
(filmRef)14936	0	0.10404727793696275	0.0	0.04160059126622544	1	False
(filmRef)14916	0	0.10404727793696275	0.0	0.041655216189795806	1	False
(filmRef)14808	0	0.10404727793696275	0.0	0.041595646530674886	1	False
(filmRef)14908	0	0.10404727793696275	0.0	0.0416951462521571	1	False
(filmRef)14840	0	0.10404727793696275	0.0	0.04164180944900914	1	False
(filmRef)14821	0	0.10404727793696275	0.0	0.04155541831212422	1	False
(filmRef)14819	0	0.10404727793696275	0.0	0.04159307394467004	1	False
(filmRef)14816	0	0.10404727793696275	0.0	0.04159264798502827	1	False
(filmRef)14811	0	0.10404727793696275	0.0	0.04159283129087052	1	False
(filmRef)14666	22	0.0050143266475644694	0.0	1.5132957354077959e-27	1	False
(filmRef)14664	22	0.005193409742120344	0.0	1.5746235406849907e-27	1	False
(filmRef)16386	0	0.10404727793696275	0.0	0.04159283129087052	1	False
(filmRef)13345	249	0.00035816618911174784	0.0	9.231157677431333e-49	1	False
(filmRef)16601	32	0.004656160458452722	0.0	1.731032587569506e-29	1	False
(filmRef)16600	32	0.004656160458452722	0.0	1.7315688431635407e-29	1	False
(filmRef)16599	32	0.004656160458452722	0.0	1.7426945355051238e-29	1	False
(filmRef)14263	32	0.004656160458452722	0.0	1.5169302263778014e-29	1	False
(filmRef)14262	32	0.004656160458452722	0.0	1.7547925242435778e-29	1	False
(filmRef)14261	32	0.004656160458452722	0.0	1.7627534773857624e-29	1	False
(filmRef)14260	32	0.004656160458452722	0.0	1.764131498410761e-29	1	False
(filmRef)14259	32	0.004656160458452722	0.0	1.7599695308002382e-29	1	False
(filmRef)14258	32	0.004656160458452722	0.0	1.7438520317647886e-29	1	False
(filmRef)14257	32	0.004656160458452722	0.0	1.7669558341934104e-29	1	False
(filmRef)14101	32	0.004656160458452722	0.0	1.5633846545624247e-29	1	False
(filmRef)14100	32	0.004656160458452722	0.0	1.7635107874499898e-29	1	False
(filmRef)14099	32	0.004656160458452722	0.0	1.7567479920641996e-29	1	False
(filmRef)14098	32	0.004656160458452722	0.0	1.75720764892604e-29	1	False
(filmRef)14097	32	0.004656160458452722	0.0	1.750206378384919e-29	1	False
(filmRef)16602	32	0.004656160458452722	0.0	1.757457895753759e-29	1	False
(filmRef)16603	32	0.004656160458452722	0.0	1.745959726505442e-29	1	False
(filmRef)16604	32	0.004656160458452722	0.0	1.6198456225082745e-29	1	False
(filmRef)14103	22	0.0050143266475644694	0.0	1.6073305152846086e-27	1	False
(filmRef)14243	22	0.006984240687679083	0.0	2.35890890352998e-27	1	False
(filmRef)14242	22	0.006984240687679083	0.0	2.336090454505933e-27	1	False
(filmRef)14241	22	0.006984240687679083	0.0	2.33018154185312e-27	1	False
(filmRef)14240	22	0.006984240687679083	0.0	2.3482202952110384e-27	1	False
(filmRef)14239	22	0.006984240687679083	0.0	2.328770307008176e-27	1	False
(filmRef)14238	22	0.006984240687679083	0.0	2.331609723460757e-27	1	False
(filmRef)14102	22	0.0050143266475644694	0.0	1.6361345866432812e-27	1	False
(filmRef)16737	32	0.004656160458452722	0.0	1.7556067121223223e-29	1	False
(filmRef)16789	32	0.004656160458452722	0.0	1.7704841405063118e-29	1	False
(filmRef)16788	32	0.004656160458452722	0.0	1.7608096220587476e-29	1	False
(filmRef)16787	32	0.004656160458452722	0.0	1.731808072972172e-29	1	False
(filmRef)16786	32	0.004656160458452722	0.0	1.7577167421566547e-29	1	False
(filmRef)16785	32	0.004656160458452722	0.0	1.75549270429943e-29	1	False
(filmRef)16784	32	0.004656160458452722	0.0	1.7612016208111644e-29	1	False
(filmRef)14096	32	0.004656160458452722	0.0	1.7635786070606712e-29	1	False
(filmRef)14095	32	0.004656160458452722	0.0	1.741690780595151e-29	1	False
(filmRef)14089	21	0.00035816618911174784	0.0	2.4016457520662223e-29	1	False
(filmRef)13762	251	0.00035816618911174784	0.0	2.615123266947341e-49	1	False
(filmRef)13802	339	0.00017908309455587392	0.0	1.2805752617170151e-52	1	False
(filmRef)13776	338	0.00017908309455587392	0.0	1.295920864617293e-52	1	False
(filmRef)13775	338	0.00017908309455587392	0.0	1.295920864617293e-52	1	False
(filmRef)13763	252	0.00035816618911174784	0.0	4.172459229785123e-49	1	False
(filmRef)13761	252	0.00035816618911174784	0.0	3.879366357469164e-49	1	False
(filmRef)13759	252	0.00035816618911174784	0.0	4.106389116462477e-49	1	False
(filmRef)13760	251	0.00035816618911174784	0.0	2.6214305552381953e-49	1	False
(filmRef)13855	340	0.00017908309455587392	0.0	8.0865904873417915e-53	1	False
(filmRef)13758	251	0.00035816618911174784	0.0	2.4857786277138663e-49	1	False
(filmRef)13752	250	0.00035816618911174784	0.0	2.9025734815766015e-49	1	False
(filmRef)13751	250	0.00035816618911174784	0.0	2.9803394591242706e-49	1	False
(filmRef)13750	250	0.00035816618911174784	0.0	2.977964400953644e-49	1	False
(filmRef)13726	337	0.00017908309455587392	0.0	7.004568853503963e-53	1	False
(filmRef)13725	337	0.00017908309455587392	0.0	7.004568853503963e-53	1	False
(filmRef)13803	339	0.00017908309455587392	0.0	1.2805752617170151e-52	1	False
(filmRef)13862	340	0.00017908309455587392	0.0	8.0865904873417915e-53	1	False
(filmRef)14087	21	0.00035816618911174784	0.0	2.3396231274635407e-29	1	False
(filmRef)14077	129	0.0008954154727793696	0.0	8.971035511572298e-43	1	False
(filmRef)14842	5	0.0030444126074498567	0.0	7.858022387340964e-32	1	False
(filmRef)14173	5	0.0037607449856733523	0.0	1.208670415093966e-31	1	False
(filmRef)14132	5	0.0035816618911174783	0.0	1.1742940742477225e-31	1	False
(filmRef)14080	5	0.0007163323782234957	0.0	3.27390354233325e-31	1	False
(filmRef)14079	129	0.0008954154727793696	0.0	8.794843425299033e-43	1	False
(filmRef)14078	129	0.0008954154727793696	0.0	8.963112567107835e-43	1	False
(filmRef)14076	129	0.0008954154727793696	0.0	8.971035511572298e-43	1	False
(filmRef)13877	341	0.00017908309455587392	0.0	5.244901812156553e-52	1	False
(filmRef)14075	129	0.0008954154727793696	0.0	8.996888784864495e-43	1	False
(filmRef)14074	129	0.0008954154727793696	0.0	8.823011489100189e-43	1	False
(filmRef)3306	125	0.0005372492836676218	0.0	9.221650623600297e-47	1	False
(filmRef)3305	125	0.0005372492836676218	0.0	9.129718566911147e-47	1	False
(filmRef)3304	125	0.0005372492836676218	0.0	9.09526967948683e-47	1	False
(filmRef)13900	341	0.00017908309455587392	0.0	5.244901812156553e-52	1	False
(filmRef)14307	22	0.006984240687679083	0.0	2.3443956521074666e-27	1	False
(filmRef)14308	22	0.006984240687679083	0.0	2.2620580047185515e-27	1	False
(filmRef)14309	22	0.006984240687679083	0.0	2.3675933110880434e-27	1	False
(filmRef)14187	33	0.004656160458452722	0.0	3.069473252614026e-29	1	False
(filmRef)14193	33	0.004656160458452722	0.0	3.061031649434546e-29	1	False
(filmRef)14192	33	0.004656160458452722	0.0	3.04096711261536e-29	1	False
(filmRef)14191	33	0.004656160458452722	0.0	3.064354872379317e-29	1	False
(filmRef)14190	33	0.004656160458452722	0.0	3.079798631866117e-29	1	False
(filmRef)14189	33	0.004656160458452722	0.0	3.039459441107156e-29	1	False
(filmRef)14188	33	0.004656160458452722	0.0	3.072001317836387e-29	1	False
(filmRef)14186	33	0.004656160458452722	0.0	3.07386682989185e-29	1	False
(filmRef)14195	33	0.004656160458452722	0.0	3.0823615506305155e-29	1	False
(filmRef)14171	33	0.004656160458452722	0.0	3.0635825410214244e-29	1	False
(filmRef)14170	33	0.004656160458452722	0.0	3.114456343001849e-29	1	False
(filmRef)14169	33	0.004656160458452722	0.0	3.099249714158761e-29	1	False
(filmRef)14168	33	0.004656160458452722	0.0	3.057834874044031e-29	1	False
(filmRef)14167	33	0.004656160458452722	0.0	3.125714528744854e-29	1	False
(filmRef)14166	33	0.004656160458452722	0.0	3.088228199268746e-29	1	False
(filmRef)14194	33	0.004656160458452722	0.0	3.0896920039950833e-29	1	False
(filmRef)14470	8	0.006984240687679083	0.0	1.242253183354331e-25	1	False
(filmRef)14163	33	0.004656160458452722	0.0	2.8906078369235574e-29	1	False
(filmRef)14198	21	0.006805157593123209	0.0	2.999677155889245e-26	1	False
(filmRef)14204	21	0.006805157593123209	0.0	2.970922354885013e-26	1	False
(filmRef)14203	21	0.006805157593123209	0.0	2.991890559216509e-26	1	False
(filmRef)14202	21	0.006805157593123209	0.0	3.001280148728103e-26	1	False
(filmRef)14201	21	0.006805157593123209	0.0	2.9068501450766874e-26	1	False
(filmRef)14200	21	0.006805157593123209	0.0	2.978565901583365e-26	1	False
(filmRef)14199	21	0.006805157593123209	0.0	2.9680750160077467e-26	1	False
(filmRef)1418	125	0.00017908309455587392	0.0	8.823397082679816e-48	1	False
(filmRef)19837	8	0.006984240687679083	0.0	1.1127659633394081e-25	1	False
(filmRef)19899	8	0.006984240687679083	0.0	1.1127659633394081e-25	1	False
(filmRef)19898	8	0.006984240687679083	0.0	1.1127659633394081e-25	1	False
(filmRef)19897	8	0.005909742120343839	0.0	8.979459275357425e-26	1	False
(filmRef)19896	8	0.006984240687679083	0.0	1.1127659633394081e-25	1	False
(filmRef)19895	8	0.006984240687679083	0.0	1.1127659633394081e-25	1	False
(filmRef)19838	8	0.006984240687679083	0.0	1.1127659633394081e-25	1	False
(filmRef)14164	33	0.004656160458452722	0.0	3.1262506559942245e-29	1	False
(filmRef)14162	33	0.004656160458452722	0.0	3.0374828796675417e-29	1	False
(filmRef)14310	22	0.006984240687679083	0.0	2.373330031944553e-27	1	False
(filmRef)14540	22	0.006984240687679083	0.0	2.3092188184953766e-27	1	False
(filmRef)14141	5	0.005909742120343839	0.0	3.706063702349358e-30	1	False
(filmRef)19889	5	0.00017908309455587392	0.0	5.532558914532214e-33	1	False
(filmRef)14670	22	0.006984240687679083	0.0	2.3477026223192264e-27	1	False
(filmRef)14546	22	0.006984240687679083	0.0	2.3727436299130154e-27	1	False
(filmRef)14545	22	0.006984240687679083	0.0	2.303668332020461e-27	1	False
(filmRef)14542	22	0.006984240687679083	0.0	2.3315656958730002e-27	1	False
(filmRef)14539	22	0.006984240687679083	0.0	2.3206176501385985e-27	1	False
(filmRef)14251	5	0.0053724928366762174	0.0	3.416814422400065e-30	1	False
(filmRef)14538	22	0.006984240687679083	0.0	2.3056920902385276e-27	1	False
(filmRef)14537	22	0.006984240687679083	0.0	2.2658454635470577e-27	1	False
(filmRef)14536	22	0.006984240687679083	0.0	2.315611263455181e-27	1	False
(filmRef)14535	22	0.006984240687679083	0.0	2.3282870953471587e-27	1	False
(filmRef)14534	22	0.006984240687679083	0.0	2.3132288405550475e-27	1	False
(filmRef)14311	22	0.006984240687679083	0.0	2.3597984770665562e-27	1	False
(filmRef)14265	5	0.0057306590257879654	0.0	3.494683901868986e-30	1	False
(filmRef)14212	45	0.0017908309455587391	0.0	5.8957148755066384e-37	1	False
(filmRef)14161	33	0.004656160458452722	0.0	3.104675603452594e-29	1	False
(filmRef)14154	33	0.004656160458452722	0.0	3.03646848246815e-29	1	False
(filmRef)14160	33	0.004656160458452722	0.0	3.09495301202681e-29	1	False
(filmRef)14159	33	0.004656160458452722	0.0	3.0547530782372026e-29	1	False
(filmRef)14158	33	0.004656160458452722	0.0	3.076524548608334e-29	1	False
(filmRef)14157	33	0.004656160458452722	0.0	3.072998877344817e-29	1	False
(filmRef)14156	33	0.004656160458452722	0.0	3.088944456894098e-29	1	False
(filmRef)14155	33	0.004656160458452722	0.0	3.1199873711600246e-29	1	False
(filmRef)14151	5	0.00017908309455587392	0.0	5.685928141991961e-33	1	False
(filmRef)14218	45	0.002148997134670487	0.0	9.994280775870855e-37	1	False
(filmRef)14224	45	0.0017908309455587391	0.0	8.616751146304803e-37	1	False
(filmRef)14220	45	0.002148997134670487	0.0	1.0025631815417913e-36	1	False
(filmRef)14219	45	0.001969914040114613	0.0	9.454381508605352e-37	1	False
(filmRef)14226	45	0.002328080229226361	0.0	1.0625902869217511e-36	1	False
(filmRef)14223	45	0.002328080229226361	0.0	1.0586701748911677e-36	1	False
(filmRef)14221	45	0.002148997134670487	0.0	1.018152735336169e-36	1	False
(filmRef)13346	249	0.00035816618911174784	0.0	8.418148986841011e-49	1	False
(filmRef)13344	249	0.00035816618911174784	0.0	9.168914921692476e-49	1	False
(filmRef)14207	21	0.006805157593123209	0.0	2.986547698355008e-26	1	False
(filmRef)12875	336	0.00017908309455587392	0.0	2.2196403759208954e-51	1	False
(filmRef)11035	316	0.00017908309455587392	0.0	1.9235575428277963e-51	1	False
(filmRef)11034	20	0.00017908309455587392	0.0	3.3289421141643055e-33	1	False
(filmRef)11031	20	0.00035816618911174784	0.0	5.566131585884002e-33	1	False
(filmRef)11028	20	0.00017908309455587392	0.0	3.0612087931181887e-33	1	False
(filmRef)11053	20	0.0010744985673352436	0.0	6.577047186407229e-32	1	False
(filmRef)11050	20	0.0005372492836676218	0.0	2.7412710696531774e-32	1	False
(filmRef)11045	20	0.002328080229226361	0.0	1.2871025532853722e-31	1	False
(filmRef)11077	20	0.0041189111747851	0.0	2.558699168218072e-31	1	False
(filmRef)11076	20	0.0037607449856733523	0.0	2.405741122670718e-31	1	False
(filmRef)11061	20	0.0016117478510028654	0.0	1.0392740394907538e-31	1	False
(filmRef)11051	20	0.0028653295128939827	0.0	1.6137861111495048e-31	1	False
(filmRef)11029	20	0.004297994269340974	0.0	2.7171512684242303e-31	1	False
(filmRef)11191	246	0.00035816618911174784	0.0	5.9598357945681245e-49	1	False
(filmRef)11183	246	0.00035816618911174784	0.0	6.149961993806098e-49	1	False
(filmRef)11010	246	0.00035816618911174784	0.0	6.177815734916974e-49	1	False
(filmRef)11036	316	0.00017908309455587392	0.0	1.9235575428277963e-51	1	False
(filmRef)11040	20	0.00035816618911174784	0.0	8.167982050376864e-33	1	False
(filmRef)11081	20	0.00035816618911174784	0.0	2.0326873329567686e-32	1	False
(filmRef)11217	7	0.0060888252148997134	0.0	6.302849493707343e-26	1	False
(filmRef)11237	7	0.0082378223495702	0.0	7.710405131742847e-26	1	False
(filmRef)11230	7	0.008416905444126075	0.0	7.765526412636174e-26	1	False
(filmRef)11229	7	0.0082378223495702	0.0	7.752703467234264e-26	1	False
(filmRef)11223	7	0.0082378223495702	0.0	7.751653948038525e-26	1	False
(filmRef)11222	7	0.008416905444126075	0.0	7.814347457864523e-26	1	False
(filmRef)11221	7	0.008416905444126075	0.0	7.814347457864523e-26	1	False
(filmRef)11215	7	0.0008954154727793696	0.0	5.7098514655427606e-27	1	False
(filmRef)11072	20	0.0005372492836676218	0.0	3.177040913415937e-32	1	False
(filmRef)11149	7	0.0030444126074498567	0.0	1.8335607854366333e-26	1	False
(filmRef)11118	7	0.00017908309455587392	0.0	1.6566447286493088e-30	1	False
(filmRef)11098	318	0.00017908309455587392	0.0	2.83868990650673e-51	1	False
(filmRef)11097	318	0.00017908309455587392	0.0	2.83868990650673e-51	1	False
(filmRef)11199	317	0.00017908309455587392	0.0	2.926173703099802e-51	1	False
(filmRef)11096	317	0.00017908309455587392	0.0	2.926173703099802e-51	1	False
(filmRef)11272	245	0.00035816618911174784	0.0	2.762785243184935e-49	1	False
(filmRef)11271	245	0.00035816618911174784	0.0	2.9380373929703984e-49	1	False
(filmRef)10917	245	0.00035816618911174784	0.0	3.012293618540975e-49	1	False
(filmRef)1019	27	0.00035816618911174784	0.0	5.68547431868268e-45	1	False
(filmRef)0870C	314	0.00017908309455587392	0.0	1.8967029301154894e-52	1	False
(filmRef)0870A	314	0.00017908309455587392	0.0	1.8967029301154894e-52	1	False
(filmRef)0701	313	0.00017908309455587392	0.0	2.4601082798329565e-51	1	False
(filmRef)0686	313	0.00017908309455587392	0.0	2.4601082798329565e-51	1	False
(filmRef)0682	27	0.00035816618911174784	0.0	3.067894013707746e-44	1	False
(filmRef)0680	27	0.00017908309455587392	0.0	1.1833315248570911e-43	1	False
(filmRef)1007	27	0.00035816618911174784	0.0	1.4156157689824015e-44	1	False
(filmRef)1015	315	0.00017908309455587392	0.0	1.2936056717251432e-52	1	False
(filmRef)0685	27	0.0005372492836676218	0.0	4.207624730650666e-44	1	False
(filmRef)0675	27	0.00035816618911174784	0.0	5.477900894579833e-45	1	False
(filmRef)3562	312	0.00017908309455587392	0.0	6.815646632611537e-52	1	False
(filmRef)0646B	312	0.00017908309455587392	0.0	6.815646632611537e-52	1	False
(filmRef)3849	311	0.00017908309455587392	0.0	7.188767690739584e-52	1	False
(filmRef)0593	311	0.00017908309455587392	0.0	7.188767690739584e-52	1	False
(filmRef)0971	315	0.00017908309455587392	0.0	1.2936056717251432e-52	1	False
(filmRef)0996	27	0.00017908309455587392	0.0	1.4257986808236301e-43	1	False
(filmRef)12314	244	0.00035816618911174784	0.0	1.123231516097022e-48	1	False
(filmRef)10258	242	0.00017908309455587392	0.0	1.6069030857437668e-51	1	False
(filmRef)10916	244	0.00035816618911174784	0.0	1.1300683031841499e-48	1	False
(filmRef)10915	244	0.00035816618911174784	0.0	1.117454158633797e-48	1	False
(filmRef)11466	95	0.0012535816618911174	0.0	1.0181697815710534e-42	1	False
(filmRef)1054	27	0.00017908309455587392	0.0	1.2309723123206721e-43	1	False
(filmRef)10315	243	0.00017908309455587392	0.0	4.017515224744546e-51	1	False
(filmRef)10313	243	0.00017908309455587392	0.0	4.425457609786948e-51	1	False
(filmRef)10257	242	0.00017908309455587392	0.0	1.6952712283888807e-51	1	False
(filmRef)1002	27	0.00035816618911174784	0.0	2.5964284024626086e-43	1	False
(filmRef)1025	27	0.00017908309455587392	0.0	3.8981370624332563e-44	1	False
(filmRef)1017	27	0.00017908309455587392	0.0	4.203772190215699e-44	1	False
(filmRef)1006	27	0.00017908309455587392	0.0	4.635677655402788e-45	1	False
(filmRef)1035	27	0.0008954154727793696	0.0	6.6156063920719165e-43	1	False
(filmRef)1018	27	0.0010744985673352436	0.0	7.528441622706151e-43	1	False
(filmRef)1016	27	0.0007163323782234957	0.0	5.275962676374104e-43	1	False
(filmRef)11245	7	0.0082378223495702	0.0	7.759434618180192e-26	1	False
(filmRef)11354	7	0.0082378223495702	0.0	7.76061702072691e-26	1	False
(filmRef)11360	7	0.008595988538681949	0.0	7.90833435461351e-26	1	False
(filmRef)1215	329	0.00017908309455587392	0.0	5.866719776361932e-52	1	False
(filmRef)12191	127	0.0005372492836676218	0.0	1.6434197162623352e-46	1	False
(filmRef)12192	127	0.00035816618911174784	0.0	1.128630245973162e-46	1	False
(filmRef)12190	127	0.0007163323782234957	0.0	2.1275324287116194e-46	1	False
(filmRef)12178	330	0.00017908309455587392	0.0	1.3791085530832868e-52	1	False
(filmRef)12177	330	0.00017908309455587392	0.0	1.3791085530832868e-52	1	False
(filmRef)1216	329	0.00017908309455587392	0.0	5.866719776361932e-52	1	False
(filmRef)12180	328	0.00017908309455587392	0.0	7.78669341563595e-52	1	False
(filmRef)12326	331	0.00017908309455587392	0.0	8.054816172262996e-53	1	False
(filmRef)12136	328	0.00017908309455587392	0.0	7.78669341563595e-52	1	False
(filmRef)12114	121	0.00017908309455587392	0.0	4.334013405893713e-49	1	False
(filmRef)12052	95	0.0008954154727793696	0.0	8.090351794014225e-43	1	False
(filmRef)11978	95	0.0008954154727793696	0.0	8.429046191221468e-43	1	False
(filmRef)11473	95	0.0008954154727793696	0.0	8.219581267377022e-43	1	False
(filmRef)11458	121	0.00035816618911174784	0.0	2.016505246478717e-48	1	False
(filmRef)12305	331	0.00017908309455587392	0.0	8.054816172262996e-53	1	False
(filmRef)12307	248	0.00035816618911174784	0.0	3.859085446865803e-49	1	False
(filmRef)11446	327	0.00017908309455587392	0.0	2.4059318570680918e-52	1	False
(filmRef)12469	333	0.00017908309455587392	0.0	3.0701236751981238e-52	1	False
(filmRef)12874	336	0.00017908309455587392	0.0	2.2196403759208954e-51	1	False
(filmRef)12712	95	0.00017908309455587392	0.0	6.81406770720828e-44	1	False
(filmRef)12512	335	0.00017908309455587392	0.0	3.890367102966415e-52	1	False
(filmRef)12509	335	0.00017908309455587392	0.0	3.890367102966415e-52	1	False
(filmRef)13702	334	0.00017908309455587392	0.0	2.4989095464620857e-51	1	False
(filmRef)12497	334	0.00017908309455587392	0.0	2.4989095464620857e-51	1	False
(filmRef)12468	333	0.00017908309455587392	0.0	3.0701236751981238e-52	1	False
(filmRef)12308	248	0.00035816618911174784	0.0	3.923338055881359e-49	1	False
(filmRef)12426	332	0.00017908309455587392	0.0	1.2336677451904997e-51	1	False
(filmRef)12425	332	0.00017908309455587392	0.0	1.2336677451904997e-51	1	False
(filmRef)12408	215	0.00017908309455587392	0.0	1.8923697629763194e-50	1	False
(filmRef)12407	215	0.00017908309455587392	0.0	1.6265984975078829e-50	1	False
(filmRef)12406	215	0.00017908309455587392	0.0	1.5951659743617573e-50	1	False
(filmRef)12309	248	0.00035816618911174784	0.0	3.8556161769988935e-49	1	False
(filmRef)11456	121	0.0005372492836676218	0.0	2.732129124328828e-48	1	False
(filmRef)11443	327	0.00017908309455587392	0.0	2.4059318570680918e-52	1	False
(filmRef)11366	7	0.006805157593123209	0.0	6.358242615053668e-26	1	False
(filmRef)11224	7	0.0010744985673352436	0.0	8.530491369341671e-27	1	False
(filmRef)11305	319	0.00017908309455587392	0.0	1.08682079846079e-52	1	False
(filmRef)11258	319	0.00017908309455587392	0.0	1.08682079846079e-52	1	False
(filmRef)11246	7	0.0008954154727793696	0.0	5.578937681734209e-27	1	False
(filmRef)11241	7	0.00017908309455587392	0.0	1.1294666372415756e-27	1	False
(filmRef)11357	7	0.0012535816618911174	0.0	6.725746933665398e-27	1	False
(filmRef)11239	7	0.0005372492836676218	0.0	2.9108981905580618e-27	1	False
(filmRef)11369	7	0.004297994269340974	0.0	3.9487914352781903e-26	1	False
(filmRef)11281	320	0.00017908309455587392	0.0	9.173717170125987e-53	1	False
(filmRef)11396	7	0.007342406876790831	0.0	7.256670072963919e-26	1	False
(filmRef)11382	7	0.008595988538681949	0.0	7.996725505863175e-26	1	False
(filmRef)11378	7	0.008595988538681949	0.0	7.984003821461529e-26	1	False
(filmRef)11377	7	0.008775071633237822	0.0	7.958998891587227e-26	1	False
(filmRef)11371	7	0.008595988538681949	0.0	7.978288046196429e-26	1	False
(filmRef)11367	7	0.006805157593123209	0.0	6.358242615053668e-26	1	False
(filmRef)11269	320	0.00017908309455587392	0.0	9.173717170125987e-53	1	False
(filmRef)11274	321	0.00017908309455587392	0.0	2.464918293315011e-52	1	False
(filmRef)11421	326	0.00017908309455587392	0.0	1.5459227940715682e-52	1	False
(filmRef)11349	247	0.00035816618911174784	0.0	8.511178590260276e-49	1	False
(filmRef)11420	326	0.00017908309455587392	0.0	1.5459227940715682e-52	1	False
(filmRef)11424	325	0.00017908309455587392	0.0	1.0583621143666354e-51	1	False
(filmRef)11417	325	0.00017908309455587392	0.0	1.0583621143666354e-51	1	False
(filmRef)11375	7	0.00017908309455587392	0.0	3.203101344091034e-28	1	False
(filmRef)11373	7	0.0008954154727793696	0.0	5.899278239202222e-27	1	False
(filmRef)11350	247	0.00035816618911174784	0.0	8.604043945601865e-49	1	False
(filmRef)11348	247	0.00035816618911174784	0.0	8.996446476372092e-49	1	False
(filmRef)12302	321	0.00017908309455587392	0.0	2.464918293315011e-52	1	False
(filmRef)11335	324	0.00017908309455587392	0.0	1.758171563957766e-52	1	False
(filmRef)11334	324	0.00017908309455587392	0.0	1.758171563957766e-52	1	False
(filmRef)11307	323	0.00017908309455587392	0.0	7.998323235352528e-53	1	False
(filmRef)11306	323	0.00017908309455587392	0.0	7.998323235352528e-53	1	False
(filmRef)12335	322	0.00017908309455587392	0.0	1.5126137746616988e-51	1	False
(filmRef)11286	322	0.00017908309455587392	0.0	1.5126137746616988e-51	1	False
(filmRef)14205	21	0.006805157593123209	0.0	2.959178936373013e-26	1	False
(filmRef)14208	21	0.006805157593123209	0.0	2.9728170614782e-26	1	False
(filmRef)14662	22	0.004656160458452722	0.0	1.4203048364547351e-27	1	False
(filmRef)19808	2	0.05085959885386819	0.0	1.5266453242370032e-08	1	False
(filmRef)19872	2	0.05085959885386819	0.0	1.525968674707754e-08	1	False
(filmRef)19871	2	0.05085959885386819	0.0	1.5284365612621715e-08	1	False
(filmRef)19870	2	0.05085959885386819	0.0	1.5287527338382697e-08	1	False
(filmRef)19869	2	0.05085959885386819	0.0	1.528762291536743e-08	1	False
(filmRef)19868	2	0.05085959885386819	0.0	1.5306750950191732e-08	1	False
(filmRef)19867	2	0.05085959885386819	0.0	1.53024738679198e-08	1	False
(filmRef)19866	2	0.05085959885386819	0.0	1.531806111322002e-08	1	False
(filmRef)19864	2	0.05085959885386819	0.0	1.5301081136282657e-08	1	False
(filmRef)19863	2	0.05085959885386819	0.0	1.5297886814456814e-08	1	False
(filmRef)19862	2	0.05085959885386819	0.0	1.5286539396939943e-08	1	False
(filmRef)19861	2	0.05085959885386819	0.0	1.526674386176313e-08	1	False
(filmRef)19860	2	0.05085959885386819	0.0	1.526378851754024e-08	1	False
(filmRef)19856	2	0.05085959885386819	0.0	1.5302988467682245e-08	1	False
(filmRef)19855	2	0.05085959885386819	0.0	1.5311102507410753e-08	1	False
(filmRef)19854	2	0.05085959885386819	0.0	1.5304235704604362e-08	1	False
(filmRef)19873	2	0.05085959885386819	0.0	1.5251189523260813e-08	1	False
(filmRef)19874	2	0.05085959885386819	0.0	1.5275549991696572e-08	1	False
(filmRef)19875	2	0.05085959885386819	0.0	1.5286039482323507e-08	1	False
(filmRef)19894	2	0.05085959885386819	0.0	1.526537282655347e-08	1	False
(filmRef)19916	2	0.05085959885386819	0.0	1.531773380621464e-08	1	False
(filmRef)19915	2	0.05085959885386819	0.0	1.530799083862312e-08	1	False
(filmRef)19914	2	0.05085959885386819	0.0	1.5329604130323637e-08	1	False
(filmRef)19913	2	0.05085959885386819	0.0	1.5379657052197958e-08	1	False
(filmRef)19912	2	0.05085959885386819	0.0	1.5376743631734222e-08	1	False
(filmRef)19911	2	0.05085959885386819	0.0	1.5361146007818797e-08	1	False
(filmRef)19893	2	0.05085959885386819	0.0	1.529110888742936e-08	1	False
(filmRef)19884	2	0.05085959885386819	0.0	1.5308749911330144e-08	1	False
(filmRef)19892	2	0.05085959885386819	0.0	1.528790074848563e-08	1	False
(filmRef)19891	2	0.05085959885386819	0.0	1.5292123113945355e-08	1	False
(filmRef)19890	2	0.05085959885386819	0.0	1.5283798028911757e-08	1	False
(filmRef)19887	2	0.05085959885386819	0.0	1.5190370680002554e-08	1	False
(filmRef)19886	2	0.05085959885386819	0.0	1.5214393456550976e-08	1	False
(filmRef)19885	2	0.05085959885386819	0.0	1.5311502712281465e-08	1	False
(filmRef)19853	2	0.05085959885386819	0.0	1.5344294900965996e-08	1	False
(filmRef)19852	2	0.05085959885386819	0.0	1.5227881423517073e-08	1	False
(filmRef)19851	2	0.05085959885386819	0.0	1.5350950511464798e-08	1	False
(filmRef)19817	2	0.05085959885386819	0.0	1.5293579252336924e-08	1	False
(filmRef)19826	2	0.05085959885386819	0.0	1.5284572557751535e-08	1	False
(filmRef)19825	2	0.05085959885386819	0.0	1.5284094233321932e-08	1	False
(filmRef)19824	2	0.05085959885386819	0.0	1.5283020212247023e-08	1	False
(filmRef)19820	2	0.05085959885386819	0.0	1.5268178785274543e-08	1	False
(filmRef)19819	2	0.05085959885386819	0.0	1.5260710903067856e-08	1	False
(filmRef)19818	2	0.05085959885386819	0.0	1.5269625776570397e-08	1	False
(filmRef)19816	2	0.05085959885386819	0.0	1.5286005397410978e-08	1	False
(filmRef)19828	2	0.05085959885386819	0.0	1.5323817547124862e-08	1	False
(filmRef)19815	2	0.05085959885386819	0.0	1.5293496895806533e-08	1	False
(filmRef)19814	2	0.05085959885386819	0.0	1.52944422337343e-08	1	False
(filmRef)19813	2	0.05085959885386819	0.0	1.527220424497145e-08	1	False
(filmRef)19812	2	0.05085959885386819	0.0	1.5247792592756828e-08	1	False
(filmRef)19811	2	0.05085959885386819	0.0	1.5273824091684347e-08	1	False
(filmRef)19810	2	0.05085959885386819	0.0	1.5294588645676986e-08	1	False
(filmRef)19827	2	0.05085959885386819	0.0	1.5329360310341325e-08	1	False
(filmRef)19831	2	0.05085959885386819	0.0	1.5329543487426478e-08	1	False
(filmRef)19850	2	0.05085959885386819	0.0	1.5236912535645502e-08	1	False
(filmRef)19843	2	0.05085959885386819	0.0	1.5250056144658066e-08	1	False
(filmRef)19849	2	0.05085959885386819	0.0	1.5219028831558636e-08	1	False
(filmRef)19848	2	0.05085959885386819	0.0	1.5206376725051413e-08	1	False
(filmRef)19847	2	0.05085959885386819	0.0	1.520344075010303e-08	1	False
(filmRef)19846	2	0.05085959885386819	0.0	1.5208580401430836e-08	1	False
(filmRef)19845	2	0.05085959885386819	0.0	1.5286488813336943e-08	1	False
(filmRef)19844	2	0.05085959885386819	0.0	1.528453879017382e-08	1	False
(filmRef)19842	2	0.05085959885386819	0.0	1.5297758421290085e-08	1	False
(filmRef)19832	2	0.05085959885386819	0.0	1.5327497375133358e-08	1	False
(filmRef)19841	2	0.05085959885386819	0.0	1.5271574071771175e-08	1	False
(filmRef)19840	2	0.05085959885386819	0.0	1.5316235192626825e-08	1	False
(filmRef)19839	2	0.05085959885386819	0.0	1.5287218875280298e-08	1	False
(filmRef)19836	2	0.05085959885386819	0.0	1.5304808116216023e-08	1	False
(filmRef)19834	2	0.05085959885386819	0.0	1.529534261913353e-08	1	False
(filmRef)19833	2	0.05085959885386819	0.0	1.5304491415496187e-08	1	False
(filmRef)19917	2	0.05085959885386819	0.0	1.5326359568574528e-08	1	False
(filmRef)19918	2	0.05085959885386819	0.0	1.533189276408264e-08	1	False
(filmRef)19919	2	0.05085959885386819	0.0	1.519878280523902e-08	1	False
(filmRef)19966	2	0.05085959885386819	0.0	1.534106621508241e-08	1	False
(filmRef)19972	2	0.05085959885386819	0.0	1.4812607221874428e-08	1	False
(filmRef)19971	2	0.05085959885386819	0.0	1.5202458549577482e-08	1	False
(filmRef)19970	2	0.05085959885386819	0.0	1.5391646266657482e-08	1	False
(filmRef)19969	2	0.05085959885386819	0.0	1.533790591183139e-08	1	False
(filmRef)19968	2	0.05085959885386819	0.0	1.533254713224273e-08	1	False
(filmRef)19967	2	0.05085959885386819	0.0	1.53305306078531e-08	1	False
(filmRef)19965	2	0.05085959885386819	0.0	1.53623527196175e-08	1	False
(filmRef)19974	2	0.05085959885386819	0.0	1.5146583418369054e-08	1	False
(filmRef)19964	2	0.05085959885386819	0.0	1.535260444942276e-08	1	False
(filmRef)19963	2	0.05085959885386819	0.0	1.5377745818257093e-08	1	False
(filmRef)19962	2	0.05085959885386819	0.0	1.524680311729696e-08	1	False
(filmRef)19961	2	0.05085959885386819	0.0	1.5190717669770477e-08	1	False
(filmRef)19960	2	0.05085959885386819	0.0	1.5266378229407406e-08	1	False
(filmRef)19959	2	0.05085959885386819	0.0	1.5283666531985838e-08	1	False
(filmRef)19973	2	0.05085959885386819	0.0	1.4740282650427907e-08	1	False
(filmRef)19975	2	0.05085959885386819	0.0	1.4760833562903145e-08	1	False
(filmRef)19957	2	0.05085959885386819	0.0	1.5265004757697364e-08	1	False
(filmRef)20098	2	0.05085959885386819	0.0	1.4318364968929564e-08	1	False
(filmRef)14660	22	0.0053724928366762174	0.0	1.668485562018959e-27	1	False
(filmRef)14658	22	0.0050143266475644694	0.0	1.5170043455472614e-27	1	False
(filmRef)20233	2	0.05085959885386819	0.0	1.4252585432239156e-08	1	False
(filmRef)20180	2	0.05085959885386819	0.0	1.4257549195989578e-08	1	False
(filmRef)20171	2	0.05085959885386819	0.0	1.3550470425596141e-08	1	False
(filmRef)20133	2	0.05085959885386819	0.0	1.4292667929166257e-08	1	False
(filmRef)20091	2	0.05085959885386819	0.0	1.4335533493295159e-08	1	False
(filmRef)19976	2	0.05085959885386819	0.0	1.515589241254176e-08	1	False
(filmRef)20084	2	0.05085959885386819	0.0	1.4295168870381813e-08	1	False
(filmRef)20083	2	0.05085959885386819	0.0	1.4279467990949384e-08	1	False
(filmRef)19994	2	0.05085959885386819	0.0	1.4320389420819835e-08	1	False
(filmRef)19993	2	0.05085959885386819	0.0	1.4321242620753127e-08	1	False
(filmRef)19978	2	0.05085959885386819	0.0	1.4816466768118509e-08	1	False
(filmRef)19977	2	0.05085959885386819	0.0	1.4747713754902347e-08	1	False
(filmRef)19958	2	0.05085959885386819	0.0	1.5374472420662784e-08	1	False
(filmRef)19956	2	0.05068051575931232	0.0	1.507524292138103e-08	1	False
(filmRef)19920	2	0.05085959885386819	0.0	1.521642670831739e-08	1	False
(filmRef)19928	2	0.05085959885386819	0.0	1.5206700233986352e-08	1	False
(filmRef)19935	2	0.05085959885386819	0.0	1.528263596672918e-08	1	False
(filmRef)19934	2	0.05085959885386819	0.0	1.5314304127391983e-08	1	False
(filmRef)19933	2	0.05085959885386819	0.0	1.5301293932460078e-08	1	False
(filmRef)19932	2	0.05085959885386819	0.0	1.5335761413564954e-08	1	False
(filmRef)19931	2	0.05085959885386819	0.0	1.5207942886148218e-08	1	False
(filmRef)19929	2	0.05085959885386819	0.0	1.5311662208415894e-08	1	False
(filmRef)19927	2	0.05085959885386819	0.0	1.5200770175726952e-08	1	False
(filmRef)19937	2	0.05085959885386819	0.0	1.5288590379491354e-08	1	False
(filmRef)19926	2	0.05085959885386819	0.0	1.5196994644133324e-08	1	False
(filmRef)19925	2	0.05085959885386819	0.0	1.5202040684614296e-08	1	False
(filmRef)19924	2	0.05085959885386819	0.0	1.5330084120527064e-08	1	False
(filmRef)19923	2	0.05085959885386819	0.0	1.5213398417341504e-08	1	False
(filmRef)19922	2	0.05085959885386819	0.0	1.5207555478006765e-08	1	False
(filmRef)19921	2	0.05085959885386819	0.0	1.5192548022614616e-08	1	False
(filmRef)19936	2	0.05085959885386819	0.0	1.5362053354619164e-08	1	False
(filmRef)19938	2	0.05085959885386819	0.0	1.5292597678910894e-08	1	False
(filmRef)19955	2	0.05085959885386819	0.0	1.52807447879759e-08	1	False
(filmRef)19948	2	0.05085959885386819	0.0	1.5272540041331614e-08	1	False
(filmRef)19954	2	0.05085959885386819	0.0	1.5320624588293328e-08	1	False
(filmRef)19953	2	0.05085959885386819	0.0	1.528298174164938e-08	1	False
(filmRef)19952	2	0.05085959885386819	0.0	1.530750077217362e-08	1	False
(filmRef)19951	2	0.05085959885386819	0.0	1.5202912315303156e-08	1	False
(filmRef)19950	2	0.05085959885386819	0.0	1.5286835592692872e-08	1	False
(filmRef)19949	2	0.05085959885386819	0.0	1.527477917524826e-08	1	False
(filmRef)19947	2	0.05085959885386819	0.0	1.5366586695072353e-08	1	False
(filmRef)19939	2	0.05085959885386819	0.0	1.529917020716317e-08	1	False
(filmRef)19945	2	0.05085959885386819	0.0	1.5275393165506594e-08	1	False
(filmRef)19944	2	0.05085959885386819	0.0	1.5290578848849617e-08	1	False
(filmRef)19943	2	0.05085959885386819	0.0	1.532069897655658e-08	1	False
(filmRef)19942	2	0.05085959885386819	0.0	1.5303754147729296e-08	1	False
(filmRef)19941	2	0.05085959885386819	0.0	1.5212615844386424e-08	1	False
(filmRef)19940	2	0.05085959885386819	0.0	1.5278084533137092e-08	1	False
(filmRef)19809	2	0.05085959885386819	0.0	1.5264260175099095e-08	1	False
(filmRef)19807	2	0.05085959885386819	0.0	1.5279432222456474e-08	1	False
(filmRef)14210	21	0.006805157593123209	0.0	2.9695862585413335e-26	1	False
(filmRef)19806	2	0.05085959885386819	0.0	1.5295586580866575e-08	1	False
(filmRef)14598	2	0.05085959885386819	0.0	1.4964349115945072e-08	1	False
(filmRef)14597	2	0.05085959885386819	0.0	1.4954539800863225e-08	1	False
(filmRef)14596	2	0.05085959885386819	0.0	1.4975684897594987e-08	1	False
(filmRef)14517	2	0.05085959885386819	0.0	1.498575898158019e-08	1	False
(filmRef)14516	2	0.05085959885386819	0.0	1.4969798348046417e-08	1	False
(filmRef)14504	2	0.05085959885386819	0.0	1.4984933301120024e-08	1	False
(filmRef)14503	2	0.05085959885386819	0.0	1.498766899739427e-08	1	False
(filmRef)14498	2	0.05085959885386819	0.0	1.4957719401783412e-08	1	False
(filmRef)14497	2	0.05085959885386819	0.0	1.4967274963835875e-08	1	False
(filmRef)14453	2	0.05085959885386819	0.0	1.4957461523263693e-08	1	False
(filmRef)14452	2	0.05085959885386819	0.0	1.4967837139794013e-08	1	False
(filmRef)14451	2	0.05085959885386819	0.0	1.4955518268376126e-08	1	False
(filmRef)14450	2	0.05085959885386819	0.0	1.4956079752383286e-08	1	False
(filmRef)14393	2	0.010207736389684814	0.0	2.269788246882529e-09	1	False
(filmRef)14390	2	0.010028653295128939	0.0	2.278101039237288e-09	1	False
(filmRef)14599	2	0.05085959885386819	0.0	1.4967204956225215e-08	1	False
(filmRef)16642	2	0.05085959885386819	0.0	1.527655685400557e-08	1	False
(filmRef)16643	2	0.05085959885386819	0.0	1.525054160370815e-08	1	False
(filmRef)16662	2	0.05085959885386819	0.0	1.5257396217969592e-08	1	False
(filmRef)16668	2	0.05085959885386819	0.0	1.5288372373692378e-08	1	False
(filmRef)16667	2	0.05085959885386819	0.0	1.5299239375500545e-08	1	False
(filmRef)16666	2	0.05085959885386819	0.0	1.528973133480781e-08	1	False
(filmRef)16665	2	0.05085959885386819	0.0	1.530207536900924e-08	1	False
(filmRef)16664	2	0.05085959885386819	0.0	1.5317838966848335e-08	1	False
(filmRef)16663	2	0.05085959885386819	0.0	1.528568443951389e-08	1	False
(filmRef)16661	2	0.05085959885386819	0.0	1.5135161870199015e-08	1	False
(filmRef)16644	2	0.05085959885386819	0.0	1.5268244638685977e-08	1	False
(filmRef)16660	2	0.05085959885386819	0.0	1.53208933927016e-08	1	False
(filmRef)16659	2	0.05085959885386819	0.0	1.53102405868599e-08	1	False
(filmRef)16658	2	0.05085959885386819	0.0	1.5327201186352867e-08	1	False
(filmRef)16657	2	0.05085959885386819	0.0	1.5321650300244898e-08	1	False
(filmRef)16656	2	0.05085959885386819	0.0	1.5317233204034338e-08	1	False
(filmRef)16645	2	0.05085959885386819	0.0	1.5273200783973837e-08	1	False
(filmRef)14389	2	0.009849570200573065	0.0	2.275922414525213e-09	1	False
(filmRef)14384	2	0.009670487106017192	0.0	2.275468973973108e-09	1	False
(filmRef)14334	2	0.05193409742120344	0.0	1.502961691545232e-08	1	False
(filmRef)14490	21	0.006805157593123209	0.0	3.009328048125653e-26	1	False
(filmRef)14690	21	0.006805157593123209	0.0	2.917984381187632e-26	1	False
(filmRef)14495	21	0.006805157593123209	0.0	2.9294358646633413e-26	1	False
(filmRef)14494	21	0.006805157593123209	0.0	2.947834994372674e-26	1	False
(filmRef)14493	21	0.006805157593123209	0.0	2.986129065266706e-26	1	False
(filmRef)14492	21	0.006805157593123209	0.0	2.987818255411551e-26	1	False
(filmRef)14491	21	0.006805157593123209	0.0	2.9891608010160983e-26	1	False
(filmRef)14489	21	0.006805157593123209	0.0	3.007168455488327e-26	1	False
(filmRef)14692	21	0.006805157593123209	0.0	2.709848027641868e-26	1	False
(filmRef)14488	21	0.006805157593123209	0.0	2.996689780090336e-26	1	False
(filmRef)14487	21	0.006805157593123209	0.0	2.9931369896039846e-26	1	False
(filmRef)14486	21	0.006805157593123209	0.0	2.999983071993248e-26	1	False
(filmRef)14485	21	0.006805157593123209	0.0	2.9446637967480153e-26	1	False
(filmRef)14484	21	0.006805157593123209	0.0	2.9990796914883724e-26	1	False
(filmRef)14483	21	0.006805157593123209	0.0	2.968620184111894e-26	1	False
(filmRef)14691	21	0.006805157593123209	0.0	2.7888702507593483e-26	1	False
(filmRef)14693	21	0.006805157593123209	0.0	2.878698562752387e-26	1	False
(filmRef)14333	2	0.05193409742120344	0.0	1.5052401521973433e-08	1	False
(filmRef)14702	21	0.006805157593123209	0.0	2.65140932864119e-26	1	False
(filmRef)14332	2	0.05193409742120344	0.0	1.5093914931363298e-08	1	False
(filmRef)14304	2	0.05193409742120344	0.0	1.5163167731712547e-08	1	False
(filmRef)14303	2	0.05193409742120344	0.0	1.5228490077174803e-08	1	False
(filmRef)14277	2	0.05193409742120344	0.0	1.5002768576739e-08	1	False
(filmRef)14276	2	0.05193409742120344	0.0	1.496737762527355e-08	1	False
(filmRef)14213	45	0.0014326647564469914	0.0	4.660680986404653e-37	1	False
(filmRef)14701	21	0.006805157593123209	0.0	2.850578172864151e-26	1	False
(filmRef)14694	21	0.006805157593123209	0.0	2.859270229766297e-26	1	False
(filmRef)14700	21	0.006805157593123209	0.0	2.815166970957643e-26	1	False
(filmRef)14699	21	0.006805157593123209	0.0	2.889894040162285e-26	1	False
(filmRef)14698	21	0.006805157593123209	0.0	2.8075797176199486e-26	1	False
(filmRef)14697	21	0.006805157593123209	0.0	2.870796236757792e-26	1	False
(filmRef)14696	21	0.006805157593123209	0.0	2.8767848018330386e-26	1	False
(filmRef)14695	21	0.006805157593123209	0.0	2.801670490743335e-26	1	False
(filmRef)16670	2	0.05085959885386819	0.0	1.5300170187767173e-08	1	False
(filmRef)16671	2	0.05085959885386819	0.0	1.5252032790183815e-08	1	False
(filmRef)16672	2	0.05085959885386819	0.0	1.5252931079866153e-08	1	False
(filmRef)16772	2	0.05265042979942693	0.0	1.528115019537046e-08	1	False
(filmRef)16780	2	0.05085959885386819	0.0	1.5263882342962534e-08	1	False
(filmRef)16778	2	0.05265042979942693	0.0	1.5267304704574292e-08	1	False
(filmRef)16777	2	0.05085959885386819	0.0	1.5253879411933305e-08	1	False
(filmRef)16776	2	0.05085959885386819	0.0	1.527050792814753e-08	1	False
(filmRef)16775	2	0.05265042979942693	0.0	1.5267565670496268e-08	1	False
(filmRef)16774	2	0.05085959885386819	0.0	1.5284705798720576e-08	1	False
(filmRef)16771	2	0.05265042979942693	0.0	1.5280765172262153e-08	1	False
(filmRef)19785	2	0.05085959885386819	0.0	1.52810087300169e-08	1	False
(filmRef)16770	2	0.05085959885386819	0.0	1.5288579341071766e-08	1	False
(filmRef)16768	2	0.05085959885386819	0.0	1.5293585829186193e-08	1	False
(filmRef)16766	2	0.05085959885386819	0.0	1.5214984902161576e-08	1	False
(filmRef)16765	2	0.05085959885386819	0.0	1.5260397879330803e-08	1	False
(filmRef)16756	2	0.05085959885386819	0.0	1.525174280947613e-08	1	False
(filmRef)16755	2	0.05085959885386819	0.0	1.5261170432230965e-08	1	False
(filmRef)19572	2	0.05085959885386819	0.0	1.528730721594919e-08	1	False
(filmRef)19786	2	0.05085959885386819	0.0	1.527534717773221e-08	1	False
(filmRef)16751	2	0.05085959885386819	0.0	1.529714232009477e-08	1	False
(filmRef)19796	2	0.05085959885386819	0.0	1.5274962537574093e-08	1	False
(filmRef)19805	2	0.05085959885386819	0.0	1.5286800655608986e-08	1	False
(filmRef)19804	2	0.05085959885386819	0.0	1.5288849751145013e-08	1	False
(filmRef)19803	2	0.05085959885386819	0.0	1.5269294197654123e-08	1	False
(filmRef)19802	2	0.05085959885386819	0.0	1.523861160231772e-08	1	False
(filmRef)19801	2	0.05085959885386819	0.0	1.524171820142174e-08	1	False
(filmRef)19797	2	0.05085959885386819	0.0	1.5277818432025357e-08	1	False
(filmRef)19795	2	0.05085959885386819	0.0	1.526083443045872e-08	1	False
(filmRef)19787	2	0.05085959885386819	0.0	1.526699344715442e-08	1	False
(filmRef)19794	2	0.05085959885386819	0.0	1.526570482642653e-08	1	False
(filmRef)19792	2	0.05085959885386819	0.0	1.5280215254162004e-08	1	False
(filmRef)19791	2	0.05085959885386819	0.0	1.5267973591906206e-08	1	False
(filmRef)19790	2	0.05085959885386819	0.0	1.5265819588211394e-08	1	False
(filmRef)19789	2	0.05085959885386819	0.0	1.5242937484835074e-08	1	False
(filmRef)19788	2	0.05085959885386819	0.0	1.5246137539937602e-08	1	False
(filmRef)16752	2	0.05085959885386819	0.0	1.5261040230966197e-08	1	False
(filmRef)16749	2	0.05085959885386819	0.0	1.5305539132969052e-08	1	False
(filmRef)16673	2	0.05085959885386819	0.0	1.5321998006531388e-08	1	False
(filmRef)16700	2	0.05265042979942693	0.0	1.528115019537046e-08	1	False
(filmRef)16711	2	0.05085959885386819	0.0	1.53318532977983e-08	1	False
(filmRef)16709	2	0.05265042979942693	0.0	1.5267304704574292e-08	1	False
(filmRef)16704	2	0.05265042979942693	0.0	1.526647728235885e-08	1	False
(filmRef)16703	2	0.05265042979942693	0.0	1.526729225039546e-08	1	False
(filmRef)16702	2	0.05085959885386819	0.0	1.532759158569563e-08	1	False
(filmRef)16701	2	0.05085959885386819	0.0	1.5345741357503236e-08	1	False
(filmRef)16691	2	0.05265042979942693	0.0	1.5280765172262153e-08	1	False
(filmRef)16713	2	0.05085959885386819	0.0	1.5327907654722352e-08	1	False
(filmRef)16690	2	0.05085959885386819	0.0	1.5357158038606227e-08	1	False
(filmRef)16689	2	0.05085959885386819	0.0	1.5363686826189105e-08	1	False
(filmRef)16685	2	0.05085959885386819	0.0	1.532795349710163e-08	1	False
(filmRef)16683	2	0.05085959885386819	0.0	1.5288602175239306e-08	1	False
(filmRef)16681	2	0.05085959885386819	0.0	1.535702048934831e-08	1	False
(filmRef)16675	2	0.05085959885386819	0.0	1.5336123691523818e-08	1	False
(filmRef)16712	2	0.05085959885386819	0.0	1.5324826815787395e-08	1	False
(filmRef)16714	2	0.05085959885386819	0.0	1.5347585388477318e-08	1	False
(filmRef)16748	2	0.05085959885386819	0.0	1.5308051682170667e-08	1	False
(filmRef)16732	2	0.05085959885386819	0.0	1.5279680682284787e-08	1	False
(filmRef)16746	2	0.05085959885386819	0.0	1.525651873655735e-08	1	False
(filmRef)16745	2	0.05085959885386819	0.0	1.5259403805156314e-08	1	False
(filmRef)16744	2	0.05085959885386819	0.0	1.5274037242839056e-08	1	False
(filmRef)16743	2	0.05085959885386819	0.0	1.5287759244957842e-08	1	False
(filmRef)16742	2	0.05085959885386819	0.0	1.5285778178645516e-08	1	False
(filmRef)16735	2	0.05085959885386819	0.0	1.528899031117092e-08	1	False
(filmRef)16731	2	0.05085959885386819	0.0	1.5234778375664888e-08	1	False
(filmRef)16719	2	0.05085959885386819	0.0	1.526692928057895e-08	1	False
(filmRef)16729	2	0.05085959885386819	0.0	1.5269883917870127e-08	1	False
(filmRef)16728	2	0.05085959885386819	0.0	1.5267738035780763e-08	1	False
(filmRef)16726	2	0.05085959885386819	0.0	1.5279709388289467e-08	1	False
(filmRef)16722	2	0.05085959885386819	0.0	1.528398438716264e-08	1	False
(filmRef)16721	2	0.05085959885386819	0.0	1.5248077945376642e-08	1	False
(filmRef)16720	2	0.05085959885386819	0.0	1.5249385196092475e-08	1	False
(filmRef)16385	0	0.10404727793696275	0.0	0.041595646530674886	1	False
(filmRef)16387	0	0.10404727793696275	0.0	0.04159264798502827	1	False
(filmRef)17249	3	0.011819484240687678	0.0	1.6443591620395572e-22	1	False
(filmRef)15229	354	0.00017908309455587392	0.0	2.805555052544423e-51	1	False
(filmRef)15363	177	0.00035816618911174784	0.0	1.1859846797206582e-47	1	False
(filmRef)15361	177	0.0005372492836676218	0.0	1.7185863443257166e-47	1	False
(filmRef)15359	174	0.00035816618911174784	0.0	2.6926410107671628e-48	1	False
(filmRef)15357	174	0.00035816618911174784	0.0	2.6926410107671628e-48	1	False
(filmRef)15358	174	0.00017908309455587392	0.0	5.847280471135892e-49	1	False
(filmRef)15552	55	0.0030444126074498567	0.0	9.17516153426197e-34	1	False
(filmRef)15551	55	0.0030444126074498567	0.0	9.240678098347349e-34	1	False
(filmRef)15550	55	0.0030444126074498567	0.0	9.209107019093373e-34	1	False
(filmRef)15392	55	0.0030444126074498567	0.0	9.263240209482478e-34	1	False
(filmRef)15391	55	0.0030444126074498567	0.0	9.294861249298933e-34	1	False
(filmRef)15390	55	0.0030444126074498567	0.0	9.225782206740867e-34	1	False
(filmRef)15389	55	0.0030444126074498567	0.0	9.093837280171757e-34	1	False
(filmRef)15388	55	0.0030444126074498567	0.0	9.170483898263294e-34	1	False
(filmRef)15387	55	0.0030444126074498567	0.0	9.202516769890283e-34	1	False
(filmRef)15386	55	0.0030444126074498567	0.0	9.043967235540505e-34	1	False
(filmRef)15365	177	0.00017908309455587392	0.0	4.68440283251797e-48	1	False
(filmRef)15439	42	0.0010744985673352436	0.0	3.6672538309181007e-37	1	False
(filmRef)15416	218	0.0005372492836676218	0.0	1.082948589460731e-45	1	False
(filmRef)15491	86	0.0017908309455587391	0.0	8.895835276393346e-38	1	False
(filmRef)15549	42	0.0007163323782234957	0.0	1.9972833069112604e-37	1	False
(filmRef)15496	86	0.0017908309455587391	0.0	8.734806490112653e-38	1	False
(filmRef)15495	86	0.0017908309455587391	0.0	8.857051922232293e-38	1	False
(filmRef)15494	86	0.0017908309455587391	0.0	8.929397767405744e-38	1	False
(filmRef)15493	86	0.0017908309455587391	0.0	8.617373851745839e-38	1	False
(filmRef)15492	86	0.0017908309455587391	0.0	9.009238257219798e-38	1	False
(filmRef)15436	86	0.0017908309455587391	0.0	8.309050366114236e-38	1	False
(filmRef)15417	218	0.0005372492836676218	0.0	1.1066150716206402e-45	1	False
(filmRef)15435	86	0.0017908309455587391	0.0	8.850644197833282e-38	1	False
(filmRef)15434	86	0.0017908309455587391	0.0	8.861805101973214e-38	1	False
(filmRef)15432	86	0.0017908309455587391	0.0	9.001412990159285e-38	1	False
(filmRef)15431	86	0.0017908309455587391	0.0	8.893701222585176e-38	1	False
(filmRef)16571	218	0.0005372492836676218	0.0	1.1066150716206402e-45	1	False
(filmRef)15418	218	0.0005372492836676218	0.0	1.069630625862791e-45	1	False
(filmRef)15385	55	0.0030444126074498567	0.0	9.158891297459218e-34	1	False
(filmRef)15384	55	0.0030444126074498567	0.0	9.041661618704911e-34	1	False
(filmRef)15383	55	0.0030444126074498567	0.0	9.123837801791633e-34	1	False
(filmRef)15240	69	0.001969914040114613	0.0	1.0017539547015188e-36	1	False
(filmRef)19798	69	0.002148997134670487	0.0	1.1314291639902201e-36	1	False
(filmRef)15248	69	0.002148997134670487	0.0	1.1001699122087948e-36	1	False
(filmRef)15247	69	0.002148997134670487	0.0	1.09216323422904e-36	1	False
(filmRef)15245	69	0.002328080229226361	0.0	1.1907627901222135e-36	1	False
(filmRef)15242	69	0.002148997134670487	0.0	1.0917778785518378e-36	1	False
(filmRef)15241	69	0.002148997134670487	0.0	1.1244313526322464e-36	1	False
(filmRef)15239	141	0.0008954154727793696	0.0	3.01158639627078e-42	1	False
(filmRef)19799	69	0.001969914040114613	0.0	9.36261547606881e-37	1	False
(filmRef)15238	141	0.0008954154727793696	0.0	2.963676450805914e-42	1	False
(filmRef)15237	141	0.0008954154727793696	0.0	2.924497941220107e-42	1	False
(filmRef)15236	141	0.0008954154727793696	0.0	3.01158639627078e-42	1	False
(filmRef)15235	141	0.0008954154727793696	0.0	2.967008431208225e-42	1	False
(filmRef)15234	141	0.0008954154727793696	0.0	2.926269113754551e-42	1	False
(filmRef)15231	42	0.00035816618911174784	0.0	1.2166187595923448e-37	1	False
(filmRef)19800	69	0.002148997134670487	0.0	1.0403071879312029e-36	1	False
(filmRef)19570	69	0.0008954154727793696	0.0	4.0776797294227445e-37	1	False
(filmRef)15382	55	0.0030444126074498567	0.0	8.993955519438786e-34	1	False
(filmRef)15342	217	0.00017908309455587392	0.0	1.3410140735524812e-50	1	False
(filmRef)15381	55	0.0030444126074498567	0.0	9.010024464919427e-34	1	False
(filmRef)15352	55	0.0030444126074498567	0.0	9.300734806361421e-34	1	False
(filmRef)15351	55	0.0030444126074498567	0.0	8.959035320537653e-34	1	False
(filmRef)15350	55	0.0030444126074498567	0.0	9.21782304750929e-34	1	False
(filmRef)15344	356	0.00017908309455587392	0.0	1.1540717092633377e-51	1	False
(filmRef)15343	356	0.00017908309455587392	0.0	1.1540717092633377e-51	1	False
(filmRef)15340	142	0.0008954154727793696	0.0	5.4148507677905834e-42	1	False
(filmRef)15263	355	0.00017908309455587392	0.0	2.8193069240720995e-51	1	False
(filmRef)15339	142	0.0008954154727793696	0.0	5.4711281355315475e-42	1	False
(filmRef)15329	142	0.0008954154727793696	0.0	5.38730777602189e-42	1	False
(filmRef)15316	142	0.0008954154727793696	0.0	5.3642829205314365e-42	1	False
(filmRef)15311	142	0.0008954154727793696	0.0	5.428387430205019e-42	1	False
(filmRef)15310	142	0.0008954154727793696	0.0	5.415267071373138e-42	1	False
(filmRef)15264	355	0.00017908309455587392	0.0	2.8193069240720995e-51	1	False
(filmRef)15590	42	0.0005372492836676218	0.0	1.4843447341944409e-37	1	False
(filmRef)15460	357	0.00017908309455587392	0.0	2.765207588425031e-51	1	False
(filmRef)15461	357	0.00017908309455587392	0.0	2.765207588425031e-51	1	False
(filmRef)15519	260	0.00017908309455587392	0.0	7.531917794420445e-51	1	False
(filmRef)15526	144	0.0008954154727793696	0.0	1.169996080822062e-42	1	False
(filmRef)15525	144	0.0008954154727793696	0.0	1.151811007437407e-42	1	False
(filmRef)15524	144	0.0008954154727793696	0.0	1.1741587798969475e-42	1	False
(filmRef)15523	144	0.0008954154727793696	0.0	1.170223931116358e-42	1	False
(filmRef)15522	144	0.0008954154727793696	0.0	1.1774686404077452e-42	1	False
(filmRef)15521	144	0.0008954154727793696	0.0	1.0073696930999387e-42	1	False
(filmRef)15518	260	0.00017908309455587392	0.0	6.883079713068211e-51	1	False
(filmRef)15528	145	0.0008954154727793696	0.0	4.90197392201106e-42	1	False
(filmRef)15840	56	0.0030444126074498567	0.0	3.5575440957377193e-32	1	False
(filmRef)15839	56	0.0030444126074498567	0.0	3.5575440957377193e-32	1	False
(filmRef)15838	56	0.0030444126074498567	0.0	3.5575440957377193e-32	1	False
(filmRef)15837	56	0.0030444126074498567	0.0	3.5575440957377193e-32	1	False
(filmRef)15836	56	0.0030444126074498567	0.0	3.5575440957377193e-32	1	False
(filmRef)15835	56	0.0030444126074498567	0.0	3.5575440957377193e-32	1	False
(filmRef)15527	145	0.0008954154727793696	0.0	4.90603354624337e-42	1	False
(filmRef)15529	145	0.0008954154727793696	0.0	4.922811832557868e-42	1	False
(filmRef)15645	56	0.0030444126074498567	0.0	3.5575440957377193e-32	1	False
(filmRef)15541	146	0.0008954154727793696	0.0	8.962565199838337e-42	1	False
(filmRef)15572	360	0.00017908309455587392	0.0	2.694535593503747e-51	1	False
(filmRef)15571	360	0.00017908309455587392	0.0	2.694535593503747e-51	1	False
(filmRef)15558	359	0.00017908309455587392	0.0	2.926173703099802e-51	1	False
(filmRef)15555	359	0.00017908309455587392	0.0	2.926173703099802e-51	1	False
(filmRef)15543	146	0.0008954154727793696	0.0	8.962565199838337e-42	1	False
(filmRef)15542	146	0.0008954154727793696	0.0	8.962565199838337e-42	1	False
(filmRef)15540	146	0.0008954154727793696	0.0	8.962565199838337e-42	1	False
(filmRef)15530	145	0.0008954154727793696	0.0	4.911269586480329e-42	1	False
(filmRef)15539	146	0.0008954154727793696	0.0	8.962565199838337e-42	1	False
(filmRef)15538	146	0.0008954154727793696	0.0	8.962565199838337e-42	1	False
(filmRef)15536	358	0.00017908309455587392	0.0	1.774206772087904e-52	1	False
(filmRef)15535	358	0.00017908309455587392	0.0	1.774206772087904e-52	1	False
(filmRef)15532	145	0.0008954154727793696	0.0	4.8761947697617817e-42	1	False
(filmRef)15531	145	0.0008954154727793696	0.0	4.877209958835797e-42	1	False
(filmRef)15646	56	0.0030444126074498567	0.0	3.5575440957377193e-32	1	False
(filmRef)15644	56	0.0030444126074498567	0.0	3.5575440957377193e-32	1	False
(filmRef)15469	143	0.0008954154727793696	0.0	2.5250611053064698e-42	1	False
(filmRef)15477	219	0.0005372492836676218	0.0	9.124873495482665e-47	1	False
(filmRef)15501	19	0.005551575931232092	0.0	1.5306441043089594e-26	1	False
(filmRef)15489	186	0.00035816618911174784	0.0	1.0565880016138187e-46	1	False
(filmRef)15488	186	0.0007163323782234957	0.0	1.738553061436521e-46	1	False
(filmRef)15486	186	0.0005372492836676218	0.0	1.4818710293237343e-46	1	False
(filmRef)15485	186	0.0005372492836676218	0.0	1.4243171963682056e-46	1	False
(filmRef)15478	219	0.0005372492836676218	0.0	9.124873495482665e-47	1	False
(filmRef)15476	219	0.0005372492836676218	0.0	9.146694093493833e-47	1	False
(filmRef)15506	19	0.005909742120343839	0.0	1.5135868576309445e-26	1	False
(filmRef)15475	219	0.0005372492836676218	0.0	9.146694093493833e-47	1	False
(filmRef)15474	143	0.0008954154727793696	0.0	2.5250611053064698e-42	1	False
(filmRef)15473	143	0.0008954154727793696	0.0	2.5250611053064698e-42	1	False
(filmRef)15472	143	0.0008954154727793696	0.0	2.5250611053064698e-42	1	False
(filmRef)0186	310	0.00017908309455587392	0.0	7.512434776943752e-52	1	False
(filmRef)15470	143	0.0008954154727793696	0.0	2.076400570987584e-42	1	False
(filmRef)15504	19	0.005909742120343839	0.0	1.599552061225604e-26	1	False
(filmRef)15510	19	0.005551575931232092	0.0	1.408117018873145e-26	1	False
(filmRef)15643	56	0.0030444126074498567	0.0	3.5575440957377193e-32	1	False
(filmRef)15513	56	0.0030444126074498567	0.0	3.5575440957377193e-32	1	False
(filmRef)15642	56	0.0030444126074498567	0.0	3.5575440957377193e-32	1	False
(filmRef)15641	56	0.0030444126074498567	0.0	3.5575440957377193e-32	1	False
(filmRef)15517	56	0.0030444126074498567	0.0	3.5575440957377193e-32	1	False
(filmRef)15516	56	0.0030444126074498567	0.0	3.5575440957377193e-32	1	False
(filmRef)15515	56	0.0030444126074498567	0.0	3.5575440957377193e-32	1	False
(filmRef)15514	56	0.0030444126074498567	0.0	3.5575440957377193e-32	1	False
(filmRef)15512	56	0.0030444126074498567	0.0	3.5575440957377193e-32	1	False
(filmRef)15508	19	0.0032234957020057307	0.0	7.71384456211917e-27	1	False
(filmRef)20705	220	0.0005372492836676218	0.0	1.264064809315352e-46	1	False
(filmRef)20704	220	0.0005372492836676218	0.0	1.2582297615475432e-46	1	False
(filmRef)20703	220	0.0005372492836676218	0.0	1.209993082243779e-46	1	False
(filmRef)15511	220	0.0005372492836676218	0.0	1.1825065209025518e-46	1	False
(filmRef)15628	19	0.004477077363896848	0.0	1.1873115688505432e-26	1	False
(filmRef)15509	19	0.005193409742120344	0.0	1.267276520171744e-26	1	False
(filmRef)15727	354	0.00017908309455587392	0.0	2.805555052544423e-51	1	False
(filmRef)15377	5	0.0005372492836676218	0.0	3.570506504645978e-35	1	False
(filmRef)15582	261	0.00035816618911174784	0.0	4.5225083776192405e-48	1	False
(filmRef)15376	5	0.00035816618911174784	0.0	1.5742700766242612e-36	1	False
(filmRef)15380	5	0.0016117478510028654	0.0	1.7215815114940143e-33	1	False
(filmRef)15546	5	0.0025071633237822347	0.0	6.785141604240701e-33	1	False
(filmRef)15379	5	0.002328080229226361	0.0	7.2355188558813e-33	1	False
(filmRef)15194	5	0.002148997134670487	0.0	6.742294323581669e-33	1	False
(filmRef)15063	5	0.002328080229226361	0.0	7.17925343734294e-33	1	False
(filmRef)15043	5	0.0025071633237822347	0.0	7.012790556814233e-33	1	False
(filmRef)15042	5	0.002148997134670487	0.0	6.845736311268682e-33	1	False
(filmRef)19348	63	0.0010744985673352436	0.0	1.7747216514017083e-38	1	False
(filmRef)15336	63	0.0012535816618911174	0.0	2.055383834253072e-38	1	False
(filmRef)19347	63	0.0012535816618911174	0.0	2.0872633068597722e-38	1	False
(filmRef)15335	63	0.0012535816618911174	0.0	2.0879283302849548e-38	1	False
(filmRef)15021	258	0.00035816618911174784	0.0	1.7935050742147856e-49	1	False
(filmRef)15020	258	0.00035816618911174784	0.0	1.848965694435321e-49	1	False
(filmRef)15019	258	0.00035816618911174784	0.0	1.8648744086678537e-49	1	False
(filmRef)15424	54	0.0030444126074498567	0.0	1.5393716864777652e-33	1	False
(filmRef)15591	5	0.0016117478510028654	0.0	1.7248385642496337e-33	1	False
(filmRef)15044	42	0.001969914040114613	0.0	7.268840768161125e-37	1	False
(filmRef)15057	42	0.002328080229226361	0.0	8.171577545294572e-37	1	False
(filmRef)15442	5	0.0010744985673352436	0.0	5.117021046268469e-33	1	False
(filmRef)15069	351	0.00017908309455587392	0.0	2.8485143756060967e-51	1	False
(filmRef)15072	183	0.0007163323782234957	0.0	8.861167729227486e-44	1	False
(filmRef)15071	183	0.0007163323782234957	0.0	8.969310258590383e-44	1	False
(filmRef)15067	183	0.0007163323782234957	0.0	9.079231734063682e-44	1	False
(filmRef)15066	183	0.0007163323782234957	0.0	9.140219458662928e-44	1	False
(filmRef)15065	183	0.0007163323782234957	0.0	9.12883509820285e-44	1	False
(filmRef)15051	259	0.00035816618911174784	0.0	1.768075827167495e-49	1	False
(filmRef)15083	42	0.001969914040114613	0.0	7.388820463937036e-37	1	False
(filmRef)15049	259	0.00035816618911174784	0.0	1.767143916262739e-49	1	False
(filmRef)15048	259	0.00035816618911174784	0.0	1.800709007751357e-49	1	False
(filmRef)15369	42	0.0010744985673352436	0.0	3.551089378273454e-37	1	False
(filmRef)15373	42	0.001969914040114613	0.0	7.312568926214039e-37	1	False
(filmRef)15371	42	0.002148997134670487	0.0	7.916810714444721e-37	1	False
(filmRef)15370	42	0.002148997134670487	0.0	7.906732916611914e-37	1	False
(filmRef)15423	54	0.0030444126074498567	0.0	1.5323000110049504e-33	1	False
(filmRef)15422	54	0.0030444126074498567	0.0	1.5093513911798145e-33	1	False
(filmRef)15421	54	0.0030444126074498567	0.0	1.5342500464622899e-33	1	False
(filmRef)15566	59	0.0025071633237822347	0.0	1.8135011994384504e-35	1	False
(filmRef)15782	59	0.0025071633237822347	0.0	1.8586558832069993e-35	1	False
(filmRef)15781	59	0.0025071633237822347	0.0	1.9773360295707717e-35	1	False
(filmRef)15570	59	0.0025071633237822347	0.0	1.953572877278404e-35	1	False
(filmRef)15569	59	0.0025071633237822347	0.0	1.8294875138912424e-35	1	False
(filmRef)15568	59	0.0025071633237822347	0.0	1.9505554943558135e-35	1	False
(filmRef)15567	59	0.0025071633237822347	0.0	1.9936528390882315e-35	1	False
(filmRef)15564	59	0.0025071633237822347	0.0	1.9487155535001706e-35	1	False
(filmRef)15785	59	0.0025071633237822347	0.0	2.00440098929789e-35	1	False
(filmRef)15327	59	0.0025071633237822347	0.0	1.6949633407181727e-35	1	False
(filmRef)14985	59	0.0025071633237822347	0.0	1.9578924149828715e-35	1	False
(filmRef)17440	349	0.00017908309455587392	0.0	2.926173703099802e-51	1	False
(filmRef)14931	349	0.00017908309455587392	0.0	2.926173703099802e-51	1	False
(filmRef)17439	348	0.00017908309455587392	0.0	2.926173703099802e-51	1	False
(filmRef)14930	348	0.00017908309455587392	0.0	2.926173703099802e-51	1	False
(filmRef)15784	59	0.0025071633237822347	0.0	1.9689645475954824e-35	1	False
(filmRef)15786	59	0.0025071633237822347	0.0	1.946834309269088e-35	1	False
(filmRef)15420	54	0.0030444126074498567	0.0	1.5061868585424182e-33	1	False
(filmRef)14994	54	0.0030444126074498567	0.0	1.5187010744424035e-33	1	False
(filmRef)15419	54	0.0030444126074498567	0.0	1.5302746402843344e-33	1	False
(filmRef)15270	54	0.0026862464183381087	0.0	1.111050685090893e-33	1	False
(filmRef)15269	54	0.0030444126074498567	0.0	1.5258603856512669e-33	1	False
(filmRef)15268	54	0.0028653295128939827	0.0	1.2755697664703054e-33	1	False
(filmRef)15267	54	0.0030444126074498567	0.0	1.5257981981311985e-33	1	False
(filmRef)15265	54	0.0028653295128939827	0.0	1.2665700003610752e-33	1	False
(filmRef)14993	54	0.0030444126074498567	0.0	1.5187004497671188e-33	1	False
(filmRef)15788	59	0.0025071633237822347	0.0	1.6598394347871937e-35	1	False
(filmRef)14992	54	0.0030444126074498567	0.0	1.5097727386393195e-33	1	False
(filmRef)14991	54	0.0030444126074498567	0.0	1.5183599514052106e-33	1	False
(filmRef)14990	54	0.0030444126074498567	0.0	1.5161189672353113e-33	1	False
(filmRef)14989	54	0.0030444126074498567	0.0	1.5107375529459193e-33	1	False
(filmRef)14988	350	0.00017908309455587392	0.0	2.892792723803996e-51	1	False
(filmRef)14987	350	0.00017908309455587392	0.0	2.892792723803996e-51	1	False
(filmRef)15070	351	0.00017908309455587392	0.0	2.8485143756060967e-51	1	False
(filmRef)15074	137	0.0007163323782234957	0.0	3.781906922618505e-43	1	False
(filmRef)15075	137	0.0008954154727793696	0.0	4.7446076147483065e-43	1	False
(filmRef)15165	140	0.0008954154727793696	0.0	8.953548671470594e-42	1	False
(filmRef)15172	185	0.00017908309455587392	0.0	1.3158273227771175e-49	1	False
(filmRef)15170	140	0.0008954154727793696	0.0	8.953548671470594e-42	1	False
(filmRef)15169	140	0.0008954154727793696	0.0	8.953548671470594e-42	1	False
(filmRef)15168	140	0.0008954154727793696	0.0	8.953548671470594e-42	1	False
(filmRef)15167	140	0.0008954154727793696	0.0	8.953548671470594e-42	1	False
(filmRef)15166	140	0.0008954154727793696	0.0	8.953548671470594e-42	1	False
(filmRef)15160	184	0.0007163323782234957	0.0	4.542960694696722e-44	1	False
(filmRef)15174	185	0.00017908309455587392	0.0	1.2039450360170105e-49	1	False
(filmRef)15159	184	0.0007163323782234957	0.0	4.542960694696722e-44	1	False
(filmRef)15158	184	0.0007163323782234957	0.0	4.542960694696722e-44	1	False
(filmRef)15157	184	0.0007163323782234957	0.0	4.542960694696722e-44	1	False
(filmRef)15156	184	0.0007163323782234957	0.0	3.6793639265887195e-44	1	False
(filmRef)15366	353	0.00017908309455587392	0.0	2.926173703099802e-51	1	False
(filmRef)15153	353	0.00017908309455587392	0.0	2.926173703099802e-51	1	False
(filmRef)15173	185	0.00017908309455587392	0.0	1.312433800864611e-49	1	False
(filmRef)15176	185	0.00017908309455587392	0.0	1.1802302248979641e-49	1	False
(filmRef)15128	92	0.0016117478510028654	0.0	1.9376232901746327e-38	1	False
(filmRef)18508	85	0.0014326647564469914	0.0	4.259052811591485e-39	1	False
(filmRef)15224	42	0.0005372492836676218	0.0	1.7189200378773625e-37	1	False
(filmRef)15200	176	0.00035816618911174784	0.0	3.999631915693363e-47	1	False
(filmRef)15198	176	0.0005372492836676218	0.0	6.054802887898303e-47	1	False
(filmRef)15195	176	0.0005372492836676218	0.0	5.922193678449554e-47	1	False
(filmRef)18676	85	0.0014326647564469914	0.0	4.21102668183145e-39	1	False
(filmRef)18675	85	0.0014326647564469914	0.0	4.238381791031619e-39	1	False
(filmRef)17989	85	0.0014326647564469914	0.0	4.125355840724257e-39	1	False
(filmRef)15563	59	0.00017908309455587392	0.0	6.68323459842161e-38	1	False
(filmRef)17980	85	0.0014326647564469914	0.0	4.241146181661712e-39	1	False
(filmRef)17979	85	0.0014326647564469914	0.0	4.231585344974002e-39	1	False
(filmRef)17978	85	0.0014326647564469914	0.0	4.241146181661712e-39	1	False
(filmRef)15188	85	0.0005372492836676218	0.0	8.931652829837471e-40	1	False
(filmRef)15187	85	0.0005372492836676218	0.0	8.131168081983711e-40	1	False
(filmRef)15185	85	0.0017908309455587391	0.0	3.764601832498918e-39	1	False
(filmRef)15129	92	0.0016117478510028654	0.0	2.0093574535503124e-38	1	False
(filmRef)15127	92	0.0016117478510028654	0.0	2.0431924807234882e-38	1	False
(filmRef)15076	137	0.0008954154727793696	0.0	4.697554396770403e-43	1	False
(filmRef)15086	211	0.00035816618911174784	0.0	6.780766668813401e-48	1	False
(filmRef)15099	138	0.0008954154727793696	0.0	8.168187448251095e-43	1	False
(filmRef)15098	138	0.0008954154727793696	0.0	8.052004541442065e-43	1	False
(filmRef)15097	138	0.0008954154727793696	0.0	7.918971525760918e-43	1	False
(filmRef)15096	138	0.0008954154727793696	0.0	7.996250331328202e-43	1	False
(filmRef)15090	211	0.00035816618911174784	0.0	7.708149665521167e-48	1	False
(filmRef)15087	211	0.0005372492836676218	0.0	9.46443485702761e-48	1	False
(filmRef)15228	5	0.0007163323782234957	0.0	2.7418070405309794e-34	1	False
(filmRef)15101	138	0.0008954154727793696	0.0	8.023300762823782e-43	1	False
(filmRef)15193	5	0.0008954154727793696	0.0	8.614469873491241e-34	1	False
(filmRef)15081	42	0.0010744985673352436	0.0	3.777778971495498e-37	1	False
(filmRef)15080	352	0.00017908309455587392	0.0	2.7832882761465314e-51	1	False
(filmRef)15079	352	0.00017908309455587392	0.0	2.7832882761465314e-51	1	False
(filmRef)15078	137	0.0007163323782234957	0.0	3.9946943283410004e-43	1	False
(filmRef)15077	137	0.0008954154727793696	0.0	4.68290859787627e-43	1	False
(filmRef)15100	138	0.0008954154727793696	0.0	7.675881241848487e-43	1	False
(filmRef)15102	175	0.0005372492836676218	0.0	3.0853872818043796e-46	1	False
(filmRef)15126	92	0.0016117478510028654	0.0	1.970414494004793e-38	1	False
(filmRef)15119	139	0.0008954154727793696	0.0	1.6191570726694684e-42	1	False
(filmRef)15125	92	0.0016117478510028654	0.0	2.0094321638765888e-38	1	False
(filmRef)15124	92	0.0016117478510028654	0.0	1.9565145134187496e-38	1	False
(filmRef)15123	92	0.0016117478510028654	0.0	2.0554560459905361e-38	1	False
(filmRef)15122	92	0.0016117478510028654	0.0	2.039783960401142e-38	1	False
(filmRef)15121	92	0.0016117478510028654	0.0	2.0673911705102861e-38	1	False
(filmRef)15120	92	0.0016117478510028654	0.0	1.9333789827712022e-38	1	False
(filmRef)15118	139	0.0008954154727793696	0.0	1.612300739103106e-42	1	False
(filmRef)15103	175	0.0007163323782234957	0.0	3.841427688075714e-46	1	False
(filmRef)15117	139	0.0008954154727793696	0.0	1.6076073000721033e-42	1	False
(filmRef)15116	139	0.0008954154727793696	0.0	1.6474341937089473e-42	1	False
(filmRef)15115	139	0.0008954154727793696	0.0	1.66180146235944e-42	1	False
(filmRef)15114	139	0.0008954154727793696	0.0	1.6541834171562066e-42	1	False
(filmRef)15106	175	0.0005372492836676218	0.0	3.116241641878702e-46	1	False
(filmRef)15253	175	0.0007163323782234957	0.0	3.809468790094933e-46	1	False
(filmRef)15581	261	0.00035816618911174784	0.0	4.642019246042448e-48	1	False
(filmRef)15748	261	0.00035816618911174784	0.0	4.638011268967125e-48	1	False
(filmRef)14906	257	0.00035816618911174784	0.0	4.286721579967727e-49	1	False
(filmRef)15919	366	0.00017908309455587392	0.0	8.834695762044517e-53	1	False
(filmRef)16061	149	0.0008954154727793696	0.0	8.953548671470594e-42	1	False
(filmRef)16060	149	0.0008954154727793696	0.0	8.953548671470594e-42	1	False
(filmRef)16059	149	0.0008954154727793696	0.0	8.953548671470594e-42	1	False
(filmRef)16058	149	0.0008954154727793696	0.0	8.953548671470594e-42	1	False
(filmRef)16042	84	0.00035816618911174784	0.0	2.7409650520312342e-42	1	False
(filmRef)16037	84	0.00017908309455587392	0.0	1.3541568672782665e-42	1	False
(filmRef)16036	84	0.00035816618911174784	0.0	2.773106060522019e-42	1	False
(filmRef)16035	84	0.0005372492836676218	0.0	4.1131930799219356e-42	1	False
(filmRef)16041	84	0.0012535816618911174	0.0	9.152684419814501e-42	1	False
(filmRef)16034	84	0.0010744985673352436	0.0	8.493090080661358e-42	1	False
(filmRef)16033	84	0.0010744985673352436	0.0	8.598388689056976e-42	1	False
(filmRef)16032	84	0.0010744985673352436	0.0	8.604029100762283e-42	1	False
(filmRef)16031	84	0.0010744985673352436	0.0	8.535079022724327e-42	1	False
(filmRef)18484	368	0.00017908309455587392	0.0	9.123904128312587e-52	1	False
(filmRef)16027	368	0.00017908309455587392	0.0	9.123904128312587e-52	1	False
(filmRef)16062	149	0.0008954154727793696	0.0	8.953548671470594e-42	1	False
(filmRef)16254	149	0.0008954154727793696	0.0	8.953548671470594e-42	1	False
(filmRef)16063	44	0.0014326647564469914	0.0	9.117738737320096e-38	1	False
(filmRef)16075	44	0.0007163323782234957	0.0	4.882848981090843e-38	1	False
(filmRef)16094	150	0.0008954154727793696	0.0	9.457251368394209e-42	1	False
(filmRef)16093	150	0.0008954154727793696	0.0	9.457251368394209e-42	1	False
(filmRef)16092	150	0.0008954154727793696	0.0	9.457251368394209e-42	1	False
(filmRef)16080	44	0.00035816618911174784	0.0	2.523661800668376e-38	1	False
(filmRef)16081	44	0.0005372492836676218	0.0	2.7892548038469965e-38	1	False
(filmRef)16078	44	0.0005372492836676218	0.0	2.756149568707875e-38	1	False
(filmRef)16068	44	0.0012535816618911174	0.0	8.263189681436474e-38	1	False
(filmRef)16069	44	0.002148997134670487	0.0	1.250255350798059e-37	1	False
(filmRef)16071	44	0.0010744985673352436	0.0	6.650323757930106e-38	1	False
(filmRef)16076	44	0.0007163323782234957	0.0	4.492484779504715e-38	1	False
(filmRef)16065	44	0.0014326647564469914	0.0	8.737882406943814e-38	1	False
(filmRef)16079	44	0.0005372492836676218	0.0	3.1419974009515556e-38	1	False
(filmRef)16077	44	0.0026862464183381087	0.0	1.3843453714294966e-37	1	False
(filmRef)16070	44	0.002148997134670487	0.0	1.2276953924190734e-37	1	False
(filmRef)16005	73	0.0014326647564469914	0.0	1.8900791057474e-39	1	False
(filmRef)16002	73	0.0014326647564469914	0.0	1.7014306085182507e-39	1	False
(filmRef)16001	73	0.0008954154727793696	0.0	1.0964880144278806e-39	1	False
(filmRef)15944	99	0.0014326647564469914	0.0	3.081436906273112e-39	1	False
(filmRef)15963	3	0.002148997134670487	0.0	1.9599888160562756e-25	1	False
(filmRef)15960	3	0.0012535816618911174	0.0	1.8244968911414096e-25	1	False
(filmRef)15965	3	0.0014326647564469914	0.0	1.5214829230271027e-25	1	False
(filmRef)15964	3	0.0016117478510028654	0.0	1.8436160777054053e-25	1	False
(filmRef)15946	367	0.00017908309455587392	0.0	2.856625995580019e-51	1	False
(filmRef)15945	367	0.00017908309455587392	0.0	2.856625995580019e-51	1	False
(filmRef)15943	99	0.0014326647564469914	0.0	3.161259703013798e-39	1	False
(filmRef)15969	3	0.0012535816618911174	0.0	7.489547794995589e-26	1	False
(filmRef)15942	99	0.0014326647564469914	0.0	3.150374376729298e-39	1	False
(filmRef)15941	99	0.0014326647564469914	0.0	3.1768685601277984e-39	1	False
(filmRef)15940	99	0.0014326647564469914	0.0	3.172223620988965e-39	1	False
(filmRef)15939	99	0.0014326647564469914	0.0	3.1538533754207856e-39	1	False
(filmRef)15938	99	0.0014326647564469914	0.0	3.1572104624596595e-39	1	False
(filmRef)15937	99	0.0014326647564469914	0.0	3.188607272258258e-39	1	False
(filmRef)15968	3	0.0014326647564469914	0.0	7.60204045843621e-26	1	False
(filmRef)15970	3	0.002148997134670487	0.0	1.955713427115505e-25	1	False
(filmRef)16000	73	0.0010744985673352436	0.0	1.3989900306609466e-39	1	False
(filmRef)15988	108	0.0012535816618911174	0.0	1.0214822725854938e-41	1	False
(filmRef)15997	73	0.0008954154727793696	0.0	1.2051857782855528e-39	1	False
(filmRef)15992	122	0.00035816618911174784	0.0	1.1031626649933316e-46	1	False
(filmRef)15991	122	0.00017908309455587392	0.0	5.390813153871281e-47	1	False
(filmRef)15993	122	0.0007163323782234957	0.0	1.9619481797465787e-46	1	False
(filmRef)15990	122	0.0005372492836676218	0.0	1.7858947570323163e-46	1	False
(filmRef)15989	122	0.0005372492836676218	0.0	1.769545920251459e-46	1	False
(filmRef)15987	108	0.0012535816618911174	0.0	9.757275912828633e-42	1	False
(filmRef)15975	3	0.0008954154727793696	0.0	1.66623955319679e-24	1	False
(filmRef)15986	108	0.0012535816618911174	0.0	9.80896711535881e-42	1	False
(filmRef)15985	108	0.0012535816618911174	0.0	9.95016982910732e-42	1	False
(filmRef)15984	108	0.0012535816618911174	0.0	9.77133993713599e-42	1	False
(filmRef)15983	108	0.0012535816618911174	0.0	9.642686464557188e-42	1	False
(filmRef)15982	108	0.0012535816618911174	0.0	1.0031013429119328e-41	1	False
(filmRef)15981	108	0.0012535816618911174	0.0	9.942441131895536e-42	1	False
(filmRef)16095	150	0.0008954154727793696	0.0	9.457251368394209e-42	1	False
(filmRef)16096	150	0.0008954154727793696	0.0	9.457251368394209e-42	1	False
(filmRef)16097	150	0.0008954154727793696	0.0	9.457251368394209e-42	1	False
(filmRef)16194	262	0.00035816618911174784	0.0	6.498429665345155e-48	1	False
(filmRef)16489	23	0.0028653295128939827	0.0	1.429077649413916e-32	1	False
(filmRef)16223	23	0.0037607449856733523	0.0	1.8893986522559712e-32	1	False
(filmRef)17279	23	0.0041189111747851	0.0	1.9667004140090856e-32	1	False
(filmRef)16216	23	0.0025071633237822347	0.0	1.2437120791241186e-32	1	False
(filmRef)16203	369	0.00017908309455587392	0.0	1.809750014736526e-52	1	False
(filmRef)16197	369	0.00017908309455587392	0.0	1.809750014736526e-52	1	False
(filmRef)16193	262	0.00035816618911174784	0.0	6.541156949392539e-48	1	False
(filmRef)17277	23	0.0007163323782234957	0.0	3.7945878599001356e-33	1	False
(filmRef)16192	262	0.00035816618911174784	0.0	6.552006191758738e-48	1	False
(filmRef)16178	3	0.0034025787965616043	0.0	5.455318568853306e-24	1	False
(filmRef)16174	225	0.0005372492836676218	0.0	5.86335960927347e-47	1	False
(filmRef)16173	225	0.0005372492836676218	0.0	5.814085726811948e-47	1	False
(filmRef)16172	225	0.0005372492836676218	0.0	5.722737914179752e-47	1	False
(filmRef)16171	225	0.0005372492836676218	0.0	5.879131505854728e-47	1	False
(filmRef)16889	23	0.002328080229226361	0.0	1.1939178886107973e-32	1	False
(filmRef)17272	23	0.002148997134670487	0.0	1.0622669979678094e-32	1	False
(filmRef)16169	29	0.0050143266475644694	0.0	2.585533105170704e-28	1	False
(filmRef)17003	3	0.011819484240687678	0.0	1.7634704434096e-22	1	False
(filmRef)17248	3	0.011819484240687678	0.0	1.6485056543051888e-22	1	False
(filmRef)17247	3	0.011819484240687678	0.0	1.6490339505618402e-22	1	False
(filmRef)17246	3	0.011819484240687678	0.0	1.7055479949606168e-22	1	False
(filmRef)17009	3	0.011819484240687678	0.0	1.7843771620020066e-22	1	False
(filmRef)17008	3	0.011819484240687678	0.0	1.7839117288660438e-22	1	False
(filmRef)17007	3	0.011819484240687678	0.0	1.7872852947246772e-22	1	False
(filmRef)16235	3	0.011819484240687678	0.0	1.6792034613779938e-22	1	False
(filmRef)17278	23	0.0025071633237822347	0.0	1.3045812106549332e-32	1	False
(filmRef)16234	3	0.011819484240687678	0.0	1.712086378246755e-22	1	False
(filmRef)16233	3	0.011819484240687678	0.0	1.7126726871097395e-22	1	False
(filmRef)16232	3	0.011819484240687678	0.0	1.6409679614848402e-22	1	False
(filmRef)16231	3	0.010924068767908308	0.0	1.4749943470356099e-22	1	False
(filmRef)16230	3	0.010924068767908308	0.0	1.4753450336580437e-22	1	False
(filmRef)16222	23	0.00017908309455587392	0.0	9.680128011065375e-34	1	False
(filmRef)16170	29	0.0050143266475644694	0.0	2.5793595869913715e-28	1	False
(filmRef)16168	29	0.0050143266475644694	0.0	2.5703571836990395e-28	1	False
(filmRef)16132	109	0.0012535816618911174	0.0	8.197342837621772e-40	1	False
(filmRef)16140	29	0.0050143266475644694	0.0	2.585465424824277e-28	1	False
(filmRef)16147	29	0.0050143266475644694	0.0	2.5637026545524122e-28	1	False
(filmRef)16146	29	0.0050143266475644694	0.0	2.574266750625448e-28	1	False
(filmRef)16145	29	0.0050143266475644694	0.0	2.5922864575956666e-28	1	False
(filmRef)16143	29	0.0050143266475644694	0.0	2.5776401210223955e-28	1	False
(filmRef)16142	29	0.0050143266475644694	0.0	2.5678765098633645e-28	1	False
(filmRef)16141	29	0.0050143266475644694	0.0	2.5906418722135124e-28	1	False
(filmRef)16139	109	0.0012535816618911174	0.0	8.254515052855837e-40	1	False
(filmRef)16149	29	0.0050143266475644694	0.0	2.557068729976081e-28	1	False
(filmRef)16138	109	0.0012535816618911174	0.0	8.262574950614162e-40	1	False
(filmRef)16137	109	0.0012535816618911174	0.0	8.20489150251026e-40	1	False
(filmRef)16136	109	0.0012535816618911174	0.0	8.202614400406377e-40	1	False
(filmRef)16135	109	0.0012535816618911174	0.0	8.144289914885997e-40	1	False
(filmRef)16134	109	0.0012535816618911174	0.0	8.195204852487978e-40	1	False
(filmRef)16133	109	0.0012535816618911174	0.0	8.18954987553241e-40	1	False
(filmRef)16148	29	0.0050143266475644694	0.0	2.567312144598619e-28	1	False
(filmRef)16150	29	0.0050143266475644694	0.0	2.5697777007768777e-28	1	False
(filmRef)16167	29	0.0050143266475644694	0.0	2.5559675653241296e-28	1	False
(filmRef)16160	29	0.0050143266475644694	0.0	2.5855265901755464e-28	1	False
(filmRef)16166	29	0.0050143266475644694	0.0	2.5852585237561487e-28	1	False
(filmRef)16165	29	0.0050143266475644694	0.0	2.579296243605196e-28	1	False
(filmRef)16164	29	0.0050143266475644694	0.0	2.5745562099584346e-28	1	False
(filmRef)16163	29	0.0050143266475644694	0.0	2.548473587815143e-28	1	False
(filmRef)16162	29	0.0050143266475644694	0.0	2.5858149607068026e-28	1	False
(filmRef)16161	29	0.0050143266475644694	0.0	2.5476508386244442e-28	1	False
(filmRef)16159	29	0.0050143266475644694	0.0	2.570378665785586e-28	1	False
(filmRef)16151	29	0.0050143266475644694	0.0	2.578448554901522e-28	1	False
(filmRef)16158	29	0.0050143266475644694	0.0	2.570086002109905e-28	1	False
(filmRef)16157	29	0.0050143266475644694	0.0	2.5748709781903107e-28	1	False
(filmRef)16156	29	0.0050143266475644694	0.0	2.5731614995137075e-28	1	False
(filmRef)16154	29	0.0050143266475644694	0.0	2.571511149204506e-28	1	False
(filmRef)16153	29	0.0050143266475644694	0.0	2.5785076600411613e-28	1	False
(filmRef)16152	29	0.0050143266475644694	0.0	2.588326956870448e-28	1	False
(filmRef)15936	99	0.0014326647564469914	0.0	3.256286394507682e-39	1	False
(filmRef)15918	366	0.00017908309455587392	0.0	8.834695762044517e-53	1	False
(filmRef)15583	221	0.0005372492836676218	0.0	2.9614307945916384e-46	1	False
(filmRef)18685	14	0.0014326647564469914	0.0	2.1175528553938995e-32	1	False
(filmRef)15699	28	0.0050143266475644694	0.0	1.2179481803921609e-29	1	False
(filmRef)15698	28	0.0050143266475644694	0.0	1.2286289785355211e-29	1	False
(filmRef)15697	28	0.0050143266475644694	0.0	1.2255014794546656e-29	1	False
(filmRef)15695	28	0.0050143266475644694	0.0	1.2274546255487721e-29	1	False
(filmRef)15670	28	0.0050143266475644694	0.0	1.2223135533943812e-29	1	False
(filmRef)15669	28	0.0050143266475644694	0.0	1.222298687856215e-29	1	False
(filmRef)15668	28	0.0050143266475644694	0.0	1.2286289785355211e-29	1	False
(filmRef)15667	28	0.0050143266475644694	0.0	1.2255014794546656e-29	1	False
(filmRef)17649	223	0.0005372492836676218	0.0	6.372415157336798e-46	1	False
(filmRef)15696	223	0.0005372492836676218	0.0	7.17012232478471e-46	1	False
(filmRef)15673	223	0.0005372492836676218	0.0	7.17012232478471e-46	1	False
(filmRef)15666	223	0.0005372492836676218	0.0	7.17012232478471e-46	1	False
(filmRef)17648	222	0.0005372492836676218	0.0	7.988843839760469e-46	1	False
(filmRef)15903	222	0.0005372492836676218	0.0	8.693786580144458e-46	1	False
(filmRef)15677	222	0.0005372492836676218	0.0	8.644808977036661e-46	1	False
(filmRef)15700	28	0.0050143266475644694	0.0	1.202214543587899e-29	1	False
(filmRef)15701	28	0.0050143266475644694	0.0	1.2179481803921609e-29	1	False
(filmRef)15702	28	0.0050143266475644694	0.0	1.202214543587899e-29	1	False
(filmRef)15908	28	0.0050143266475644694	0.0	1.2253621030167385e-29	1	False
(filmRef)15914	28	0.0050143266475644694	0.0	1.2112081468969164e-29	1	False
(filmRef)15913	28	0.0050143266475644694	0.0	1.2041442878140273e-29	1	False
(filmRef)15912	28	0.0050143266475644694	0.0	1.2260732557002374e-29	1	False
(filmRef)15911	28	0.0050143266475644694	0.0	1.2415026854736715e-29	1	False
(filmRef)15910	28	0.0050143266475644694	0.0	1.1745269435956229e-29	1	False
(filmRef)15909	28	0.0050143266475644694	0.0	1.2174587925684481e-29	1	False
(filmRef)15907	28	0.0050143266475644694	0.0	1.2470463403223516e-29	1	False
(filmRef)15703	28	0.0050143266475644694	0.0	1.222298687856215e-29	1	False
(filmRef)15906	28	0.0050143266475644694	0.0	1.2226976543700375e-29	1	False
(filmRef)15905	28	0.0050143266475644694	0.0	1.2249575333277671e-29	1	False
(filmRef)15904	28	0.0050143266475644694	0.0	1.2081437849099555e-29	1	False
(filmRef)15706	28	0.0050143266475644694	0.0	1.1355473936042277e-29	1	False
(filmRef)15705	28	0.0050143266475644694	0.0	1.119132117911312e-29	1	False
(filmRef)15704	28	0.0050143266475644694	0.0	1.2223135533943812e-29	1	False
(filmRef)15665	222	0.0005372492836676218	0.0	8.693786580144458e-46	1	False
(filmRef)17647	187	0.0007163323782234957	0.0	1.3073866739838896e-43	1	False
(filmRef)15902	187	0.0007163323782234957	0.0	1.3458882264827716e-43	1	False
(filmRef)15738	116	0.0010744985673352436	0.0	1.0715664794365396e-41	1	False
(filmRef)15652	57	0.0030444126074498567	0.0	2.5042656545827204e-32	1	False
(filmRef)15651	57	0.0030444126074498567	0.0	2.5212751248451537e-32	1	False
(filmRef)15752	116	0.0010744985673352436	0.0	9.402933911578086e-42	1	False
(filmRef)15749	116	0.0010744985673352436	0.0	1.0589716345439483e-41	1	False
(filmRef)15747	116	0.0010744985673352436	0.0	1.0724455614788187e-41	1	False
(filmRef)15746	116	0.0010744985673352436	0.0	1.0764816262709623e-41	1	False
(filmRef)15737	116	0.0010744985673352436	0.0	1.0764816262709623e-41	1	False
(filmRef)15674	57	0.0030444126074498567	0.0	2.5713648324632487e-32	1	False
(filmRef)15648	116	0.0010744985673352436	0.0	9.2984912546743e-42	1	False
(filmRef)2811	361	0.00017908309455587392	0.0	2.031844628585075e-52	1	False
(filmRef)15595	361	0.00017908309455587392	0.0	2.031844628585075e-52	1	False
(filmRef)15655	221	0.0005372492836676218	0.0	2.6480617718027802e-46	1	False
(filmRef)15654	221	0.0005372492836676218	0.0	2.939339298799055e-46	1	False
(filmRef)15584	221	0.0005372492836676218	0.0	2.9614307945916384e-46	1	False
(filmRef)15653	57	0.0030444126074498567	0.0	2.4964291585524673e-32	1	False
(filmRef)15675	57	0.0030444126074498567	0.0	2.571347813271028e-32	1	False
(filmRef)15694	187	0.0007163323782234957	0.0	1.3637688441471585e-43	1	False
(filmRef)15760	57	0.0030444126074498567	0.0	2.5689959155369713e-32	1	False
(filmRef)15676	187	0.0007163323782234957	0.0	1.3637688441471585e-43	1	False
(filmRef)15664	187	0.0007163323782234957	0.0	1.3637688441471585e-43	1	False
(filmRef)15764	57	0.0030444126074498567	0.0	2.570206080389526e-32	1	False
(filmRef)15763	57	0.0030444126074498567	0.0	2.570206080389526e-32	1	False
(filmRef)15762	57	0.0030444126074498567	0.0	2.570206080389526e-32	1	False
(filmRef)15761	57	0.0030444126074498567	0.0	2.570206080389526e-32	1	False
(filmRef)15759	57	0.0030444126074498567	0.0	2.571339583421326e-32	1	False
(filmRef)15681	57	0.0030444126074498567	0.0	2.5713395834213264e-32	1	False
(filmRef)15758	57	0.0030444126074498567	0.0	2.5713478132710284e-32	1	False
(filmRef)15757	57	0.0030444126074498567	0.0	2.5713648324632487e-32	1	False
(filmRef)15693	57	0.0030444126074498567	0.0	2.570206080389526e-32	1	False
(filmRef)15692	57	0.0030444126074498567	0.0	2.570206080389526e-32	1	False
(filmRef)15691	57	0.0030444126074498567	0.0	2.570206080389526e-32	1	False
(filmRef)15690	57	0.0030444126074498567	0.0	2.570206080389526e-32	1	False
(filmRef)15915	28	0.0050143266475644694	0.0	1.1996897282298389e-29	1	False
(filmRef)15916	28	0.0050143266475644694	0.0	1.2233992334909558e-29	1	False
(filmRef)15917	28	0.0050143266475644694	0.0	1.2427688949942051e-29	1	False
(filmRef)15823	70	0.002328080229226361	0.0	1.8815244966729179e-34	1	False
(filmRef)15883	148	0.0008954154727793696	0.0	8.299377534317418e-42	1	False
(filmRef)15882	148	0.0008954154727793696	0.0	8.248478608642694e-42	1	False
(filmRef)15877	188	0.0005372492836676218	0.0	1.493825372616335e-45	1	False
(filmRef)15879	188	0.0007163323782234957	0.0	1.992124717455351e-45	1	False
(filmRef)15878	188	0.0007163323782234957	0.0	2.041832580963983e-45	1	False
(filmRef)15876	188	0.0005372492836676218	0.0	1.5962812669486688e-45	1	False
(filmRef)15822	70	0.002328080229226361	0.0	1.8814986371515477e-34	1	False
(filmRef)15885	148	0.0008954154727793696	0.0	8.289537101047913e-42	1	False
(filmRef)15821	70	0.002328080229226361	0.0	1.8815221317229932e-34	1	False
(filmRef)15820	70	0.002328080229226361	0.0	1.880905081146349e-34	1	False
(filmRef)15819	70	0.002328080229226361	0.0	1.880905081146349e-34	1	False
(filmRef)15818	70	0.002328080229226361	0.0	1.8814904347473968e-34	1	False
(filmRef)15817	70	0.002328080229226361	0.0	1.8814904347473968e-34	1	False
(filmRef)15816	70	0.002328080229226361	0.0	1.8814904347473968e-34	1	False
(filmRef)15884	148	0.0008954154727793696	0.0	8.306018259048638e-42	1	False
(filmRef)15886	148	0.0008954154727793696	0.0	8.305942046382676e-42	1	False
(filmRef)15814	70	0.002328080229226361	0.0	1.8814904347473968e-34	1	False
(filmRef)15898	14	0.0007163323782234957	0.0	1.0236652933477352e-32	1	False
(filmRef)18682	14	0.002328080229226361	0.0	3.573746874342022e-32	1	False
(filmRef)18201	14	0.0010744985673352436	0.0	1.3564648280273883e-32	1	False
(filmRef)17756	14	0.0026862464183381087	0.0	4.257130477829692e-32	1	False
(filmRef)16511	14	0.0007163323782234957	0.0	7.753167000157246e-33	1	False
(filmRef)16509	14	0.0005372492836676218	0.0	6.49444438610423e-33	1	False
(filmRef)18199	14	0.0030444126074498567	0.0	4.4254405717569347e-32	1	False
(filmRef)18684	14	0.0026862464183381087	0.0	4.098211345008811e-32	1	False
(filmRef)15887	148	0.0008954154727793696	0.0	8.306018259048638e-42	1	False
(filmRef)17754	14	0.0028653295128939827	0.0	4.4916796315338973e-32	1	False
(filmRef)16447	14	0.0007163323782234957	0.0	9.874228375726944e-33	1	False
(filmRef)16441	14	0.0030444126074498567	0.0	4.71624006984577e-32	1	False
(filmRef)15899	14	0.00035816618911174784	0.0	3.2733116966158975e-33	1	False
(filmRef)15892	14	0.00035816618911174784	0.0	2.5622956682339565e-33	1	False
(filmRef)15891	14	0.00017908309455587392	0.0	1.555097907759613e-33	1	False
(filmRef)15815	70	0.002328080229226361	0.0	1.8814904347473968e-34	1	False
(filmRef)15813	70	0.002328080229226361	0.0	1.8821096586323844e-34	1	False
(filmRef)15671	362	0.00017908309455587392	0.0	2.926173703099802e-51	1	False
(filmRef)15742	212	0.00035816618911174784	0.0	8.151066220437476e-49	1	False
(filmRef)15771	147	0.0008954154727793696	0.0	9.166503492936473e-42	1	False
(filmRef)15770	147	0.0008954154727793696	0.0	9.166503492936473e-42	1	False
(filmRef)15769	147	0.0008954154727793696	0.0	9.166503492936473e-42	1	False
(filmRef)15751	364	0.00017908309455587392	0.0	8.734531150417163e-52	1	False
(filmRef)15750	364	0.00017908309455587392	0.0	8.734531150417163e-52	1	False
(filmRef)15745	212	0.00017908309455587392	0.0	3.54738993294043e-49	1	False
(filmRef)15741	212	0.00035816618911174784	0.0	7.898362508686452e-49	1	False
(filmRef)15773	147	0.0008954154727793696	0.0	9.166503492936473e-42	1	False
(filmRef)15733	204	0.00017908309455587392	0.0	1.873382465023295e-49	1	False
(filmRef)15734	204	0.00035816618911174784	0.0	3.474550879529671e-49	1	False
(filmRef)15731	204	0.00035816618911174784	0.0	3.467112175157363e-49	1	False
(filmRef)15686	363	0.00017908309455587392	0.0	1.4160231662101863e-51	1	False
(filmRef)15685	363	0.00017908309455587392	0.0	1.4160231662101863e-51	1	False
(filmRef)15672	362	0.00017908309455587392	0.0	2.926173703099802e-51	1	False
(filmRef)15772	147	0.0008954154727793696	0.0	9.166503492936473e-42	1	False
(filmRef)15774	147	0.0008954154727793696	0.0	9.166503492936473e-42	1	False
(filmRef)15812	70	0.002328080229226361	0.0	1.8489884761070289e-34	1	False
(filmRef)15794	365	0.00017908309455587392	0.0	4.244726060138943e-52	1	False
(filmRef)15811	70	0.002328080229226361	0.0	1.8790480360132228e-34	1	False
(filmRef)15810	70	0.002328080229226361	0.0	1.854334880799354e-34	1	False
(filmRef)15802	224	0.0005372492836676218	0.0	2.7009349209028896e-45	1	False
(filmRef)15801	224	0.0005372492836676218	0.0	2.7009349209028896e-45	1	False
(filmRef)15800	224	0.0005372492836676218	0.0	2.7009349209028896e-45	1	False
(filmRef)15799	224	0.0005372492836676218	0.0	2.7009349209028896e-45	1	False
(filmRef)15793	365	0.00017908309455587392	0.0	4.244726060138943e-52	1	False
(filmRef)15775	3	0.0034025787965616043	0.0	2.5427846475027156e-24	1	False
(filmRef)16177	3	0.0053724928366762174	0.0	1.453638526261166e-23	1	False
(filmRef)15780	3	0.0034025787965616043	0.0	2.5373602661937526e-24	1	False
(filmRef)15779	3	0.0034025787965616043	0.0	2.5373602661937526e-24	1	False
(filmRef)15778	3	0.0034025787965616043	0.0	2.537684367342443e-24	1	False
(filmRef)15777	3	0.0034025787965616043	0.0	2.536122236736464e-24	1	False
(filmRef)15776	3	0.0034025787965616043	0.0	2.5361095275306e-24	1	False
(filmRef)14907	257	0.00035816618911174784	0.0	4.420192697939984e-49	1	False
(filmRef)14905	257	0.00035816618911174784	0.0	4.298824322661078e-49	1	False
(filmRef)16388	0	0.10404727793696275	0.0	0.041593073944670045	1	False
(filmRef)18805	0	0.10404727793696275	0.0	0.041600591266225444	1	False
(filmRef)20329	0	0.10404727793696275	0.0	0.041599410074570825	1	False
(filmRef)20328	0	0.10404727793696275	0.0	0.04091978642689129	1	False
(filmRef)20327	0	0.10404727793696275	0.0	0.041600591266225444	1	False
(filmRef)20326	0	0.103689111747851	0.0	0.03172714971882589	1	False
(filmRef)20325	0	0.10404727793696275	0.0	0.04097368450643978	1	False
(filmRef)20324	0	0.10404727793696275	0.0	0.04101291243034025	1	False
(filmRef)20166	0	0.10404727793696275	0.0	0.04160280953856504	1	False
(filmRef)20165	0	0.10404727793696275	0.0	0.04164098631287831	1	False
(filmRef)20164	0	0.10404727793696275	0.0	0.04158092070539003	1	False
(filmRef)20163	0	0.10404727793696275	0.0	0.041594038335569676	1	False
(filmRef)20162	0	0.10404727793696275	0.0	0.04159643166888119	1	False
(filmRef)20161	0	0.10404727793696275	0.0	0.04159600441652047	1	False
(filmRef)20160	0	0.10404727793696275	0.0	0.041596586123444065	1	False
(filmRef)20159	0	0.10404727793696275	0.0	0.041599410074570825	1	False
(filmRef)20158	0	0.10404727793696275	0.0	0.041598822762556366	1	False
(filmRef)20330	0	0.10404727793696275	0.0	0.04159643166888119	1	False
(filmRef)20331	0	0.10404727793696275	0.0	0.04159600441652047	1	False
(filmRef)20332	0	0.10404727793696275	0.0	0.041594038335569676	1	False
(filmRef)20341	0	0.10404727793696275	0.0	0.04155541831212421	1	False
(filmRef)20420	0	0.10404727793696275	0.0	0.04101441419955781	1	False
(filmRef)20346	0	0.10404727793696275	0.0	0.040878991868602	1	False
(filmRef)20345	0	0.10404727793696275	0.0	0.04088072289098921	1	False
(filmRef)20344	0	0.10404727793696275	0.0	0.04088749510667754	1	False
(filmRef)20343	0	0.10404727793696275	0.0	0.040862544969355166	1	False
(filmRef)20342	0	0.10404727793696275	0.0	0.04164180944900914	1	False
(filmRef)20340	0	0.10404727793696275	0.0	0.04159307394467004	1	False
(filmRef)20333	0	0.10404727793696275	0.0	0.04158092070539003	1	False
(filmRef)20339	0	0.10404727793696275	0.0	0.04159264798502827	1	False
(filmRef)20338	0	0.10404727793696275	0.0	0.040918496594661	1	False
(filmRef)20337	0	0.10404727793696275	0.0	0.040915914999990685	1	False
(filmRef)20336	0	0.10404727793696275	0.0	0.04159564653067488	1	False
(filmRef)20335	0	0.10404727793696275	0.0	0.041596447743528185	1	False
(filmRef)20334	0	0.10404727793696275	0.0	0.04160280953856504	1	False
(filmRef)20157	0	0.10404727793696275	0.0	0.041600591266225444	1	False
(filmRef)20156	0	0.10404727793696275	0.0	0.04160924511864902	1	False
(filmRef)20155	0	0.10404727793696275	0.0	0.04165521618979581	1	False
(filmRef)18866	0	0.10404727793696275	0.0	0.041594038335569676	1	False
(filmRef)18954	0	0.10404727793696275	0.0	0.04153851185935925	1	False
(filmRef)18953	0	0.10404727793696275	0.0	0.04164180944900914	1	False
(filmRef)18952	0	0.10404727793696275	0.0	0.04155541831212421	1	False
(filmRef)18869	0	0.10404727793696275	0.0	0.04160280953856504	1	False
(filmRef)18868	0	0.10404727793696275	0.0	0.04164098631287831	1	False
(filmRef)18867	0	0.10404727793696275	0.0	0.04158092070539003	1	False
(filmRef)18865	0	0.10404727793696275	0.0	0.04159643166888119	1	False
(filmRef)18956	0	0.10404727793696275	0.0	0.04159545843358195	1	False
(filmRef)18864	0	0.10404727793696275	0.0	0.04159600441652047	1	False
(filmRef)18863	0	0.10404727793696275	0.0	0.04160924511864902	1	False
(filmRef)18862	0	0.10404727793696275	0.0	0.041655216189795806	1	False
(filmRef)18861	0	0.10404727793696275	0.0	0.04169514625215711	1	False
(filmRef)18810	0	0.10404727793696275	0.0	0.041600591266225444	1	False
(filmRef)18808	0	0.10404727793696275	0.0	0.0398429200834463	1	False
(filmRef)18955	0	0.10404727793696275	0.0	0.041596447743528185	1	False
(filmRef)18957	0	0.10404727793696275	0.0	0.04159564653067488	1	False
(filmRef)20154	0	0.10404727793696275	0.0	0.04169514625215711	1	False
(filmRef)19064	0	0.10404727793696275	0.0	0.041552836999476706	1	False
(filmRef)19271	0	0.10279369627507164	0.0	0.02756798532070244	1	False
(filmRef)19158	0	0.10315186246418338	0.0	0.02810473449333105	1	False
(filmRef)19068	0	0.10404727793696275	0.0	0.04155828032265017	1	False
(filmRef)19067	0	0.10404727793696275	0.0	0.04159587459264598	1	False
(filmRef)19066	0	0.10404727793696275	0.0	0.04150918798423851	1	False
(filmRef)19065	0	0.10404727793696275	0.0	0.041553262959118493	1	False
(filmRef)19063	0	0.10404727793696275	0.0	0.04155302037665258	1	False
(filmRef)18958	0	0.10404727793696275	0.0	0.04159283129087051	1	False
(filmRef)19044	0	0.10404727793696275	0.0	0.041555835616461825	1	False
(filmRef)19043	0	0.10404727793696275	0.0	0.041555251373958824	1	False
(filmRef)19042	0	0.10404727793696275	0.0	0.04155701377732272	1	False
(filmRef)18980	0	0.10404727793696275	0.0	0.041563906739712324	1	False
(filmRef)18960	0	0.10404727793696275	0.0	0.04159307394467004	1	False
(filmRef)18959	0	0.10404727793696275	0.0	0.04159264798502827	1	False
(filmRef)20421	0	0.10404727793696275	0.0	0.04165521618979581	1	False
(filmRef)20422	0	0.10404727793696275	0.0	0.04160924511864902	1	False
(filmRef)20423	0	0.10404727793696275	0.0	0.041600591266225444	1	False
(filmRef)20499	0	0.10404727793696275	0.0	0.041563906739712324	1	False
(filmRef)20538	0	0.10404727793696275	0.0	0.041555835616461825	1	False
(filmRef)20537	0	0.10404727793696275	0.0	0.04159283129087051	1	False
(filmRef)20536	0	0.10404727793696275	0.0	0.040963226613147045	1	False
(filmRef)20502	0	0.10404727793696275	0.0	0.041555835616461825	1	False
(filmRef)20501	0	0.10404727793696275	0.0	0.041555251373958824	1	False
(filmRef)20500	0	0.10404727793696275	0.0	0.04155701377732272	1	False
(filmRef)20498	0	0.10404727793696275	0.0	0.04153851185935925	1	False
(filmRef)20558	0	0.10404727793696275	0.0	0.04165521618979581	1	False
(filmRef)20497	0	0.10404727793696275	0.0	0.04164180944900914	1	False
(filmRef)20496	0	0.10404727793696275	0.0	0.04155541831212421	1	False
(filmRef)20495	0	0.10404727793696275	0.0	0.04159307394467004	1	False
(filmRef)20494	0	0.10404727793696275	0.0	0.04159264798502827	1	False
(filmRef)20493	0	0.10404727793696275	0.0	0.04159283129087051	1	False
(filmRef)20492	0	0.10404727793696275	0.0	0.04159564653067488	1	False
(filmRef)20557	0	0.10404727793696275	0.0	0.04169514625215711	1	False
(filmRef)20559	0	0.10404727793696275	0.0	0.04160924511864902	1	False
(filmRef)20481	0	0.10404727793696275	0.0	0.041596447743528185	1	False
(filmRef)20569	0	0.10404727793696275	0.0	0.04160280953856504	1	False
(filmRef)20575	0	0.10404727793696275	0.0	0.04159307394467004	1	False
(filmRef)20574	0	0.10404727793696275	0.0	0.04159264798502827	1	False
(filmRef)20573	0	0.10404727793696275	0.0	0.04159283129087051	1	False
(filmRef)20572	0	0.10404727793696275	0.0	0.04159564653067488	1	False
(filmRef)20571	0	0.10404727793696275	0.0	0.04159545843358195	1	False
(filmRef)20570	0	0.10404727793696275	0.0	0.041596447743528185	1	False
(filmRef)20568	0	0.10404727793696275	0.0	0.04164098631287831	1	False
(filmRef)20561	0	0.10404727793696275	0.0	0.041598822762556366	1	False
(filmRef)20567	0	0.10404727793696275	0.0	0.04158092070539003	1	False
(filmRef)20566	0	0.10404727793696275	0.0	0.041594038335569676	1	False
(filmRef)20565	0	0.10404727793696275	0.0	0.04159643166888119	1	False
(filmRef)20564	0	0.10404727793696275	0.0	0.04159600441652047	1	False
(filmRef)20563	0	0.10404727793696275	0.0	0.041596586123444065	1	False
(filmRef)20562	0	0.10404727793696275	0.0	0.041599410074570825	1	False
(filmRef)20491	0	0.10404727793696275	0.0	0.04159545843358195	1	False
(filmRef)20480	0	0.10404727793696275	0.0	0.04160280953856504	1	False
(filmRef)20424	0	0.10404727793696275	0.0	0.0395091509929226	1	False
(filmRef)20432	0	0.10404727793696275	0.0	0.04092571872882845	1	False
(filmRef)20438	0	0.10404727793696275	0.0	0.04159307394467004	1	False
(filmRef)20437	0	0.10404727793696275	0.0	0.04159264798502827	1	False
(filmRef)20436	0	0.10404727793696275	0.0	0.04159283129087051	1	False
(filmRef)20435	0	0.10404727793696275	0.0	0.04091868000353901	1	False
(filmRef)20434	0	0.10404727793696275	0.0	0.040918496594661	1	False
(filmRef)20433	0	0.10404727793696275	0.0	0.04091946790632248	1	False
(filmRef)20431	0	0.10404727793696275	0.0	0.04096322661314704	1	False
(filmRef)20440	0	0.10404727793696275	0.0	0.04164180944900914	1	False
(filmRef)20430	0	0.10404727793696275	0.0	0.040904212954918896	1	False
(filmRef)20429	0	0.10404727793696275	0.0	0.04091710223628051	1	False
(filmRef)20428	0	0.10404727793696275	0.0	0.04159643166888119	1	False
(filmRef)20427	0	0.10404727793696275	0.0	0.04159600441652047	1	False
(filmRef)20426	0	0.10404727793696275	0.0	0.041596586123444065	1	False
(filmRef)20425	0	0.10404727793696275	0.0	0.041599410074570825	1	False
(filmRef)20439	0	0.10404727793696275	0.0	0.04155541831212421	1	False
(filmRef)20441	0	0.10404727793696275	0.0	0.04153851185935925	1	False
(filmRef)20479	0	0.10404727793696275	0.0	0.04096322661314704	1	False
(filmRef)20472	0	0.10404727793696275	0.0	0.041598822762556366	1	False
(filmRef)20478	0	0.10404727793696275	0.0	0.040904212954918896	1	False
(filmRef)20477	0	0.10404727793696275	0.0	0.041594038335569676	1	False
(filmRef)20476	0	0.10404727793696275	0.0	0.04159643166888119	1	False
(filmRef)20475	0	0.10404727793696275	0.0	0.04159600441652047	1	False
(filmRef)20474	0	0.10404727793696275	0.0	0.041596586123444065	1	False
(filmRef)20473	0	0.10404727793696275	0.0	0.041599410074570825	1	False
(filmRef)20471	0	0.10404727793696275	0.0	0.04070459839811831	1	False
(filmRef)20442	0	0.10404727793696275	0.0	0.041563906739712324	1	False
(filmRef)20470	0	0.10404727793696275	0.0	0.04160924511864902	1	False
(filmRef)20469	0	0.10404727793696275	0.0	0.04165521618979581	1	False
(filmRef)20468	0	0.10404727793696275	0.0	0.04101441419955781	1	False
(filmRef)20445	0	0.10404727793696275	0.0	0.041555835616461825	1	False
(filmRef)20444	0	0.10404727793696275	0.0	0.041555251373958824	1	False
(filmRef)20443	0	0.10404727793696275	0.0	0.04155701377732272	1	False
(filmRef)18806	0	0.10404727793696275	0.0	0.041598822762556366	1	False
(filmRef)18756	0	0.10404727793696275	0.0	0.04159264798502827	1	False
(filmRef)20577	0	0.10404727793696275	0.0	0.04164180944900914	1	False
(filmRef)18755	0	0.10404727793696275	0.0	0.04159283129087052	1	False
(filmRef)17361	0	0.10404727793696275	0.0	0.04159644774352818	1	False
(filmRef)17360	0	0.10404727793696275	0.0	0.04160280953856503	1	False
(filmRef)17359	0	0.10404727793696275	0.0	0.04164098631287831	1	False
(filmRef)17358	0	0.10404727793696275	0.0	0.04158092070539004	1	False
(filmRef)17357	0	0.10404727793696275	0.0	0.041594038335569676	1	False
(filmRef)17356	0	0.10404727793696275	0.0	0.04159643166888119	1	False
(filmRef)17355	0	0.10404727793696275	0.0	0.04159600441652047	1	False
(filmRef)17354	0	0.10404727793696275	0.0	0.04159658612344405	1	False
(filmRef)17353	0	0.10404727793696275	0.0	0.04159941007457082	1	False
(filmRef)17352	0	0.10404727793696275	0.0	0.041598822762556366	1	False
(filmRef)17351	0	0.10404727793696275	0.0	0.041600591266225444	1	False
(filmRef)17350	0	0.10404727793696275	0.0	0.04160924511864902	1	False
(filmRef)17349	0	0.10404727793696275	0.0	0.04002505665866087	1	False
(filmRef)17348	0	0.10404727793696275	0.0	0.040064525669044795	1	False
(filmRef)17321	0	0.10404727793696275	0.0	0.041594038335569676	1	False
(filmRef)17362	0	0.10404727793696275	0.0	0.04159545843358195	1	False
(filmRef)17363	0	0.10404727793696275	0.0	0.041595646530674886	1	False
(filmRef)17364	0	0.10404727793696275	0.0	0.04159283129087052	1	False
(filmRef)17597	0	0.10404727793696275	0.0	0.04071683630491549	1	False
(filmRef)17603	0	0.10404727793696275	0.0	0.04159600441652047	1	False
(filmRef)17602	0	0.10404727793696275	0.0	0.04159658612344405	1	False
(filmRef)17601	0	0.10404727793696275	0.0	0.04159941007457082	1	False
(filmRef)17600	0	0.10404727793696275	0.0	0.041598822762556366	1	False
(filmRef)17599	0	0.10404727793696275	0.0	0.041600591266225444	1	False
(filmRef)17598	0	0.10404727793696275	0.0	0.04067388675838329	1	False
(filmRef)17596	0	0.10404727793696275	0.0	0.04169514625215711	1	False
(filmRef)17365	0	0.10404727793696275	0.0	0.04159264798502827	1	False
(filmRef)17371	0	0.10404727793696275	0.0	0.04155701377732272	1	False
(filmRef)17370	0	0.10404727793696275	0.0	0.041563906739712324	1	False
(filmRef)17369	0	0.10404727793696275	0.0	0.04153851185935925	1	False
(filmRef)17368	0	0.10404727793696275	0.0	0.04164180944900914	1	False
(filmRef)17367	0	0.10404727793696275	0.0	0.04155541831212422	1	False
(filmRef)17366	0	0.10404727793696275	0.0	0.041593073944670045	1	False
(filmRef)17320	0	0.10404727793696275	0.0	0.04159587459264597	1	False
(filmRef)17319	0	0.10404727793696275	0.0	0.04158092070539004	1	False
(filmRef)17318	0	0.10404727793696275	0.0	0.04159600441652047	1	False
(filmRef)17053	0	0.10404727793696275	0.0	0.04160924511864902	1	False
(filmRef)17059	0	0.10404727793696275	0.0	0.04159643166888119	1	False
(filmRef)17058	0	0.10404727793696275	0.0	0.04159600441652047	1	False
(filmRef)17057	0	0.10404727793696275	0.0	0.04159658612344405	1	False
(filmRef)17056	0	0.10404727793696275	0.0	0.04159941007457082	1	False
(filmRef)17055	0	0.10404727793696275	0.0	0.041598822762556366	1	False
(filmRef)17054	0	0.10404727793696275	0.0	0.041600591266225444	1	False
(filmRef)17052	0	0.10404727793696275	0.0	0.041655216189795806	1	False
(filmRef)17061	0	0.10404727793696275	0.0	0.04158092070539004	1	False
(filmRef)17051	0	0.10404727793696275	0.0	0.04040609476558963	1	False
(filmRef)16393	0	0.10404727793696275	0.0	0.04155701377732272	1	False
(filmRef)16392	0	0.10404727793696275	0.0	0.041563906739712324	1	False
(filmRef)16391	0	0.10404727793696275	0.0	0.04153851185935925	1	False
(filmRef)16390	0	0.10404727793696275	0.0	0.04164180944900914	1	False
(filmRef)16389	0	0.10404727793696275	0.0	0.04155541831212422	1	False
(filmRef)17060	0	0.10404727793696275	0.0	0.041594038335569676	1	False
(filmRef)17062	0	0.103689111747851	0.0	0.04019291318437968	1	False
(filmRef)17317	0	0.10404727793696275	0.0	0.041594038335569676	1	False
(filmRef)17310	0	0.10404727793696275	0.0	0.04159283129087052	1	False
(filmRef)17316	0	0.10404727793696275	0.0	0.041594038335569676	1	False
(filmRef)17315	0	0.10404727793696275	0.0	0.041600591266225444	1	False
(filmRef)17314	0	0.10404727793696275	0.0	0.04164180944900914	1	False
(filmRef)17313	0	0.10404727793696275	0.0	0.04153851185935925	1	False
(filmRef)17312	0	0.10404727793696275	0.0	0.041563906739712324	1	False
(filmRef)17311	0	0.10404727793696275	0.0	0.04155701377732272	1	False
(filmRef)17070	0	0.10404727793696275	0.0	0.04155541831212422	1	False
(filmRef)17063	0	0.10404727793696275	0.0	0.04160280953856503	1	False
(filmRef)17069	0	0.10404727793696275	0.0	0.041593073944670045	1	False
(filmRef)17068	0	0.10404727793696275	0.0	0.04159264798502827	1	False
(filmRef)17067	0	0.10404727793696275	0.0	0.04159283129087052	1	False
(filmRef)17066	0	0.10404727793696275	0.0	0.041595646530674886	1	False
(filmRef)17065	0	0.10404727793696275	0.0	0.04159545843358195	1	False
(filmRef)17064	0	0.10404727793696275	0.0	0.04159644774352818	1	False
(filmRef)17604	0	0.10404727793696275	0.0	0.04159643166888119	1	False
(filmRef)17605	0	0.10404727793696275	0.0	0.041594038335569676	1	False
(filmRef)17606	0	0.10404727793696275	0.0	0.04158092070539004	1	False
(filmRef)18398	0	0.10404727793696275	0.0	0.04159600441652047	1	False
(filmRef)18404	0	0.10404727793696275	0.0	0.04159644774352818	1	False
(filmRef)18403	0	0.10404727793696275	0.0	0.04160280953856503	1	False
(filmRef)18402	0	0.10404727793696275	0.0	0.04164098631287831	1	False
(filmRef)18401	0	0.10404727793696275	0.0	0.04158092070539004	1	False
(filmRef)18400	0	0.10404727793696275	0.0	0.041594038335569676	1	False
(filmRef)18399	0	0.10404727793696275	0.0	0.04159643166888119	1	False
(filmRef)18397	0	0.10404727793696275	0.0	0.04159658612344405	1	False
(filmRef)18406	0	0.10404727793696275	0.0	0.041595646530674886	1	False
(filmRef)18396	0	0.10404727793696275	0.0	0.04159941007457082	1	False
(filmRef)18395	0	0.10404727793696275	0.0	0.041598822762556366	1	False
(filmRef)18394	0	0.10404727793696275	0.0	0.041600591266225444	1	False
(filmRef)18393	0	0.10404727793696275	0.0	0.04160924511864902	1	False
(filmRef)18392	0	0.10404727793696275	0.0	0.041655216189795806	1	False
(filmRef)18391	0	0.10404727793696275	0.0	0.04169514625215711	1	False
(filmRef)18405	0	0.10404727793696275	0.0	0.04159545843358195	1	False
(filmRef)18407	0	0.10404727793696275	0.0	0.04159283129087052	1	False
(filmRef)18078	0	0.10404727793696275	0.0	0.041563906739712324	1	False
(filmRef)18748	0	0.10404727793696275	0.0	0.041594038335569676	1	False
(filmRef)18754	0	0.10404727793696275	0.0	0.041595646530674886	1	False
(filmRef)18753	0	0.10404727793696275	0.0	0.04159545843358195	1	False
(filmRef)18752	0	0.10404727793696275	0.0	0.04159644774352818	1	False
(filmRef)18751	0	0.10404727793696275	0.0	0.04160280953856503	1	False
(filmRef)18750	0	0.10404727793696275	0.0	0.04164098631287831	1	False
(filmRef)18749	0	0.10404727793696275	0.0	0.04158092070539004	1	False
(filmRef)18747	0	0.10404727793696275	0.0	0.04159643166888119	1	False
(filmRef)18408	0	0.10404727793696275	0.0	0.04159264798502827	1	False
(filmRef)18746	0	0.10404727793696275	0.0	0.04159600441652047	1	False
(filmRef)18745	0	0.10404727793696275	0.0	0.04159658612344405	1	False
(filmRef)18744	0	0.10404727793696275	0.0	0.04159941007457082	1	False
(filmRef)18411	0	0.10404727793696275	0.0	0.04164180944900914	1	False
(filmRef)18410	0	0.10404727793696275	0.0	0.04155541831212422	1	False
(filmRef)18409	0	0.10404727793696275	0.0	0.041593073944670045	1	False
(filmRef)18079	0	0.10404727793696275	0.0	0.04155701377732272	1	False
(filmRef)18077	0	0.10404727793696275	0.0	0.04153851185935925	1	False
(filmRef)17607	0	0.10404727793696275	0.0	0.04164098631287831	1	False
(filmRef)17708	0	0.10404727793696275	0.0	0.04155541831212422	1	False
(filmRef)17916	0	0.10404727793696275	0.0	0.041655216189795806	1	False
(filmRef)17915	0	0.10404727793696275	0.0	0.04169514625215711	1	False
(filmRef)17712	0	0.10404727793696275	0.0	0.04155701377732272	1	False
(filmRef)17711	0	0.10404727793696275	0.0	0.041563906739712324	1	False
(filmRef)17710	0	0.10404727793696275	0.0	0.04153851185935925	1	False
(filmRef)17709	0	0.10404727793696275	0.0	0.04164180944900914	1	False
(filmRef)17707	0	0.10404727793696275	0.0	0.041593073944670045	1	False
(filmRef)17918	0	0.10404727793696275	0.0	0.041600591266225444	1	False
(filmRef)17706	0	0.10404727793696275	0.0	0.04159264798502827	1	False
(filmRef)17705	0	0.10404727793696275	0.0	0.04159283129087052	1	False
(filmRef)17704	0	0.10404727793696275	0.0	0.041595646530674886	1	False
(filmRef)17610	0	0.10404727793696275	0.0	0.04159545843358195	1	False
(filmRef)17609	0	0.10404727793696275	0.0	0.04159644774352818	1	False
(filmRef)17608	0	0.10404727793696275	0.0	0.04160280953856503	1	False
(filmRef)17917	0	0.10404727793696275	0.0	0.04160924511864902	1	False
(filmRef)17919	0	0.10404727793696275	0.0	0.041598822762556366	1	False
(filmRef)18076	0	0.10404727793696275	0.0	0.04164180944900914	1	False
(filmRef)17928	0	0.10404727793696275	0.0	0.04159644774352818	1	False
(filmRef)18075	0	0.10404727793696275	0.0	0.04155541831212422	1	False
(filmRef)18074	0	0.10404727793696275	0.0	0.041593073944670045	1	False
(filmRef)18073	0	0.10404727793696275	0.0	0.04159264798502827	1	False
(filmRef)18072	0	0.10404727793696275	0.0	0.04159283129087052	1	False
(filmRef)18071	0	0.10404727793696275	0.0	0.041595646530674886	1	False
(filmRef)18070	0	0.10404727793696275	0.0	0.04159545843358195	1	False
(filmRef)17927	0	0.10404727793696275	0.0	0.04160280953856503	1	False
(filmRef)17920	0	0.10404727793696275	0.0	0.04159941007457082	1	False
(filmRef)17926	0	0.10404727793696275	0.0	0.04164098631287831	1	False
(filmRef)17925	0	0.10404727793696275	0.0	0.04158092070539004	1	False
(filmRef)17924	0	0.10404727793696275	0.0	0.041594038335569676	1	False
(filmRef)17923	0	0.10404727793696275	0.0	0.04159643166888119	1	False
(filmRef)17922	0	0.10404727793696275	0.0	0.04159600441652047	1	False
(filmRef)17921	0	0.10404727793696275	0.0	0.04159658612344405	1	False
(filmRef)20576	0	0.10404727793696275	0.0	0.04155541831212421	1	False
(filmRef)20578	0	0.10404727793696275	0.0	0.04153851185935925	1	False
(filmRef)14903	136	0.0008954154727793696	0.0	9.038948459745353e-42	1	False
(filmRef)14708	19	0.006626074498567335	0.0	1.8136933035372787e-26	1	False
(filmRef)14777	74	0.002148997134670487	0.0	8.543658579460836e-36	1	False
(filmRef)14776	74	0.002148997134670487	0.0	8.682920227761912e-36	1	False
(filmRef)14775	74	0.002148997134670487	0.0	8.586874524090277e-36	1	False
(filmRef)14774	74	0.002148997134670487	0.0	8.578132391137159e-36	1	False
(filmRef)14773	74	0.002148997134670487	0.0	8.769064351816101e-36	1	False
(filmRef)14772	74	0.002148997134670487	0.0	8.800365629095672e-36	1	False
(filmRef)14771	74	0.002148997134670487	0.0	8.811629837949428e-36	1	False
(filmRef)16478	62	0.0005372492836676218	0.0	2.1353073256603302e-35	1	False
(filmRef)19045	1	0.0005372492836676218	0.0	1.1667287488077634e-07	1	False
(filmRef)19236	1	0.0025071633237822347	0.0	5.445997638620143e-07	1	False
(filmRef)19231	1	0.0010744985673352436	0.0	2.3478756923912092e-07	1	False
(filmRef)18994	1	0.006984240687679083	0.0	1.507161760932254e-06	1	False
(filmRef)18988	1	0.004297994269340974	0.0	9.30124112685238e-07	1	False
(filmRef)18987	1	0.0025071633237822347	0.0	5.472664589711846e-07	1	False
(filmRef)18259	91	0.0016117478510028654	0.0	2.468140107236392e-37	1	False
(filmRef)14778	74	0.002148997134670487	0.0	8.889943143050782e-36	1	False
(filmRef)14779	74	0.002148997134670487	0.0	8.53020777460437e-36	1	False
(filmRef)14780	74	0.002148997134670487	0.0	8.658684027998815e-36	1	False
(filmRef)14789	75	0.002148997134670487	0.0	8.073830611510137e-36	1	False
(filmRef)14795	75	0.002148997134670487	0.0	8.324008179712432e-36	1	False
(filmRef)14794	75	0.002148997134670487	0.0	8.277572177363515e-36	1	False
(filmRef)14793	75	0.002148997134670487	0.0	7.901830717084778e-36	1	False
(filmRef)14792	75	0.002148997134670487	0.0	8.222131311349474e-36	1	False
(filmRef)14791	75	0.002148997134670487	0.0	8.149032662849432e-36	1	False
(filmRef)14790	75	0.002148997134670487	0.0	8.086814646274525e-36	1	False
(filmRef)14788	75	0.002148997134670487	0.0	7.858696500696349e-36	1	False
(filmRef)14781	74	0.002148997134670487	0.0	8.633665430122059e-36	1	False
(filmRef)14787	75	0.002148997134670487	0.0	8.325625240513261e-36	1	False
(filmRef)14786	75	0.002148997134670487	0.0	8.028481953313712e-36	1	False
(filmRef)14785	75	0.002148997134670487	0.0	8.310850502465833e-36	1	False
(filmRef)14784	75	0.002148997134670487	0.0	8.269350153056927e-36	1	False
(filmRef)14783	74	0.002148997134670487	0.0	8.690961415587284e-36	1	False
(filmRef)14782	74	0.002148997134670487	0.0	9.000702343312288e-36	1	False
(filmRef)18258	91	0.0016117478510028654	0.0	2.468140107236392e-37	1	False
(filmRef)18257	91	0.0016117478510028654	0.0	2.4666494819513454e-37	1	False
(filmRef)18256	91	0.0016117478510028654	0.0	2.4711384144233785e-37	1	False
(filmRef)15507	19	0.008058739255014326	0.0	2.2862954651131393e-26	1	False
(filmRef)15604	19	0.0082378223495702	0.0	2.321568630254922e-26	1	False
(filmRef)15603	19	0.0082378223495702	0.0	2.3194880384480895e-26	1	False
(filmRef)15602	19	0.0082378223495702	0.0	2.2888199675516552e-26	1	False
(filmRef)15599	19	0.008416905444126075	0.0	2.3350885685828861e-26	1	False
(filmRef)15597	19	0.0082378223495702	0.0	2.3127197312189988e-26	1	False
(filmRef)15596	19	0.008416905444126075	0.0	2.329476240425813e-26	1	False
(filmRef)14716	19	0.006626074498567335	0.0	1.8326279890909252e-26	1	False
(filmRef)15607	19	0.0082378223495702	0.0	2.3021256718254502e-26	1	False
(filmRef)14715	19	0.006626074498567335	0.0	1.8412818369125805e-26	1	False
(filmRef)14714	19	0.006626074498567335	0.0	1.843964729689768e-26	1	False
(filmRef)14713	19	0.006626074498567335	0.0	1.82628409582371e-26	1	False
(filmRef)14712	19	0.006626074498567335	0.0	1.786463384391342e-26	1	False
(filmRef)14711	19	0.006626074498567335	0.0	1.8108655272626607e-26	1	False
(filmRef)14710	19	0.006626074498567335	0.0	1.8383475896869546e-26	1	False
(filmRef)15606	19	0.0082378223495702	0.0	2.3053326332318825e-26	1	False
(filmRef)15626	19	0.008416905444126075	0.0	2.3545857997881614e-26	1	False
(filmRef)14739	91	0.0016117478510028654	0.0	2.4666978224835238e-37	1	False
(filmRef)15636	19	0.008416905444126075	0.0	2.3282514489365826e-26	1	False
(filmRef)14738	91	0.0016117478510028654	0.0	2.4651928247382745e-37	1	False
(filmRef)14737	91	0.0016117478510028654	0.0	2.471138414423379e-37	1	False
(filmRef)14736	91	0.0016117478510028654	0.0	2.465187482517194e-37	1	False
(filmRef)14735	91	0.0016117478510028654	0.0	2.4651928247382745e-37	1	False
(filmRef)14734	91	0.0016117478510028654	0.0	2.4711384144233785e-37	1	False
(filmRef)15637	19	0.008416905444126075	0.0	2.344282556663478e-26	1	False
(filmRef)15635	19	0.008416905444126075	0.0	2.3345609825071703e-26	1	False
(filmRef)15627	19	0.008416905444126075	0.0	2.331708912065178e-26	1	False
(filmRef)15634	19	0.008416905444126075	0.0	2.3485169297614887e-26	1	False
(filmRef)15633	19	0.008416905444126075	0.0	2.3498971923390488e-26	1	False
(filmRef)15632	19	0.008416905444126075	0.0	2.3371819307359047e-26	1	False
(filmRef)15631	19	0.0082378223495702	0.0	2.2907418554228207e-26	1	False
(filmRef)15630	19	0.008416905444126075	0.0	2.335883135221437e-26	1	False
(filmRef)15629	19	0.008416905444126075	0.0	2.3499261921413827e-26	1	False
(filmRef)14796	75	0.002148997134670487	0.0	8.18681954258792e-36	1	False
(filmRef)14797	133	0.0008954154727793696	0.0	9.361203524566347e-42	1	False
(filmRef)14798	133	0.0008954154727793696	0.0	9.361203524566347e-42	1	False
(filmRef)15294	9	0.010207736389684814	0.0	4.9844002400706427e-23	1	False
(filmRef)15301	9	0.010207736389684814	0.0	4.983073674332145e-23	1	False
(filmRef)15300	9	0.010207736389684814	0.0	4.9829072207386576e-23	1	False
(filmRef)15299	9	0.010207736389684814	0.0	4.985591863680839e-23	1	False
(filmRef)15298	9	0.010207736389684814	0.0	4.992069466497249e-23	1	False
(filmRef)15296	9	0.010744985673352435	0.0	5.059089426969021e-23	1	False
(filmRef)15295	9	0.010207736389684814	0.0	4.980849478963402e-23	1	False
(filmRef)15293	9	0.010207736389684814	0.0	4.9879229205698527e-23	1	False
(filmRef)15303	9	0.010207736389684814	0.0	4.984284429636337e-23	1	False
(filmRef)15292	9	0.010207736389684814	0.0	4.988698672587816e-23	1	False
(filmRef)15291	9	0.010207736389684814	0.0	4.986703678712232e-23	1	False
(filmRef)15290	9	0.010207736389684814	0.0	4.9865343060294166e-23	1	False
(filmRef)15284	9	0.010207736389684814	0.0	4.989240356395286e-23	1	False
(filmRef)15283	9	0.010207736389684814	0.0	4.9973454437423453e-23	1	False
(filmRef)15282	9	0.010386819484240688	0.0	5.0015998258437363e-23	1	False
(filmRef)15302	9	0.010207736389684814	0.0	4.9850560937293004e-23	1	False
(filmRef)15306	9	0.009312320916905445	0.0	3.4984027771635393e-23	1	False
(filmRef)15152	9	0.010744985673352435	0.0	5.0648552000764055e-23	1	False
(filmRef)14893	135	0.0007163323782234957	0.0	6.220893962682375e-46	1	False
(filmRef)14902	136	0.0008954154727793696	0.0	9.038948459745353e-42	1	False
(filmRef)14901	136	0.0008954154727793696	0.0	9.038948459745353e-42	1	False
(filmRef)14900	136	0.0008954154727793696	0.0	9.038948459745353e-42	1	False
(filmRef)14899	136	0.0008954154727793696	0.0	9.038948459745353e-42	1	False
(filmRef)14898	136	0.0008954154727793696	0.0	9.038948459745353e-42	1	False
(filmRef)14897	5	0.00017908309455587392	0.0	2.035940494991389e-33	1	False
(filmRef)14891	135	0.0005372492836676218	0.0	4.979431497031178e-46	1	False
(filmRef)15307	9	0.0014326647564469914	0.0	4.881038131765697e-24	1	False
(filmRef)14892	135	0.0007163323782234957	0.0	6.0191050714690126e-46	1	False
(filmRef)14890	135	0.0007163323782234957	0.0	6.117570948410257e-46	1	False
(filmRef)14876	9	0.002328080229226361	0.0	5.756770854043632e-24	1	False
(filmRef)14875	9	0.002328080229226361	0.0	5.837421346718122e-24	1	False
(filmRef)14868	9	0.0025071633237822347	0.0	6.061141216052289e-24	1	False
(filmRef)14862	9	0.002148997134670487	0.0	5.722298528315201e-24	1	False
(filmRef)15281	9	0.010207736389684814	0.0	5.016079293907079e-23	1	False
(filmRef)15151	9	0.010744985673352435	0.0	5.0655811556298227e-23	1	False
(filmRef)14799	133	0.0008954154727793696	0.0	9.361203524566347e-42	1	False
(filmRef)14823	134	0.0008954154727793696	0.0	8.843793210258755e-42	1	False
(filmRef)14843	5	0.0007163323782234957	0.0	9.207267853917035e-33	1	False
(filmRef)14830	5	0.0007163323782234957	0.0	9.660761459863724e-33	1	False
(filmRef)14827	134	0.0008954154727793696	0.0	8.843793210258755e-42	1	False
(filmRef)14826	134	0.0008954154727793696	0.0	8.843793210258755e-42	1	False
(filmRef)14825	134	0.0008954154727793696	0.0	8.843793210258755e-42	1	False
(filmRef)14824	134	0.0008954154727793696	0.0	8.843793210258755e-42	1	False
(filmRef)14822	134	0.0008954154727793696	0.0	8.843793210258755e-42	1	False
(filmRef)14853	347	0.00017908309455587392	0.0	2.492570051382994e-51	1	False
(filmRef)14805	256	0.00035816618911174784	0.0	3.8906468744355144e-48	1	False
(filmRef)14804	256	0.00035816618911174784	0.0	3.897251051678277e-48	1	False
(filmRef)14803	256	0.00035816618911174784	0.0	3.8861808397246634e-48	1	False
(filmRef)14802	133	0.0008954154727793696	0.0	9.361203524566347e-42	1	False
(filmRef)14801	133	0.0008954154727793696	0.0	9.361203524566347e-42	1	False
(filmRef)14800	133	0.0008954154727793696	0.0	9.361203524566347e-42	1	False
(filmRef)14852	347	0.00017908309455587392	0.0	2.492570051382994e-51	1	False
(filmRef)14855	9	0.010386819484240688	0.0	5.001599825843736e-23	1	False
(filmRef)15150	9	0.010744985673352435	0.0	5.0641966038190077e-23	1	False
(filmRef)15143	9	0.010744985673352435	0.0	5.02897180089264e-23	1	False
(filmRef)15149	9	0.010744985673352435	0.0	5.063601676515579e-23	1	False
(filmRef)15148	9	0.010744985673352435	0.0	5.0664994420716717e-23	1	False
(filmRef)15147	9	0.010744985673352435	0.0	5.071961635745846e-23	1	False
(filmRef)15146	9	0.010744985673352435	0.0	5.0716393978392557e-23	1	False
(filmRef)15145	9	0.010744985673352435	0.0	5.059089426969021e-23	1	False
(filmRef)15144	9	0.010744985673352435	0.0	5.0617504874264083e-23	1	False
(filmRef)15135	9	0.010207736389684814	0.0	5.016079293907079e-23	1	False
(filmRef)14856	9	0.010207736389684814	0.0	4.997345443742344e-23	1	False
(filmRef)14911	9	0.010744985673352435	0.0	5.06928059210835e-23	1	False
(filmRef)14873	9	0.011461318051575931	0.0	4.467555965760001e-23	1	False
(filmRef)14860	9	0.010207736389684814	0.0	4.9879229205698527e-23	1	False
(filmRef)14859	9	0.010207736389684814	0.0	4.988698672587816e-23	1	False
(filmRef)14858	9	0.010207736389684814	0.0	4.986703678712232e-23	1	False
(filmRef)14857	9	0.010207736389684814	0.0	4.989240356395286e-23	1	False
(filmRef)14709	19	0.006626074498567335	0.0	1.826984339608601e-26	1	False
(filmRef)14707	19	0.006626074498567335	0.0	1.8217412139947862e-26	1	False
(filmRef)20579	0	0.10404727793696275	0.0	0.041563906739712324	1	False
(filmRef)14706	19	0.006626074498567335	0.0	1.834381068348889e-26	1	False
(filmRef)20666	0	0.10404727793696275	0.0	0.041555835616461825	1	False
(filmRef)20665	0	0.10404727793696275	0.0	0.041555251373958824	1	False
(filmRef)20664	0	0.10404727793696275	0.0	0.04155701377732272	1	False
(filmRef)20663	0	0.10404727793696275	0.0	0.041563906739712324	1	False
(filmRef)20662	0	0.10404727793696275	0.0	0.04153851185935925	1	False
(filmRef)20661	0	0.10404727793696275	0.0	0.04164180944900914	1	False
(filmRef)20660	0	0.10404727793696275	0.0	0.04155541831212421	1	False
(filmRef)20659	0	0.10404727793696275	0.0	0.04159307394467004	1	False
(filmRef)20658	0	0.10404727793696275	0.0	0.04159264798502827	1	False
(filmRef)20657	0	0.10404727793696275	0.0	0.04159283129087051	1	False
(filmRef)20656	0	0.10404727793696275	0.0	0.04159564653067488	1	False
(filmRef)20655	0	0.10404727793696275	0.0	0.04159545843358195	1	False
(filmRef)20654	0	0.10404727793696275	0.0	0.041596447743528185	1	False
(filmRef)20653	0	0.10404727793696275	0.0	0.04160280953856504	1	False
(filmRef)20652	0	0.10404727793696275	0.0	0.04164098631287831	1	False
(filmRef)14515	76	0.0012535816618911174	0.0	3.475101961678344e-41	1	False
(filmRef)14974	76	0.0012535816618911174	0.0	3.3470672272312214e-41	1	False
(filmRef)15230	76	0.0012535816618911174	0.0	3.198225151739762e-41	1	False
(filmRef)14528	344	0.00017908309455587392	0.0	5.6121586148452385e-52	1	False
(filmRef)14556	46	0.0026862464183381087	0.0	1.1527163794741874e-34	1	False
(filmRef)14554	46	0.0028653295128939827	0.0	1.2430448471741156e-34	1	False
(filmRef)14553	46	0.0030444126074498567	0.0	1.271632373566792e-34	1	False
(filmRef)14552	46	0.0028653295128939827	0.0	1.236467646842864e-34	1	False
(filmRef)14551	46	0.0032234957020057307	0.0	1.3370781536773535e-34	1	False
(filmRef)14530	344	0.00017908309455587392	0.0	5.6121586148452385e-52	1	False
(filmRef)14525	181	0.0007163323782234957	0.0	2.2589396743208574e-43	1	False
(filmRef)15412	76	0.0012535816618911174	0.0	3.2625883772524833e-41	1	False
(filmRef)14524	181	0.0007163323782234957	0.0	2.2589396743208574e-43	1	False
(filmRef)14523	181	0.0007163323782234957	0.0	2.2589396743208574e-43	1	False
(filmRef)14522	181	0.0007163323782234957	0.0	2.2589396743208574e-43	1	False
(filmRef)14521	181	0.0007163323782234957	0.0	2.2589396743208574e-43	1	False
(filmRef)15870	76	0.0012535816618911174	0.0	3.4998797697880077e-41	1	False
(filmRef)15656	76	0.0012535816618911174	0.0	3.490226575033116e-41	1	False
(filmRef)20651	0	0.10404727793696275	0.0	0.04158092070539003	1	False
(filmRef)20650	0	0.10404727793696275	0.0	0.041594038335569676	1	False
(filmRef)20649	0	0.10404727793696275	0.0	0.04159643166888119	1	False
(filmRef)20596	0	0.10404727793696275	0.0	0.04159600441652047	1	False
(filmRef)20609	0	0.10404727793696275	0.0	0.041596447743528185	1	False
(filmRef)20607	0	0.10404727793696275	0.0	0.04160280953856504	1	False
(filmRef)20605	0	0.10404727793696275	0.0	0.04164098631287831	1	False
(filmRef)20604	0	0.10404727793696275	0.0	0.04158092070539003	1	False
(filmRef)20601	0	0.10404727793696275	0.0	0.041594038335569676	1	False
(filmRef)20599	0	0.10404727793696275	0.0	0.04159643166888119	1	False
(filmRef)20595	0	0.10404727793696275	0.0	0.041596586123444065	1	False
(filmRef)20611	0	0.10404727793696275	0.0	0.04159564653067488	1	False
(filmRef)20594	0	0.10404727793696275	0.0	0.041599410074570825	1	False
(filmRef)20588	0	0.10404727793696275	0.0	0.04160924511864902	1	False
(filmRef)20587	0	0.10404727793696275	0.0	0.04165521618979581	1	False
(filmRef)20586	0	0.10404727793696275	0.0	0.04169514625215711	1	False
(filmRef)20582	0	0.10404727793696275	0.0	0.041555835616461825	1	False
(filmRef)20581	0	0.10404727793696275	0.0	0.041555251373958824	1	False
(filmRef)20610	0	0.10404727793696275	0.0	0.04159545843358195	1	False
(filmRef)20612	0	0.10404727793696275	0.0	0.04159283129087051	1	False
(filmRef)20648	0	0.10404727793696275	0.0	0.04159600441652047	1	False
(filmRef)20640	0	0.10404727793696275	0.0	0.041555835616461825	1	False
(filmRef)20647	0	0.10404727793696275	0.0	0.041596586123444065	1	False
(filmRef)20645	0	0.10404727793696275	0.0	0.041598822762556366	1	False
(filmRef)20644	0	0.10404727793696275	0.0	0.04160924511864902	1	False
(filmRef)20643	0	0.10404727793696275	0.0	0.04165521618979581	1	False
(filmRef)20642	0	0.10404727793696275	0.0	0.041599410074570825	1	False
(filmRef)20641	0	0.10404727793696275	0.0	0.04169514625215711	1	False
(filmRef)20639	0	0.10404727793696275	0.0	0.041555251373958824	1	False
(filmRef)20625	0	0.10404727793696275	0.0	0.04159264798502827	1	False
(filmRef)20637	0	0.10404727793696275	0.0	0.04155701377732272	1	False
(filmRef)20635	0	0.10404727793696275	0.0	0.041563906739712324	1	False
(filmRef)20633	0	0.10404727793696275	0.0	0.04153851185935925	1	False
(filmRef)20630	0	0.10404727793696275	0.0	0.04164180944900914	1	False
(filmRef)20628	0	0.10404727793696275	0.0	0.04155541831212421	1	False
(filmRef)20626	0	0.10404727793696275	0.0	0.04159307394467004	1	False
(filmRef)14721	46	0.0025071633237822347	0.0	1.145280513218053e-34	1	False
(filmRef)14722	46	0.0034025787965616043	0.0	1.3718995141809175e-34	1	False
(filmRef)14723	46	0.0030444126074498567	0.0	1.27708078186732e-34	1	False
(filmRef)14654	50	0.0032234957020057307	0.0	1.3317819267463938e-32	1	False
(filmRef)14924	50	0.0032234957020057307	0.0	1.4060557874068147e-32	1	False
(filmRef)14923	50	0.0032234957020057307	0.0	1.407714510930961e-32	1	False
(filmRef)14922	50	0.0032234957020057307	0.0	1.4060557874068147e-32	1	False
(filmRef)14657	50	0.0032234957020057307	0.0	1.3317819267463938e-32	1	False
(filmRef)14656	50	0.0032234957020057307	0.0	1.3317819267463938e-32	1	False
(filmRef)14655	50	0.0032234957020057307	0.0	1.331781926746394e-32	1	False
(filmRef)14653	50	0.0032234957020057307	0.0	1.3334061110191178e-32	1	False
(filmRef)14926	50	0.0032234957020057307	0.0	1.4060557874068147e-32	1	False
(filmRef)14652	50	0.0032234957020057307	0.0	1.331781926746394e-32	1	False
(filmRef)14651	50	0.0032234957020057307	0.0	1.4060557874068147e-32	1	False
(filmRef)14650	50	0.0032234957020057307	0.0	1.4060557874068147e-32	1	False
(filmRef)14649	50	0.0032234957020057307	0.0	1.4060557874068147e-32	1	False
(filmRef)14648	50	0.0032234957020057307	0.0	1.4060557874068147e-32	1	False
(filmRef)14647	50	0.0032234957020057307	0.0	1.407714510930961e-32	1	False
(filmRef)14925	50	0.0032234957020057307	0.0	1.4060557874068147e-32	1	False
(filmRef)14927	50	0.0032234957020057307	0.0	1.4060557874068147e-32	1	False
(filmRef)14636	5	0.00017908309455587392	0.0	1.8007112843594282e-33	1	False
(filmRef)15334	63	0.0017908309455587391	0.0	3.737565662117972e-38	1	False
(filmRef)14705	19	0.006626074498567335	0.0	1.8292891649082394e-26	1	False
(filmRef)14704	19	0.006626074498567335	0.0	1.818413236812875e-26	1	False
(filmRef)19988	1	0.03742836676217765	0.0	7.85715262665651e-06	1	False
(filmRef)19237	1	0.00913323782234957	0.0	1.9747277192978005e-06	1	False
(filmRef)18992	1	0.010924068767908308	0.0	2.3663559824945716e-06	1	False
(filmRef)16020	1	0.01414756446991404	0.0	3.0155799259889994e-06	1	False
(filmRef)15027	63	0.0010744985673352436	0.0	2.2428121599578008e-38	1	False
(filmRef)14929	50	0.0032234957020057307	0.0	1.3334061110191178e-32	1	False
(filmRef)15024	63	0.0026862464183381087	0.0	5.006445257646628e-38	1	False
(filmRef)14675	182	0.0007163323782234957	0.0	1.9589979819638374e-45	1	False
(filmRef)14674	182	0.0007163323782234957	0.0	1.929163810076758e-45	1	False
(filmRef)14673	182	0.0007163323782234957	0.0	1.9534978272790837e-45	1	False
(filmRef)14672	182	0.0007163323782234957	0.0	1.9467024805408425e-45	1	False
(filmRef)14671	182	0.0007163323782234957	0.0	1.9159399402514365e-45	1	False
(filmRef)14646	50	0.0032234957020057307	0.0	1.4060557874068147e-32	1	False
(filmRef)14635	76	0.00017908309455587392	0.0	5.7650298853540485e-43	1	False
(filmRef)14724	46	0.0032234957020057307	0.0	1.3140440280095998e-34	1	False
(filmRef)14573	16	0.0008954154727793696	0.0	9.538002000216521e-30	1	False
(filmRef)14605	217	0.00017908309455587392	0.0	1.4175810250970202e-50	1	False
(filmRef)14604	217	0.00017908309455587392	0.0	1.3879630896485167e-50	1	False
(filmRef)16790	345	0.00017908309455587392	0.0	6.929736157299952e-53	1	False
(filmRef)14591	345	0.00017908309455587392	0.0	6.929736157299952e-53	1	False
(filmRef)14587	16	0.00035816618911174784	0.0	5.2337698978691776e-30	1	False
(filmRef)14581	16	0.0010744985673352436	0.0	1.4237629293551337e-29	1	False
(filmRef)14574	16	0.00035816618911174784	0.0	6.1717231769545135e-30	1	False
(filmRef)14621	346	0.00017908309455587392	0.0	2.760663351490138e-51	1	False
(filmRef)14564	132	0.00035816618911174784	0.0	1.5025837161133814e-45	1	False
(filmRef)14562	132	0.0007163323782234957	0.0	2.9830690989435154e-45	1	False
(filmRef)14561	132	0.0007163323782234957	0.0	2.879094385389107e-45	1	False
(filmRef)14559	132	0.0007163323782234957	0.0	3.0821562235174653e-45	1	False
(filmRef)14727	46	0.0016117478510028654	0.0	6.745789230542566e-35	1	False
(filmRef)14726	46	0.0025071633237822347	0.0	1.1030008838905822e-34	1	False
(filmRef)20060	1	0.04333810888252149	0.0	9.141702840720083e-06	1	False
(filmRef)14622	346	0.00017908309455587392	0.0	2.760663351490138e-51	1	False
(filmRef)20239	26	0.0034025787965616043	0.0	1.489436444781089e-32	1	False
(filmRef)15934	26	0.0034025787965616043	0.0	1.457640257396826e-32	1	False
(filmRef)20237	26	0.0034025787965616043	0.0	1.4931473067722885e-32	1	False
(filmRef)20236	26	0.0034025787965616043	0.0	1.4917765819011455e-32	1	False
(filmRef)20235	26	0.0034025787965616043	0.0	1.488406184862838e-32	1	False
(filmRef)20204	26	0.0034025787965616043	0.0	1.3369068469040058e-32	1	False
(filmRef)20202	26	0.0034025787965616043	0.0	1.4331837169947395e-32	1	False
(filmRef)15935	26	0.0034025787965616043	0.0	1.4756220054344755e-32	1	False
(filmRef)15933	26	0.0034025787965616043	0.0	1.500256416564029e-32	1	False
(filmRef)14627	26	0.0034025787965616043	0.0	1.496124092815575e-32	1	False
(filmRef)14633	26	0.0034025787965616043	0.0	1.491126869250827e-32	1	False
(filmRef)14632	26	0.0034025787965616043	0.0	1.4863457808626705e-32	1	False
(filmRef)14631	26	0.0034025787965616043	0.0	1.4996159879711198e-32	1	False
(filmRef)14630	26	0.0034025787965616043	0.0	1.5013247732551167e-32	1	False
(filmRef)14629	26	0.0034025787965616043	0.0	1.498948140877414e-32	1	False
(filmRef)14628	26	0.0034025787965616043	0.0	1.486520228288014e-32	1	False
(filmRef)UCS0203	586	0.00017908309455587392	0.0	1.2142226696259376e-51	1	False
