film_ref	community_id
(filmRef)14505	0
(filmRef)18810	0
(filmRef)18861	0
(filmRef)18862	0
(filmRef)18863	0
(filmRef)18864	0
(filmRef)18865	0
(filmRef)18808	0
(filmRef)18866	0
(filmRef)18868	0
(filmRef)18869	0
(filmRef)18952	0
(filmRef)18953	0
(filmRef)18954	0
(filmRef)18955	0
(filmRef)18867	0
(filmRef)18956	0
(filmRef)18807	0
(filmRef)18805	0
(filmRef)18411	0
(filmRef)18744	0
(filmRef)18745	0
(filmRef)18746	0
(filmRef)18747	0
(filmRef)18748	0
(filmRef)18806	0
(filmRef)18749	0
(filmRef)18751	0
(filmRef)18752	0
(filmRef)18753	0
(filmRef)18754	0
(filmRef)18755	0
(filmRef)18756	0
(filmRef)18750	0
(filmRef)18957	0
(filmRef)18958	0
(filmRef)18959	0
(filmRef)20160	0
(filmRef)20161	0
(filmRef)20162	0
(filmRef)20163	0
(filmRef)20164	0
(filmRef)20165	0
(filmRef)20159	0
(filmRef)20166	0
(filmRef)20325	0
(filmRef)20327	0
(filmRef)20328	0
(filmRef)20329	0
(filmRef)20330	0
(filmRef)20331	0
(filmRef)20324	0
(filmRef)20158	0
(filmRef)20157	0
(filmRef)20156	0
(filmRef)18960	0
(filmRef)18980	0
(filmRef)19042	0
(filmRef)19043	0
(filmRef)19044	0
(filmRef)19063	0
(filmRef)19064	0
(filmRef)19065	0
(filmRef)19066	0
(filmRef)19067	0
(filmRef)19068	0
(filmRef)19158	0
(filmRef)19271	0
(filmRef)20154	0
(filmRef)20155	0
(filmRef)18410	0
(filmRef)20332	0
(filmRef)18409	0
(filmRef)18407	0
(filmRef)17609	0
(filmRef)17610	0
(filmRef)17704	0
(filmRef)17705	0
(filmRef)17706	0
(filmRef)17707	0
(filmRef)17608	0
(filmRef)17708	0
(filmRef)17710	0
(filmRef)17711	0
(filmRef)17712	0
(filmRef)17915	0
(filmRef)17916	0
(filmRef)17917	0
(filmRef)17709	0
(filmRef)17918	0
(filmRef)17607	0
(filmRef)17605	0
(filmRef)17367	0
(filmRef)17368	0
(filmRef)17369	0
(filmRef)17370	0
(filmRef)17371	0
(filmRef)17596	0
(filmRef)17606	0
(filmRef)17597	0
(filmRef)17599	0
(filmRef)17600	0
(filmRef)17601	0
(filmRef)17602	0
(filmRef)17603	0
(filmRef)17604	0
(filmRef)17598	0
(filmRef)17919	0
(filmRef)17920	0
(filmRef)17921	0
(filmRef)18393	0
(filmRef)18394	0
(filmRef)18395	0
(filmRef)18396	0
(filmRef)18397	0
(filmRef)18398	0
(filmRef)18392	0
(filmRef)18399	0
(filmRef)18401	0
(filmRef)18402	0
(filmRef)18403	0
(filmRef)18404	0
(filmRef)18405	0
(filmRef)18406	0
(filmRef)18400	0
(filmRef)18391	0
(filmRef)18079	0
(filmRef)18078	0
(filmRef)17922	0
(filmRef)17923	0
(filmRef)17924	0
(filmRef)17925	0
(filmRef)17926	0
(filmRef)17927	0
(filmRef)17928	0
(filmRef)18070	0
(filmRef)18071	0
(filmRef)18072	0
(filmRef)18073	0
(filmRef)18074	0
(filmRef)18075	0
(filmRef)18076	0
(filmRef)18077	0
(filmRef)18408	0
(filmRef)20333	0
(filmRef)20334	0
(filmRef)20335	0
(filmRef)20586	0
(filmRef)20587	0
(filmRef)20588	0
(filmRef)20594	0
(filmRef)20595	0
(filmRef)20596	0
(filmRef)20582	0
(filmRef)20599	0
(filmRef)20604	0
(filmRef)20605	0
(filmRef)20607	0
(filmRef)20609	0
(filmRef)20610	0
(filmRef)20611	0
(filmRef)20601	0
(filmRef)20612	0
(filmRef)20581	0
(filmRef)20579	0
(filmRef)20565	0
(filmRef)20566	0
(filmRef)20567	0
(filmRef)20568	0
(filmRef)20569	0
(filmRef)20570	0
(filmRef)20580	0
(filmRef)20571	0
(filmRef)20573	0
(filmRef)20574	0
(filmRef)20575	0
(filmRef)20576	0
(filmRef)20577	0
(filmRef)20578	0
(filmRef)20572	0
(filmRef)20625	0
(filmRef)20626	0
(filmRef)20628	0
(filmRef)20655	0
(filmRef)20656	0
(filmRef)20657	0
(filmRef)20658	0
(filmRef)20659	0
(filmRef)20660	0
(filmRef)20654	0
(filmRef)20661	0
(filmRef)20663	0
(filmRef)20664	0
(filmRef)20665	0
(filmRef)20666	0
(filmRef)19142	0
(filmRef)19272	0
(filmRef)20662	0
(filmRef)20653	0
(filmRef)20652	0
(filmRef)20651	0
(filmRef)20630	0
(filmRef)20633	0
(filmRef)20635	0
(filmRef)20637	0
(filmRef)20639	0
(filmRef)20640	0
(filmRef)20641	0
(filmRef)20642	0
(filmRef)20643	0
(filmRef)20644	0
(filmRef)20645	0
(filmRef)20647	0
(filmRef)20648	0
(filmRef)20649	0
(filmRef)20650	0
(filmRef)20564	0
(filmRef)20563	0
(filmRef)20562	0
(filmRef)20561	0
(filmRef)20428	0
(filmRef)20429	0
(filmRef)20430	0
(filmRef)20431	0
(filmRef)20432	0
(filmRef)20433	0
(filmRef)20427	0
(filmRef)20434	0
(filmRef)20436	0
(filmRef)20437	0
(filmRef)20438	0
(filmRef)20439	0
(filmRef)20440	0
(filmRef)20441	0
(filmRef)20435	0
(filmRef)20426	0
(filmRef)20425	0
(filmRef)20424	0
(filmRef)20336	0
(filmRef)20337	0
(filmRef)20338	0
(filmRef)20339	0
(filmRef)20340	0
(filmRef)20341	0
(filmRef)20342	0
(filmRef)20343	0
(filmRef)20344	0
(filmRef)20345	0
(filmRef)20346	0
(filmRef)20420	0
(filmRef)20421	0
(filmRef)20422	0
(filmRef)20423	0
(filmRef)20442	0
(filmRef)17366	0
(filmRef)20443	0
(filmRef)20445	0
(filmRef)20496	0
(filmRef)20497	0
(filmRef)20498	0
(filmRef)20499	0
(filmRef)20500	0
(filmRef)20501	0
(filmRef)20495	0
(filmRef)20502	0
(filmRef)20537	0
(filmRef)20538	0
(filmRef)20557	0
(filmRef)20558	0
(filmRef)20559	0
(filmRef)20560	0
(filmRef)20536	0
(filmRef)20494	0
(filmRef)20493	0
(filmRef)20492	0
(filmRef)20468	0
(filmRef)20469	0
(filmRef)20470	0
(filmRef)20471	0
(filmRef)20472	0
(filmRef)20473	0
(filmRef)20474	0
(filmRef)20475	0
(filmRef)20476	0
(filmRef)20477	0
(filmRef)20478	0
(filmRef)20479	0
(filmRef)20480	0
(filmRef)20481	0
(filmRef)20491	0
(filmRef)20444	0
(filmRef)17365	0
(filmRef)20326	0
(filmRef)17363	0
(filmRef)15285	0
(filmRef)15286	0
(filmRef)15287	0
(filmRef)15288	0
(filmRef)15289	0
(filmRef)15393	0
(filmRef)15279	0
(filmRef)15394	0
(filmRef)15396	0
(filmRef)15397	0
(filmRef)15398	0
(filmRef)15399	0
(filmRef)15400	0
(filmRef)15401	0
(filmRef)15395	0
(filmRef)15402	0
(filmRef)15278	0
(filmRef)15276	0
(filmRef)15214	0
(filmRef)15215	0
(filmRef)15216	0
(filmRef)15217	0
(filmRef)15218	0
(filmRef)15219	0
(filmRef)15277	0
(filmRef)15220	0
(filmRef)15222	0
(filmRef)15271	0
(filmRef)15272	0
(filmRef)15273	0
(filmRef)15274	0
(filmRef)15275	0
(filmRef)15221	0
(filmRef)15403	0
(filmRef)15404	0
(filmRef)15405	0
(filmRef)15468	0
(filmRef)15612	0
(filmRef)15613	0
(filmRef)15614	0
(filmRef)15615	0
(filmRef)15616	0
(filmRef)15467	0
(filmRef)15617	0
(filmRef)15619	0
(filmRef)15620	0
(filmRef)15621	0
(filmRef)15622	0
(filmRef)15623	0
(filmRef)15624	0
(filmRef)15618	0
(filmRef)15466	0
(filmRef)15457	0
(filmRef)15456	0
(filmRef)15406	0
(filmRef)15407	0
(filmRef)15408	0
(filmRef)15444	0
(filmRef)15445	0
(filmRef)15446	0
(filmRef)15447	0
(filmRef)15448	0
(filmRef)15449	0
(filmRef)15450	0
(filmRef)15451	0
(filmRef)15452	0
(filmRef)15453	0
(filmRef)15454	0
(filmRef)15455	0
(filmRef)15213	0
(filmRef)15210	0
(filmRef)15209	0
(filmRef)15208	0
(filmRef)14616	0
(filmRef)14719	0
(filmRef)14728	0
(filmRef)14729	0
(filmRef)14731	0
(filmRef)14733	0
(filmRef)14615	0
(filmRef)14745	0
(filmRef)14749	0
(filmRef)14750	0
(filmRef)14754	0
(filmRef)14759	0
(filmRef)14760	0
(filmRef)14766	0
(filmRef)14748	0
(filmRef)14612	0
(filmRef)14611	0
(filmRef)14609	0
(filmRef)14507	0
(filmRef)14510	0
(filmRef)14511	0
(filmRef)14518	0
(filmRef)14520	0
(filmRef)17364	0
(filmRef)14568	0
(filmRef)14570	0
(filmRef)14571	0
(filmRef)14588	0
(filmRef)14590	0
(filmRef)14593	0
(filmRef)14595	0
(filmRef)14603	0
(filmRef)14606	0
(filmRef)14768	0
(filmRef)15625	0
(filmRef)14770	0
(filmRef)14811	0
(filmRef)15005	0
(filmRef)15009	0
(filmRef)15017	0
(filmRef)15018	0
(filmRef)15033	0
(filmRef)15040	0
(filmRef)15002	0
(filmRef)15047	0
(filmRef)15202	0
(filmRef)15203	0
(filmRef)15204	0
(filmRef)15205	0
(filmRef)15206	0
(filmRef)15207	0
(filmRef)15201	0
(filmRef)15000	0
(filmRef)14997	0
(filmRef)14995	0
(filmRef)14816	0
(filmRef)14819	0
(filmRef)14821	0
(filmRef)14840	0
(filmRef)14908	0
(filmRef)14916	0
(filmRef)14935	0
(filmRef)14936	0
(filmRef)14937	0
(filmRef)14940	0
(filmRef)14941	0
(filmRef)14944	0
(filmRef)14945	0
(filmRef)14972	0
(filmRef)14973	0
(filmRef)14808	0
(filmRef)15707	0
(filmRef)14558	0
(filmRef)15709	0
(filmRef)16390	0
(filmRef)16391	0
(filmRef)16392	0
(filmRef)16393	0
(filmRef)17051	0
(filmRef)17052	0
(filmRef)16389	0
(filmRef)17053	0
(filmRef)17055	0
(filmRef)17056	0
(filmRef)17057	0
(filmRef)17058	0
(filmRef)17059	0
(filmRef)17060	0
(filmRef)17054	0
(filmRef)17061	0
(filmRef)16388	0
(filmRef)16386	0
(filmRef)16372	0
(filmRef)16373	0
(filmRef)16374	0
(filmRef)16375	0
(filmRef)16376	0
(filmRef)16377	0
(filmRef)16387	0
(filmRef)16378	0
(filmRef)16380	0
(filmRef)16381	0
(filmRef)16382	0
(filmRef)16383	0
(filmRef)16384	0
(filmRef)16385	0
(filmRef)16379	0
(filmRef)17062	0
(filmRef)17063	0
(filmRef)17064	0
(filmRef)17349	0
(filmRef)17350	0
(filmRef)17351	0
(filmRef)17352	0
(filmRef)17353	0
(filmRef)17354	0
(filmRef)17348	0
(filmRef)17355	0
(filmRef)17357	0
(filmRef)17358	0
(filmRef)17359	0
(filmRef)17361	0
(filmRef)17362	0
(filmRef)15708	0
(filmRef)17356	0
(filmRef)17321	0
(filmRef)17320	0
(filmRef)17319	0
(filmRef)17065	0
(filmRef)17066	0
(filmRef)17067	0
(filmRef)17068	0
(filmRef)17069	0
(filmRef)17070	0
(filmRef)17310	0
(filmRef)17311	0
(filmRef)17312	0
(filmRef)17313	0
(filmRef)17314	0
(filmRef)17315	0
(filmRef)17316	0
(filmRef)17317	0
(filmRef)17318	0
(filmRef)16371	0
(filmRef)16131	0
(filmRef)17360	0
(filmRef)16129	0
(filmRef)15848	0
(filmRef)15849	0
(filmRef)15850	0
(filmRef)15851	0
(filmRef)15852	0
(filmRef)15853	0
(filmRef)15847	0
(filmRef)15854	0
(filmRef)15856	0
(filmRef)15857	0
(filmRef)15858	0
(filmRef)15859	0
(filmRef)15860	0
(filmRef)15861	0
(filmRef)15855	0
(filmRef)15862	0
(filmRef)15845	0
(filmRef)15756	0
(filmRef)16130	0
(filmRef)15711	0
(filmRef)15713	0
(filmRef)15714	0
(filmRef)15715	0
(filmRef)15716	0
(filmRef)15834	0
(filmRef)15717	0
(filmRef)15719	0
(filmRef)15720	0
(filmRef)15721	0
(filmRef)15722	0
(filmRef)15723	0
(filmRef)15724	0
(filmRef)15718	0
(filmRef)15863	0
(filmRef)15712	0
(filmRef)15865	0
(filmRef)16116	0
(filmRef)16117	0
(filmRef)16118	0
(filmRef)16119	0
(filmRef)16120	0
(filmRef)16121	0
(filmRef)16115	0
(filmRef)16122	0
(filmRef)16124	0
(filmRef)16125	0
(filmRef)16126	0
(filmRef)16127	0
(filmRef)15864	0
(filmRef)16128	0
(filmRef)16123	0
(filmRef)16114	0
(filmRef)15710	0
(filmRef)16112	0
(filmRef)16113	0
(filmRef)15867	0
(filmRef)16099	0
(filmRef)16100	0
(filmRef)16101	0
(filmRef)16102	0
(filmRef)16103	0
(filmRef)15866	0
(filmRef)16105	0
(filmRef)16106	0
(filmRef)16104	0
(filmRef)16107	0
(filmRef)16108	0
(filmRef)16110	0
(filmRef)16109	0
(filmRef)16111	0
(filmRef)15349	1
(filmRef)15353	1
(filmRef)15410	1
(filmRef)15411	1
(filmRef)15414	1
(filmRef)15557	1
(filmRef)15438	1
(filmRef)15348	1
(filmRef)15561	1
(filmRef)15609	1
(filmRef)15610	1
(filmRef)15611	1
(filmRef)15415	1
(filmRef)15338	1
(filmRef)15315	1
(filmRef)15318	1
(filmRef)15016	1
(filmRef)15031	1
(filmRef)15131	1
(filmRef)15133	1
(filmRef)15163	1
(filmRef)15164	1
(filmRef)15330	1
(filmRef)15177	1
(filmRef)15212	1
(filmRef)15233	1
(filmRef)15640	1
(filmRef)15312	1
(filmRef)15313	1
(filmRef)15314	1
(filmRef)15211	1
(filmRef)15252	1
(filmRef)15736	1
(filmRef)15659	1
(filmRef)16015	1
(filmRef)16016	1
(filmRef)16017	1
(filmRef)16018	1
(filmRef)16019	1
(filmRef)16021	1
(filmRef)16014	1
(filmRef)16023	1
(filmRef)16340	1
(filmRef)16341	1
(filmRef)16342	1
(filmRef)15001	1
(filmRef)16343	1
(filmRef)16345	1
(filmRef)16025	1
(filmRef)15647	1
(filmRef)16013	1
(filmRef)16010	1
(filmRef)15662	1
(filmRef)15678	1
(filmRef)15679	1
(filmRef)15683	1
(filmRef)15735	1
(filmRef)15753	1
(filmRef)16011	1
(filmRef)15754	1
(filmRef)15766	1
(filmRef)15791	1
(filmRef)15792	1
(filmRef)15795	1
(filmRef)15841	1
(filmRef)16008	1
(filmRef)15755	1
(filmRef)15844	1
(filmRef)20488	1
(filmRef)20636	1
(filmRef)20465	1
(filmRef)20463	1
(filmRef)20462	1
(filmRef)20461	1
(filmRef)20418	1
(filmRef)20413	1
(filmRef)20411	1
(filmRef)20407	1
(filmRef)20405	1
(filmRef)20403	1
(filmRef)20397	1
(filmRef)20380	1
(filmRef)20316	1
(filmRef)20315	1
(filmRef)20308	1
(filmRef)20307	1
(filmRef)20304	1
(filmRef)20142	1
(filmRef)16348	1
(filmRef)20143	1
(filmRef)20193	1
(filmRef)20195	1
(filmRef)20196	1
(filmRef)20466	1
(filmRef)20197	1
(filmRef)20200	1
(filmRef)20201	1
(filmRef)20295	1
(filmRef)20297	1
(filmRef)20298	1
(filmRef)20302	1
(filmRef)20199	1
(filmRef)20482	1
(filmRef)20484	1
(filmRef)20487	1
(filmRef)20590	1
(filmRef)20592	1
(filmRef)20593	1
(filmRef)20597	1
(filmRef)20598	1
(filmRef)20600	1
(filmRef)20589	1
(filmRef)20602	1
(filmRef)20606	1
(filmRef)20608	1
(filmRef)20623	1
(filmRef)20624	1
(filmRef)20631	1
(filmRef)20632	1
(filmRef)20603	1
(filmRef)20638	1
(filmRef)20583	1
(filmRef)20554	1
(filmRef)20504	1
(filmRef)20505	1
(filmRef)20534	1
(filmRef)20539	1
(filmRef)20540	1
(filmRef)20541	1
(filmRef)20555	1
(filmRef)20543	1
(filmRef)20546	1
(filmRef)20547	1
(filmRef)20550	1
(filmRef)20551	1
(filmRef)20552	1
(filmRef)20553	1
(filmRef)20544	1
(filmRef)16350	1
(filmRef)20314	1
(filmRef)16353	1
(filmRef)20457	1
(filmRef)20456	1
(filmRef)20455	1
(filmRef)20446	1
(filmRef)20417	1
(filmRef)20416	1
(filmRef)20415	1
(filmRef)20414	1
(filmRef)20412	1
(filmRef)20410	1
(filmRef)20409	1
(filmRef)20408	1
(filmRef)20406	1
(filmRef)20404	1
(filmRef)20402	1
(filmRef)20401	1
(filmRef)20400	1
(filmRef)20372	1
(filmRef)20373	1
(filmRef)20374	1
(filmRef)20375	1
(filmRef)20376	1
(filmRef)20377	1
(filmRef)20458	1
(filmRef)20378	1
(filmRef)20393	1
(filmRef)20394	1
(filmRef)20395	1
(filmRef)20396	1
(filmRef)20398	1
(filmRef)20399	1
(filmRef)20379	1
(filmRef)20371	1
(filmRef)20459	1
(filmRef)20467	1
(filmRef)20141	1
(filmRef)19986	1
(filmRef)18989	1
(filmRef)19045	1
(filmRef)19236	1
(filmRef)19231	1
(filmRef)18994	1
(filmRef)18988	1
(filmRef)18987	1
(filmRef)19988	1
(filmRef)19237	1
(filmRef)18992	1
(filmRef)16020	1
(filmRef)20070	1
(filmRef)20060	1
(filmRef)20068	1
(filmRef)20066	1
(filmRef)20483	1
(filmRef)20485	1
(filmRef)20486	1
(filmRef)20489	1
(filmRef)20490	1
(filmRef)20533	1
(filmRef)20464	1
(filmRef)20548	1
(filmRef)20627	1
(filmRef)20629	1
(filmRef)20634	1
(filmRef)18986	1
(filmRef)18993	1
(filmRef)19229	1
(filmRef)20584	1
(filmRef)20317	1
(filmRef)20313	1
(filmRef)20312	1
(filmRef)18719	1
(filmRef)17698	1
(filmRef)17328	1
(filmRef)17327	1
(filmRef)17322	1
(filmRef)17287	1
(filmRef)17282	1
(filmRef)17046	1
(filmRef)17044	1
(filmRef)17039	1
(filmRef)17037	1
(filmRef)17035	1
(filmRef)17034	1
(filmRef)17033	1
(filmRef)17032	1
(filmRef)17031	1
(filmRef)16983	1
(filmRef)16355	1
(filmRef)16356	1
(filmRef)16357	1
(filmRef)16358	1
(filmRef)16359	1
(filmRef)16360	1
(filmRef)18721	1
(filmRef)16361	1
(filmRef)16863	1
(filmRef)16866	1
(filmRef)16867	1
(filmRef)16869	1
(filmRef)16871	1
(filmRef)16981	1
(filmRef)16362	1
(filmRef)18723	1
(filmRef)18724	1
(filmRef)18725	1
(filmRef)20198	1
(filmRef)20292	1
(filmRef)20293	1
(filmRef)20294	1
(filmRef)20296	1
(filmRef)20299	1
(filmRef)20194	1
(filmRef)20300	1
(filmRef)20303	1
(filmRef)20305	1
(filmRef)20306	1
(filmRef)20309	1
(filmRef)20310	1
(filmRef)20311	1
(filmRef)20301	1
(filmRef)16351	1
(filmRef)20065	1
(filmRef)20062	1
(filmRef)18726	1
(filmRef)18981	1
(filmRef)18982	1
(filmRef)18983	1
(filmRef)18985	1
(filmRef)18991	1
(filmRef)20063	1
(filmRef)19230	1
(filmRef)19234	1
(filmRef)19235	1
(filmRef)19987	1
(filmRef)19989	1
(filmRef)19990	1
(filmRef)20061	1
(filmRef)19233	1
(filmRef)20140	1
(filmRef)14848	1
(filmRef)20069	1
(filmRef)15409	1
(filmRef)15367	1
(filmRef)15346	1
(filmRef)15345	1
(filmRef)15320	1
(filmRef)15319	1
(filmRef)15260	1
(filmRef)15259	1
(filmRef)15251	1
(filmRef)15232	1
(filmRef)15223	1
(filmRef)15155	1
(filmRef)15132	1
(filmRef)15130	1
(filmRef)15113	1
(filmRef)15112	1
(filmRef)15111	1
(filmRef)15006	1
(filmRef)15008	1
(filmRef)15032	1
(filmRef)15046	1
(filmRef)15052	1
(filmRef)15053	1
(filmRef)15429	1
(filmRef)15054	1
(filmRef)15060	1
(filmRef)15061	1
(filmRef)15093	1
(filmRef)15108	1
(filmRef)15109	1
(filmRef)15110	1
(filmRef)15055	1
(filmRef)14999	1
(filmRef)15430	1
(filmRef)15458	1
(filmRef)16009	1
(filmRef)15871	1
(filmRef)15869	1
(filmRef)15843	1
(filmRef)15842	1
(filmRef)15833	1
(filmRef)15806	1
(filmRef)15805	1
(filmRef)15804	1
(filmRef)15798	1
(filmRef)15796	1
(filmRef)15790	1
(filmRef)15767	1
(filmRef)15739	1
(filmRef)15687	1
(filmRef)15684	1
(filmRef)15680	1
(filmRef)15459	1
(filmRef)15553	1
(filmRef)15556	1
(filmRef)15573	1
(filmRef)15576	1
(filmRef)15585	1
(filmRef)15437	1
(filmRef)15586	1
(filmRef)15593	1
(filmRef)15594	1
(filmRef)15638	1
(filmRef)15639	1
(filmRef)15650	1
(filmRef)15661	1
(filmRef)15587	1
(filmRef)16012	1
(filmRef)14998	1
(filmRef)14943	1
(filmRef)14582	1
(filmRef)14569	1
(filmRef)14565	1
(filmRef)14557	1
(filmRef)14519	1
(filmRef)14512	1
(filmRef)14509	1
(filmRef)14508	1
(filmRef)14506	1
(filmRef)14444	1
(filmRef)14436	1
(filmRef)14429	1
(filmRef)14428	1
(filmRef)14427	1
(filmRef)14327	1
(filmRef)14326	1
(filmRef)14325	1
(filmRef)14255	1
(filmRef)14256	1
(filmRef)14269	1
(filmRef)14271	1
(filmRef)14272	1
(filmRef)14273	1
(filmRef)14589	1
(filmRef)14274	1
(filmRef)14280	1
(filmRef)14300	1
(filmRef)14301	1
(filmRef)14302	1
(filmRef)14305	1
(filmRef)14318	1
(filmRef)14275	1
(filmRef)14996	1
(filmRef)14592	1
(filmRef)14607	1
(filmRef)20138	1
(filmRef)14938	1
(filmRef)14851	1
(filmRef)14850	1
(filmRef)14849	1
(filmRef)14841	1
(filmRef)14820	1
(filmRef)14818	1
(filmRef)14812	1
(filmRef)14810	1
(filmRef)14807	1
(filmRef)14806	1
(filmRef)14769	1
(filmRef)14767	1
(filmRef)14762	1
(filmRef)14753	1
(filmRef)14751	1
(filmRef)14608	1
(filmRef)14613	1
(filmRef)14614	1
(filmRef)14617	1
(filmRef)14618	1
(filmRef)14634	1
(filmRef)14602	1
(filmRef)14640	1
(filmRef)14703	1
(filmRef)14732	1
(filmRef)14740	1
(filmRef)14741	1
(filmRef)14743	1
(filmRef)14746	1
(filmRef)14641	1
(filmRef)16022	1
(filmRef)14939	1
(filmRef)16344	1
(filmRef)18372	1
(filmRef)18031	1
(filmRef)18030	1
(filmRef)18029	1
(filmRef)18028	1
(filmRef)18027	1
(filmRef)18026	1
(filmRef)18025	1
(filmRef)18024	1
(filmRef)18023	1
(filmRef)18022	1
(filmRef)17909	1
(filmRef)17908	1
(filmRef)17907	1
(filmRef)17906	1
(filmRef)17905	1
(filmRef)17904	1
(filmRef)17689	1
(filmRef)17690	1
(filmRef)17691	1
(filmRef)17692	1
(filmRef)17693	1
(filmRef)17694	1
(filmRef)18373	1
(filmRef)17695	1
(filmRef)17697	1
(filmRef)17699	1
(filmRef)17700	1
(filmRef)17701	1
(filmRef)17702	1
(filmRef)17703	1
(filmRef)17696	1
(filmRef)17688	1
(filmRef)18375	1
(filmRef)18377	1
(filmRef)16024	1
(filmRef)20067	1
(filmRef)20064	1
(filmRef)19992	1
(filmRef)19991	1
(filmRef)19985	1
(filmRef)19240	1
(filmRef)19239	1
(filmRef)19238	1
(filmRef)19227	1
(filmRef)19106	1
(filmRef)18995	1
(filmRef)18984	1
(filmRef)18727	1
(filmRef)18722	1
(filmRef)18720	1
(filmRef)18718	1
(filmRef)18378	1
(filmRef)18379	1
(filmRef)18380	1
(filmRef)18381	1
(filmRef)18382	1
(filmRef)18383	1
(filmRef)18376	1
(filmRef)18415	1
(filmRef)18712	1
(filmRef)18713	1
(filmRef)18714	1
(filmRef)18715	1
(filmRef)18716	1
(filmRef)18717	1
(filmRef)18416	1
(filmRef)17687	1
(filmRef)18374	1
(filmRef)17685	1
(filmRef)17038	1
(filmRef)17045	1
(filmRef)17047	1
(filmRef)17048	1
(filmRef)17050	1
(filmRef)17283	1
(filmRef)17036	1
(filmRef)17284	1
(filmRef)17286	1
(filmRef)17288	1
(filmRef)17289	1
(filmRef)17290	1
(filmRef)17291	1
(filmRef)17292	1
(filmRef)17285	1
(filmRef)17293	1
(filmRef)16987	1
(filmRef)16985	1
(filmRef)16346	1
(filmRef)17686	1
(filmRef)16347	1
(filmRef)16349	1
(filmRef)16352	1
(filmRef)16354	1
(filmRef)16986	1
(filmRef)16363	1
(filmRef)16864	1
(filmRef)16865	1
(filmRef)16868	1
(filmRef)16870	1
(filmRef)16982	1
(filmRef)16984	1
(filmRef)16364	1
(filmRef)17294	1
(filmRef)17042	1
(filmRef)17298	1
(filmRef)17335	1
(filmRef)17336	1
(filmRef)17337	1
(filmRef)17338	1
(filmRef)17339	1
(filmRef)17341	1
(filmRef)17334	1
(filmRef)17342	1
(filmRef)17347	1
(filmRef)17680	1
(filmRef)17681	1
(filmRef)17682	1
(filmRef)17683	1
(filmRef)17684	1
(filmRef)17343	1
(filmRef)17333	1
(filmRef)17340	1
(filmRef)17323	1
(filmRef)17301	1
(filmRef)17302	1
(filmRef)17303	1
(filmRef)17304	1
(filmRef)17299	1
(filmRef)17305	1
(filmRef)17332	1
(filmRef)17300	1
(filmRef)17325	1
(filmRef)17326	1
(filmRef)17329	1
(filmRef)17330	1
(filmRef)17331	1
(filmRef)17324	1
(filmRef)19867	2
(filmRef)19853	2
(filmRef)19869	2
(filmRef)19866	2
(filmRef)19870	2
(filmRef)19868	2
(filmRef)19864	2
(filmRef)19855	2
(filmRef)19862	2
(filmRef)19861	2
(filmRef)19860	2
(filmRef)19856	2
(filmRef)19854	2
(filmRef)19871	2
(filmRef)19863	2
(filmRef)19872	2
(filmRef)19913	2
(filmRef)19874	2
(filmRef)19852	2
(filmRef)19915	2
(filmRef)19914	2
(filmRef)19912	2
(filmRef)19911	2
(filmRef)19894	2
(filmRef)19893	2
(filmRef)19892	2
(filmRef)19891	2
(filmRef)19890	2
(filmRef)19887	2
(filmRef)19886	2
(filmRef)19885	2
(filmRef)19884	2
(filmRef)19875	2
(filmRef)19873	2
(filmRef)19851	2
(filmRef)19810	2
(filmRef)19849	2
(filmRef)19824	2
(filmRef)19820	2
(filmRef)19819	2
(filmRef)19818	2
(filmRef)19817	2
(filmRef)19816	2
(filmRef)19825	2
(filmRef)19815	2
(filmRef)19813	2
(filmRef)19812	2
(filmRef)19811	2
(filmRef)19809	2
(filmRef)19916	2
(filmRef)19808	2
(filmRef)19814	2
(filmRef)19826	2
(filmRef)19827	2
(filmRef)19828	2
(filmRef)19848	2
(filmRef)19847	2
(filmRef)19846	2
(filmRef)19845	2
(filmRef)19844	2
(filmRef)19843	2
(filmRef)19842	2
(filmRef)19841	2
(filmRef)19840	2
(filmRef)19839	2
(filmRef)19836	2
(filmRef)19834	2
(filmRef)19833	2
(filmRef)19832	2
(filmRef)19831	2
(filmRef)19850	2
(filmRef)19917	2
(filmRef)14382	2
(filmRef)19919	2
(filmRef)19973	2
(filmRef)19972	2
(filmRef)19971	2
(filmRef)19970	2
(filmRef)19969	2
(filmRef)19968	2
(filmRef)19974	2
(filmRef)19967	2
(filmRef)19965	2
(filmRef)19964	2
(filmRef)19963	2
(filmRef)19962	2
(filmRef)19961	2
(filmRef)19960	2
(filmRef)19966	2
(filmRef)19975	2
(filmRef)19976	2
(filmRef)19977	2
(filmRef)19807	2
(filmRef)14392	2
(filmRef)14387	2
(filmRef)14391	2
(filmRef)20233	2
(filmRef)20180	2
(filmRef)20171	2
(filmRef)20133	2
(filmRef)20098	2
(filmRef)20091	2
(filmRef)20084	2
(filmRef)20083	2
(filmRef)19994	2
(filmRef)19993	2
(filmRef)19978	2
(filmRef)19959	2
(filmRef)19958	2
(filmRef)19957	2
(filmRef)19955	2
(filmRef)19935	2
(filmRef)19934	2
(filmRef)19933	2
(filmRef)19932	2
(filmRef)19931	2
(filmRef)19929	2
(filmRef)19928	2
(filmRef)19927	2
(filmRef)19926	2
(filmRef)19925	2
(filmRef)19924	2
(filmRef)19923	2
(filmRef)19922	2
(filmRef)19921	2
(filmRef)19920	2
(filmRef)19936	2
(filmRef)19918	2
(filmRef)19937	2
(filmRef)19939	2
(filmRef)19954	2
(filmRef)19953	2
(filmRef)19952	2
(filmRef)19951	2
(filmRef)19950	2
(filmRef)19949	2
(filmRef)19948	2
(filmRef)19947	2
(filmRef)19946	2
(filmRef)19945	2
(filmRef)19944	2
(filmRef)19943	2
(filmRef)19942	2
(filmRef)19941	2
(filmRef)19940	2
(filmRef)19938	2
(filmRef)19806	2
(filmRef)19956	2
(filmRef)19804	2
(filmRef)16669	2
(filmRef)16668	2
(filmRef)16667	2
(filmRef)16666	2
(filmRef)16665	2
(filmRef)16664	2
(filmRef)16670	2
(filmRef)16663	2
(filmRef)16660	2
(filmRef)16659	2
(filmRef)16658	2
(filmRef)16657	2
(filmRef)16656	2
(filmRef)16645	2
(filmRef)16661	2
(filmRef)16671	2
(filmRef)16672	2
(filmRef)16673	2
(filmRef)16703	2
(filmRef)16702	2
(filmRef)16701	2
(filmRef)16700	2
(filmRef)16691	2
(filmRef)16690	2
(filmRef)16689	2
(filmRef)16688	2
(filmRef)16687	2
(filmRef)16685	2
(filmRef)16684	2
(filmRef)16683	2
(filmRef)16682	2
(filmRef)16681	2
(filmRef)16675	2
(filmRef)19805	2
(filmRef)16704	2
(filmRef)16644	2
(filmRef)16642	2
(filmRef)14383	2
(filmRef)14381	2
(filmRef)14334	2
(filmRef)14333	2
(filmRef)14332	2
(filmRef)14304	2
(filmRef)14384	2
(filmRef)14303	2
(filmRef)14276	2
(filmRef)14268	2
(filmRef)14267	2
(filmRef)14266	2
(filmRef)14230	2
(filmRef)14229	2
(filmRef)14277	2
(filmRef)14388	2
(filmRef)14389	2
(filmRef)14390	2
(filmRef)14599	2
(filmRef)14598	2
(filmRef)14597	2
(filmRef)14596	2
(filmRef)14517	2
(filmRef)14516	2
(filmRef)14504	2
(filmRef)14503	2
(filmRef)14498	2
(filmRef)14497	2
(filmRef)14453	2
(filmRef)14452	2
(filmRef)14451	2
(filmRef)14450	2
(filmRef)14393	2
(filmRef)16643	2
(filmRef)16709	2
(filmRef)16662	2
(filmRef)16711	2
(filmRef)16781	2
(filmRef)16780	2
(filmRef)16779	2
(filmRef)16778	2
(filmRef)16777	2
(filmRef)16776	2
(filmRef)16775	2
(filmRef)16774	2
(filmRef)16772	2
(filmRef)16771	2
(filmRef)16770	2
(filmRef)16768	2
(filmRef)16767	2
(filmRef)16766	2
(filmRef)16765	2
(filmRef)16782	2
(filmRef)16756	2
(filmRef)16783	2
(filmRef)19654	2
(filmRef)19803	2
(filmRef)19802	2
(filmRef)19801	2
(filmRef)19797	2
(filmRef)19796	2
(filmRef)19795	2
(filmRef)19794	2
(filmRef)16710	2
(filmRef)19791	2
(filmRef)19790	2
(filmRef)19789	2
(filmRef)19788	2
(filmRef)19787	2
(filmRef)19786	2
(filmRef)19785	2
(filmRef)19572	2
(filmRef)16755	2
(filmRef)19792	2
(filmRef)16751	2
(filmRef)16728	2
(filmRef)16727	2
(filmRef)16726	2
(filmRef)16725	2
(filmRef)16724	2
(filmRef)16723	2
(filmRef)16722	2
(filmRef)16721	2
(filmRef)16720	2
(filmRef)16719	2
(filmRef)16718	2
(filmRef)16714	2
(filmRef)16713	2
(filmRef)16712	2
(filmRef)16752	2
(filmRef)16729	2
(filmRef)16730	2
(filmRef)16717	2
(filmRef)16732	2
(filmRef)16731	2
(filmRef)16749	2
(filmRef)16750	2
(filmRef)16747	2
(filmRef)16746	2
(filmRef)16745	2
(filmRef)16744	2
(filmRef)16748	2
(filmRef)16742	2
(filmRef)16741	2
(filmRef)16736	2
(filmRef)16735	2
(filmRef)16734	2
(filmRef)16743	2
(filmRef)16733	2
(filmRef)17675	3
(filmRef)17247	3
(filmRef)17248	3
(filmRef)17249	3
(filmRef)17401	3
(filmRef)17402	3
(filmRef)17405	3
(filmRef)17404	3
(filmRef)17406	3
(filmRef)17673	3
(filmRef)17674	3
(filmRef)17403	3
(filmRef)17246	3
(filmRef)17003	3
(filmRef)17008	3
(filmRef)17007	3
(filmRef)17006	3
(filmRef)17005	3
(filmRef)17004	3
(filmRef)17002	3
(filmRef)17001	3
(filmRef)16998	3
(filmRef)16235	3
(filmRef)16234	3
(filmRef)17676	3
(filmRef)16233	3
(filmRef)17009	3
(filmRef)17677	3
(filmRef)18290	3
(filmRef)17679	3
(filmRef)16232	3
(filmRef)18673	3
(filmRef)18672	3
(filmRef)18671	3
(filmRef)18670	3
(filmRef)18669	3
(filmRef)18668	3
(filmRef)18667	3
(filmRef)18666	3
(filmRef)18293	3
(filmRef)18292	3
(filmRef)18291	3
(filmRef)17678	3
(filmRef)18289	3
(filmRef)18287	3
(filmRef)18286	3
(filmRef)18285	3
(filmRef)18115	3
(filmRef)18114	3
(filmRef)18113	3
(filmRef)18112	3
(filmRef)18111	3
(filmRef)18110	3
(filmRef)18109	3
(filmRef)18108	3
(filmRef)18107	3
(filmRef)18288	3
(filmRef)16231	3
(filmRef)16557	3
(filmRef)16178	3
(filmRef)16185	3
(filmRef)16184	3
(filmRef)16183	3
(filmRef)16182	3
(filmRef)16181	3
(filmRef)16180	3
(filmRef)16179	3
(filmRef)16177	3
(filmRef)15780	3
(filmRef)15779	3
(filmRef)15778	3
(filmRef)15777	3
(filmRef)16186	3
(filmRef)15776	3
(filmRef)17672	3
(filmRef)17671	3
(filmRef)17000	3
(filmRef)16999	3
(filmRef)16556	3
(filmRef)19048	3
(filmRef)14286	3
(filmRef)14285	3
(filmRef)14283	3
(filmRef)14282	3
(filmRef)14281	3
(filmRef)16230	3
(filmRef)15775	3
(filmRef)16187	3
(filmRef)14284	3
(filmRef)16890	3
(filmRef)16188	3
(filmRef)16894	3
(filmRef)16893	3
(filmRef)16555	3
(filmRef)16229	3
(filmRef)16228	3
(filmRef)16227	3
(filmRef)16226	3
(filmRef)15972	3
(filmRef)15970	3
(filmRef)15969	3
(filmRef)15968	3
(filmRef)15975	3
(filmRef)15961	3
(filmRef)15963	3
(filmRef)16892	3
(filmRef)15958	3
(filmRef)15962	3
(filmRef)15964	3
(filmRef)15959	3
(filmRef)15966	3
(filmRef)15967	3
(filmRef)15971	3
(filmRef)15960	3
(filmRef)15965	3
(filmRef)16891	3
(filmRef)T1046	4
(filmRef)T0456	4
(filmRef)T0190	4
(filmRef)T0352	4
(filmRef)T0334	4
(filmRef)T0340	4
(filmRef)T0330	4
(filmRef)T0569	4
(filmRef)T0446	4
(filmRef)T0911	4
(filmRef)T0178	4
(filmRef)T0177	4
(filmRef)T0160	4
(filmRef)T1116	4
(filmRef)T0542	4
(filmRef)T0525	4
(filmRef)T0497	4
(filmRef)T1113	4
(filmRef)T0012	4
(filmRef)T0192	4
(filmRef)T1114	4
(filmRef)T1650	4
(filmRef)T1223	4
(filmRef)T0297	4
(filmRef)T1992	4
(filmRef)T2029	4
(filmRef)T1988	4
(filmRef)T1954	4
(filmRef)T2024	4
(filmRef)T2003	4
(filmRef)T1942	4
(filmRef)T1906	4
(filmRef)T1944	4
(filmRef)T1856	4
(filmRef)T1949	4
(filmRef)T1885	4
(filmRef)T1636	4
(filmRef)T1916	4
(filmRef)T1883	4
(filmRef)T1497	4
(filmRef)T1860	4
(filmRef)T1444	4
(filmRef)T1160	4
(filmRef)T1998	4
(filmRef)T1149	4
(filmRef)T0366	4
(filmRef)N0179	4
(filmRef)N0548	4
(filmRef)5240	4
(filmRef)5326	4
(filmRef)5307	4
(filmRef)5257	4
(filmRef)5254	4
(filmRef)5249	4
(filmRef)5243	4
(filmRef)5233	4
(filmRef)5186	4
(filmRef)5256	4
(filmRef)5100	4
(filmRef)5264	4
(filmRef)5244	4
(filmRef)5232	4
(filmRef)5084	4
(filmRef)5059	4
(filmRef)5058	4
(filmRef)T0105	4
(filmRef)20353	4
(filmRef)N0435	4
(filmRef)5265	4
(filmRef)5258	4
(filmRef)5191	4
(filmRef)5297	4
(filmRef)5268	4
(filmRef)N0421	4
(filmRef)N0512	4
(filmRef)N0178	4
(filmRef)N0105	4
(filmRef)N0455	4
(filmRef)N0390	4
(filmRef)N0024	4
(filmRef)N0013	4
(filmRef)5523	4
(filmRef)N0529	4
(filmRef)5247	4
(filmRef)N0177	4
(filmRef)5135	4
(filmRef)5267	4
(filmRef)5235	4
(filmRef)5275	4
(filmRef)5277	4
(filmRef)5302	4
(filmRef)5246	4
(filmRef)5273	4
(filmRef)14513	5
(filmRef)14843	5
(filmRef)14830	5
(filmRef)14636	5
(filmRef)14833	5
(filmRef)14151	5
(filmRef)15374	5
(filmRef)14917	5
(filmRef)14594	5
(filmRef)14502	5
(filmRef)14918	5
(filmRef)14252	5
(filmRef)14251	5
(filmRef)14250	5
(filmRef)14844	5
(filmRef)14639	5
(filmRef)15022	5
(filmRef)14895	5
(filmRef)14894	5
(filmRef)14897	5
(filmRef)14299	5
(filmRef)15042	5
(filmRef)14845	5
(filmRef)15058	5
(filmRef)15377	5
(filmRef)15378	5
(filmRef)15376	5
(filmRef)15226	5
(filmRef)15545	5
(filmRef)15228	5
(filmRef)15193	5
(filmRef)15442	5
(filmRef)15441	5
(filmRef)15043	5
(filmRef)15591	5
(filmRef)15546	5
(filmRef)15544	5
(filmRef)15379	5
(filmRef)15375	5
(filmRef)15227	5
(filmRef)15194	5
(filmRef)15085	5
(filmRef)15084	5
(filmRef)15063	5
(filmRef)15380	5
(filmRef)14837	5
(filmRef)14514	5
(filmRef)14835	5
(filmRef)14832	5
(filmRef)14829	5
(filmRef)14828	5
(filmRef)14836	5
(filmRef)14501	5
(filmRef)14455	5
(filmRef)14264	5
(filmRef)14248	5
(filmRef)14247	5
(filmRef)14842	5
(filmRef)14246	5
(filmRef)14148	5
(filmRef)14143	5
(filmRef)14133	5
(filmRef)14081	5
(filmRef)14196	5
(filmRef)14142	5
(filmRef)14137	5
(filmRef)14136	5
(filmRef)14080	5
(filmRef)14173	5
(filmRef)14920	5
(filmRef)14132	5
(filmRef)14330	5
(filmRef)14921	5
(filmRef)14834	5
(filmRef)14638	5
(filmRef)14567	5
(filmRef)14448	5
(filmRef)14331	5
(filmRef)14265	5
(filmRef)14253	5
(filmRef)14249	5
(filmRef)14172	5
(filmRef)14454	5
(filmRef)14149	5
(filmRef)14150	5
(filmRef)14896	5
(filmRef)14838	5
(filmRef)14140	5
(filmRef)14134	5
(filmRef)19889	5
(filmRef)14138	5
(filmRef)14141	5
(filmRef)14135	5
(filmRef)21111	6
(filmRef)21112	6
(filmRef)21110	6
(filmRef)21109	6
(filmRef)21108	6
(filmRef)21107	6
(filmRef)21106	6
(filmRef)21045	6
(filmRef)21047	6
(filmRef)21053	6
(filmRef)21043	6
(filmRef)21144	6
(filmRef)21113	6
(filmRef)21133	6
(filmRef)21105	6
(filmRef)21114	6
(filmRef)21084	6
(filmRef)21060	6
(filmRef)21132	6
(filmRef)21139	6
(filmRef)21088	6
(filmRef)21087	6
(filmRef)21086	6
(filmRef)21085	6
(filmRef)21064	6
(filmRef)21083	6
(filmRef)21081	6
(filmRef)21080	6
(filmRef)21079	6
(filmRef)21078	6
(filmRef)21077	6
(filmRef)21068	6
(filmRef)21082	6
(filmRef)21131	6
(filmRef)21101	6
(filmRef)21129	6
(filmRef)21070	6
(filmRef)21069	6
(filmRef)21067	6
(filmRef)21066	6
(filmRef)21065	6
(filmRef)21063	6
(filmRef)21090	6
(filmRef)21055	6
(filmRef)21052	6
(filmRef)21046	6
(filmRef)21033	6
(filmRef)21031	6
(filmRef)21030	6
(filmRef)21130	6
(filmRef)21054	6
(filmRef)21093	6
(filmRef)21028	6
(filmRef)21140	6
(filmRef)21096	6
(filmRef)21127	6
(filmRef)21103	6
(filmRef)21102	6
(filmRef)21100	6
(filmRef)21099	6
(filmRef)21128	6
(filmRef)21061	6
(filmRef)21029	6
(filmRef)21453	6
(filmRef)21145	6
(filmRef)21143	6
(filmRef)21141	6
(filmRef)21142	6
(filmRef)11384	7
(filmRef)11382	7
(filmRef)11381	7
(filmRef)11378	7
(filmRef)11377	7
(filmRef)11371	7
(filmRef)11366	7
(filmRef)11367	7
(filmRef)11362	7
(filmRef)11360	7
(filmRef)11359	7
(filmRef)11385	7
(filmRef)11358	7
(filmRef)11370	7
(filmRef)11386	7
(filmRef)11363	7
(filmRef)11397	7
(filmRef)11354	7
(filmRef)11373	7
(filmRef)11246	7
(filmRef)11241	7
(filmRef)11357	7
(filmRef)11233	7
(filmRef)11396	7
(filmRef)11239	7
(filmRef)11375	7
(filmRef)11395	7
(filmRef)11235	7
(filmRef)11228	7
(filmRef)11218	7
(filmRef)11401	7
(filmRef)11224	7
(filmRef)11247	7
(filmRef)11369	7
(filmRef)11243	7
(filmRef)11245	7
(filmRef)11118	7
(filmRef)11126	7
(filmRef)11175	7
(filmRef)11149	7
(filmRef)11220	7
(filmRef)11227	7
(filmRef)11231	7
(filmRef)11234	7
(filmRef)11379	7
(filmRef)11380	7
(filmRef)11388	7
(filmRef)11389	7
(filmRef)11390	7
(filmRef)11391	7
(filmRef)11376	7
(filmRef)11393	7
(filmRef)11242	7
(filmRef)11392	7
(filmRef)11237	7
(filmRef)11236	7
(filmRef)11230	7
(filmRef)11229	7
(filmRef)11222	7
(filmRef)11223	7
(filmRef)11217	7
(filmRef)11215	7
(filmRef)11400	7
(filmRef)11399	7
(filmRef)11398	7
(filmRef)11394	7
(filmRef)11221	7
(filmRef)16809	8
(filmRef)16813	8
(filmRef)16812	8
(filmRef)16811	8
(filmRef)16810	8
(filmRef)19899	8
(filmRef)17971	8
(filmRef)19897	8
(filmRef)19896	8
(filmRef)19895	8
(filmRef)19838	8
(filmRef)19837	8
(filmRef)16814	8
(filmRef)19898	8
(filmRef)17189	8
(filmRef)19059	8
(filmRef)17191	8
(filmRef)17871	8
(filmRef)18780	8
(filmRef)18779	8
(filmRef)18777	8
(filmRef)18776	8
(filmRef)18775	8
(filmRef)17190	8
(filmRef)18650	8
(filmRef)18268	8
(filmRef)18004	8
(filmRef)17973	8
(filmRef)17972	8
(filmRef)17424	8
(filmRef)17309	8
(filmRef)18323	8
(filmRef)16635	8
(filmRef)18798	8
(filmRef)16632	8
(filmRef)16634	8
(filmRef)14175	8
(filmRef)14176	8
(filmRef)14177	8
(filmRef)14178	8
(filmRef)14179	8
(filmRef)14180	8
(filmRef)14181	8
(filmRef)14182	8
(filmRef)14184	8
(filmRef)14459	8
(filmRef)14460	8
(filmRef)14461	8
(filmRef)14462	8
(filmRef)14463	8
(filmRef)14183	8
(filmRef)14465	8
(filmRef)14464	8
(filmRef)16598	8
(filmRef)16597	8
(filmRef)16596	8
(filmRef)16595	8
(filmRef)16594	8
(filmRef)16593	8
(filmRef)16631	8
(filmRef)16591	8
(filmRef)14470	8
(filmRef)14469	8
(filmRef)14468	8
(filmRef)14467	8
(filmRef)14466	8
(filmRef)16592	8
(filmRef)15294	9
(filmRef)15293	9
(filmRef)15292	9
(filmRef)15291	9
(filmRef)15290	9
(filmRef)15284	9
(filmRef)15152	9
(filmRef)15282	9
(filmRef)15281	9
(filmRef)15151	9
(filmRef)15150	9
(filmRef)15149	9
(filmRef)15295	9
(filmRef)15283	9
(filmRef)15296	9
(filmRef)14876	9
(filmRef)15298	9
(filmRef)14875	9
(filmRef)14869	9
(filmRef)14868	9
(filmRef)14866	9
(filmRef)14865	9
(filmRef)14864	9
(filmRef)15297	9
(filmRef)14862	9
(filmRef)15306	9
(filmRef)15303	9
(filmRef)15302	9
(filmRef)15301	9
(filmRef)15300	9
(filmRef)15299	9
(filmRef)15307	9
(filmRef)15148	9
(filmRef)15145	9
(filmRef)15146	9
(filmRef)15147	9
(filmRef)14856	9
(filmRef)14857	9
(filmRef)14858	9
(filmRef)14859	9
(filmRef)14860	9
(filmRef)14861	9
(filmRef)14867	9
(filmRef)14870	9
(filmRef)14872	9
(filmRef)14873	9
(filmRef)14874	9
(filmRef)14877	9
(filmRef)14878	9
(filmRef)14909	9
(filmRef)14855	9
(filmRef)14911	9
(filmRef)14910	9
(filmRef)15143	9
(filmRef)15142	9
(filmRef)15141	9
(filmRef)15140	9
(filmRef)15139	9
(filmRef)15138	9
(filmRef)15144	9
(filmRef)15136	9
(filmRef)15135	9
(filmRef)14915	9
(filmRef)14914	9
(filmRef)14913	9
(filmRef)15137	9
(filmRef)14912	9
(filmRef)19373	10
(filmRef)19372	10
(filmRef)19371	10
(filmRef)19367	10
(filmRef)19366	10
(filmRef)19363	10
(filmRef)19364	10
(filmRef)19362	10
(filmRef)19361	10
(filmRef)19360	10
(filmRef)19359	10
(filmRef)19374	10
(filmRef)18386	10
(filmRef)19375	10
(filmRef)18733	10
(filmRef)19377	10
(filmRef)19378	10
(filmRef)19397	10
(filmRef)19399	10
(filmRef)18384	10
(filmRef)18390	10
(filmRef)19398	10
(filmRef)17931	10
(filmRef)17786	10
(filmRef)17967	10
(filmRef)17787	10
(filmRef)17968	10
(filmRef)19358	10
(filmRef)19376	10
(filmRef)19357	10
(filmRef)19365	10
(filmRef)19355	10
(filmRef)17507	10
(filmRef)17508	10
(filmRef)17509	10
(filmRef)17785	10
(filmRef)17929	10
(filmRef)17930	10
(filmRef)17966	10
(filmRef)18385	10
(filmRef)18387	10
(filmRef)18388	10
(filmRef)18389	10
(filmRef)18652	10
(filmRef)18653	10
(filmRef)18654	10
(filmRef)19356	10
(filmRef)18656	10
(filmRef)18655	10
(filmRef)19354	10
(filmRef)19353	10
(filmRef)19352	10
(filmRef)19350	10
(filmRef)19349	10
(filmRef)19351	10
(filmRef)18997	10
(filmRef)18996	10
(filmRef)18734	10
(filmRef)18658	10
(filmRef)18657	10
(filmRef)18998	10
(filmRef)UCS0165	11
(filmRef)UCS0144	11
(filmRef)UCS0133	11
(filmRef)UCS0172	11
(filmRef)UCS0130	11
(filmRef)UCS0115	11
(filmRef)UCS0152	11
(filmRef)UCS0151	11
(filmRef)UCS0134	11
(filmRef)UCS0118	11
(filmRef)UCS0156	11
(filmRef)UCS0117	11
(filmRef)UCS0158	11
(filmRef)UCS0147	11
(filmRef)UCS0145	11
(filmRef)UCS0123	11
(filmRef)UCS0161	11
(filmRef)UCS0162	11
(filmRef)UCS0163	11
(filmRef)UCS0170	11
(filmRef)UCS0149	11
(filmRef)UCS0192	11
(filmRef)UCS0164	11
(filmRef)UCS0150	11
(filmRef)UCS0178	11
(filmRef)UCS0194	11
(filmRef)UCS0190	11
(filmRef)UCS0121	11
(filmRef)UCS0186	11
(filmRef)UCS0206	11
(filmRef)UCS0210	11
(filmRef)UCS0114	11
(filmRef)UCS0048	11
(filmRef)UCS0062	11
(filmRef)UCS0063	11
(filmRef)UCS0064	11
(filmRef)UCS0065	11
(filmRef)UCS0066	11
(filmRef)UCS0067	11
(filmRef)UCS0069	11
(filmRef)UCS0140	11
(filmRef)UCS0146	11
(filmRef)UCS0176	11
(filmRef)UCS0177	11
(filmRef)UCS0027	11
(filmRef)UCS0157	11
(filmRef)UCS0051	11
(filmRef)UCS0174	11
(filmRef)UCS0135	11
(filmRef)UCS0111	11
(filmRef)UCS0148	11
(filmRef)UCS0104	11
(filmRef)UCS0175	11
(filmRef)UCS0129	11
(filmRef)UCS0122	11
(filmRef)UCS0090	11
(filmRef)UCS0085	11
(filmRef)UCS0070	11
(filmRef)UCS0137	11
(filmRef)20265	12
(filmRef)20263	12
(filmRef)20262	12
(filmRef)18414	12
(filmRef)18413	12
(filmRef)18358	12
(filmRef)18357	12
(filmRef)18356	12
(filmRef)18355	12
(filmRef)20267	12
(filmRef)18354	12
(filmRef)18359	12
(filmRef)20688	12
(filmRef)20697	12
(filmRef)20690	12
(filmRef)20691	12
(filmRef)20694	12
(filmRef)20695	12
(filmRef)20696	12
(filmRef)20698	12
(filmRef)20699	12
(filmRef)20266	12
(filmRef)20693	12
(filmRef)20692	12
(filmRef)16309	12
(filmRef)16310	12
(filmRef)20264	12
(filmRef)20689	12
(filmRef)18353	12
(filmRef)17241	12
(filmRef)17240	12
(filmRef)18352	12
(filmRef)16301	12
(filmRef)16302	12
(filmRef)16303	12
(filmRef)16304	12
(filmRef)16305	12
(filmRef)16306	12
(filmRef)16307	12
(filmRef)16952	12
(filmRef)16953	12
(filmRef)16954	12
(filmRef)16955	12
(filmRef)16956	12
(filmRef)16308	12
(filmRef)16958	12
(filmRef)16957	12
(filmRef)17238	12
(filmRef)17237	12
(filmRef)17236	12
(filmRef)17235	12
(filmRef)17234	12
(filmRef)17239	12
(filmRef)17232	12
(filmRef)16961	12
(filmRef)16960	12
(filmRef)16959	12
(filmRef)17233	12
(filmRef)20126	13
(filmRef)20125	13
(filmRef)20124	13
(filmRef)20123	13
(filmRef)20122	13
(filmRef)20120	13
(filmRef)20119	13
(filmRef)20118	13
(filmRef)20117	13
(filmRef)20127	13
(filmRef)20121	13
(filmRef)20128	13
(filmRef)20116	13
(filmRef)20130	13
(filmRef)20131	13
(filmRef)20132	13
(filmRef)20369	13
(filmRef)20387	13
(filmRef)20388	13
(filmRef)20672	13
(filmRef)20673	13
(filmRef)20674	13
(filmRef)20675	13
(filmRef)20676	13
(filmRef)20671	13
(filmRef)20129	13
(filmRef)20115	13
(filmRef)20370	13
(filmRef)20024	13
(filmRef)14431	13
(filmRef)14432	13
(filmRef)14433	13
(filmRef)14434	13
(filmRef)14435	13
(filmRef)16676	13
(filmRef)16677	13
(filmRef)20025	13
(filmRef)16678	13
(filmRef)16679	13
(filmRef)16680	13
(filmRef)20000	13
(filmRef)20001	13
(filmRef)14430	13
(filmRef)20003	13
(filmRef)20023	13
(filmRef)20022	13
(filmRef)20021	13
(filmRef)20002	13
(filmRef)20010	13
(filmRef)20020	13
(filmRef)20008	13
(filmRef)20007	13
(filmRef)20006	13
(filmRef)20005	13
(filmRef)20004	13
(filmRef)20009	13
(filmRef)16509	14
(filmRef)16445	14
(filmRef)18204	14
(filmRef)18202	14
(filmRef)18684	14
(filmRef)16507	14
(filmRef)15898	14
(filmRef)18210	14
(filmRef)18686	14
(filmRef)16511	14
(filmRef)18199	14
(filmRef)17756	14
(filmRef)16512	14
(filmRef)18679	14
(filmRef)18682	14
(filmRef)18685	14
(filmRef)17760	14
(filmRef)16444	14
(filmRef)16513	14
(filmRef)16508	14
(filmRef)18195	14
(filmRef)17755	14
(filmRef)18198	14
(filmRef)18200	14
(filmRef)18683	14
(filmRef)18201	14
(filmRef)18681	14
(filmRef)18209	14
(filmRef)15891	14
(filmRef)18680	14
(filmRef)15900	14
(filmRef)15892	14
(filmRef)15893	14
(filmRef)15899	14
(filmRef)15894	14
(filmRef)15895	14
(filmRef)15897	14
(filmRef)16441	14
(filmRef)16443	14
(filmRef)16447	14
(filmRef)16448	14
(filmRef)15896	14
(filmRef)16506	14
(filmRef)16449	14
(filmRef)18207	14
(filmRef)18206	14
(filmRef)18205	14
(filmRef)18203	14
(filmRef)18197	14
(filmRef)18208	14
(filmRef)17754	14
(filmRef)16515	14
(filmRef)16514	14
(filmRef)16510	14
(filmRef)18196	14
(filmRef)18501	15
(filmRef)18500	15
(filmRef)18497	15
(filmRef)17946	15
(filmRef)17945	15
(filmRef)17745	15
(filmRef)17943	15
(filmRef)17744	15
(filmRef)17743	15
(filmRef)18503	15
(filmRef)17944	15
(filmRef)18502	15
(filmRef)17742	15
(filmRef)18505	15
(filmRef)18506	15
(filmRef)17121	15
(filmRef)17160	15
(filmRef)17947	15
(filmRef)17949	15
(filmRef)17569	15
(filmRef)18498	15
(filmRef)17568	15
(filmRef)17941	15
(filmRef)17942	15
(filmRef)17950	15
(filmRef)18504	15
(filmRef)17741	15
(filmRef)17157	15
(filmRef)17159	15
(filmRef)17567	15
(filmRef)17012	15
(filmRef)17013	15
(filmRef)17014	15
(filmRef)17015	15
(filmRef)17016	15
(filmRef)17017	15
(filmRef)17019	15
(filmRef)17020	15
(filmRef)17021	15
(filmRef)17022	15
(filmRef)17023	15
(filmRef)17018	15
(filmRef)17025	15
(filmRef)17024	15
(filmRef)17156	15
(filmRef)17123	15
(filmRef)17122	15
(filmRef)17120	15
(filmRef)17119	15
(filmRef)17158	15
(filmRef)17029	15
(filmRef)17028	15
(filmRef)17027	15
(filmRef)17026	15
(filmRef)17030	15
(filmRef)14961	16
(filmRef)14960	16
(filmRef)14958	16
(filmRef)14957	16
(filmRef)14956	16
(filmRef)14580	16
(filmRef)14954	16
(filmRef)14953	16
(filmRef)14952	16
(filmRef)14951	16
(filmRef)14955	16
(filmRef)14962	16
(filmRef)14586	16
(filmRef)14959	16
(filmRef)14964	16
(filmRef)14572	16
(filmRef)14574	16
(filmRef)14948	16
(filmRef)14573	16
(filmRef)14579	16
(filmRef)14581	16
(filmRef)14576	16
(filmRef)14949	16
(filmRef)14587	16
(filmRef)14963	16
(filmRef)14950	16
(filmRef)14971	16
(filmRef)14970	16
(filmRef)14583	16
(filmRef)14293	16
(filmRef)14294	16
(filmRef)14296	16
(filmRef)14297	16
(filmRef)14298	16
(filmRef)14437	16
(filmRef)14439	16
(filmRef)14440	16
(filmRef)14441	16
(filmRef)14442	16
(filmRef)14438	16
(filmRef)14443	16
(filmRef)14295	16
(filmRef)14968	16
(filmRef)14967	16
(filmRef)14966	16
(filmRef)14965	16
(filmRef)14969	16
(filmRef)14946	16
(filmRef)14585	16
(filmRef)14584	16
(filmRef)14575	16
(filmRef)14947	16
(filmRef)18043	17
(filmRef)18035	17
(filmRef)18036	17
(filmRef)18037	17
(filmRef)18038	17
(filmRef)18039	17
(filmRef)18057	17
(filmRef)18040	17
(filmRef)18041	17
(filmRef)18042	17
(filmRef)18044	17
(filmRef)18034	17
(filmRef)18046	17
(filmRef)18047	17
(filmRef)18048	17
(filmRef)18049	17
(filmRef)18050	17
(filmRef)18051	17
(filmRef)18052	17
(filmRef)18053	17
(filmRef)18054	17
(filmRef)18055	17
(filmRef)18056	17
(filmRef)18045	17
(filmRef)18033	17
(filmRef)17884	17
(filmRef)17891	17
(filmRef)17724	17
(filmRef)17725	17
(filmRef)17726	17
(filmRef)17727	17
(filmRef)17728	17
(filmRef)17872	17
(filmRef)17873	17
(filmRef)17874	17
(filmRef)17875	17
(filmRef)17876	17
(filmRef)17877	17
(filmRef)18032	17
(filmRef)17879	17
(filmRef)17880	17
(filmRef)17881	17
(filmRef)17882	17
(filmRef)17883	17
(filmRef)17885	17
(filmRef)17886	17
(filmRef)17887	17
(filmRef)17888	17
(filmRef)17889	17
(filmRef)17890	17
(filmRef)17878	17
(filmRef)18349	18
(filmRef)18348	18
(filmRef)18347	18
(filmRef)18346	18
(filmRef)18067	18
(filmRef)18344	18
(filmRef)18069	18
(filmRef)18068	18
(filmRef)18350	18
(filmRef)18345	18
(filmRef)18351	18
(filmRef)18467	18
(filmRef)18463	18
(filmRef)18464	18
(filmRef)18465	18
(filmRef)18466	18
(filmRef)18468	18
(filmRef)18469	18
(filmRef)18470	18
(filmRef)18471	18
(filmRef)18472	18
(filmRef)18473	18
(filmRef)18066	18
(filmRef)18462	18
(filmRef)18065	18
(filmRef)18064	18
(filmRef)18063	18
(filmRef)16239	18
(filmRef)16240	18
(filmRef)16241	18
(filmRef)16242	18
(filmRef)16243	18
(filmRef)16255	18
(filmRef)16256	18
(filmRef)16257	18
(filmRef)16291	18
(filmRef)16292	18
(filmRef)16293	18
(filmRef)16238	18
(filmRef)16579	18
(filmRef)16580	18
(filmRef)16581	18
(filmRef)16878	18
(filmRef)16879	18
(filmRef)18058	18
(filmRef)18059	18
(filmRef)18060	18
(filmRef)18061	18
(filmRef)18062	18
(filmRef)16578	18
(filmRef)15634	19
(filmRef)15633	19
(filmRef)15632	19
(filmRef)15631	19
(filmRef)15608	19
(filmRef)15629	19
(filmRef)15627	19
(filmRef)15626	19
(filmRef)15635	19
(filmRef)15630	19
(filmRef)15636	19
(filmRef)15504	19
(filmRef)15501	19
(filmRef)15502	19
(filmRef)15503	19
(filmRef)15505	19
(filmRef)15506	19
(filmRef)15510	19
(filmRef)15508	19
(filmRef)15509	19
(filmRef)15628	19
(filmRef)15607	19
(filmRef)15637	19
(filmRef)15606	19
(filmRef)15601	19
(filmRef)15604	19
(filmRef)15605	19
(filmRef)14705	19
(filmRef)14706	19
(filmRef)14707	19
(filmRef)14708	19
(filmRef)14709	19
(filmRef)14710	19
(filmRef)14711	19
(filmRef)14712	19
(filmRef)14713	19
(filmRef)14714	19
(filmRef)14704	19
(filmRef)14716	19
(filmRef)14715	19
(filmRef)15602	19
(filmRef)15600	19
(filmRef)15599	19
(filmRef)15603	19
(filmRef)15597	19
(filmRef)15596	19
(filmRef)15507	19
(filmRef)15598	19
(filmRef)11084	20
(filmRef)11045	20
(filmRef)11085	20
(filmRef)11087	20
(filmRef)11088	20
(filmRef)11089	20
(filmRef)11091	20
(filmRef)11041	20
(filmRef)11043	20
(filmRef)11080	20
(filmRef)11050	20
(filmRef)11054	20
(filmRef)11071	20
(filmRef)11042	20
(filmRef)11053	20
(filmRef)11028	20
(filmRef)11031	20
(filmRef)11034	20
(filmRef)11040	20
(filmRef)11081	20
(filmRef)11072	20
(filmRef)11021	20
(filmRef)11079	20
(filmRef)11076	20
(filmRef)11074	20
(filmRef)11077	20
(filmRef)11012	20
(filmRef)11013	20
(filmRef)11020	20
(filmRef)11022	20
(filmRef)11023	20
(filmRef)11029	20
(filmRef)11039	20
(filmRef)11046	20
(filmRef)11047	20
(filmRef)11026	20
(filmRef)11051	20
(filmRef)11048	20
(filmRef)11069	20
(filmRef)11066	20
(filmRef)11064	20
(filmRef)11070	20
(filmRef)11061	20
(filmRef)11059	20
(filmRef)11058	20
(filmRef)11062	20
(filmRef)14690	21
(filmRef)14490	21
(filmRef)14702	21
(filmRef)14491	21
(filmRef)14492	21
(filmRef)14493	21
(filmRef)14494	21
(filmRef)14495	21
(filmRef)14691	21
(filmRef)14489	21
(filmRef)14693	21
(filmRef)14694	21
(filmRef)14695	21
(filmRef)14696	21
(filmRef)14697	21
(filmRef)14698	21
(filmRef)14699	21
(filmRef)14700	21
(filmRef)14701	21
(filmRef)14692	21
(filmRef)14488	21
(filmRef)14483	21
(filmRef)14486	21
(filmRef)14087	21
(filmRef)14092	21
(filmRef)14093	21
(filmRef)14089	21
(filmRef)14206	21
(filmRef)14209	21
(filmRef)14198	21
(filmRef)14199	21
(filmRef)14200	21
(filmRef)14487	21
(filmRef)14202	21
(filmRef)14203	21
(filmRef)14204	21
(filmRef)14205	21
(filmRef)14207	21
(filmRef)14208	21
(filmRef)14210	21
(filmRef)14484	21
(filmRef)14485	21
(filmRef)14201	21
(filmRef)14670	22
(filmRef)14663	22
(filmRef)14546	22
(filmRef)14542	22
(filmRef)14544	22
(filmRef)14543	22
(filmRef)14658	22
(filmRef)14545	22
(filmRef)14659	22
(filmRef)14665	22
(filmRef)14661	22
(filmRef)14662	22
(filmRef)14664	22
(filmRef)14666	22
(filmRef)14667	22
(filmRef)14668	22
(filmRef)14669	22
(filmRef)14541	22
(filmRef)14660	22
(filmRef)14540	22
(filmRef)14538	22
(filmRef)14102	22
(filmRef)14539	22
(filmRef)14103	22
(filmRef)14238	22
(filmRef)14239	22
(filmRef)14240	22
(filmRef)14242	22
(filmRef)14243	22
(filmRef)14306	22
(filmRef)14241	22
(filmRef)14308	22
(filmRef)14307	22
(filmRef)14536	22
(filmRef)14535	22
(filmRef)14534	22
(filmRef)14537	22
(filmRef)14310	22
(filmRef)14309	22
(filmRef)14311	22
(filmRef)17277	23
(filmRef)16495	23
(filmRef)16885	23
(filmRef)16886	23
(filmRef)16889	23
(filmRef)17275	23
(filmRef)17276	23
(filmRef)17272	23
(filmRef)16492	23
(filmRef)16888	23
(filmRef)16887	23
(filmRef)16882	23
(filmRef)16884	23
(filmRef)16881	23
(filmRef)16560	23
(filmRef)16880	23
(filmRef)16883	23
(filmRef)17278	23
(filmRef)16489	23
(filmRef)16222	23
(filmRef)16224	23
(filmRef)16225	23
(filmRef)16218	23
(filmRef)16219	23
(filmRef)16221	23
(filmRef)16490	23
(filmRef)16491	23
(filmRef)16493	23
(filmRef)16494	23
(filmRef)16216	23
(filmRef)16497	23
(filmRef)16496	23
(filmRef)16220	23
(filmRef)17280	23
(filmRef)16223	23
(filmRef)17274	23
(filmRef)17273	23
(filmRef)17271	23
(filmRef)17279	23
(filmRef)21008	24
(filmRef)21009	24
(filmRef)21010	24
(filmRef)21011	24
(filmRef)21012	24
(filmRef)21022	24
(filmRef)21023	24
(filmRef)21026	24
(filmRef)21027	24
(filmRef)21032	24
(filmRef)21004	24
(filmRef)21014	24
(filmRef)21013	24
(filmRef)20991	24
(filmRef)21007	24
(filmRef)21024	24
(filmRef)21006	24
(filmRef)21098	24
(filmRef)21003	24
(filmRef)21005	24
(filmRef)20986	24
(filmRef)20987	24
(filmRef)20988	24
(filmRef)20989	24
(filmRef)20990	24
(filmRef)20992	24
(filmRef)20993	24
(filmRef)20985	24
(filmRef)20995	24
(filmRef)20996	24
(filmRef)20997	24
(filmRef)20998	24
(filmRef)20999	24
(filmRef)21000	24
(filmRef)21001	24
(filmRef)20994	24
(filmRef)14683	25
(filmRef)14684	25
(filmRef)14685	25
(filmRef)14686	25
(filmRef)14687	25
(filmRef)14688	25
(filmRef)14689	25
(filmRef)14883	25
(filmRef)14881	25
(filmRef)14882	25
(filmRef)14884	25
(filmRef)14885	25
(filmRef)14886	25
(filmRef)14887	25
(filmRef)14880	25
(filmRef)14682	25
(filmRef)14680	25
(filmRef)14679	25
(filmRef)14681	25
(filmRef)14471	25
(filmRef)14472	25
(filmRef)14473	25
(filmRef)14475	25
(filmRef)14476	25
(filmRef)14474	25
(filmRef)14478	25
(filmRef)14479	25
(filmRef)14480	25
(filmRef)14481	25
(filmRef)14482	25
(filmRef)14678	25
(filmRef)14477	25
(filmRef)20677	26
(filmRef)20238	26
(filmRef)20239	26
(filmRef)20686	26
(filmRef)20687	26
(filmRef)20680	26
(filmRef)20237	26
(filmRef)20678	26
(filmRef)20679	26
(filmRef)20681	26
(filmRef)20682	26
(filmRef)20683	26
(filmRef)20685	26
(filmRef)20684	26
(filmRef)20236	26
(filmRef)14628	26
(filmRef)20206	26
(filmRef)20235	26
(filmRef)14629	26
(filmRef)14630	26
(filmRef)14631	26
(filmRef)14632	26
(filmRef)14633	26
(filmRef)14627	26
(filmRef)15934	26
(filmRef)15935	26
(filmRef)20202	26
(filmRef)20203	26
(filmRef)20204	26
(filmRef)20205	26
(filmRef)15933	26
(filmRef)0998	27
(filmRef)1001	27
(filmRef)1014	27
(filmRef)1002	27
(filmRef)1016	27
(filmRef)1018	27
(filmRef)1006	27
(filmRef)1056	27
(filmRef)1017	27
(filmRef)1023	27
(filmRef)1025	27
(filmRef)0999	27
(filmRef)1035	27
(filmRef)0996	27
(filmRef)1054	27
(filmRef)0682	27
(filmRef)0675	27
(filmRef)0678	27
(filmRef)1012	27
(filmRef)0676	27
(filmRef)0681	27
(filmRef)0685	27
(filmRef)1034	27
(filmRef)1003	27
(filmRef)1007	27
(filmRef)1019	27
(filmRef)0680	27
(filmRef)1032	27
(filmRef)0994	27
(filmRef)15905	28
(filmRef)15906	28
(filmRef)15907	28
(filmRef)15908	28
(filmRef)15909	28
(filmRef)15910	28
(filmRef)15913	28
(filmRef)15912	28
(filmRef)15914	28
(filmRef)15915	28
(filmRef)15916	28
(filmRef)15904	28
(filmRef)15911	28
(filmRef)15917	28
(filmRef)15706	28
(filmRef)15704	28
(filmRef)15705	28
(filmRef)15667	28
(filmRef)15668	28
(filmRef)15669	28
(filmRef)15695	28
(filmRef)15697	28
(filmRef)15670	28
(filmRef)15699	28
(filmRef)15700	28
(filmRef)15701	28
(filmRef)15702	28
(filmRef)15703	28
(filmRef)15698	28
(filmRef)16163	29
(filmRef)16159	29
(filmRef)16160	29
(filmRef)16161	29
(filmRef)16162	29
(filmRef)16164	29
(filmRef)16158	29
(filmRef)16166	29
(filmRef)16167	29
(filmRef)16168	29
(filmRef)16169	29
(filmRef)16170	29
(filmRef)16165	29
(filmRef)16157	29
(filmRef)16153	29
(filmRef)16154	29
(filmRef)16141	29
(filmRef)16142	29
(filmRef)16143	29
(filmRef)16145	29
(filmRef)16146	29
(filmRef)16147	29
(filmRef)16140	29
(filmRef)16149	29
(filmRef)16150	29
(filmRef)16151	29
(filmRef)16152	29
(filmRef)16156	29
(filmRef)16148	29
(filmRef)14357	30
(filmRef)14358	30
(filmRef)14359	30
(filmRef)14360	30
(filmRef)14361	30
(filmRef)14364	30
(filmRef)14363	30
(filmRef)14365	30
(filmRef)14366	30
(filmRef)14367	30
(filmRef)14356	30
(filmRef)14362	30
(filmRef)14355	30
(filmRef)14368	30
(filmRef)14353	30
(filmRef)14278	30
(filmRef)14279	30
(filmRef)14343	30
(filmRef)14344	30
(filmRef)14345	30
(filmRef)14346	30
(filmRef)14354	30
(filmRef)14348	30
(filmRef)14349	30
(filmRef)14350	30
(filmRef)14351	30
(filmRef)14352	30
(filmRef)14347	30
(filmRef)16288	31
(filmRef)16289	31
(filmRef)16290	31
(filmRef)16325	31
(filmRef)16326	31
(filmRef)16327	31
(filmRef)16330	31
(filmRef)16329	31
(filmRef)16331	31
(filmRef)16332	31
(filmRef)16333	31
(filmRef)16287	31
(filmRef)16328	31
(filmRef)16334	31
(filmRef)16286	31
(filmRef)16284	31
(filmRef)16285	31
(filmRef)16244	31
(filmRef)16245	31
(filmRef)16246	31
(filmRef)16248	31
(filmRef)16247	31
(filmRef)16250	31
(filmRef)16251	31
(filmRef)16252	31
(filmRef)16282	31
(filmRef)16283	31
(filmRef)16249	31
(filmRef)16604	32
(filmRef)16600	32
(filmRef)16601	32
(filmRef)16603	32
(filmRef)16737	32
(filmRef)16599	32
(filmRef)16785	32
(filmRef)16786	32
(filmRef)16787	32
(filmRef)16788	32
(filmRef)16789	32
(filmRef)16784	32
(filmRef)14263	32
(filmRef)16602	32
(filmRef)14261	32
(filmRef)14096	32
(filmRef)14097	32
(filmRef)14098	32
(filmRef)14099	32
(filmRef)14100	32
(filmRef)14095	32
(filmRef)14257	32
(filmRef)14258	32
(filmRef)14262	32
(filmRef)14259	32
(filmRef)14260	32
(filmRef)14101	32
(filmRef)14170	33
(filmRef)14171	33
(filmRef)14186	33
(filmRef)14187	33
(filmRef)14188	33
(filmRef)14191	33
(filmRef)14190	33
(filmRef)14192	33
(filmRef)14193	33
(filmRef)14195	33
(filmRef)14169	33
(filmRef)14189	33
(filmRef)14168	33
(filmRef)14194	33
(filmRef)14166	33
(filmRef)14155	33
(filmRef)14156	33
(filmRef)14157	33
(filmRef)14158	33
(filmRef)14159	33
(filmRef)14154	33
(filmRef)14161	33
(filmRef)14160	33
(filmRef)14164	33
(filmRef)14167	33
(filmRef)14162	33
(filmRef)14163	33
(filmRef)14420	34
(filmRef)14408	34
(filmRef)14419	34
(filmRef)14418	34
(filmRef)14417	34
(filmRef)14415	34
(filmRef)14414	34
(filmRef)14413	34
(filmRef)14412	34
(filmRef)14411	34
(filmRef)14410	34
(filmRef)14409	34
(filmRef)14416	34
(filmRef)14407	34
(filmRef)14405	34
(filmRef)14406	34
(filmRef)14395	34
(filmRef)14396	34
(filmRef)14398	34
(filmRef)14399	34
(filmRef)14397	34
(filmRef)14401	34
(filmRef)14402	34
(filmRef)14403	34
(filmRef)14404	34
(filmRef)14400	34
(filmRef)19001	35
(filmRef)18561	35
(filmRef)18999	35
(filmRef)19000	35
(filmRef)19002	35
(filmRef)18560	35
(filmRef)19004	35
(filmRef)19005	35
(filmRef)19008	35
(filmRef)19007	35
(filmRef)19003	35
(filmRef)18559	35
(filmRef)19006	35
(filmRef)18557	35
(filmRef)17586	35
(filmRef)17587	35
(filmRef)17588	35
(filmRef)17589	35
(filmRef)17590	35
(filmRef)18558	35
(filmRef)17592	35
(filmRef)17593	35
(filmRef)18554	35
(filmRef)18555	35
(filmRef)18556	35
(filmRef)17591	35
(filmRef)UCS0143	36
(filmRef)UCS0075	36
(filmRef)UCS0102	36
(filmRef)UCS0055	36
(filmRef)UCS0076	36
(filmRef)UCS0073	36
(filmRef)UCS0100	36
(filmRef)UCS0141	36
(filmRef)UCS0088	36
(filmRef)UCS0136	36
(filmRef)UCS0060	36
(filmRef)UCS0096	36
(filmRef)UCS0040	36
(filmRef)UCS0039	36
(filmRef)UCS0013	36
(filmRef)UCS0035	36
(filmRef)UCS0017	36
(filmRef)UCS0024	36
(filmRef)UCS0023	36
(filmRef)UCS0080	36
(filmRef)UCS0030	36
(filmRef)UCS0094	36
(filmRef)UCS0095	36
(filmRef)UCS0056	36
(filmRef)UCS0058	36
(filmRef)20747	37
(filmRef)20748	37
(filmRef)20724	37
(filmRef)20731	37
(filmRef)20736	37
(filmRef)20744	37
(filmRef)20746	37
(filmRef)20726	37
(filmRef)20735	37
(filmRef)20745	37
(filmRef)20741	37
(filmRef)20743	37
(filmRef)20740	37
(filmRef)20739	37
(filmRef)20707	37
(filmRef)20708	37
(filmRef)20725	37
(filmRef)20727	37
(filmRef)20729	37
(filmRef)20742	37
(filmRef)20732	37
(filmRef)20733	37
(filmRef)20737	37
(filmRef)20738	37
(filmRef)20730	37
(filmRef)18877	38
(filmRef)18878	38
(filmRef)18879	38
(filmRef)18880	38
(filmRef)18881	38
(filmRef)18883	38
(filmRef)18884	38
(filmRef)18885	38
(filmRef)18886	38
(filmRef)18876	38
(filmRef)18882	38
(filmRef)18887	38
(filmRef)18875	38
(filmRef)18873	38
(filmRef)18874	38
(filmRef)18659	38
(filmRef)18660	38
(filmRef)18662	38
(filmRef)18663	38
(filmRef)18661	38
(filmRef)18665	38
(filmRef)18870	38
(filmRef)18871	38
(filmRef)18872	38
(filmRef)18664	38
(filmRef)7038	39
(filmRef)7035	39
(filmRef)7036	39
(filmRef)7037	39
(filmRef)7039	39
(filmRef)7034	39
(filmRef)7042	39
(filmRef)7043	39
(filmRef)7044	39
(filmRef)7041	39
(filmRef)7040	39
(filmRef)7033	39
(filmRef)7024	39
(filmRef)7031	39
(filmRef)7021	39
(filmRef)7022	39
(filmRef)7023	39
(filmRef)7032	39
(filmRef)7017	39
(filmRef)7027	39
(filmRef)7028	39
(filmRef)7029	39
(filmRef)7030	39
(filmRef)7026	39
(filmRef)16693	40
(filmRef)20253	40
(filmRef)16760	40
(filmRef)16759	40
(filmRef)16699	40
(filmRef)16695	40
(filmRef)16762	40
(filmRef)16761	40
(filmRef)16758	40
(filmRef)16757	40
(filmRef)16692	40
(filmRef)20258	40
(filmRef)20257	40
(filmRef)16694	40
(filmRef)16696	40
(filmRef)16697	40
(filmRef)16698	40
(filmRef)16686	40
(filmRef)19573	40
(filmRef)20254	40
(filmRef)20255	40
(filmRef)20256	40
(filmRef)16763	40
(filmRef)18816	41
(filmRef)18825	41
(filmRef)18824	41
(filmRef)18823	41
(filmRef)18822	41
(filmRef)18821	41
(filmRef)18820	41
(filmRef)18819	41
(filmRef)18818	41
(filmRef)18817	41
(filmRef)18815	41
(filmRef)18625	41
(filmRef)18615	41
(filmRef)18616	41
(filmRef)18617	41
(filmRef)18618	41
(filmRef)18619	41
(filmRef)18626	41
(filmRef)18621	41
(filmRef)18622	41
(filmRef)18623	41
(filmRef)18624	41
(filmRef)18620	41
(filmRef)15369	42
(filmRef)15590	42
(filmRef)15549	42
(filmRef)15439	42
(filmRef)15231	42
(filmRef)15224	42
(filmRef)15081	42
(filmRef)15062	42
(filmRef)15548	42
(filmRef)15372	42
(filmRef)15547	42
(filmRef)15371	42
(filmRef)15440	42
(filmRef)15373	42
(filmRef)15370	42
(filmRef)15368	42
(filmRef)15083	42
(filmRef)15082	42
(filmRef)15057	42
(filmRef)15045	42
(filmRef)15044	42
(filmRef)15589	42
(filmRef)17492	43
(filmRef)17306	43
(filmRef)17461	43
(filmRef)17564	43
(filmRef)17218	43
(filmRef)17670	43
(filmRef)17735	43
(filmRef)17740	43
(filmRef)17640	43
(filmRef)17211	43
(filmRef)17138	43
(filmRef)17155	43
(filmRef)17133	43
(filmRef)17134	43
(filmRef)17135	43
(filmRef)17136	43
(filmRef)17210	43
(filmRef)17139	43
(filmRef)17140	43
(filmRef)17154	43
(filmRef)17137	43
(filmRef)16067	44
(filmRef)16080	44
(filmRef)16081	44
(filmRef)16078	44
(filmRef)16075	44
(filmRef)16068	44
(filmRef)16071	44
(filmRef)16076	44
(filmRef)16065	44
(filmRef)16079	44
(filmRef)16064	44
(filmRef)16545	44
(filmRef)16082	44
(filmRef)16077	44
(filmRef)16074	44
(filmRef)16073	44
(filmRef)16070	44
(filmRef)16069	44
(filmRef)16066	44
(filmRef)16063	44
(filmRef)14227	45
(filmRef)14228	45
(filmRef)14219	45
(filmRef)14220	45
(filmRef)14213	45
(filmRef)14214	45
(filmRef)14224	45
(filmRef)14226	45
(filmRef)14225	45
(filmRef)14216	45
(filmRef)14223	45
(filmRef)14221	45
(filmRef)14144	45
(filmRef)14145	45
(filmRef)14146	45
(filmRef)14222	45
(filmRef)14212	45
(filmRef)14217	45
(filmRef)14218	45
(filmRef)14211	45
(filmRef)14725	46
(filmRef)14980	46
(filmRef)14979	46
(filmRef)14977	46
(filmRef)14976	46
(filmRef)14975	46
(filmRef)14727	46
(filmRef)14726	46
(filmRef)14978	46
(filmRef)14724	46
(filmRef)14722	46
(filmRef)14721	46
(filmRef)14720	46
(filmRef)14556	46
(filmRef)14555	46
(filmRef)14554	46
(filmRef)14553	46
(filmRef)14552	46
(filmRef)14551	46
(filmRef)14723	46
(filmRef)16997	47
(filmRef)16990	47
(filmRef)16991	47
(filmRef)16992	47
(filmRef)16989	47
(filmRef)16994	47
(filmRef)16995	47
(filmRef)16996	47
(filmRef)16993	47
(filmRef)16856	47
(filmRef)16339	47
(filmRef)16854	47
(filmRef)16315	47
(filmRef)16316	47
(filmRef)16317	47
(filmRef)16855	47
(filmRef)16336	47
(filmRef)16337	47
(filmRef)16338	47
(filmRef)16335	47
(filmRef)20149	48
(filmRef)20290	48
(filmRef)20385	48
(filmRef)20384	48
(filmRef)20153	48
(filmRef)20152	48
(filmRef)20151	48
(filmRef)20150	48
(filmRef)20148	48
(filmRef)20147	48
(filmRef)20146	48
(filmRef)20134	48
(filmRef)20135	48
(filmRef)20136	48
(filmRef)20113	48
(filmRef)20139	48
(filmRef)20144	48
(filmRef)20145	48
(filmRef)20137	48
(filmRef)20027	49
(filmRef)14342	49
(filmRef)14341	49
(filmRef)14340	49
(filmRef)20031	49
(filmRef)20030	49
(filmRef)20029	49
(filmRef)20028	49
(filmRef)19633	49
(filmRef)19632	49
(filmRef)19631	49
(filmRef)14336	49
(filmRef)14337	49
(filmRef)14338	49
(filmRef)14335	49
(filmRef)16646	49
(filmRef)16648	49
(filmRef)16674	49
(filmRef)14339	49
(filmRef)14657	50
(filmRef)14929	50
(filmRef)14927	50
(filmRef)14926	50
(filmRef)14925	50
(filmRef)14924	50
(filmRef)14923	50
(filmRef)14922	50
(filmRef)14656	50
(filmRef)14655	50
(filmRef)14654	50
(filmRef)14647	50
(filmRef)14648	50
(filmRef)14649	50
(filmRef)14646	50
(filmRef)14651	50
(filmRef)14652	50
(filmRef)14653	50
(filmRef)14650	50
(filmRef)17261	51
(filmRef)17269	51
(filmRef)17270	51
(filmRef)17267	51
(filmRef)17266	51
(filmRef)17265	51
(filmRef)17264	51
(filmRef)17263	51
(filmRef)17260	51
(filmRef)17268	51
(filmRef)17258	51
(filmRef)17250	51
(filmRef)17251	51
(filmRef)17252	51
(filmRef)17259	51
(filmRef)17254	51
(filmRef)17256	51
(filmRef)17257	51
(filmRef)17253	51
(filmRef)17244	52
(filmRef)17385	52
(filmRef)17429	52
(filmRef)17392	52
(filmRef)17386	52
(filmRef)17384	52
(filmRef)17381	52
(filmRef)17245	52
(filmRef)17387	52
(filmRef)17383	52
(filmRef)17243	52
(filmRef)17391	52
(filmRef)16943	52
(filmRef)17390	52
(filmRef)17388	52
(filmRef)16942	52
(filmRef)16941	52
(filmRef)16940	52
(filmRef)17729	53
(filmRef)17667	53
(filmRef)17669	53
(filmRef)17668	53
(filmRef)17666	53
(filmRef)16974	53
(filmRef)16973	53
(filmRef)16972	53
(filmRef)17730	53
(filmRef)16970	53
(filmRef)16857	53
(filmRef)16858	53
(filmRef)16859	53
(filmRef)16971	53
(filmRef)16861	53
(filmRef)16862	53
(filmRef)16969	53
(filmRef)16860	53
(filmRef)15269	54
(filmRef)15423	54
(filmRef)15422	54
(filmRef)15421	54
(filmRef)15420	54
(filmRef)15419	54
(filmRef)15270	54
(filmRef)15268	54
(filmRef)15424	54
(filmRef)15266	54
(filmRef)14989	54
(filmRef)14990	54
(filmRef)14991	54
(filmRef)15267	54
(filmRef)14993	54
(filmRef)14994	54
(filmRef)15265	54
(filmRef)14992	54
(filmRef)15387	55
(filmRef)15551	55
(filmRef)15550	55
(filmRef)15392	55
(filmRef)15391	55
(filmRef)15390	55
(filmRef)15389	55
(filmRef)15388	55
(filmRef)15552	55
(filmRef)15386	55
(filmRef)15384	55
(filmRef)15383	55
(filmRef)15382	55
(filmRef)15381	55
(filmRef)15352	55
(filmRef)15351	55
(filmRef)15350	55
(filmRef)15385	55
(filmRef)15645	56
(filmRef)15840	56
(filmRef)15839	56
(filmRef)15838	56
(filmRef)15837	56
(filmRef)15836	56
(filmRef)15646	56
(filmRef)15644	56
(filmRef)15835	56
(filmRef)15642	56
(filmRef)15513	56
(filmRef)15514	56
(filmRef)15515	56
(filmRef)15512	56
(filmRef)15643	56
(filmRef)15517	56
(filmRef)15641	56
(filmRef)15516	56
(filmRef)15757	57
(filmRef)15764	57
(filmRef)15763	57
(filmRef)15762	57
(filmRef)15761	57
(filmRef)15760	57
(filmRef)15759	57
(filmRef)15758	57
(filmRef)15693	57
(filmRef)15692	57
(filmRef)15691	57
(filmRef)15690	57
(filmRef)15681	57
(filmRef)15675	57
(filmRef)15674	57
(filmRef)15653	57
(filmRef)15652	57
(filmRef)15651	57
(filmRef)22761	58
(filmRef)22867	58
(filmRef)22865	58
(filmRef)22551	58
(filmRef)22735	58
(filmRef)22631	58
(filmRef)22568	58
(filmRef)22448	58
(filmRef)22563	58
(filmRef)22446	58
(filmRef)22445	58
(filmRef)22673	58
(filmRef)22425	58
(filmRef)22557	58
(filmRef)22082	58
(filmRef)22447	58
(filmRef)22081	58
(filmRef)15184	59
(filmRef)15788	59
(filmRef)15786	59
(filmRef)15785	59
(filmRef)15784	59
(filmRef)15782	59
(filmRef)15781	59
(filmRef)15570	59
(filmRef)15563	59
(filmRef)15568	59
(filmRef)15567	59
(filmRef)15566	59
(filmRef)15564	59
(filmRef)15328	59
(filmRef)15327	59
(filmRef)14985	59
(filmRef)15569	59
(filmRef)16915	60
(filmRef)16914	60
(filmRef)16913	60
(filmRef)16912	60
(filmRef)16911	60
(filmRef)16910	60
(filmRef)16909	60
(filmRef)16908	60
(filmRef)16907	60
(filmRef)16905	60
(filmRef)16904	60
(filmRef)16903	60
(filmRef)16902	60
(filmRef)16901	60
(filmRef)16900	60
(filmRef)16899	60
(filmRef)16906	60
(filmRef)18767	61
(filmRef)19033	61
(filmRef)19032	61
(filmRef)19031	61
(filmRef)19030	61
(filmRef)19028	61
(filmRef)18768	61
(filmRef)18766	61
(filmRef)19029	61
(filmRef)18764	61
(filmRef)18763	61
(filmRef)18762	61
(filmRef)18765	61
(filmRef)18761	61
(filmRef)18760	61
(filmRef)18759	61
(filmRef)18758	61
(filmRef)15484	62
(filmRef)15483	62
(filmRef)15482	62
(filmRef)15481	62
(filmRef)15480	62
(filmRef)15479	62
(filmRef)14765	62
(filmRef)16478	62
(filmRef)14763	62
(filmRef)14317	62
(filmRef)14316	62
(filmRef)14315	62
(filmRef)14314	62
(filmRef)14313	62
(filmRef)14312	62
(filmRef)14764	62
(filmRef)19348	63
(filmRef)15336	63
(filmRef)19347	63
(filmRef)15335	63
(filmRef)15337	63
(filmRef)15334	63
(filmRef)15064	63
(filmRef)15030	63
(filmRef)15029	63
(filmRef)15027	63
(filmRef)15026	63
(filmRef)15025	63
(filmRef)15024	63
(filmRef)15023	63
(filmRef)14677	63
(filmRef)15028	63
(filmRef)20392	64
(filmRef)20391	64
(filmRef)20390	64
(filmRef)20389	64
(filmRef)20041	64
(filmRef)20040	64
(filmRef)20039	64
(filmRef)20038	64
(filmRef)20035	64
(filmRef)20034	64
(filmRef)20033	64
(filmRef)16708	64
(filmRef)16707	64
(filmRef)16706	64
(filmRef)16705	64
(filmRef)20037	64
(filmRef)21348	65
(filmRef)21347	65
(filmRef)21346	65
(filmRef)21345	65
(filmRef)21344	65
(filmRef)21343	65
(filmRef)21342	65
(filmRef)21349	65
(filmRef)21340	65
(filmRef)21339	65
(filmRef)21338	65
(filmRef)21337	65
(filmRef)21336	65
(filmRef)21335	65
(filmRef)21334	65
(filmRef)21341	65
(filmRef)8106	66
(filmRef)8105	66
(filmRef)8103	66
(filmRef)8035	66
(filmRef)8034	66
(filmRef)8033	66
(filmRef)8032	66
(filmRef)8030	66
(filmRef)8029	66
(filmRef)8028	66
(filmRef)8027	66
(filmRef)8026	66
(filmRef)8104	66
(filmRef)8025	66
(filmRef)8031	66
(filmRef)17635	67
(filmRef)17634	67
(filmRef)17633	67
(filmRef)17638	67
(filmRef)17422	67
(filmRef)17636	67
(filmRef)17421	67
(filmRef)17373	67
(filmRef)17308	67
(filmRef)18143	67
(filmRef)18142	67
(filmRef)18141	67
(filmRef)17372	67
(filmRef)17307	67
(filmRef)17346	68
(filmRef)17345	68
(filmRef)17344	68
(filmRef)17297	68
(filmRef)17296	68
(filmRef)17295	68
(filmRef)17049	68
(filmRef)17041	68
(filmRef)16875	68
(filmRef)16874	68
(filmRef)16873	68
(filmRef)17040	68
(filmRef)16872	68
(filmRef)17043	68
(filmRef)15248	69
(filmRef)19570	69
(filmRef)19799	69
(filmRef)19800	69
(filmRef)19798	69
(filmRef)15249	69
(filmRef)15247	69
(filmRef)15240	69
(filmRef)15245	69
(filmRef)15244	69
(filmRef)15243	69
(filmRef)15242	69
(filmRef)15241	69
(filmRef)15246	69
(filmRef)15818	70
(filmRef)15823	70
(filmRef)15822	70
(filmRef)15821	70
(filmRef)15820	70
(filmRef)15819	70
(filmRef)15817	70
(filmRef)15816	70
(filmRef)15815	70
(filmRef)15814	70
(filmRef)15813	70
(filmRef)15812	70
(filmRef)15811	70
(filmRef)15810	70
(filmRef)18157	71
(filmRef)18156	71
(filmRef)18155	71
(filmRef)18154	71
(filmRef)18153	71
(filmRef)18152	71
(filmRef)19269	71
(filmRef)18150	71
(filmRef)17619	71
(filmRef)17618	71
(filmRef)17617	71
(filmRef)17616	71
(filmRef)17615	71
(filmRef)18151	71
(filmRef)20318	72
(filmRef)20323	72
(filmRef)20322	72
(filmRef)20321	72
(filmRef)20320	72
(filmRef)20319	72
(filmRef)20019	72
(filmRef)20018	72
(filmRef)20016	72
(filmRef)20015	72
(filmRef)20014	72
(filmRef)20013	72
(filmRef)20012	72
(filmRef)20017	72
(filmRef)16003	73
(filmRef)16007	73
(filmRef)16006	73
(filmRef)16005	73
(filmRef)15996	73
(filmRef)16002	73
(filmRef)16004	73
(filmRef)16000	73
(filmRef)15999	73
(filmRef)15998	73
(filmRef)15997	73
(filmRef)15995	73
(filmRef)16001	73
(filmRef)14782	74
(filmRef)14781	74
(filmRef)14780	74
(filmRef)14779	74
(filmRef)14778	74
(filmRef)14777	74
(filmRef)14783	74
(filmRef)14775	74
(filmRef)14774	74
(filmRef)14773	74
(filmRef)14772	74
(filmRef)14771	74
(filmRef)14776	74
(filmRef)14796	75
(filmRef)14795	75
(filmRef)14794	75
(filmRef)14793	75
(filmRef)14792	75
(filmRef)14791	75
(filmRef)14789	75
(filmRef)14788	75
(filmRef)14787	75
(filmRef)14786	75
(filmRef)14785	75
(filmRef)14784	75
(filmRef)14790	75
(filmRef)15412	76
(filmRef)14635	76
(filmRef)15807	76
(filmRef)15656	76
(filmRef)15230	76
(filmRef)15870	76
(filmRef)14515	76
(filmRef)14394	76
(filmRef)14809	76
(filmRef)14974	76
(filmRef)15056	76
(filmRef)15041	76
(filmRef)19251	77
(filmRef)19322	77
(filmRef)19253	77
(filmRef)19323	77
(filmRef)19245	77
(filmRef)19252	77
(filmRef)19243	77
(filmRef)19242	77
(filmRef)19241	77
(filmRef)19088	77
(filmRef)19087	77
(filmRef)19244	77
(filmRef)21318	78
(filmRef)21319	78
(filmRef)21320	78
(filmRef)21317	78
(filmRef)21316	78
(filmRef)21315	78
(filmRef)21116	78
(filmRef)21019	78
(filmRef)21017	78
(filmRef)21016	78
(filmRef)21015	78
(filmRef)21115	78
(filmRef)21152	79
(filmRef)21151	79
(filmRef)21150	79
(filmRef)21148	79
(filmRef)21323	79
(filmRef)21322	79
(filmRef)21324	79
(filmRef)21321	79
(filmRef)21149	79
(filmRef)21147	79
(filmRef)21146	79
(filmRef)21325	79
(filmRef)17817	80
(filmRef)17820	80
(filmRef)17819	80
(filmRef)17818	80
(filmRef)17821	80
(filmRef)17816	80
(filmRef)17813	80
(filmRef)17814	80
(filmRef)17812	80
(filmRef)17811	80
(filmRef)17810	80
(filmRef)17815	80
(filmRef)19450	81
(filmRef)19453	81
(filmRef)19447	81
(filmRef)19457	81
(filmRef)19456	81
(filmRef)19455	81
(filmRef)19452	81
(filmRef)19451	81
(filmRef)19449	81
(filmRef)19448	81
(filmRef)19446	81
(filmRef)19454	81
(filmRef)20090	82
(filmRef)20089	82
(filmRef)20088	82
(filmRef)20087	82
(filmRef)20086	82
(filmRef)20085	82
(filmRef)20055	82
(filmRef)20053	82
(filmRef)20052	82
(filmRef)20051	82
(filmRef)20050	82
(filmRef)20054	82
(filmRef)20248	83
(filmRef)20252	83
(filmRef)20250	83
(filmRef)20249	83
(filmRef)20247	83
(filmRef)20251	83
(filmRef)20081	83
(filmRef)20077	83
(filmRef)20078	83
(filmRef)20082	83
(filmRef)20080	83
(filmRef)20079	83
(filmRef)16044	84
(filmRef)16042	84
(filmRef)16037	84
(filmRef)16036	84
(filmRef)16035	84
(filmRef)16041	84
(filmRef)16034	84
(filmRef)16033	84
(filmRef)16032	84
(filmRef)16031	84
(filmRef)16043	84
(filmRef)17980	85
(filmRef)18675	85
(filmRef)18508	85
(filmRef)17989	85
(filmRef)18676	85
(filmRef)17978	85
(filmRef)15188	85
(filmRef)15187	85
(filmRef)15186	85
(filmRef)15185	85
(filmRef)17979	85
(filmRef)15496	86
(filmRef)15495	86
(filmRef)15494	86
(filmRef)15493	86
(filmRef)15492	86
(filmRef)15491	86
(filmRef)15435	86
(filmRef)15434	86
(filmRef)15432	86
(filmRef)15431	86
(filmRef)15436	86
(filmRef)20093	87
(filmRef)20097	87
(filmRef)20095	87
(filmRef)20094	87
(filmRef)20092	87
(filmRef)20096	87
(filmRef)19983	87
(filmRef)19982	87
(filmRef)19981	87
(filmRef)20011	87
(filmRef)19980	87
(filmRef)20192	88
(filmRef)20191	88
(filmRef)20183	88
(filmRef)20190	88
(filmRef)20189	88
(filmRef)20188	88
(filmRef)20187	88
(filmRef)20185	88
(filmRef)20182	88
(filmRef)20181	88
(filmRef)19024	89
(filmRef)19023	89
(filmRef)19021	89
(filmRef)18691	89
(filmRef)18690	89
(filmRef)18692	89
(filmRef)19019	89
(filmRef)18639	89
(filmRef)18638	89
(filmRef)18637	89
(filmRef)19011	90
(filmRef)19195	90
(filmRef)19181	90
(filmRef)19180	90
(filmRef)19179	90
(filmRef)19178	90
(filmRef)19177	90
(filmRef)19131	90
(filmRef)19012	90
(filmRef)19010	90
(filmRef)18259	91
(filmRef)18257	91
(filmRef)18256	91
(filmRef)14739	91
(filmRef)18258	91
(filmRef)14737	91
(filmRef)14736	91
(filmRef)14735	91
(filmRef)14734	91
(filmRef)14738	91
(filmRef)15129	92
(filmRef)15128	92
(filmRef)15127	92
(filmRef)15126	92
(filmRef)15125	92
(filmRef)15124	92
(filmRef)15123	92
(filmRef)15122	92
(filmRef)15121	92
(filmRef)15120	92
(filmRef)17209	93
(filmRef)17207	93
(filmRef)17206	93
(filmRef)17205	93
(filmRef)17208	93
(filmRef)17203	93
(filmRef)17202	93
(filmRef)17201	93
(filmRef)17200	93
(filmRef)17204	93
(filmRef)20622	94
(filmRef)20620	94
(filmRef)20619	94
(filmRef)20618	94
(filmRef)20621	94
(filmRef)20616	94
(filmRef)20615	94
(filmRef)20614	94
(filmRef)20613	94
(filmRef)20617	94
(filmRef)12712	95
(filmRef)12052	95
(filmRef)11978	95
(filmRef)11473	95
(filmRef)12034	95
(filmRef)11562	95
(filmRef)11466	95
(filmRef)10658	95
(filmRef)12851	95
(filmRef)19248	96
(filmRef)19061	96
(filmRef)19249	96
(filmRef)19247	96
(filmRef)19060	96
(filmRef)18948	96
(filmRef)18947	96
(filmRef)18643	96
(filmRef)19062	96
(filmRef)21304	97
(filmRef)21310	97
(filmRef)21309	97
(filmRef)21308	97
(filmRef)21307	97
(filmRef)21306	97
(filmRef)21305	97
(filmRef)21303	97
(filmRef)21302	97
(filmRef)21990	98
(filmRef)21988	98
(filmRef)21993	98
(filmRef)21987	98
(filmRef)21992	98
(filmRef)21991	98
(filmRef)21989	98
(filmRef)21986	98
(filmRef)21994	98
(filmRef)15943	99
(filmRef)15942	99
(filmRef)15941	99
(filmRef)15940	99
(filmRef)15944	99
(filmRef)15938	99
(filmRef)15937	99
(filmRef)15936	99
(filmRef)15939	99
(filmRef)18232	100
(filmRef)18231	100
(filmRef)18230	100
(filmRef)18229	100
(filmRef)16550	100
(filmRef)16548	100
(filmRef)16547	100
(filmRef)16546	100
(filmRef)16549	100
(filmRef)18015	101
(filmRef)18014	101
(filmRef)18013	101
(filmRef)18012	101
(filmRef)18009	101
(filmRef)18010	101
(filmRef)18008	101
(filmRef)18007	101
(filmRef)18011	101
(filmRef)21118	102
(filmRef)21119	102
(filmRef)21120	102
(filmRef)21121	102
(filmRef)21122	102
(filmRef)21123	102
(filmRef)21124	102
(filmRef)21125	102
(filmRef)21126	102
(filmRef)16831	103
(filmRef)16828	103
(filmRef)16834	103
(filmRef)16829	103
(filmRef)16833	103
(filmRef)16826	103
(filmRef)16825	103
(filmRef)16827	103
(filmRef)22065	104
(filmRef)22064	104
(filmRef)22066	104
(filmRef)22067	104
(filmRef)22063	104
(filmRef)22060	104
(filmRef)22058	104
(filmRef)22061	104
(filmRef)2945	105
(filmRef)2946	105
(filmRef)3471	105
(filmRef)4155	105
(filmRef)4170	105
(filmRef)4681	105
(filmRef)4928	105
(filmRef)T0718	105
(filmRef)22007	106
(filmRef)22006	106
(filmRef)22016	106
(filmRef)22015	106
(filmRef)22005	106
(filmRef)22004	106
(filmRef)22002	106
(filmRef)22003	106
(filmRef)21328	107
(filmRef)21333	107
(filmRef)21332	107
(filmRef)21330	107
(filmRef)21329	107
(filmRef)21059	107
(filmRef)21057	107
(filmRef)21331	107
(filmRef)15981	108
(filmRef)15982	108
(filmRef)15983	108
(filmRef)15984	108
(filmRef)15985	108
(filmRef)15986	108
(filmRef)15987	108
(filmRef)15988	108
(filmRef)16137	109
(filmRef)16139	109
(filmRef)16138	109
(filmRef)16136	109
(filmRef)16135	109
(filmRef)16134	109
(filmRef)16133	109
(filmRef)16132	109
(filmRef)17193	110
(filmRef)17194	110
(filmRef)17195	110
(filmRef)17196	110
(filmRef)17197	110
(filmRef)17198	110
(filmRef)17199	110
(filmRef)17219	110
(filmRef)18856	111
(filmRef)18855	111
(filmRef)18854	111
(filmRef)18853	111
(filmRef)18849	111
(filmRef)18851	111
(filmRef)18850	111
(filmRef)18852	111
(filmRef)2925	112
(filmRef)2927	112
(filmRef)2926	112
(filmRef)2923	112
(filmRef)2918	112
(filmRef)2920	112
(filmRef)2921	112
(filmRef)2919	112
(filmRef)19126	113
(filmRef)19122	113
(filmRef)19123	113
(filmRef)19124	113
(filmRef)19127	113
(filmRef)19128	113
(filmRef)19125	113
(filmRef)16319	114
(filmRef)16296	114
(filmRef)16297	114
(filmRef)16294	114
(filmRef)16318	114
(filmRef)16298	114
(filmRef)16295	114
(filmRef)18172	115
(filmRef)18173	115
(filmRef)18179	115
(filmRef)18171	115
(filmRef)18170	115
(filmRef)18168	115
(filmRef)18169	115
(filmRef)15749	116
(filmRef)15747	116
(filmRef)15746	116
(filmRef)15752	116
(filmRef)15737	116
(filmRef)15648	116
(filmRef)15738	116
(filmRef)18278	117
(filmRef)18279	117
(filmRef)18280	117
(filmRef)18281	117
(filmRef)18282	117
(filmRef)18283	117
(filmRef)18284	117
(filmRef)18364	118
(filmRef)18367	118
(filmRef)18363	118
(filmRef)18366	118
(filmRef)18361	118
(filmRef)18360	118
(filmRef)18362	118
(filmRef)20232	119
(filmRef)20230	119
(filmRef)20229	119
(filmRef)20231	119
(filmRef)20226	119
(filmRef)20225	119
(filmRef)20228	119
(filmRef)17733	120
(filmRef)17962	120
(filmRef)17963	120
(filmRef)17750	120
(filmRef)18101	120
(filmRef)17751	120
(filmRef)12114	121
(filmRef)12120	121
(filmRef)12116	121
(filmRef)11457	121
(filmRef)11456	121
(filmRef)11458	121
(filmRef)15989	122
(filmRef)15990	122
(filmRef)15993	122
(filmRef)15994	122
(filmRef)15991	122
(filmRef)15992	122
(filmRef)UCS0032	123
(filmRef)UCS0031	123
(filmRef)UCS0033	123
(filmRef)UCS0028	123
(filmRef)UCS0026	123
(filmRef)UCS0036	123
(filmRef)16587	124
(filmRef)16588	124
(filmRef)16590	124
(filmRef)16589	124
(filmRef)19906	124
(filmRef)19905	124
(filmRef)3307	125
(filmRef)1418	125
(filmRef)3306	125
(filmRef)3304	125
(filmRef)14053	125
(filmRef)3305	125
(filmRef)UCS0008	126
(filmRef)UCS0009	126
(filmRef)UCS0018	126
(filmRef)UCS0019	126
(filmRef)UCS0014	126
(filmRef)UCS0015	126
(filmRef)12186	127
(filmRef)12187	127
(filmRef)12188	127
(filmRef)12190	127
(filmRef)12192	127
(filmRef)12191	127
(filmRef)UCS0093	128
(filmRef)UCS0074	128
(filmRef)UCS0099	128
(filmRef)UCS0057	128
(filmRef)UCS0022	128
(filmRef)UCS0059	128
(filmRef)14074	129
(filmRef)14075	129
(filmRef)14076	129
(filmRef)14077	129
(filmRef)14078	129
(filmRef)14079	129
(filmRef)14292	130
(filmRef)14291	130
(filmRef)14290	130
(filmRef)14288	130
(filmRef)14287	130
(filmRef)14289	130
(filmRef)14323	131
(filmRef)14319	131
(filmRef)14320	131
(filmRef)14321	131
(filmRef)14322	131
(filmRef)14324	131
(filmRef)14563	132
(filmRef)14562	132
(filmRef)14564	132
(filmRef)14560	132
(filmRef)14559	132
(filmRef)14561	132
(filmRef)14801	133
(filmRef)14800	133
(filmRef)14802	133
(filmRef)14798	133
(filmRef)14797	133
(filmRef)14799	133
(filmRef)14822	134
(filmRef)14823	134
(filmRef)14824	134
(filmRef)14825	134
(filmRef)14826	134
(filmRef)14827	134
(filmRef)14891	135
(filmRef)14892	135
(filmRef)14893	135
(filmRef)14889	135
(filmRef)14888	135
(filmRef)14890	135
(filmRef)14898	136
(filmRef)14899	136
(filmRef)14900	136
(filmRef)14901	136
(filmRef)14902	136
(filmRef)14903	136
(filmRef)15078	137
(filmRef)15077	137
(filmRef)15076	137
(filmRef)15075	137
(filmRef)15073	137
(filmRef)15074	137
(filmRef)15096	138
(filmRef)15097	138
(filmRef)15098	138
(filmRef)15099	138
(filmRef)15100	138
(filmRef)15101	138
(filmRef)15118	139
(filmRef)15117	139
(filmRef)15119	139
(filmRef)15115	139
(filmRef)15116	139
(filmRef)15114	139
(filmRef)15165	140
(filmRef)15166	140
(filmRef)15167	140
(filmRef)15168	140
(filmRef)15169	140
(filmRef)15170	140
(filmRef)15237	141
(filmRef)15239	141
(filmRef)15238	141
(filmRef)15236	141
(filmRef)15235	141
(filmRef)15234	141
(filmRef)15310	142
(filmRef)15311	142
(filmRef)15316	142
(filmRef)15329	142
(filmRef)15339	142
(filmRef)15340	142
(filmRef)15473	143
(filmRef)15472	143
(filmRef)15474	143
(filmRef)15471	143
(filmRef)15469	143
(filmRef)15470	143
(filmRef)15521	144
(filmRef)15522	144
(filmRef)15523	144
(filmRef)15524	144
(filmRef)15525	144
(filmRef)15526	144
(filmRef)15532	145
(filmRef)15531	145
(filmRef)15530	145
(filmRef)15528	145
(filmRef)15527	145
(filmRef)15529	145
(filmRef)15538	146
(filmRef)15539	146
(filmRef)15540	146
(filmRef)15541	146
(filmRef)15542	146
(filmRef)15543	146
(filmRef)15773	147
(filmRef)15774	147
(filmRef)15772	147
(filmRef)15770	147
(filmRef)15771	147
(filmRef)15769	147
(filmRef)15882	148
(filmRef)15883	148
(filmRef)15884	148
(filmRef)15885	148
(filmRef)15886	148
(filmRef)15887	148
(filmRef)16254	149
(filmRef)16062	149
(filmRef)16061	149
(filmRef)16059	149
(filmRef)16058	149
(filmRef)16060	149
(filmRef)16092	150
(filmRef)16093	150
(filmRef)16094	150
(filmRef)16095	150
(filmRef)16096	150
(filmRef)16097	150
(filmRef)16456	151
(filmRef)16457	151
(filmRef)16455	151
(filmRef)16452	151
(filmRef)16453	151
(filmRef)16454	151
(filmRef)16650	152
(filmRef)16651	152
(filmRef)16652	152
(filmRef)16653	152
(filmRef)16654	152
(filmRef)16655	152
(filmRef)17115	153
(filmRef)17114	153
(filmRef)17113	153
(filmRef)17110	153
(filmRef)17111	153
(filmRef)17112	153
(filmRef)17165	154
(filmRef)17166	154
(filmRef)17163	154
(filmRef)17162	154
(filmRef)17161	154
(filmRef)17164	154
(filmRef)17226	155
(filmRef)17227	155
(filmRef)17228	155
(filmRef)17229	155
(filmRef)17230	155
(filmRef)17231	155
(filmRef)17518	156
(filmRef)17519	156
(filmRef)17520	156
(filmRef)17521	156
(filmRef)17522	156
(filmRef)17523	156
(filmRef)17645	157
(filmRef)17646	157
(filmRef)17644	157
(filmRef)17643	157
(filmRef)17642	157
(filmRef)17641	157
(filmRef)18016	158
(filmRef)18017	158
(filmRef)18018	158
(filmRef)18019	158
(filmRef)18020	158
(filmRef)18021	158
(filmRef)18487	159
(filmRef)18488	159
(filmRef)18489	159
(filmRef)18490	159
(filmRef)18491	159
(filmRef)18492	159
(filmRef)18599	160
(filmRef)18598	160
(filmRef)18600	160
(filmRef)18596	160
(filmRef)18597	160
(filmRef)18601	160
(filmRef)19189	161
(filmRef)19192	161
(filmRef)19193	161
(filmRef)19190	161
(filmRef)19191	161
(filmRef)19188	161
(filmRef)20047	162
(filmRef)20046	162
(filmRef)20048	162
(filmRef)20044	162
(filmRef)20043	162
(filmRef)20045	162
(filmRef)20217	163
(filmRef)20218	163
(filmRef)20220	163
(filmRef)20221	163
(filmRef)20222	163
(filmRef)20224	163
(filmRef)20245	164
(filmRef)20243	164
(filmRef)20244	164
(filmRef)20241	164
(filmRef)20240	164
(filmRef)20242	164
(filmRef)20347	165
(filmRef)20348	165
(filmRef)20349	165
(filmRef)20350	165
(filmRef)20351	165
(filmRef)20352	165
(filmRef)21290	166
(filmRef)21291	166
(filmRef)21289	166
(filmRef)21288	166
(filmRef)21286	166
(filmRef)21287	166
(filmRef)21292	167
(filmRef)21293	167
(filmRef)21294	167
(filmRef)21295	167
(filmRef)21296	167
(filmRef)21297	167
(filmRef)21373	168
(filmRef)21371	168
(filmRef)21372	168
(filmRef)21369	168
(filmRef)21370	168
(filmRef)21368	168
(filmRef)22197	169
(filmRef)22198	169
(filmRef)22200	169
(filmRef)22201	169
(filmRef)22202	169
(filmRef)22199	169
(filmRef)4710	170
(filmRef)4709	170
(filmRef)4712	170
(filmRef)4701	170
(filmRef)4700	170
(filmRef)4711	170
(filmRef)14369	171
(filmRef)14371	171
(filmRef)14370	171
(filmRef)14373	171
(filmRef)14374	171
(filmRef)17544	172
(filmRef)17539	172
(filmRef)17541	172
(filmRef)17537	172
(filmRef)17538	172
(filmRef)17990	173
(filmRef)18575	173
(filmRef)18911	173
(filmRef)18912	173
(filmRef)18913	173
(filmRef)15359	174
(filmRef)15358	174
(filmRef)15357	174
(filmRef)15354	174
(filmRef)15356	174
(filmRef)15102	175
(filmRef)15103	175
(filmRef)15107	175
(filmRef)15253	175
(filmRef)15106	175
(filmRef)15198	176
(filmRef)15195	176
(filmRef)15196	176
(filmRef)15197	176
(filmRef)15200	176
(filmRef)15365	177
(filmRef)15364	177
(filmRef)15360	177
(filmRef)15361	177
(filmRef)15363	177
(filmRef)18533	178
(filmRef)18537	178
(filmRef)18539	178
(filmRef)18540	178
(filmRef)18538	178
(filmRef)18710	179
(filmRef)18705	179
(filmRef)18709	179
(filmRef)18708	179
(filmRef)18700	179
(filmRef)19140	180
(filmRef)19154	180
(filmRef)19273	180
(filmRef)19278	180
(filmRef)19157	180
(filmRef)14525	181
(filmRef)14524	181
(filmRef)14523	181
(filmRef)14522	181
(filmRef)14521	181
(filmRef)14671	182
(filmRef)14672	182
(filmRef)14673	182
(filmRef)14674	182
(filmRef)14675	182
(filmRef)15072	183
(filmRef)15071	183
(filmRef)15067	183
(filmRef)15066	183
(filmRef)15065	183
(filmRef)15156	184
(filmRef)15157	184
(filmRef)15158	184
(filmRef)15159	184
(filmRef)15160	184
(filmRef)15174	185
(filmRef)15173	185
(filmRef)15176	185
(filmRef)15171	185
(filmRef)15172	185
(filmRef)15485	186
(filmRef)15486	186
(filmRef)15487	186
(filmRef)15488	186
(filmRef)15489	186
(filmRef)17647	187
(filmRef)15902	187
(filmRef)15694	187
(filmRef)15676	187
(filmRef)15664	187
(filmRef)15876	188
(filmRef)15878	188
(filmRef)15879	188
(filmRef)15880	188
(filmRef)15877	188
(filmRef)16261	189
(filmRef)16260	189
(filmRef)16262	189
(filmRef)16258	189
(filmRef)16259	189
(filmRef)16320	190
(filmRef)16321	190
(filmRef)16322	190
(filmRef)16323	190
(filmRef)16324	190
(filmRef)16401	191
(filmRef)16400	191
(filmRef)16402	191
(filmRef)16398	191
(filmRef)16399	191
(filmRef)16465	192
(filmRef)16466	192
(filmRef)17503	192
(filmRef)17504	192
(filmRef)17545	192
(filmRef)16482	193
(filmRef)16483	193
(filmRef)16484	193
(filmRef)16485	193
(filmRef)16822	193
(filmRef)19630	194
(filmRef)19629	194
(filmRef)20381	194
(filmRef)16640	194
(filmRef)16641	194
(filmRef)17124	195
(filmRef)17561	195
(filmRef)17535	195
(filmRef)17558	195
(filmRef)17560	195
(filmRef)17553	196
(filmRef)17552	196
(filmRef)17554	196
(filmRef)17550	196
(filmRef)17551	196
(filmRef)17893	197
(filmRef)17894	197
(filmRef)17895	197
(filmRef)18847	197
(filmRef)18848	197
(filmRef)18908	198
(filmRef)18907	198
(filmRef)18909	198
(filmRef)18905	198
(filmRef)18906	198
(filmRef)20215	199
(filmRef)20214	199
(filmRef)20211	199
(filmRef)20212	199
(filmRef)20213	199
(filmRef)21274	200
(filmRef)21273	200
(filmRef)21275	200
(filmRef)21271	200
(filmRef)21272	200
(filmRef)21845	201
(filmRef)21846	201
(filmRef)21848	201
(filmRef)21849	201
(filmRef)21847	201
(filmRef)22453	202
(filmRef)22473	202
(filmRef)22456	202
(filmRef)22467	202
(filmRef)22468	202
(filmRef)4130	203
(filmRef)4131	203
(filmRef)4129	203
(filmRef)4127	203
(filmRef)4128	203
(filmRef)15731	204
(filmRef)15732	204
(filmRef)15734	204
(filmRef)15733	204
(filmRef)18696	205
(filmRef)18697	205
(filmRef)18694	205
(filmRef)18695	205
(filmRef)19460	206
(filmRef)19461	206
(filmRef)19463	206
(filmRef)19462	206
(filmRef)22961	207
(filmRef)22959	207
(filmRef)22960	207
(filmRef)22963	207
(filmRef)3332	208
(filmRef)3333	208
(filmRef)3328	208
(filmRef)3329	208
(filmRef)16368	209
(filmRef)16415	209
(filmRef)16370	209
(filmRef)16417	209
(filmRef)4879	210
(filmRef)4880	210
(filmRef)4882	210
(filmRef)4884	210
(filmRef)15090	211
(filmRef)15091	211
(filmRef)15087	211
(filmRef)15086	211
(filmRef)15741	212
(filmRef)15742	212
(filmRef)15744	212
(filmRef)15745	212
(filmRef)22939	213
(filmRef)22941	213
(filmRef)22943	213
(filmRef)22940	213
(filmRef)4965	214
(filmRef)4761	214
(filmRef)4758	214
(filmRef)4759	214
(filmRef)12406	215
(filmRef)12411	215
(filmRef)12407	215
(filmRef)12408	215
(filmRef)14499	216
(filmRef)14500	216
(filmRef)14600	216
(filmRef)14601	216
(filmRef)15342	217
(filmRef)14605	217
(filmRef)14604	217
(filmRef)15901	217
(filmRef)15416	218
(filmRef)15417	218
(filmRef)15418	218
(filmRef)16571	218
(filmRef)15478	219
(filmRef)15477	219
(filmRef)15476	219
(filmRef)15475	219
(filmRef)15511	220
(filmRef)20703	220
(filmRef)20704	220
(filmRef)20705	220
(filmRef)15654	221
(filmRef)15655	221
(filmRef)15583	221
(filmRef)15584	221
(filmRef)15665	222
(filmRef)15677	222
(filmRef)15903	222
(filmRef)17648	222
(filmRef)17649	223
(filmRef)15666	223
(filmRef)15673	223
(filmRef)15696	223
(filmRef)15801	224
(filmRef)15802	224
(filmRef)15799	224
(filmRef)15800	224
(filmRef)16171	225
(filmRef)16172	225
(filmRef)16173	225
(filmRef)16174	225
(filmRef)17180	226
(filmRef)19883	226
(filmRef)16420	226
(filmRef)16427	226
(filmRef)16468	227
(filmRef)16471	227
(filmRef)16473	227
(filmRef)16474	227
(filmRef)16821	228
(filmRef)16818	228
(filmRef)16819	228
(filmRef)16820	228
(filmRef)16980	229
(filmRef)16950	229
(filmRef)16949	229
(filmRef)16951	229
(filmRef)17216	230
(filmRef)17438	230
(filmRef)18493	230
(filmRef)18515	230
(filmRef)17430	231
(filmRef)17431	231
(filmRef)17433	231
(filmRef)17434	231
(filmRef)17530	232
(filmRef)17529	232
(filmRef)17511	232
(filmRef)17510	232
(filmRef)17790	233
(filmRef)17791	233
(filmRef)17792	233
(filmRef)17793	233
(filmRef)18189	234
(filmRef)18186	234
(filmRef)18187	234
(filmRef)18188	234
(filmRef)18334	235
(filmRef)18333	235
(filmRef)18332	235
(filmRef)18331	235
(filmRef)20167	236
(filmRef)20168	236
(filmRef)20169	236
(filmRef)20170	236
(filmRef)20762	237
(filmRef)20763	237
(filmRef)20713	237
(filmRef)20723	237
(filmRef)21056	238
(filmRef)21058	238
(filmRef)21300	238
(filmRef)21301	238
(filmRef)21840	239
(filmRef)21835	239
(filmRef)21836	239
(filmRef)21837	239
(filmRef)22951	240
(filmRef)22949	240
(filmRef)22948	240
(filmRef)22952	240
(filmRef)2417	241
(filmRef)2419	241
(filmRef)2420	241
(filmRef)2421	241
(filmRef)10257	242
(filmRef)10259	242
(filmRef)10258	242
(filmRef)10313	243
(filmRef)10315	243
(filmRef)10312	243
(filmRef)10915	244
(filmRef)10916	244
(filmRef)12314	244
(filmRef)10917	245
(filmRef)11271	245
(filmRef)11272	245
(filmRef)11183	246
(filmRef)11191	246
(filmRef)11010	246
(filmRef)11350	247
(filmRef)11348	247
(filmRef)11349	247
(filmRef)12307	248
(filmRef)12308	248
(filmRef)12309	248
(filmRef)13344	249
(filmRef)13345	249
(filmRef)13346	249
(filmRef)13752	250
(filmRef)13751	250
(filmRef)13750	250
(filmRef)13758	251
(filmRef)13760	251
(filmRef)13762	251
(filmRef)13759	252
(filmRef)13761	252
(filmRef)13763	252
(filmRef)15280	253
(filmRef)14377	253
(filmRef)14376	253
(filmRef)14421	254
(filmRef)14423	254
(filmRef)14422	254
(filmRef)14445	255
(filmRef)14446	255
(filmRef)14447	255
(filmRef)14805	256
(filmRef)14804	256
(filmRef)14803	256
(filmRef)14905	257
(filmRef)14906	257
(filmRef)14907	257
(filmRef)15019	258
(filmRef)15020	258
(filmRef)15021	258
(filmRef)15049	259
(filmRef)15051	259
(filmRef)15048	259
(filmRef)15520	260
(filmRef)15519	260
(filmRef)15518	260
(filmRef)15582	261
(filmRef)15748	261
(filmRef)15581	261
(filmRef)16193	262
(filmRef)16194	262
(filmRef)16192	262
(filmRef)16275	263
(filmRef)16409	263
(filmRef)16410	263
(filmRef)16525	264
(filmRef)16526	264
(filmRef)16527	264
(filmRef)16529	265
(filmRef)16530	265
(filmRef)16528	265
(filmRef)16851	266
(filmRef)17809	266
(filmRef)18228	266
(filmRef)16925	267
(filmRef)16926	267
(filmRef)16929	267
(filmRef)17378	268
(filmRef)17374	268
(filmRef)17379	268
(filmRef)17582	269
(filmRef)17581	269
(filmRef)17579	269
(filmRef)17713	270
(filmRef)17779	270
(filmRef)19102	270
(filmRef)17714	271
(filmRef)17780	271
(filmRef)19105	271
(filmRef)17965	272
(filmRef)18103	272
(filmRef)17752	272
(filmRef)17757	273
(filmRef)17761	273
(filmRef)17758	273
(filmRef)17768	274
(filmRef)17769	274
(filmRef)17770	274
(filmRef)17857	275
(filmRef)17822	275
(filmRef)17824	275
(filmRef)18002	276
(filmRef)18003	276
(filmRef)18001	276
(filmRef)18081	277
(filmRef)18091	277
(filmRef)19101	277
(filmRef)18181	278
(filmRef)18182	278
(filmRef)18183	278
(filmRef)18218	279
(filmRef)18219	279
(filmRef)18217	279
(filmRef)18238	280
(filmRef)18239	280
(filmRef)18240	280
(filmRef)18494	281
(filmRef)18495	281
(filmRef)18496	281
(filmRef)18536	282
(filmRef)18534	282
(filmRef)18535	282
(filmRef)18791	283
(filmRef)18790	283
(filmRef)18789	283
(filmRef)18797	284
(filmRef)18803	284
(filmRef)19018	284
(filmRef)18799	285
(filmRef)18800	285
(filmRef)18802	285
(filmRef)19320	286
(filmRef)19321	286
(filmRef)19319	286
(filmRef)19342	287
(filmRef)19343	287
(filmRef)19368	287
(filmRef)19465	288
(filmRef)19466	288
(filmRef)19467	288
(filmRef)19625	289
(filmRef)19622	289
(filmRef)19623	289
(filmRef)19830	290
(filmRef)20355	290
(filmRef)19829	290
(filmRef)20059	291
(filmRef)20057	291
(filmRef)20058	291
(filmRef)20177	292
(filmRef)20178	292
(filmRef)20179	292
(filmRef)20208	293
(filmRef)20209	293
(filmRef)20210	293
(filmRef)20751	294
(filmRef)20753	294
(filmRef)20749	294
(filmRef)21181	295
(filmRef)21182	295
(filmRef)21183	295
(filmRef)21365	296
(filmRef)21366	296
(filmRef)21367	296
(filmRef)22035	297
(filmRef)22033	297
(filmRef)22034	297
(filmRef)22494	298
(filmRef)22493	298
(filmRef)22492	298
(filmRef)22512	299
(filmRef)22514	299
(filmRef)22513	299
(filmRef)22604	300
(filmRef)22605	300
(filmRef)22608	300
(filmRef)22930	301
(filmRef)22932	301
(filmRef)22929	301
(filmRef)22987	302
(filmRef)22988	302
(filmRef)22989	302
(filmRef)2525	303
(filmRef)2530	303
(filmRef)2526	303
(filmRef)3465	304
(filmRef)3464	304
(filmRef)3468	304
(filmRef)8513	305
(filmRef)8512	305
(filmRef)8511	305
(filmRef)N0057	306
(filmRef)N0058	306
(filmRef)N0059	306
(filmRef)N0393	307
(filmRef)N0394	307
(filmRef)N0404	307
(filmRef)T0647	308
(filmRef)T0649	308
(filmRef)T0616	308
(filmRef)UCS0107	309
(filmRef)UCS0125	309
(filmRef)UCS0109	309
(filmRef)0142	310
(filmRef)0186	310
(filmRef)0593	311
(filmRef)3849	311
(filmRef)0646B	312
(filmRef)3562	312
(filmRef)0701	313
(filmRef)0686	313
(filmRef)0870A	314
(filmRef)0870C	314
(filmRef)0971	315
(filmRef)1015	315
(filmRef)11035	316
(filmRef)11036	316
(filmRef)11096	317
(filmRef)11199	317
(filmRef)11098	318
(filmRef)11097	318
(filmRef)11258	319
(filmRef)11305	319
(filmRef)11269	320
(filmRef)11281	320
(filmRef)11274	321
(filmRef)12302	321
(filmRef)11286	322
(filmRef)12335	322
(filmRef)11306	323
(filmRef)11307	323
(filmRef)11334	324
(filmRef)11335	324
(filmRef)11424	325
(filmRef)11417	325
(filmRef)11420	326
(filmRef)11421	326
(filmRef)11443	327
(filmRef)11446	327
(filmRef)12136	328
(filmRef)12180	328
(filmRef)1215	329
(filmRef)1216	329
(filmRef)12178	330
(filmRef)12177	330
(filmRef)12305	331
(filmRef)12326	331
(filmRef)12425	332
(filmRef)12426	332
(filmRef)12468	333
(filmRef)12469	333
(filmRef)12497	334
(filmRef)13702	334
(filmRef)12512	335
(filmRef)12509	335
(filmRef)12874	336
(filmRef)12875	336
(filmRef)13725	337
(filmRef)13726	337
(filmRef)13775	338
(filmRef)13776	338
(filmRef)13802	339
(filmRef)13803	339
(filmRef)13862	340
(filmRef)13855	340
(filmRef)13877	341
(filmRef)13900	341
(filmRef)1431	342
(filmRef)1669	342
(filmRef)14457	343
(filmRef)14458	343
(filmRef)14528	344
(filmRef)14530	344
(filmRef)14591	345
(filmRef)16790	345
(filmRef)14622	346
(filmRef)14621	346
(filmRef)14852	347
(filmRef)14853	347
(filmRef)14930	348
(filmRef)17439	348
(filmRef)14931	349
(filmRef)17440	349
(filmRef)14987	350
(filmRef)14988	350
(filmRef)15070	351
(filmRef)15069	351
(filmRef)15079	352
(filmRef)15080	352
(filmRef)15153	353
(filmRef)15366	353
(filmRef)15229	354
(filmRef)15727	354
(filmRef)15263	355
(filmRef)15264	355
(filmRef)15343	356
(filmRef)15344	356
(filmRef)15461	357
(filmRef)15460	357
(filmRef)15535	358
(filmRef)15536	358
(filmRef)15555	359
(filmRef)15558	359
(filmRef)15571	360
(filmRef)15572	360
(filmRef)15595	361
(filmRef)2811	361
(filmRef)15672	362
(filmRef)15671	362
(filmRef)15685	363
(filmRef)15686	363
(filmRef)15750	364
(filmRef)15751	364
(filmRef)15793	365
(filmRef)15794	365
(filmRef)15918	366
(filmRef)15919	366
(filmRef)15946	367
(filmRef)15945	367
(filmRef)18484	368
(filmRef)16027	368
(filmRef)16197	369
(filmRef)16203	369
(filmRef)16271	370
(filmRef)16281	370
(filmRef)16299	371
(filmRef)16300	371
(filmRef)16311	372
(filmRef)16312	372
(filmRef)16847	373
(filmRef)16313	373
(filmRef)16365	374
(filmRef)16416	374
(filmRef)16366	375
(filmRef)16413	375
(filmRef)16367	376
(filmRef)16414	376
(filmRef)16450	377
(filmRef)16451	377
(filmRef)16934	378
(filmRef)16459	378
(filmRef)16461	379
(filmRef)16462	379
(filmRef)16563	380
(filmRef)16564	380
(filmRef)16753	381
(filmRef)16754	381
(filmRef)16793	382
(filmRef)16794	382
(filmRef)16824	383
(filmRef)16823	383
(filmRef)16845	384
(filmRef)16877	384
(filmRef)16853	385
(filmRef)18236	385
(filmRef)16917	386
(filmRef)16918	386
(filmRef)16935	387
(filmRef)18233	387
(filmRef)16936	388
(filmRef)18234	388
(filmRef)18235	389
(filmRef)16937	389
(filmRef)17093	390
(filmRef)17094	390
(filmRef)17095	391
(filmRef)17096	391
(filmRef)17125	392
(filmRef)17130	392
(filmRef)17126	393
(filmRef)17128	393
(filmRef)17150	394
(filmRef)17142	394
(filmRef)17148	395
(filmRef)17152	395
(filmRef)17167	396
(filmRef)17217	396
(filmRef)17169	397
(filmRef)18311	397
(filmRef)17174	398
(filmRef)17176	398
(filmRef)17213	399
(filmRef)17435	399
(filmRef)17436	400
(filmRef)17214	400
(filmRef)17215	401
(filmRef)17437	401
(filmRef)17222	402
(filmRef)17223	402
(filmRef)17415	403
(filmRef)17416	403
(filmRef)17445	404
(filmRef)17446	404
(filmRef)17595	405
(filmRef)17594	405
(filmRef)17631	406
(filmRef)17632	406
(filmRef)17654	407
(filmRef)17655	407
(filmRef)17715	408
(filmRef)17781	408
(filmRef)17716	409
(filmRef)17782	409
(filmRef)17717	410
(filmRef)17783	410
(filmRef)17784	411
(filmRef)17718	411
(filmRef)17738	412
(filmRef)17736	412
(filmRef)17737	413
(filmRef)17739	413
(filmRef)17746	414
(filmRef)18310	414
(filmRef)17773	415
(filmRef)17774	415
(filmRef)17775	416
(filmRef)18080	416
(filmRef)17776	417
(filmRef)19182	417
(filmRef)17789	418
(filmRef)17788	418
(filmRef)17825	419
(filmRef)17858	419
(filmRef)17826	420
(filmRef)17827	420
(filmRef)17828	421
(filmRef)17859	421
(filmRef)17862	422
(filmRef)17867	422
(filmRef)18274	423
(filmRef)17865	423
(filmRef)17976	424
(filmRef)17977	424
(filmRef)17981	425
(filmRef)17982	425
(filmRef)17983	426
(filmRef)17984	426
(filmRef)17985	427
(filmRef)17986	427
(filmRef)17988	428
(filmRef)17987	428
(filmRef)18082	429
(filmRef)18092	429
(filmRef)18083	430
(filmRef)18093	430
(filmRef)18084	431
(filmRef)18094	431
(filmRef)18085	432
(filmRef)18095	432
(filmRef)18086	433
(filmRef)18096	433
(filmRef)18097	434
(filmRef)18087	434
(filmRef)18088	435
(filmRef)18098	435
(filmRef)18089	436
(filmRef)18099	436
(filmRef)18090	437
(filmRef)18100	437
(filmRef)18119	438
(filmRef)18120	438
(filmRef)18122	439
(filmRef)18121	439
(filmRef)18123	440
(filmRef)18124	440
(filmRef)18125	441
(filmRef)18126	441
(filmRef)18127	442
(filmRef)18128	442
(filmRef)18129	443
(filmRef)18130	443
(filmRef)18191	444
(filmRef)18192	444
(filmRef)20710	445
(filmRef)18194	445
(filmRef)18241	446
(filmRef)18244	446
(filmRef)18324	447
(filmRef)18649	447
(filmRef)18325	448
(filmRef)18647	448
(filmRef)18326	449
(filmRef)18648	449
(filmRef)18677	450
(filmRef)18336	450
(filmRef)18338	451
(filmRef)18340	451
(filmRef)18436	452
(filmRef)18437	452
(filmRef)18454	453
(filmRef)18457	453
(filmRef)18475	454
(filmRef)18476	454
(filmRef)18486	455
(filmRef)18485	455
(filmRef)18520	456
(filmRef)18519	456
(filmRef)18521	457
(filmRef)20758	457
(filmRef)18528	458
(filmRef)18529	458
(filmRef)18566	459
(filmRef)18567	459
(filmRef)18570	460
(filmRef)18918	460
(filmRef)18919	461
(filmRef)18571	461
(filmRef)18572	462
(filmRef)18920	462
(filmRef)18640	463
(filmRef)18641	463
(filmRef)18702	464
(filmRef)18706	464
(filmRef)18728	465
(filmRef)18729	465
(filmRef)18794	466
(filmRef)19017	466
(filmRef)19129	467
(filmRef)18801	467
(filmRef)18809	468
(filmRef)18949	468
(filmRef)18933	469
(filmRef)18934	469
(filmRef)18963	470
(filmRef)18964	470
(filmRef)19038	471
(filmRef)19039	471
(filmRef)19134	472
(filmRef)19052	472
(filmRef)19056	473
(filmRef)19107	473
(filmRef)19057	474
(filmRef)19058	474
(filmRef)19085	475
(filmRef)19086	475
(filmRef)19089	476
(filmRef)19100	476
(filmRef)19109	477
(filmRef)19108	477
(filmRef)19132	478
(filmRef)19130	478
(filmRef)19144	479
(filmRef)19145	479
(filmRef)19148	480
(filmRef)19151	480
(filmRef)19150	481
(filmRef)19152	481
(filmRef)19254	482
(filmRef)19275	482
(filmRef)19279	483
(filmRef)19280	483
(filmRef)19301	484
(filmRef)19300	484
(filmRef)19312	485
(filmRef)19313	485
(filmRef)19369	486
(filmRef)19370	486
(filmRef)19604	487
(filmRef)19605	487
(filmRef)19674	488
(filmRef)19675	488
(filmRef)19706	489
(filmRef)19705	489
(filmRef)19909	490
(filmRef)19910	490
(filmRef)20072	491
(filmRef)20073	491
(filmRef)20216	492
(filmRef)20219	492
(filmRef)20260	493
(filmRef)20668	493
(filmRef)2030	494
(filmRef)2028	494
(filmRef)20382	495
(filmRef)20383	495
(filmRef)20701	496
(filmRef)20702	496
(filmRef)20711	497
(filmRef)20712	497
(filmRef)20716	498
(filmRef)20715	498
(filmRef)20720	499
(filmRef)20719	499
(filmRef)20721	500
(filmRef)20722	500
(filmRef)20750	501
(filmRef)20752	501
(filmRef)20754	502
(filmRef)20755	502
(filmRef)20759	503
(filmRef)20760	503
(filmRef)20765	504
(filmRef)20764	504
(filmRef)21094	505
(filmRef)21097	505
(filmRef)21219	506
(filmRef)21220	506
(filmRef)21264	507
(filmRef)21265	507
(filmRef)21268	508
(filmRef)21269	508
(filmRef)21299	509
(filmRef)21298	509
(filmRef)21312	510
(filmRef)21313	510
(filmRef)21326	511
(filmRef)21327	511
(filmRef)21391	512
(filmRef)21392	512
(filmRef)21821	513
(filmRef)21822	513
(filmRef)21843	514
(filmRef)21842	514
(filmRef)21998	515
(filmRef)21999	515
(filmRef)22021	516
(filmRef)22022	516
(filmRef)22070	517
(filmRef)22071	517
(filmRef)22074	518
(filmRef)22075	518
(filmRef)22196	519
(filmRef)22204	519
(filmRef)22210	520
(filmRef)22209	520
(filmRef)22465	521
(filmRef)22466	521
(filmRef)22526	522
(filmRef)22527	522
(filmRef)22535	523
(filmRef)22538	523
(filmRef)22560	524
(filmRef)22562	524
(filmRef)22570	525
(filmRef)22569	525
(filmRef)22581	526
(filmRef)22582	526
(filmRef)22586	527
(filmRef)22587	527
(filmRef)22598	528
(filmRef)22599	528
(filmRef)22613	529
(filmRef)22936	529
(filmRef)22618	530
(filmRef)22619	530
(filmRef)22626	531
(filmRef)22624	531
(filmRef)22637	532
(filmRef)22638	532
(filmRef)22642	533
(filmRef)22643	533
(filmRef)22709	534
(filmRef)22710	534
(filmRef)22716	535
(filmRef)22717	535
(filmRef)22730	536
(filmRef)22729	536
(filmRef)22777	537
(filmRef)22778	537
(filmRef)22783	538
(filmRef)22784	538
(filmRef)22800	539
(filmRef)22801	539
(filmRef)22887	540
(filmRef)22888	540
(filmRef)22900	541
(filmRef)22901	541
(filmRef)2306	542
(filmRef)2305	542
(filmRef)2531	543
(filmRef)2534	543
(filmRef)2737	544
(filmRef)4211	544
(filmRef)2787	545
(filmRef)2788	545
(filmRef)2979	546
(filmRef)2980	546
(filmRef)3144	547
(filmRef)3143	547
(filmRef)3297	548
(filmRef)3895	548
(filmRef)4218	549
(filmRef)4272	549
(filmRef)4445	550
(filmRef)4445A	550
(filmRef)4844	551
(filmRef)4905	551
(filmRef)4874	552
(filmRef)4873	552
(filmRef)4887	553
(filmRef)4886	553
(filmRef)4923	554
(filmRef)4924	554
(filmRef)5109	555
(filmRef)5110	555
(filmRef)5312	556
(filmRef)5313	556
(filmRef)5539	557
(filmRef)5545	557
(filmRef)6926	558
(filmRef)6927	558
(filmRef)8082	559
(filmRef)7983	559
(filmRef)8090	560
(filmRef)9127	560
(filmRef)9850	561
(filmRef)9851	561
(filmRef)9934	562
(filmRef)9935	562
(filmRef)9979	563
(filmRef)9980	563
(filmRef)N0412	564
(filmRef)N0085	564
(filmRef)N0150	565
(filmRef)N0511	565
(filmRef)N0368	566
(filmRef)N0382	566
(filmRef)N0457	567
(filmRef)N0458	567
(filmRef)N0588	568
(filmRef)N0590	568
(filmRef)N0729	569
(filmRef)N0659	569
(filmRef)N0673	570
(filmRef)N0795	570
(filmRef)N0718	571
(filmRef)N0900	571
(filmRef)N0891	572
(filmRef)N0897	572
(filmRef)T0143	573
(filmRef)T0159	573
(filmRef)T0303	574
(filmRef)T0182	574
(filmRef)T0328	575
(filmRef)T0329	575
(filmRef)T0979	576
(filmRef)T1010	576
(filmRef)T1411	577
(filmRef)T1564	577
(filmRef)UCS0011	578
(filmRef)UCS0012	578
(filmRef)UCS0038	579
(filmRef)UCS0037	579
(filmRef)UCS0043	580
(filmRef)UCS0081	580
(filmRef)UCS0061	581
(filmRef)UCS0071	581
(filmRef)UCS0078	582
(filmRef)UCS0079	582
(filmRef)UCS0083	583
(filmRef)UCS0084	583
(filmRef)UCS0153	584
(filmRef)UCS0154	584
(filmRef)UCS0159	585
(filmRef)UCS0160	585
(filmRef)UCS0202	586
(filmRef)UCS0203	586
