film_ref	tfidf_cluster
(filmRef)0001	14
(filmRef)0002	14
(filmRef)0004	14
(filmRef)0005	10
(filmRef)0007	11
(filmRef)0008	14
(filmRef)0009	14
(filmRef)0010	14
(filmRef)0011	14
(filmRef)0012	14
(filmRef)0013	19
(filmRef)0014	14
(filmRef)0015	19
(filmRef)0016	11
(filmRef)0017	10
(filmRef)0018	19
(filmRef)0019	14
(filmRef)0020	13
(filmRef)0021	11
(filmRef)0022	14
(filmRef)0023A	6
(filmRef)0023B	6
(filmRef)0023C	7
(filmRef)0023D	6
(filmRef)0023E	18
(filmRef)0024	3
(filmRef)0025	13
(filmRef)0026	11
(filmRef)0027	2
(filmRef)0028	11
(filmRef)0029	11
(filmRef)0030	11
(filmRef)0031	11
(filmRef)0032	10
(filmRef)0033	11
(filmRef)0034	10
(filmRef)0035	14
(filmRef)0036	11
(filmRef)0037	6
(filmRef)0038	10
(filmRef)0039	2
(filmRef)0040	11
(filmRef)0041	18
(filmRef)0042	6
(filmRef)0042A	6
(filmRef)0043	14
(filmRef)0044	2
(filmRef)0045	6
(filmRef)0046	19
(filmRef)0048	2
(filmRef)0049	14
(filmRef)0050	18
(filmRef)0051	6
(filmRef)0052	14
(filmRef)0053	19
(filmRef)0054	6
(filmRef)0055	10
(filmRef)0056	2
(filmRef)0057	13
(filmRef)0058	11
(filmRef)0059	13
(filmRef)0060	14
(filmRef)0061	2
(filmRef)0062	10
(filmRef)0063	13
(filmRef)0064	6
(filmRef)0065	14
(filmRef)0066	14
(filmRef)0067	13
(filmRef)0068	13
(filmRef)0069	11
(filmRef)0070	11
(filmRef)0071	13
(filmRef)0072	13
(filmRef)0073	13
(filmRef)0074	13
(filmRef)0075	13
(filmRef)0076	13
(filmRef)0077	13
(filmRef)0079	2
(filmRef)0080	2
(filmRef)0081	14
(filmRef)0082	13
(filmRef)0083	2
(filmRef)0084	11
(filmRef)0085	13
(filmRef)0087	19
(filmRef)0088	19
(filmRef)0089	19
(filmRef)0090	10
(filmRef)0093	18
(filmRef)0096	6
(filmRef)0097	13
(filmRef)0098	11
(filmRef)0099	11
(filmRef)0100	11
(filmRef)0103	10
(filmRef)0105	11
(filmRef)0106	14
(filmRef)0107	11
(filmRef)0108	13
(filmRef)0109	10
(filmRef)0111	13
(filmRef)0112	10
(filmRef)0113	13
(filmRef)0114	10
(filmRef)0115	11
(filmRef)0116	6
(filmRef)0117	14
(filmRef)0118	14
(filmRef)0119	14
(filmRef)0120	13
(filmRef)0122	6
(filmRef)0123	10
(filmRef)0124	11
(filmRef)0126	14
(filmRef)0127	11
(filmRef)0128	6
(filmRef)0129	3
(filmRef)0130	14
(filmRef)0131	2
(filmRef)0132	2
(filmRef)0133	2
(filmRef)0134	14
(filmRef)0135	10
(filmRef)0136	2
(filmRef)0140	10
(filmRef)0141	13
(filmRef)0143	11
(filmRef)0144	14
(filmRef)0145	11
(filmRef)0146	14
(filmRef)0147	14
(filmRef)0148	2
(filmRef)0149	14
(filmRef)0150	6
(filmRef)0151	14
(filmRef)0152	14
(filmRef)0153	14
(filmRef)0154	13
(filmRef)0155	13
(filmRef)0156	14
(filmRef)0157	11
(filmRef)0158	13
(filmRef)0159	7
(filmRef)0160	13
(filmRef)0161	13
(filmRef)0162	2
(filmRef)0163	2
(filmRef)0164	14
(filmRef)0165	2
(filmRef)0166	11
(filmRef)0167	13
(filmRef)0168	19
(filmRef)0169	19
(filmRef)0170	19
(filmRef)0171	19
(filmRef)0172	19
(filmRef)0173	19
(filmRef)0174	18
(filmRef)0175	19
(filmRef)0176	19
(filmRef)0177	7
(filmRef)0178	19
(filmRef)0179	19
(filmRef)0180	19
(filmRef)0181	14
(filmRef)0182	10
(filmRef)0183	7
(filmRef)0184	11
(filmRef)0185	13
(filmRef)0188	6
(filmRef)0189	13
(filmRef)0190	10
(filmRef)0191	10
(filmRef)0192	11
(filmRef)0193	11
(filmRef)0194A	13
(filmRef)0194B	11
(filmRef)0195A	11
(filmRef)0195B	19
(filmRef)0196	10
(filmRef)0197	13
(filmRef)0199	14
(filmRef)0201	14
(filmRef)0202	3
(filmRef)0204	1
(filmRef)0231	10
(filmRef)0232	18
(filmRef)0234	6
(filmRef)0235	6
(filmRef)0236	14
(filmRef)0237	14
(filmRef)0238	14
(filmRef)0239	19
(filmRef)0241	14
(filmRef)0242	6
(filmRef)0244	14
(filmRef)0245A	14
(filmRef)0246A	11
(filmRef)0246B	6
(filmRef)0247	14
(filmRef)0248	7
(filmRef)0249	14
(filmRef)0250	11
(filmRef)0251	2
(filmRef)0252	11
(filmRef)0253	10
(filmRef)0255A	10
(filmRef)0255B	10
(filmRef)0255C	14
(filmRef)0256	2
(filmRef)0257	14
(filmRef)0258	14
(filmRef)0259	2
(filmRef)0260	2
(filmRef)0262	11
(filmRef)0264	13
(filmRef)0265A	7
(filmRef)0265B	7
(filmRef)0265C	7
(filmRef)0266	6
(filmRef)0268	13
(filmRef)0269	7
(filmRef)0270	13
(filmRef)0271	10
(filmRef)0272	11
(filmRef)0273	11
(filmRef)0274	10
(filmRef)0275	14
(filmRef)0276	2
(filmRef)0277	1
(filmRef)0278	13
(filmRef)0279	10
(filmRef)0280	10
(filmRef)0281	10
(filmRef)0282	11
(filmRef)0283	14
(filmRef)0284	14
(filmRef)0285	14
(filmRef)0286A	18
(filmRef)0286B	18
(filmRef)0288	10
(filmRef)0291	10
(filmRef)0292	11
(filmRef)0294	10
(filmRef)0295	2
(filmRef)0296	13
(filmRef)0297	13
(filmRef)0298	18
(filmRef)0299	10
(filmRef)0300	10
(filmRef)0301	10
(filmRef)0302	2
(filmRef)0303	10
(filmRef)0304	13
(filmRef)0305	10
(filmRef)0306	10
(filmRef)0307	10
(filmRef)0308	11
(filmRef)0309	6
(filmRef)0310	14
(filmRef)0311	14
(filmRef)0312	11
(filmRef)0313	11
(filmRef)0314	7
(filmRef)0315	14
(filmRef)0316	10
(filmRef)0317	10
(filmRef)0318	14
(filmRef)0319	14
(filmRef)0320	13
(filmRef)0322	13
(filmRef)0323	3
(filmRef)0324	13
(filmRef)0325	19
(filmRef)0326	11
(filmRef)0327	7
(filmRef)0328	13
(filmRef)0329	14
(filmRef)0330	13
(filmRef)0331	10
(filmRef)0332	14
(filmRef)0333	10
(filmRef)0334	10
(filmRef)0335A	7
(filmRef)0335B	7
(filmRef)0336	19
(filmRef)0337	19
(filmRef)0338	19
(filmRef)0339	19
(filmRef)0340	19
(filmRef)0341	19
(filmRef)0342	19
(filmRef)0343	19
(filmRef)0344	19
(filmRef)0345	10
(filmRef)0346	10
(filmRef)0347	10
(filmRef)0348	10
(filmRef)0349	14
(filmRef)0350	3
(filmRef)0351	3
(filmRef)0352	10
(filmRef)0353	14
(filmRef)0354	2
(filmRef)0355	2
(filmRef)0356	14
(filmRef)0357	14
(filmRef)0358	2
(filmRef)0359	14
(filmRef)0360	2
(filmRef)0361	3
(filmRef)0362	10
(filmRef)0363	10
(filmRef)0364	10
(filmRef)0365	11
(filmRef)0366	10
(filmRef)0367	10
(filmRef)0368	7
(filmRef)0373	11
(filmRef)0374	10
(filmRef)0376	14
(filmRef)0377	2
(filmRef)0379	14
(filmRef)0380	10
(filmRef)0381	6
(filmRef)0382	18
(filmRef)0383	13
(filmRef)0385	10
(filmRef)0386	1
(filmRef)0387	13
(filmRef)0388	2
(filmRef)0389	11
(filmRef)0390	1
(filmRef)0391	11
(filmRef)0392	13
(filmRef)0393	14
(filmRef)0394	13
(filmRef)0395	18
(filmRef)0396	13
(filmRef)0397	10
(filmRef)0398	2
(filmRef)0399	11
(filmRef)0400	19
(filmRef)0401A	19
(filmRef)0401B	19
(filmRef)0402A	19
(filmRef)0402B	19
(filmRef)0403	19
(filmRef)0404A	19
(filmRef)0404B	19
(filmRef)0404C	19
(filmRef)0404D	19
(filmRef)0404E	19
(filmRef)0405	19
(filmRef)0406	19
(filmRef)0407A	19
(filmRef)0407B	19
(filmRef)0408	19
(filmRef)0409	19
(filmRef)0410	19
(filmRef)0411	19
(filmRef)0412B	19
(filmRef)0412C	19
(filmRef)0413	19
(filmRef)0414	19
(filmRef)0415	2
(filmRef)0416	10
(filmRef)0417	10
(filmRef)0418	2
(filmRef)0419	2
(filmRef)0420	13
(filmRef)0421	10
(filmRef)0422	14
(filmRef)0423	13
(filmRef)0424	13
(filmRef)0425	13
(filmRef)0426	14
(filmRef)0427	13
(filmRef)0428	13
(filmRef)0429	14
(filmRef)0430	13
(filmRef)0431	2
(filmRef)0432	3
(filmRef)0433	11
(filmRef)0434	13
(filmRef)0435	11
(filmRef)0436	13
(filmRef)0437	11
(filmRef)0438	13
(filmRef)0439	13
(filmRef)0440	11
(filmRef)0441	6
(filmRef)0442	1
(filmRef)0443	11
(filmRef)0444	19
(filmRef)0445	14
(filmRef)0446	14
(filmRef)0448	6
(filmRef)0449	14
(filmRef)0450	2
(filmRef)0451	11
(filmRef)0453	2
(filmRef)0454A	1
(filmRef)0454B	14
(filmRef)0455	6
(filmRef)0456	13
(filmRef)0457	14
(filmRef)0458	11
(filmRef)0459	6
(filmRef)0460	10
(filmRef)0462	14
(filmRef)0463	13
(filmRef)0464	18
(filmRef)0465	7
(filmRef)0466	11
(filmRef)0467	13
(filmRef)0468	11
(filmRef)0469	6
(filmRef)0470	6
(filmRef)0471	13
(filmRef)0473	10
(filmRef)0474	13
(filmRef)0476	13
(filmRef)0477	10
(filmRef)0478	13
(filmRef)0479	11
(filmRef)0480	10
(filmRef)0481	18
(filmRef)0482	13
(filmRef)0483	10
(filmRef)0484	13
(filmRef)0486	11
(filmRef)0487	13
(filmRef)0490	13
(filmRef)0491	11
(filmRef)0492	14
(filmRef)0493	13
(filmRef)0494	11
(filmRef)0495	13
(filmRef)0496	13
(filmRef)0497	13
(filmRef)0498	13
(filmRef)0499	2
(filmRef)0500	13
(filmRef)0501	10
(filmRef)0502	13
(filmRef)0503	11
(filmRef)0504	2
(filmRef)0505	13
(filmRef)0506	13
(filmRef)0507	2
(filmRef)0508	2
(filmRef)0509	11
(filmRef)0510	13
(filmRef)0511	10
(filmRef)0512	10
(filmRef)0513	2
(filmRef)0514	6
(filmRef)0515A	7
(filmRef)0515B	14
(filmRef)0515C	2
(filmRef)0516	14
(filmRef)0517A	14
(filmRef)0517B	7
(filmRef)0518	11
(filmRef)0519	14
(filmRef)0520	11
(filmRef)0521	19
(filmRef)0522	19
(filmRef)0523	6
(filmRef)0524	14
(filmRef)0525	14
(filmRef)0526	10
(filmRef)0527	19
(filmRef)0528	3
(filmRef)0529A	14
(filmRef)0529B	6
(filmRef)0529C	14
(filmRef)0529D	14
(filmRef)0530	10
(filmRef)0531	14
(filmRef)0532	6
(filmRef)0533	14
(filmRef)0534	14
(filmRef)0535	13
(filmRef)0536	14
(filmRef)0537	11
(filmRef)0538	1
(filmRef)0539A	14
(filmRef)0539B	14
(filmRef)0541	9
(filmRef)0543	14
(filmRef)0544	13
(filmRef)0545	2
(filmRef)0546	7
(filmRef)0547	14
(filmRef)0548	14
(filmRef)0549	2
(filmRef)0550	2
(filmRef)0551	14
(filmRef)0552	6
(filmRef)0553	14
(filmRef)0554	14
(filmRef)0555	19
(filmRef)0556	14
(filmRef)0558	13
(filmRef)0560	18
(filmRef)0561A	14
(filmRef)0561B	7
(filmRef)0561C	14
(filmRef)0561D	11
(filmRef)0561E	14
(filmRef)0561F	14
(filmRef)0562	14
(filmRef)0563	1
(filmRef)0564	7
(filmRef)0565	14
(filmRef)0566	14
(filmRef)0567	14
(filmRef)0568	2
(filmRef)0569	14
(filmRef)0570	14
(filmRef)0571	13
(filmRef)0572	14
(filmRef)0573	10
(filmRef)0574	14
(filmRef)0575	14
(filmRef)0576	14
(filmRef)0577	7
(filmRef)0578	13
(filmRef)0579	13
(filmRef)0580	13
(filmRef)0581	11
(filmRef)0584	14
(filmRef)0585	1
(filmRef)0586	2
(filmRef)0587	13
(filmRef)0588	13
(filmRef)0589	10
(filmRef)0590	14
(filmRef)0591	10
(filmRef)0592	14
(filmRef)0594	11
(filmRef)0595	14
(filmRef)0596	14
(filmRef)0597A	13
(filmRef)0597B	14
(filmRef)0598	19
(filmRef)0600	14
(filmRef)0601	3
(filmRef)0603	14
(filmRef)0604	14
(filmRef)0605	13
(filmRef)0606	11
(filmRef)0607	13
(filmRef)0608	13
(filmRef)0609	13
(filmRef)0610	13
(filmRef)0611	13
(filmRef)0612	11
(filmRef)0613	11
(filmRef)0614	13
(filmRef)0615	13
(filmRef)0616	13
(filmRef)0617	13
(filmRef)0618	13
(filmRef)0619	2
(filmRef)0620	13
(filmRef)0621	13
(filmRef)0622	10
(filmRef)0623	13
(filmRef)0624	10
(filmRef)0625	19
(filmRef)0626	14
(filmRef)0627	19
(filmRef)0628	11
(filmRef)0629	11
(filmRef)0630	13
(filmRef)0631	2
(filmRef)0632	13
(filmRef)0633	11
(filmRef)0634	14
(filmRef)0635	11
(filmRef)0636	13
(filmRef)0637	10
(filmRef)0638	11
(filmRef)0639A	14
(filmRef)0639B	14
(filmRef)0640	14
(filmRef)0641	2
(filmRef)0642	11
(filmRef)0643	19
(filmRef)0644	19
(filmRef)0645	13
(filmRef)0646A	14
(filmRef)0647	14
(filmRef)0648	14
(filmRef)0650	11
(filmRef)0651	11
(filmRef)0652	13
(filmRef)0653A	14
(filmRef)0653B	14
(filmRef)0653C	14
(filmRef)0654A	14
(filmRef)0654B	14
(filmRef)0655	11
(filmRef)0656	11
(filmRef)0657	11
(filmRef)0658	11
(filmRef)0659	11
(filmRef)0660	11
(filmRef)0661	13
(filmRef)0662	13
(filmRef)0663	13
(filmRef)0665	14
(filmRef)0666	18
(filmRef)0667	11
(filmRef)0668	13
(filmRef)0669	2
(filmRef)0670	2
(filmRef)0672	10
(filmRef)0673	6
(filmRef)0674	11
(filmRef)0677	11
(filmRef)0679	11
(filmRef)0683	11
(filmRef)0684	11
(filmRef)0687	11
(filmRef)0688	11
(filmRef)0689	11
(filmRef)0690	10
(filmRef)0692	13
(filmRef)0693	10
(filmRef)0694	10
(filmRef)0695	18
(filmRef)0697	13
(filmRef)0698	11
(filmRef)0699	11
(filmRef)0702	14
(filmRef)0703	2
(filmRef)0704	14
(filmRef)0705	10
(filmRef)0707	14
(filmRef)0711	7
(filmRef)0712	14
(filmRef)0713	14
(filmRef)0715	6
(filmRef)0717	11
(filmRef)0718	11
(filmRef)0719	11
(filmRef)0720	6
(filmRef)0722	14
(filmRef)0723	11
(filmRef)0724	6
(filmRef)0727	13
(filmRef)0728	11
(filmRef)0735	11
(filmRef)0736	11
(filmRef)0737	11
(filmRef)0738	13
(filmRef)0739	10
(filmRef)0742	13
(filmRef)0744	2
(filmRef)0745	3
(filmRef)0746	2
(filmRef)0747	2
(filmRef)0748	14
(filmRef)0749	2
(filmRef)0750	13
(filmRef)0751	10
(filmRef)0752	10
(filmRef)0753	14
(filmRef)0754	11
(filmRef)0755	11
(filmRef)0756	14
(filmRef)0757	11
(filmRef)0758	10
(filmRef)0759	19
(filmRef)0760	19
(filmRef)0761	19
(filmRef)0762A	14
(filmRef)0762B	7
(filmRef)0763	14
(filmRef)0764	14
(filmRef)0765	14
(filmRef)0766	14
(filmRef)0767	14
(filmRef)0768	14
(filmRef)0769	14
(filmRef)0770	19
(filmRef)0771	14
(filmRef)0772	14
(filmRef)0773	2
(filmRef)0774	10
(filmRef)0775	14
(filmRef)0776	14
(filmRef)0777	3
(filmRef)0778	14
(filmRef)0779	14
(filmRef)0780	14
(filmRef)0781	11
(filmRef)0782	1
(filmRef)0783	3
(filmRef)0784	14
(filmRef)0785	10
(filmRef)0786	14
(filmRef)0787	14
(filmRef)0788	14
(filmRef)0789	14
(filmRef)0790	14
(filmRef)0791	14
(filmRef)0793	2
(filmRef)0794	14
(filmRef)0795	14
(filmRef)0796	10
(filmRef)0797	2
(filmRef)0798	2
(filmRef)0799	10
(filmRef)0800	10
(filmRef)0801	10
(filmRef)0802	10
(filmRef)0803	10
(filmRef)0804	10
(filmRef)0805	10
(filmRef)0806	2
(filmRef)0807	14
(filmRef)0808	14
(filmRef)0809	14
(filmRef)0810A	19
(filmRef)0810B	19
(filmRef)0811	19
(filmRef)0812	11
(filmRef)0813	19
(filmRef)0814	6
(filmRef)0815	2
(filmRef)0816	11
(filmRef)0817	14
(filmRef)0818	14
(filmRef)0819	6
(filmRef)0820	2
(filmRef)0821	14
(filmRef)0822	14
(filmRef)0823	19
(filmRef)0824	14
(filmRef)0825	19
(filmRef)0826	10
(filmRef)0827	14
(filmRef)0828	11
(filmRef)0829	6
(filmRef)0830	3
(filmRef)0831	14
(filmRef)0832	11
(filmRef)0833	14
(filmRef)0834	14
(filmRef)0835	10
(filmRef)0836	13
(filmRef)0837	10
(filmRef)0838	11
(filmRef)0839	14
(filmRef)0840A	6
(filmRef)0840B	6
(filmRef)0841	14
(filmRef)0842	1
(filmRef)0843	14
(filmRef)0844	1
(filmRef)0845	14
(filmRef)0846	11
(filmRef)0847	11
(filmRef)0848	11
(filmRef)0849	7
(filmRef)0850	11
(filmRef)0851	10
(filmRef)0852	14
(filmRef)0853	11
(filmRef)0854	11
(filmRef)0855	11
(filmRef)0856	14
(filmRef)0857	13
(filmRef)0858	13
(filmRef)0859	13
(filmRef)0860	11
(filmRef)0861	14
(filmRef)0862	10
(filmRef)0863A	14
(filmRef)0863B	11
(filmRef)0863C	11
(filmRef)0864	14
(filmRef)0865	13
(filmRef)0866	1
(filmRef)0867	11
(filmRef)0868	14
(filmRef)0869	18
(filmRef)0870B	18
(filmRef)0871	13
(filmRef)0872	19
(filmRef)0873A	14
(filmRef)0873B	14
(filmRef)0873C	14
(filmRef)0873D	14
(filmRef)0874	14
(filmRef)0875A	14
(filmRef)0875B	6
(filmRef)0875C	14
(filmRef)0875D	14
(filmRef)0876	13
(filmRef)0877	13
(filmRef)0878	19
(filmRef)0879	19
(filmRef)0880	19
(filmRef)0881	11
(filmRef)0882	10
(filmRef)0883	19
(filmRef)0884	19
(filmRef)0885	13
(filmRef)0886	7
(filmRef)0887	14
(filmRef)0888	10
(filmRef)0889	10
(filmRef)0890	14
(filmRef)0892	11
(filmRef)0893	10
(filmRef)0894	14
(filmRef)0895	13
(filmRef)0896	14
(filmRef)0897	7
(filmRef)0898	14
(filmRef)0899	7
(filmRef)0900	7
(filmRef)0901	1
(filmRef)0902	1
(filmRef)0903	11
(filmRef)0904	14
(filmRef)0905	7
(filmRef)0906	7
(filmRef)0907	7
(filmRef)0908	13
(filmRef)0909	10
(filmRef)0910	10
(filmRef)0911	2
(filmRef)0912	10
(filmRef)0913	10
(filmRef)0914	10
(filmRef)0915	10
(filmRef)0916	2
(filmRef)0917	10
(filmRef)0918	10
(filmRef)0919	3
(filmRef)0920	14
(filmRef)0921	10
(filmRef)0922	10
(filmRef)0923	11
(filmRef)0924	7
(filmRef)0925	14
(filmRef)0926A	1
(filmRef)0926B	7
(filmRef)0927	14
(filmRef)0928	13
(filmRef)0929	14
(filmRef)0930	14
(filmRef)0931	10
(filmRef)0932	2
(filmRef)0933	10
(filmRef)0934	2
(filmRef)0935	14
(filmRef)0936	2
(filmRef)0937	10
(filmRef)0938	10
(filmRef)0939	6
(filmRef)0940	2
(filmRef)0941	11
(filmRef)0942	14
(filmRef)0943	19
(filmRef)0944	11
(filmRef)0945	14
(filmRef)0946	10
(filmRef)0947	14
(filmRef)0948	13
(filmRef)0949	10
(filmRef)0950	10
(filmRef)0951	10
(filmRef)0952	10
(filmRef)0954	14
(filmRef)0955	1
(filmRef)0956	11
(filmRef)0957	1
(filmRef)0958	13
(filmRef)0959	11
(filmRef)0960A	14
(filmRef)0960B	19
(filmRef)0960C	19
(filmRef)0961A	7
(filmRef)0961B	19
(filmRef)0962	19
(filmRef)0963	14
(filmRef)0964	14
(filmRef)0965	19
(filmRef)0966	14
(filmRef)0967	14
(filmRef)0968	10
(filmRef)0969	2
(filmRef)0970	2
(filmRef)0974	10
(filmRef)0975	10
(filmRef)0976	1
(filmRef)0977	11
(filmRef)0978	3
(filmRef)0979	7
(filmRef)0980	13
(filmRef)0981	2
(filmRef)0982	6
(filmRef)0983	11
(filmRef)0985	14
(filmRef)0986	10
(filmRef)0987	14
(filmRef)0988	2
(filmRef)0989	11
(filmRef)0990	11
(filmRef)0991	10
(filmRef)0992	3
(filmRef)0993	11
(filmRef)0995	11
(filmRef)0997	10
(filmRef)1000	11
(filmRef)10006	1
(filmRef)10007	1
(filmRef)10008	3
(filmRef)10009	2
(filmRef)10010	11
(filmRef)10011	14
(filmRef)10012	2
(filmRef)10013	6
(filmRef)10014	3
(filmRef)10015	2
(filmRef)10016	2
(filmRef)10017	19
(filmRef)10018	3
(filmRef)10019	14
(filmRef)10020	14
(filmRef)10021	2
(filmRef)10022	3
(filmRef)10023	14
(filmRef)10024	14
(filmRef)10026	11
(filmRef)10027	18
(filmRef)10028	19
(filmRef)10029	19
(filmRef)10030	14
(filmRef)10031	14
(filmRef)10032	3
(filmRef)10033	14
(filmRef)10034	2
(filmRef)10035	14
(filmRef)10036	2
(filmRef)10037	3
(filmRef)10038	3
(filmRef)10039	2
(filmRef)1004	11
(filmRef)10040	3
(filmRef)10041	2
(filmRef)10042	3
(filmRef)10043	2
(filmRef)10044	3
(filmRef)10045	2
(filmRef)10046	3
(filmRef)10047	2
(filmRef)10048	2
(filmRef)10049	2
(filmRef)1005	11
(filmRef)10050	2
(filmRef)10051	3
(filmRef)10052	2
(filmRef)10053	2
(filmRef)10054	2
(filmRef)10055	2
(filmRef)10056	14
(filmRef)10058	3
(filmRef)10059	3
(filmRef)10060	1
(filmRef)10061	11
(filmRef)10062	11
(filmRef)10063	1
(filmRef)10064	13
(filmRef)10065	1
(filmRef)10066	1
(filmRef)10073	3
(filmRef)10074	3
(filmRef)10075	14
(filmRef)10076	3
(filmRef)10077	3
(filmRef)10078	3
(filmRef)10079	3
(filmRef)1008	11
(filmRef)10080	3
(filmRef)10081	3
(filmRef)10082	3
(filmRef)10083	3
(filmRef)10084	3
(filmRef)10085	3
(filmRef)10086	2
(filmRef)10087	2
(filmRef)10088	3
(filmRef)10089	2
(filmRef)1009	11
(filmRef)10090	2
(filmRef)10091	2
(filmRef)10092	14
(filmRef)10093	2
(filmRef)1010	11
(filmRef)1011	11
(filmRef)1013	11
(filmRef)10141	14
(filmRef)10145	11
(filmRef)10146	3
(filmRef)10147	3
(filmRef)10148	3
(filmRef)10149	3
(filmRef)10150	3
(filmRef)10151	14
(filmRef)10152	3
(filmRef)10153	13
(filmRef)10154	3
(filmRef)10155	3
(filmRef)10156	3
(filmRef)10157	14
(filmRef)10165	14
(filmRef)10166	14
(filmRef)10167	2
(filmRef)10168	14
(filmRef)10169	14
(filmRef)10170	11
(filmRef)10171	11
(filmRef)10175	11
(filmRef)10176	14
(filmRef)10179	11
(filmRef)10183	11
(filmRef)10185	13
(filmRef)10192	11
(filmRef)1020	11
(filmRef)10202	14
(filmRef)10206	11
(filmRef)10209	14
(filmRef)1021	11
(filmRef)10215	3
(filmRef)1022	11
(filmRef)10223	11
(filmRef)10226	11
(filmRef)10230	13
(filmRef)10232	11
(filmRef)10234	11
(filmRef)10236	11
(filmRef)10238	11
(filmRef)1024	14
(filmRef)10253	13
(filmRef)10254	3
(filmRef)10255	3
(filmRef)10256	3
(filmRef)1026	13
(filmRef)1027	11
(filmRef)1028	10
(filmRef)1029	11
(filmRef)1030	11
(filmRef)10304	2
(filmRef)10305	2
(filmRef)10306	1
(filmRef)10307	2
(filmRef)10308	14
(filmRef)10309	14
(filmRef)1031	11
(filmRef)10310	14
(filmRef)10311	13
(filmRef)10314	11
(filmRef)10316	14
(filmRef)10317	3
(filmRef)10329	14
(filmRef)1033	11
(filmRef)10330	14
(filmRef)10331	2
(filmRef)10332	2
(filmRef)10333	13
(filmRef)10335	14
(filmRef)10336	18
(filmRef)10337	3
(filmRef)10338	3
(filmRef)10339	3
(filmRef)10340	3
(filmRef)10341	2
(filmRef)1036	13
(filmRef)1037	13
(filmRef)1038	13
(filmRef)10386	11
(filmRef)10389	11
(filmRef)1039	13
(filmRef)10390	11
(filmRef)10392	11
(filmRef)10394	11
(filmRef)10395	11
(filmRef)10396	11
(filmRef)10398	11
(filmRef)1040	11
(filmRef)10400	11
(filmRef)10407	3
(filmRef)10419	2
(filmRef)10421	2
(filmRef)10432	14
(filmRef)10434	13
(filmRef)1044	11
(filmRef)10444	3
(filmRef)10445	6
(filmRef)10446	3
(filmRef)10447	11
(filmRef)10448	3
(filmRef)10449	3
(filmRef)10450	11
(filmRef)10451	11
(filmRef)10452	2
(filmRef)10453	19
(filmRef)10454	14
(filmRef)10455	3
(filmRef)10456	14
(filmRef)10457	3
(filmRef)10458	2
(filmRef)10459	11
(filmRef)10460	14
(filmRef)10461	3
(filmRef)10462	14
(filmRef)10463	14
(filmRef)10464	3
(filmRef)10465	14
(filmRef)10466	14
(filmRef)10467	14
(filmRef)10468	14
(filmRef)10469	14
(filmRef)10470	3
(filmRef)10471	14
(filmRef)10472	14
(filmRef)10473	11
(filmRef)10474	3
(filmRef)10475	14
(filmRef)10476	14
(filmRef)1048	14
(filmRef)1049	14
(filmRef)1050	14
(filmRef)1053	13
(filmRef)1055	11
(filmRef)1057	14
(filmRef)1058	11
(filmRef)1059	10
(filmRef)1060	2
(filmRef)1061	2
(filmRef)10619	10
(filmRef)1062	13
(filmRef)10620	10
(filmRef)10621	10
(filmRef)10622	4
(filmRef)10623	4
(filmRef)10624	4
(filmRef)10625	4
(filmRef)10626	4
(filmRef)10627	4
(filmRef)10628	4
(filmRef)10629	8
(filmRef)1063	10
(filmRef)10630	8
(filmRef)10631	4
(filmRef)10632	4
(filmRef)10633	4
(filmRef)10634	4
(filmRef)10635	4
(filmRef)10636	4
(filmRef)10637	4
(filmRef)10638	4
(filmRef)10639	8
(filmRef)10640	8
(filmRef)10641	4
(filmRef)10642	4
(filmRef)10643	4
(filmRef)10644	4
(filmRef)10645	4
(filmRef)10646	4
(filmRef)10647	4
(filmRef)10648	4
(filmRef)10649	4
(filmRef)1065	14
(filmRef)10650	4
(filmRef)10651	4
(filmRef)10652	4
(filmRef)10653	4
(filmRef)10654	4
(filmRef)10655	4
(filmRef)10656	4
(filmRef)10657	4
(filmRef)10659	4
(filmRef)1066	3
(filmRef)10660	4
(filmRef)10661	4
(filmRef)10662	4
(filmRef)10663	4
(filmRef)10664	4
(filmRef)10665	4
(filmRef)10666	4
(filmRef)10667	4
(filmRef)10668	4
(filmRef)10669	4
(filmRef)1067	14
(filmRef)10670	4
(filmRef)10671	4
(filmRef)10672	4
(filmRef)10673	4
(filmRef)10674	4
(filmRef)10675	4
(filmRef)10676	4
(filmRef)10677	4
(filmRef)10678	4
(filmRef)10679	4
(filmRef)1068	6
(filmRef)10680	4
(filmRef)10681	4
(filmRef)10682	4
(filmRef)10683	4
(filmRef)10684	2
(filmRef)10685	4
(filmRef)10686	4
(filmRef)10687	4
(filmRef)10688	4
(filmRef)10689	4
(filmRef)1069	14
(filmRef)10690	4
(filmRef)10691	4
(filmRef)10692	4
(filmRef)10693	4
(filmRef)10694	4
(filmRef)10695	4
(filmRef)10696	4
(filmRef)10697	4
(filmRef)10698	4
(filmRef)10699	4
(filmRef)1070	14
(filmRef)10700	4
(filmRef)10701	4
(filmRef)10702	4
(filmRef)10703	4
(filmRef)10704	4
(filmRef)10705	4
(filmRef)10706	4
(filmRef)10707	4
(filmRef)10708	4
(filmRef)10709	4
(filmRef)1071	14
(filmRef)10710	4
(filmRef)10711	4
(filmRef)10712	4
(filmRef)10713	4
(filmRef)10714	4
(filmRef)10715	4
(filmRef)10716	4
(filmRef)10717	4
(filmRef)10718	4
(filmRef)10719	4
(filmRef)1072	14
(filmRef)10720	4
(filmRef)10721	4
(filmRef)10722	4
(filmRef)10723	4
(filmRef)10724	4
(filmRef)10725	4
(filmRef)10726	4
(filmRef)10727	4
(filmRef)10728	4
(filmRef)10729	4
(filmRef)10730	4
(filmRef)10731	4
(filmRef)10732	4
(filmRef)10733	4
(filmRef)10734	4
(filmRef)10735	4
(filmRef)10736	4
(filmRef)10737	4
(filmRef)10738	4
(filmRef)10739	4
(filmRef)1073A	14
(filmRef)1073B	6
(filmRef)1073C	6
(filmRef)1073D	14
(filmRef)1074	11
(filmRef)10740	4
(filmRef)10741	4
(filmRef)10742	4
(filmRef)10743	4
(filmRef)10744	4
(filmRef)10745	4
(filmRef)10746	4
(filmRef)10747	4
(filmRef)10748	4
(filmRef)10749	4
(filmRef)1075	10
(filmRef)10750	4
(filmRef)10751	4
(filmRef)10752	4
(filmRef)10753	4
(filmRef)10754	4
(filmRef)10755	4
(filmRef)10756	4
(filmRef)10757	4
(filmRef)10758	4
(filmRef)10759	4
(filmRef)1076	1
(filmRef)10760	4
(filmRef)10761	4
(filmRef)10762	4
(filmRef)10763	4
(filmRef)10764	4
(filmRef)10765	4
(filmRef)10766	4
(filmRef)10767	4
(filmRef)10768	4
(filmRef)10769	4
(filmRef)1077	14
(filmRef)10770	4
(filmRef)10771	4
(filmRef)10772	4
(filmRef)10773	8
(filmRef)10774	8
(filmRef)10775	4
(filmRef)10776	4
(filmRef)10777	4
(filmRef)10778	4
(filmRef)10779	4
(filmRef)1078	2
(filmRef)10780	4
(filmRef)10781	4
(filmRef)10782	4
(filmRef)10783	4
(filmRef)10784	4
(filmRef)10785	4
(filmRef)10786	4
(filmRef)10787	4
(filmRef)10788	4
(filmRef)10789	4
(filmRef)1079	13
(filmRef)10790	4
(filmRef)10791	4
(filmRef)10792	4
(filmRef)10793	4
(filmRef)10794	4
(filmRef)10796	4
(filmRef)10797	4
(filmRef)10798	4
(filmRef)10799	4
(filmRef)10800	4
(filmRef)10801	4
(filmRef)10802	4
(filmRef)10803	4
(filmRef)10804	4
(filmRef)10805	4
(filmRef)10806	4
(filmRef)10807	4
(filmRef)10808	4
(filmRef)10809	4
(filmRef)1080A	14
(filmRef)1080B	2
(filmRef)1081	14
(filmRef)10810	4
(filmRef)10811	4
(filmRef)10812	4
(filmRef)10813	4
(filmRef)10814	4
(filmRef)10815	4
(filmRef)10816	4
(filmRef)10817	4
(filmRef)10818	4
(filmRef)10819	4
(filmRef)1082	14
(filmRef)10820	4
(filmRef)10821	4
(filmRef)10822	4
(filmRef)10823	4
(filmRef)10824	4
(filmRef)10825	4
(filmRef)10826	4
(filmRef)10827	4
(filmRef)10828	4
(filmRef)10829	4
(filmRef)1083	14
(filmRef)10830	4
(filmRef)10831	4
(filmRef)10832	4
(filmRef)10833	4
(filmRef)10834	4
(filmRef)10835	4
(filmRef)10836	4
(filmRef)10837	18
(filmRef)10838	4
(filmRef)10839	4
(filmRef)1084	14
(filmRef)10840	4
(filmRef)10841	4
(filmRef)10842	4
(filmRef)10849	4
(filmRef)1085	14
(filmRef)10850	4
(filmRef)10851	4
(filmRef)10852	4
(filmRef)10853	4
(filmRef)10854	4
(filmRef)10855	4
(filmRef)10856	4
(filmRef)10857	4
(filmRef)10858	4
(filmRef)10859	4
(filmRef)1086	14
(filmRef)10860	4
(filmRef)10861	4
(filmRef)10862	4
(filmRef)10863	4
(filmRef)10864	4
(filmRef)10865	4
(filmRef)10866	4
(filmRef)10867	4
(filmRef)10868	4
(filmRef)10869	4
(filmRef)1087	3
(filmRef)10870	8
(filmRef)10871	4
(filmRef)10872	3
(filmRef)10874	13
(filmRef)10875	13
(filmRef)10876	13
(filmRef)10877	13
(filmRef)10878	13
(filmRef)10879	13
(filmRef)1088	14
(filmRef)10880	13
(filmRef)10881	13
(filmRef)10882	13
(filmRef)10883	14
(filmRef)10884	13
(filmRef)10886	13
(filmRef)10887	13
(filmRef)10889	13
(filmRef)1089	11
(filmRef)10891	13
(filmRef)10892	13
(filmRef)10894	14
(filmRef)10895	13
(filmRef)10897	13
(filmRef)1090	11
(filmRef)10900	4
(filmRef)10902	13
(filmRef)10904	1
(filmRef)10905	3
(filmRef)10907	13
(filmRef)1091	14
(filmRef)10912	13
(filmRef)10918	11
(filmRef)10919	11
(filmRef)1092	11
(filmRef)10920	11
(filmRef)10921	0
(filmRef)10922	11
(filmRef)10923	11
(filmRef)10924	11
(filmRef)10925	11
(filmRef)10926	11
(filmRef)10927	13
(filmRef)1093	13
(filmRef)10933	11
(filmRef)10935	11
(filmRef)1094	1
(filmRef)1095	1
(filmRef)1096	2
(filmRef)10967	4
(filmRef)10968	4
(filmRef)10969	4
(filmRef)10970	4
(filmRef)10971	4
(filmRef)10972	4
(filmRef)10973	4
(filmRef)10974	4
(filmRef)10975	4
(filmRef)10976	4
(filmRef)10977	4
(filmRef)10978	4
(filmRef)10979	4
(filmRef)1098	10
(filmRef)10980	4
(filmRef)10981	4
(filmRef)10982	4
(filmRef)10983	4
(filmRef)10984	4
(filmRef)10985	4
(filmRef)10986	4
(filmRef)10987	4
(filmRef)10988	4
(filmRef)10989	4
(filmRef)1099	11
(filmRef)10990	1
(filmRef)10991	4
(filmRef)10992	4
(filmRef)10993	4
(filmRef)10994	8
(filmRef)10995	8
(filmRef)10996	13
(filmRef)10997	13
(filmRef)10998	3
(filmRef)10999	13
(filmRef)1100	11
(filmRef)11000	13
(filmRef)11001	13
(filmRef)11006	13
(filmRef)1101	6
(filmRef)11011	13
(filmRef)11014	11
(filmRef)11015	11
(filmRef)11016	11
(filmRef)11017	11
(filmRef)11018	11
(filmRef)11019	11
(filmRef)1102	10
(filmRef)11024	11
(filmRef)11025	11
(filmRef)11027	0
(filmRef)1103	11
(filmRef)11030	11
(filmRef)11032	11
(filmRef)11033	11
(filmRef)11037	11
(filmRef)11038	11
(filmRef)1104	14
(filmRef)11044	11
(filmRef)11049	11
(filmRef)1105	12
(filmRef)11052	11
(filmRef)11055	11
(filmRef)11056	11
(filmRef)11057	0
(filmRef)1106	1
(filmRef)11060	11
(filmRef)11063	11
(filmRef)11065	11
(filmRef)11067	11
(filmRef)11068	11
(filmRef)1107	14
(filmRef)11075	11
(filmRef)11078	11
(filmRef)1108	13
(filmRef)11082	11
(filmRef)11083	11
(filmRef)11086	11
(filmRef)1109	10
(filmRef)11090	11
(filmRef)11092	11
(filmRef)11093	11
(filmRef)11094	11
(filmRef)11095	11
(filmRef)11099	11
(filmRef)1110	11
(filmRef)11104	11
(filmRef)11105	11
(filmRef)11106	11
(filmRef)11107	11
(filmRef)11108	11
(filmRef)11109	11
(filmRef)1111	11
(filmRef)11110	11
(filmRef)11111	11
(filmRef)11112	11
(filmRef)11113	11
(filmRef)11114	11
(filmRef)11115	11
(filmRef)11116	11
(filmRef)11117	11
(filmRef)11119	11
(filmRef)1112	6
(filmRef)11120	11
(filmRef)11121	11
(filmRef)11122	11
(filmRef)11123	11
(filmRef)11124	11
(filmRef)11125	11
(filmRef)11127	11
(filmRef)11128	11
(filmRef)11129	11
(filmRef)1113	6
(filmRef)11130	11
(filmRef)11131	11
(filmRef)11132	11
(filmRef)11133	11
(filmRef)11134	11
(filmRef)11136	11
(filmRef)11137	11
(filmRef)11138	11
(filmRef)11139	11
(filmRef)1114	11
(filmRef)11140	11
(filmRef)11141	11
(filmRef)11142	11
(filmRef)11143	11
(filmRef)11144	11
(filmRef)11145	11
(filmRef)11146	11
(filmRef)11147	11
(filmRef)11148	11
(filmRef)1115	11
(filmRef)11151	1
(filmRef)11153	0
(filmRef)11154	0
(filmRef)11155	0
(filmRef)11156	0
(filmRef)1116	2
(filmRef)11160	11
(filmRef)11161	11
(filmRef)11162	11
(filmRef)11163	11
(filmRef)11164	11
(filmRef)11165	11
(filmRef)11166	11
(filmRef)11167	11
(filmRef)11168	11
(filmRef)11169	11
(filmRef)1117	11
(filmRef)11170	11
(filmRef)11171	11
(filmRef)11172	11
(filmRef)11173	11
(filmRef)11174	11
(filmRef)11176	11
(filmRef)11177	11
(filmRef)11178	11
(filmRef)11179	11
(filmRef)1118	11
(filmRef)11180	11
(filmRef)11181	11
(filmRef)11182	11
(filmRef)11184	11
(filmRef)11185	11
(filmRef)11186	11
(filmRef)11187	11
(filmRef)11188	11
(filmRef)11189	11
(filmRef)1119	11
(filmRef)11190	11
(filmRef)11192	11
(filmRef)11193	11
(filmRef)11194	11
(filmRef)11195	11
(filmRef)11196	11
(filmRef)11197	11
(filmRef)11198	11
(filmRef)1120	2
(filmRef)11200	11
(filmRef)11201	11
(filmRef)11202	11
(filmRef)11203	11
(filmRef)11204	11
(filmRef)11205	11
(filmRef)11206	11
(filmRef)11207	11
(filmRef)11208	11
(filmRef)11209	11
(filmRef)1121	11
(filmRef)11210	11
(filmRef)11211	11
(filmRef)11212	11
(filmRef)11214	11
(filmRef)11216	11
(filmRef)11219	11
(filmRef)1122	11
(filmRef)11225	11
(filmRef)11226	11
(filmRef)1123	11
(filmRef)1124	11
(filmRef)11240	11
(filmRef)11244	11
(filmRef)11248	11
(filmRef)11249	11
(filmRef)11250	10
(filmRef)11251	11
(filmRef)11252	11
(filmRef)11253	11
(filmRef)11259	11
(filmRef)1126	14
(filmRef)11260	11
(filmRef)11261	11
(filmRef)11262	11
(filmRef)11263	11
(filmRef)11264	11
(filmRef)11265	11
(filmRef)11266	11
(filmRef)11267	11
(filmRef)11268	11
(filmRef)1127	13
(filmRef)11270	11
(filmRef)11273	11
(filmRef)11275	11
(filmRef)11276	11
(filmRef)11277	11
(filmRef)11278	11
(filmRef)11279	11
(filmRef)1128	11
(filmRef)11280	11
(filmRef)11282	11
(filmRef)11283	11
(filmRef)11284	11
(filmRef)11285	11
(filmRef)11287	11
(filmRef)11288	11
(filmRef)11289	11
(filmRef)1129	13
(filmRef)11290	11
(filmRef)11291	11
(filmRef)11292	11
(filmRef)11293	11
(filmRef)11294	11
(filmRef)11295	11
(filmRef)11296	11
(filmRef)11298	11
(filmRef)11299	11
(filmRef)1130	10
(filmRef)11300	11
(filmRef)11301	11
(filmRef)11302	11
(filmRef)11303	10
(filmRef)11304	11
(filmRef)11308	11
(filmRef)11309	11
(filmRef)1131	19
(filmRef)11310	11
(filmRef)11311	11
(filmRef)11312	11
(filmRef)11313	11
(filmRef)11314	11
(filmRef)11315	11
(filmRef)11316	11
(filmRef)11317	11
(filmRef)11318	11
(filmRef)11319	11
(filmRef)1132	13
(filmRef)11320	11
(filmRef)11321	11
(filmRef)11322	11
(filmRef)11323	11
(filmRef)11324	11
(filmRef)11325	10
(filmRef)11326	11
(filmRef)11327	11
(filmRef)11328	11
(filmRef)11329	11
(filmRef)1133	14
(filmRef)11330	11
(filmRef)11331	11
(filmRef)11332	11
(filmRef)11333	11
(filmRef)11336	11
(filmRef)11337	11
(filmRef)11338	11
(filmRef)11339	10
(filmRef)1134	14
(filmRef)11340	11
(filmRef)11341	11
(filmRef)11342	11
(filmRef)11344	11
(filmRef)11345	11
(filmRef)11346	11
(filmRef)11347	11
(filmRef)1135	14
(filmRef)11351	11
(filmRef)11352	10
(filmRef)11353	11
(filmRef)11355	11
(filmRef)11356	11
(filmRef)1136	14
(filmRef)11361	11
(filmRef)11364	11
(filmRef)11365	11
(filmRef)11368	11
(filmRef)1137	14
(filmRef)11372	11
(filmRef)11374	11
(filmRef)1138	14
(filmRef)11383	11
(filmRef)11387	11
(filmRef)1139	14
(filmRef)1140	14
(filmRef)11402	11
(filmRef)11406	15
(filmRef)11407	15
(filmRef)11408	15
(filmRef)11409	15
(filmRef)1141	14
(filmRef)11410	15
(filmRef)11411	15
(filmRef)11412	15
(filmRef)11413	15
(filmRef)11414	15
(filmRef)11415	15
(filmRef)11416	15
(filmRef)11418	15
(filmRef)11419	11
(filmRef)1142	14
(filmRef)11422	15
(filmRef)11423	15
(filmRef)11425	15
(filmRef)11426	15
(filmRef)11427	15
(filmRef)11428	15
(filmRef)11429	15
(filmRef)1143	14
(filmRef)11430	15
(filmRef)11431	15
(filmRef)11432	15
(filmRef)11433	15
(filmRef)11434	15
(filmRef)11435	15
(filmRef)11436	15
(filmRef)11437	15
(filmRef)11438	15
(filmRef)11439	15
(filmRef)11440	15
(filmRef)11441	15
(filmRef)11442	15
(filmRef)11444	15
(filmRef)11445	15
(filmRef)11447	15
(filmRef)11448	15
(filmRef)11449	15
(filmRef)1145	14
(filmRef)11450	15
(filmRef)11451	15
(filmRef)11452	15
(filmRef)11453	15
(filmRef)11454	15
(filmRef)11455	15
(filmRef)11459	4
(filmRef)1146	14
(filmRef)11460	4
(filmRef)11461	4
(filmRef)11462	4
(filmRef)11463	4
(filmRef)11464	4
(filmRef)11465	4
(filmRef)11467	4
(filmRef)11468	4
(filmRef)11469	4
(filmRef)1147	14
(filmRef)11470	4
(filmRef)11471	4
(filmRef)11472	4
(filmRef)11474	4
(filmRef)11475	4
(filmRef)11476	4
(filmRef)11477	4
(filmRef)11478	4
(filmRef)11479	4
(filmRef)1148	14
(filmRef)11480	4
(filmRef)11481	4
(filmRef)11482	4
(filmRef)11483	4
(filmRef)11484	4
(filmRef)11485	4
(filmRef)11486	4
(filmRef)11487	4
(filmRef)11488	4
(filmRef)11489	4
(filmRef)1149	14
(filmRef)11490	4
(filmRef)11491	4
(filmRef)11492	4
(filmRef)11493	4
(filmRef)11494	4
(filmRef)11495	4
(filmRef)11496	4
(filmRef)11497	4
(filmRef)11498	4
(filmRef)11499	4
(filmRef)1150	14
(filmRef)11500	4
(filmRef)11501	4
(filmRef)11502	4
(filmRef)11503	4
(filmRef)11504	4
(filmRef)11505	4
(filmRef)11506	4
(filmRef)11507	4
(filmRef)11508	4
(filmRef)11509	4
(filmRef)1151	3
(filmRef)11510	4
(filmRef)11511	4
(filmRef)11512	4
(filmRef)11513	4
(filmRef)11514	4
(filmRef)11515	4
(filmRef)11516	4
(filmRef)11517	4
(filmRef)11518	4
(filmRef)11519	4
(filmRef)1152	14
(filmRef)11520	4
(filmRef)11521	4
(filmRef)11522	4
(filmRef)11523	4
(filmRef)11524	4
(filmRef)11525	4
(filmRef)11526	4
(filmRef)11527	4
(filmRef)11528	4
(filmRef)11529	4
(filmRef)1153	13
(filmRef)11530	4
(filmRef)11531	4
(filmRef)11532	4
(filmRef)11533	4
(filmRef)11534	4
(filmRef)11535	4
(filmRef)11536	4
(filmRef)11537	4
(filmRef)11538	4
(filmRef)11539	4
(filmRef)1154	14
(filmRef)11540	4
(filmRef)11541	4
(filmRef)11542	4
(filmRef)11543	4
(filmRef)11544	4
(filmRef)11545	4
(filmRef)11546	4
(filmRef)11547	4
(filmRef)11548	4
(filmRef)11549	4
(filmRef)1155	11
(filmRef)11550	4
(filmRef)11551	4
(filmRef)11552	4
(filmRef)11553	4
(filmRef)11554	4
(filmRef)11555	4
(filmRef)11556	4
(filmRef)11557	4
(filmRef)11558	4
(filmRef)11559	4
(filmRef)1156	11
(filmRef)11560	4
(filmRef)11561	4
(filmRef)11563	4
(filmRef)11564	4
(filmRef)11565	4
(filmRef)11566	4
(filmRef)11567	4
(filmRef)11568	4
(filmRef)11569	4
(filmRef)1157	11
(filmRef)11570	4
(filmRef)11571	4
(filmRef)11572	4
(filmRef)11573	4
(filmRef)11574	4
(filmRef)11575	4
(filmRef)11576	4
(filmRef)11577	4
(filmRef)11578	4
(filmRef)11579	4
(filmRef)1158	11
(filmRef)11580	4
(filmRef)11581	4
(filmRef)11582	1
(filmRef)11583	4
(filmRef)11584	4
(filmRef)11585	4
(filmRef)11586	4
(filmRef)11587	4
(filmRef)11588	4
(filmRef)11589	4
(filmRef)1159	11
(filmRef)11590	4
(filmRef)11591	4
(filmRef)11592	4
(filmRef)11593	4
(filmRef)11594	4
(filmRef)11595	4
(filmRef)11596	4
(filmRef)11597	4
(filmRef)11598	4
(filmRef)11599	4
(filmRef)1160	11
(filmRef)11600	4
(filmRef)11601	4
(filmRef)11602	4
(filmRef)11603	4
(filmRef)11604	4
(filmRef)11605	4
(filmRef)11606	4
(filmRef)11607	4
(filmRef)11608	4
(filmRef)11609	4
(filmRef)1161	14
(filmRef)11610	4
(filmRef)11611	4
(filmRef)11612	4
(filmRef)11613	4
(filmRef)11614	4
(filmRef)11615	4
(filmRef)11616	4
(filmRef)11617	4
(filmRef)11618	4
(filmRef)11619	4
(filmRef)1162	10
(filmRef)11620	4
(filmRef)11621	4
(filmRef)11622	4
(filmRef)11623	4
(filmRef)11624	4
(filmRef)11625	4
(filmRef)11626	4
(filmRef)11627	4
(filmRef)11628	4
(filmRef)11629	4
(filmRef)1163	3
(filmRef)11630	4
(filmRef)11631	4
(filmRef)11632	4
(filmRef)11633	4
(filmRef)11634	4
(filmRef)11635	4
(filmRef)11636	4
(filmRef)11637	4
(filmRef)11638	4
(filmRef)11639	4
(filmRef)1164	11
(filmRef)11640	4
(filmRef)11641	4
(filmRef)11642	4
(filmRef)11643	4
(filmRef)11644	4
(filmRef)11645	4
(filmRef)11646	4
(filmRef)11647	4
(filmRef)11648	4
(filmRef)11649	4
(filmRef)1165	14
(filmRef)11650	4
(filmRef)11651	4
(filmRef)11652	4
(filmRef)11653	4
(filmRef)11654	4
(filmRef)11655	4
(filmRef)11656	4
(filmRef)11657	4
(filmRef)11658	4
(filmRef)11659	4
(filmRef)1166	7
(filmRef)11660	4
(filmRef)11661	4
(filmRef)11662	4
(filmRef)11663	4
(filmRef)11664	4
(filmRef)11665	4
(filmRef)11666	4
(filmRef)11667	4
(filmRef)11668	4
(filmRef)11669	4
(filmRef)1167	10
(filmRef)11670	4
(filmRef)11671	4
(filmRef)11672	4
(filmRef)11673	4
(filmRef)11674	4
(filmRef)11675	4
(filmRef)11676	4
(filmRef)11677	4
(filmRef)11678	4
(filmRef)11679	4
(filmRef)1168	2
(filmRef)11680	4
(filmRef)11681	4
(filmRef)11682	4
(filmRef)11683	4
(filmRef)11684	4
(filmRef)11685	4
(filmRef)11686	4
(filmRef)11687	4
(filmRef)11688	4
(filmRef)11689	4
(filmRef)1169	14
(filmRef)11690	4
(filmRef)11691	4
(filmRef)11692	4
(filmRef)11693	4
(filmRef)11694	4
(filmRef)11695	4
(filmRef)11696	4
(filmRef)11697	4
(filmRef)11698	4
(filmRef)11699	4
(filmRef)1170	11
(filmRef)11700	4
(filmRef)11701	4
(filmRef)11702	4
(filmRef)11703	4
(filmRef)11704	8
(filmRef)11705	4
(filmRef)11706	4
(filmRef)11707	4
(filmRef)11708	4
(filmRef)11709	4
(filmRef)1171	11
(filmRef)11710	4
(filmRef)11711	4
(filmRef)11712	4
(filmRef)11713	4
(filmRef)11714	4
(filmRef)11715	4
(filmRef)11716	4
(filmRef)11717	4
(filmRef)11718	4
(filmRef)11719	4
(filmRef)1172	11
(filmRef)11720	4
(filmRef)11721	4
(filmRef)11722	8
(filmRef)11723	4
(filmRef)11724	4
(filmRef)11725	4
(filmRef)11726	4
(filmRef)11727	4
(filmRef)11728	8
(filmRef)11729	4
(filmRef)1173	10
(filmRef)11730	8
(filmRef)11731	8
(filmRef)11732	4
(filmRef)11733	8
(filmRef)11734	8
(filmRef)11735	8
(filmRef)11736	8
(filmRef)11737	8
(filmRef)11738	8
(filmRef)11739	8
(filmRef)1174	14
(filmRef)11740	8
(filmRef)11741	8
(filmRef)11742	8
(filmRef)11743	8
(filmRef)11744	8
(filmRef)11745	8
(filmRef)11746	4
(filmRef)11747	8
(filmRef)11748	8
(filmRef)11749	8
(filmRef)1175	11
(filmRef)11750	8
(filmRef)11751	8
(filmRef)11752	8
(filmRef)11753	8
(filmRef)11754	8
(filmRef)11755	8
(filmRef)11756	4
(filmRef)11757	4
(filmRef)11758	8
(filmRef)11759	8
(filmRef)1176	11
(filmRef)11760	8
(filmRef)11761	8
(filmRef)11762	8
(filmRef)11763	8
(filmRef)11764	4
(filmRef)11765	8
(filmRef)11766	8
(filmRef)11767	8
(filmRef)11768	8
(filmRef)11769	8
(filmRef)1177	11
(filmRef)11770	8
(filmRef)11771	8
(filmRef)11772	4
(filmRef)11773	4
(filmRef)11774	4
(filmRef)11775	8
(filmRef)11776	4
(filmRef)11777	8
(filmRef)11778	8
(filmRef)11779	8
(filmRef)1178	14
(filmRef)11780	8
(filmRef)11781	8
(filmRef)11782	8
(filmRef)11783	4
(filmRef)11784	8
(filmRef)11785	6
(filmRef)11786	8
(filmRef)11787	4
(filmRef)11788	8
(filmRef)11789	8
(filmRef)1179	14
(filmRef)11790	8
(filmRef)11791	8
(filmRef)11792	8
(filmRef)11793	8
(filmRef)11794	8
(filmRef)11795	8
(filmRef)11796	8
(filmRef)11797	8
(filmRef)11798	8
(filmRef)11799	8
(filmRef)1180	13
(filmRef)11800	8
(filmRef)11801	8
(filmRef)11802	4
(filmRef)11803	8
(filmRef)11804	4
(filmRef)11805	8
(filmRef)11806	8
(filmRef)11807	8
(filmRef)11808	8
(filmRef)11809	4
(filmRef)1181	11
(filmRef)11810	8
(filmRef)11811	8
(filmRef)11812	8
(filmRef)11813	8
(filmRef)11814	8
(filmRef)11815	8
(filmRef)11816	4
(filmRef)11817	10
(filmRef)11818	4
(filmRef)11819	8
(filmRef)1182	11
(filmRef)11820	8
(filmRef)11821	8
(filmRef)11822	8
(filmRef)11823	8
(filmRef)11824	4
(filmRef)11825	4
(filmRef)11826	8
(filmRef)11827	8
(filmRef)11828	8
(filmRef)11829	8
(filmRef)1183	11
(filmRef)11830	4
(filmRef)11831	8
(filmRef)11832	8
(filmRef)11833	8
(filmRef)11834	8
(filmRef)11835	8
(filmRef)11836	8
(filmRef)11837	8
(filmRef)11838	8
(filmRef)11839	8
(filmRef)1184	10
(filmRef)11840	8
(filmRef)11841	8
(filmRef)11842	8
(filmRef)11843	8
(filmRef)11844	8
(filmRef)11845	8
(filmRef)11846	8
(filmRef)11847	8
(filmRef)11848	8
(filmRef)11849	8
(filmRef)1185	3
(filmRef)11850	8
(filmRef)11851	8
(filmRef)11852	8
(filmRef)11853	4
(filmRef)11854	4
(filmRef)11855	8
(filmRef)11856	8
(filmRef)11857	8
(filmRef)11858	8
(filmRef)11859	8
(filmRef)1186	11
(filmRef)11860	8
(filmRef)11861	4
(filmRef)11862	4
(filmRef)11863	8
(filmRef)11864	8
(filmRef)11865	8
(filmRef)11866	8
(filmRef)11867	4
(filmRef)11868	8
(filmRef)11869	8
(filmRef)1187	14
(filmRef)11870	8
(filmRef)11871	8
(filmRef)11872	8
(filmRef)11873	8
(filmRef)11874	8
(filmRef)11875	8
(filmRef)11876	8
(filmRef)11877	8
(filmRef)11878	8
(filmRef)11879	8
(filmRef)1188	11
(filmRef)11880	8
(filmRef)11881	8
(filmRef)11882	8
(filmRef)11883	8
(filmRef)11884	8
(filmRef)11885	8
(filmRef)11886	8
(filmRef)11887	4
(filmRef)11888	8
(filmRef)11889	8
(filmRef)1189	14
(filmRef)11890	8
(filmRef)11891	8
(filmRef)11892	8
(filmRef)11893	8
(filmRef)11894	8
(filmRef)11895	8
(filmRef)11896	8
(filmRef)11897	8
(filmRef)11898	8
(filmRef)11899	8
(filmRef)1190	18
(filmRef)11900	8
(filmRef)11901	8
(filmRef)11902	8
(filmRef)11903	8
(filmRef)11904	1
(filmRef)11905	8
(filmRef)11906	8
(filmRef)11907	8
(filmRef)11908	8
(filmRef)11909	8
(filmRef)1191	11
(filmRef)11910	8
(filmRef)11911	8
(filmRef)11912	8
(filmRef)11913	8
(filmRef)11914	8
(filmRef)11915	8
(filmRef)11916	8
(filmRef)11917	8
(filmRef)11918	8
(filmRef)11919	8
(filmRef)1192	11
(filmRef)11920	8
(filmRef)11921	8
(filmRef)11922	8
(filmRef)11923	8
(filmRef)11924	8
(filmRef)11925	8
(filmRef)11926	8
(filmRef)11927	8
(filmRef)11928	8
(filmRef)11929	8
(filmRef)1193	11
(filmRef)11930	8
(filmRef)11931	4
(filmRef)11932	8
(filmRef)11933	8
(filmRef)11934	8
(filmRef)11935	8
(filmRef)11936	8
(filmRef)11937	8
(filmRef)11938	8
(filmRef)11939	8
(filmRef)1194	11
(filmRef)11940	8
(filmRef)11941	8
(filmRef)11942	8
(filmRef)11943	8
(filmRef)11944	8
(filmRef)11945	8
(filmRef)11946	8
(filmRef)11947	8
(filmRef)11948	8
(filmRef)11949	8
(filmRef)1195	11
(filmRef)11950	8
(filmRef)11951	8
(filmRef)11952	8
(filmRef)11953	8
(filmRef)11954	8
(filmRef)11955	8
(filmRef)11956	8
(filmRef)11957	8
(filmRef)11958	8
(filmRef)11959	4
(filmRef)1196	11
(filmRef)11960	8
(filmRef)11961	8
(filmRef)11962	8
(filmRef)11963	4
(filmRef)11964	8
(filmRef)11965	8
(filmRef)11966	1
(filmRef)11967	4
(filmRef)11968	8
(filmRef)11969	4
(filmRef)11970	8
(filmRef)11971	4
(filmRef)11972	4
(filmRef)11973	8
(filmRef)11974	4
(filmRef)11975	8
(filmRef)11976	8
(filmRef)11977	8
(filmRef)11979	8
(filmRef)1198	10
(filmRef)11980	4
(filmRef)11981	8
(filmRef)11982	8
(filmRef)11983	8
(filmRef)11984	8
(filmRef)11985	8
(filmRef)11986	8
(filmRef)11987	8
(filmRef)11988	8
(filmRef)11989	8
(filmRef)1199	11
(filmRef)11990	8
(filmRef)11991	8
(filmRef)11992	8
(filmRef)11993	8
(filmRef)11994	8
(filmRef)11995	8
(filmRef)11996	8
(filmRef)11997	8
(filmRef)11998	8
(filmRef)11999	10
(filmRef)12000	8
(filmRef)12001	8
(filmRef)12002	8
(filmRef)12003	8
(filmRef)12004	8
(filmRef)12005	8
(filmRef)12006	8
(filmRef)12007	4
(filmRef)12008	8
(filmRef)12009	8
(filmRef)1201	11
(filmRef)12010	8
(filmRef)12011	8
(filmRef)12012	8
(filmRef)12013	8
(filmRef)12014	4
(filmRef)12015	8
(filmRef)12016	8
(filmRef)12017	8
(filmRef)12018	8
(filmRef)12019	8
(filmRef)1202	11
(filmRef)12020	8
(filmRef)12021	8
(filmRef)12022	8
(filmRef)12023	8
(filmRef)12024	8
(filmRef)12025	8
(filmRef)12026	8
(filmRef)12027	8
(filmRef)12028	8
(filmRef)12029	8
(filmRef)1203	11
(filmRef)12030	8
(filmRef)12031	8
(filmRef)12032	8
(filmRef)12033	8
(filmRef)12035	8
(filmRef)12036	8
(filmRef)12037	8
(filmRef)12038	8
(filmRef)12039	8
(filmRef)1204	11
(filmRef)12040	10
(filmRef)12041	8
(filmRef)12042	8
(filmRef)12043	4
(filmRef)12044	8
(filmRef)12045	8
(filmRef)12046	4
(filmRef)12047	8
(filmRef)12048	8
(filmRef)12049	8
(filmRef)1205	11
(filmRef)12050	4
(filmRef)12051	4
(filmRef)12053	8
(filmRef)12054	4
(filmRef)12055	4
(filmRef)12056	8
(filmRef)12057	8
(filmRef)12058	8
(filmRef)12059	8
(filmRef)1206	11
(filmRef)12060	4
(filmRef)12061	4
(filmRef)12062	8
(filmRef)12063	8
(filmRef)12064	4
(filmRef)12065	4
(filmRef)12066	4
(filmRef)12067	8
(filmRef)12068	4
(filmRef)12069	8
(filmRef)1207	1
(filmRef)12070	4
(filmRef)12071	4
(filmRef)12072	4
(filmRef)12073	4
(filmRef)12074	8
(filmRef)12075	8
(filmRef)12076	8
(filmRef)12077	8
(filmRef)12078	8
(filmRef)12079	8
(filmRef)1208	11
(filmRef)12080	8
(filmRef)12081	8
(filmRef)12082	8
(filmRef)12083	8
(filmRef)12084	8
(filmRef)12085	8
(filmRef)12086	8
(filmRef)12087	8
(filmRef)12088	8
(filmRef)12089	4
(filmRef)1209	11
(filmRef)12090	1
(filmRef)12091	4
(filmRef)12092	8
(filmRef)12093	8
(filmRef)12094	8
(filmRef)12095	8
(filmRef)12096	4
(filmRef)12097	4
(filmRef)12098	8
(filmRef)12099	8
(filmRef)1210	11
(filmRef)12100	8
(filmRef)12101	8
(filmRef)12102	8
(filmRef)12103	8
(filmRef)12104	8
(filmRef)12105	4
(filmRef)12106	8
(filmRef)12107	8
(filmRef)12108	4
(filmRef)12109	8
(filmRef)12110	8
(filmRef)12111	8
(filmRef)12112	8
(filmRef)12113	4
(filmRef)12115	15
(filmRef)12117	15
(filmRef)12118	15
(filmRef)12119	15
(filmRef)1212	14
(filmRef)12121	15
(filmRef)12122	15
(filmRef)12123	15
(filmRef)12124	15
(filmRef)12125	15
(filmRef)12126	11
(filmRef)12127	15
(filmRef)12128	15
(filmRef)12129	15
(filmRef)1213	11
(filmRef)12130	15
(filmRef)12131	15
(filmRef)12132	15
(filmRef)12133	15
(filmRef)12134	15
(filmRef)12135	15
(filmRef)12138	15
(filmRef)12139	15
(filmRef)1214	18
(filmRef)12140	15
(filmRef)12141	15
(filmRef)12142	15
(filmRef)12143	15
(filmRef)12144	15
(filmRef)12145	15
(filmRef)12146	2
(filmRef)12147	2
(filmRef)12148	15
(filmRef)12149	15
(filmRef)12150	14
(filmRef)12151	15
(filmRef)12152	15
(filmRef)12153	15
(filmRef)12154	15
(filmRef)12155	15
(filmRef)12156	15
(filmRef)12157	15
(filmRef)12158	15
(filmRef)12159	15
(filmRef)12160	15
(filmRef)12161	15
(filmRef)12162	15
(filmRef)12163	15
(filmRef)12164	15
(filmRef)1217	18
(filmRef)12173	15
(filmRef)12174	15
(filmRef)12175	15
(filmRef)12176	15
(filmRef)12179	15
(filmRef)1218	11
(filmRef)12181	15
(filmRef)12182	15
(filmRef)12183	15
(filmRef)12184	15
(filmRef)12185	15
(filmRef)12189	15
(filmRef)1219	1
(filmRef)12193	15
(filmRef)12194	15
(filmRef)12195	15
(filmRef)12196	15
(filmRef)12197	15
(filmRef)12198	15
(filmRef)12199	15
(filmRef)1220	2
(filmRef)12200	15
(filmRef)12201	15
(filmRef)12202	15
(filmRef)12203	15
(filmRef)12204	15
(filmRef)12205	15
(filmRef)12206	15
(filmRef)12207	15
(filmRef)12208	15
(filmRef)12209	15
(filmRef)1221	2
(filmRef)12210	15
(filmRef)12211	11
(filmRef)12212	11
(filmRef)12213	11
(filmRef)12214	11
(filmRef)12215	11
(filmRef)12216	11
(filmRef)12217	11
(filmRef)12218	11
(filmRef)12219	1
(filmRef)1222	10
(filmRef)12220	9
(filmRef)12221	1
(filmRef)12226	13
(filmRef)12228	13
(filmRef)12229	13
(filmRef)1223	2
(filmRef)12230	13
(filmRef)12231	13
(filmRef)12232	13
(filmRef)12236	2
(filmRef)12237	1
(filmRef)12238	9
(filmRef)1224	14
(filmRef)12240	1
(filmRef)12241	1
(filmRef)12245	1
(filmRef)12248	9
(filmRef)12249	1
(filmRef)1225	6
(filmRef)12250	1
(filmRef)12255	1
(filmRef)1226	3
(filmRef)1227	2
(filmRef)1228	3
(filmRef)1229	7
(filmRef)12299	11
(filmRef)1230	2
(filmRef)12300	11
(filmRef)12301	11
(filmRef)12303	11
(filmRef)12304	11
(filmRef)12306	11
(filmRef)1231	14
(filmRef)12310	11
(filmRef)12311	11
(filmRef)12312	11
(filmRef)12313	11
(filmRef)12315	11
(filmRef)12316	11
(filmRef)12317	11
(filmRef)12318	11
(filmRef)12319	11
(filmRef)1232	10
(filmRef)12320	11
(filmRef)12321	11
(filmRef)12322	11
(filmRef)12323	11
(filmRef)12324	11
(filmRef)12325	11
(filmRef)12327	10
(filmRef)12328	11
(filmRef)12329	10
(filmRef)1233	14
(filmRef)12330	11
(filmRef)12331	11
(filmRef)12332	11
(filmRef)12333	11
(filmRef)12334	11
(filmRef)12337	11
(filmRef)12338	11
(filmRef)12339	11
(filmRef)1234	19
(filmRef)12341	11
(filmRef)12342	11
(filmRef)12343	11
(filmRef)12344	11
(filmRef)12345	11
(filmRef)12346	11
(filmRef)12347	11
(filmRef)12348	0
(filmRef)12349	11
(filmRef)12350	11
(filmRef)12351	11
(filmRef)12352	11
(filmRef)12353	11
(filmRef)12354	11
(filmRef)12357	11
(filmRef)1236	14
(filmRef)12362	11
(filmRef)12366	11
(filmRef)12367	11
(filmRef)1237	19
(filmRef)12379	11
(filmRef)12380	11
(filmRef)12381	11
(filmRef)1238A	14
(filmRef)1238B	14
(filmRef)1239	19
(filmRef)1240	11
(filmRef)12404	10
(filmRef)12405	15
(filmRef)12409	15
(filmRef)1241	10
(filmRef)12410	15
(filmRef)12412	11
(filmRef)12413	11
(filmRef)12414	11
(filmRef)1242	3
(filmRef)12427	15
(filmRef)12428	15
(filmRef)12429	15
(filmRef)1243	3
(filmRef)12430	15
(filmRef)12431	15
(filmRef)12432	15
(filmRef)12433	11
(filmRef)12434	15
(filmRef)12435	15
(filmRef)1244	19
(filmRef)12443	14
(filmRef)12444	14
(filmRef)12446	11
(filmRef)12447	11
(filmRef)12448	15
(filmRef)12449	11
(filmRef)1245	19
(filmRef)12452	13
(filmRef)12453	13
(filmRef)12458	13
(filmRef)1247	11
(filmRef)12470	11
(filmRef)12471	11
(filmRef)12472	11
(filmRef)12473	11
(filmRef)12474	11
(filmRef)12475	11
(filmRef)12476	11
(filmRef)12477	11
(filmRef)12478	11
(filmRef)12479	11
(filmRef)1248	18
(filmRef)12480	11
(filmRef)12481	11
(filmRef)12482	11
(filmRef)12483	11
(filmRef)12484	11
(filmRef)12485	11
(filmRef)12486	11
(filmRef)12487	11
(filmRef)12488	11
(filmRef)12489	7
(filmRef)1249	13
(filmRef)12490	11
(filmRef)12491	11
(filmRef)12492	11
(filmRef)12493	11
(filmRef)12494	11
(filmRef)12495	11
(filmRef)12496	11
(filmRef)12498	11
(filmRef)12499	11
(filmRef)1250	14
(filmRef)12500	11
(filmRef)12501	11
(filmRef)12502	11
(filmRef)12503	11
(filmRef)12504	11
(filmRef)12505	11
(filmRef)12506	11
(filmRef)12507	11
(filmRef)12508	11
(filmRef)1251	1
(filmRef)12510	11
(filmRef)12511	11
(filmRef)12513	3
(filmRef)12514	3
(filmRef)12515	2
(filmRef)12516	2
(filmRef)12517	2
(filmRef)12518	2
(filmRef)12519	2
(filmRef)1252	10
(filmRef)12520	2
(filmRef)12521	2
(filmRef)12522	14
(filmRef)12523	14
(filmRef)12524	14
(filmRef)12525	2
(filmRef)12526	14
(filmRef)12527	14
(filmRef)12528	2
(filmRef)12529	2
(filmRef)1253	11
(filmRef)12530	14
(filmRef)12531	14
(filmRef)12532	14
(filmRef)12533	2
(filmRef)12534	2
(filmRef)12535	14
(filmRef)12536	3
(filmRef)12537	3
(filmRef)1254	11
(filmRef)12540	2
(filmRef)12541	11
(filmRef)12542	2
(filmRef)12543	11
(filmRef)12544	11
(filmRef)12545	11
(filmRef)12546	11
(filmRef)12547	11
(filmRef)12548	11
(filmRef)12549	11
(filmRef)12550	11
(filmRef)12551	14
(filmRef)12552	11
(filmRef)12553	11
(filmRef)12554	11
(filmRef)12555	2
(filmRef)12556	3
(filmRef)12557	14
(filmRef)12558	14
(filmRef)12559	14
(filmRef)1256	11
(filmRef)12560	14
(filmRef)12561	3
(filmRef)12562	14
(filmRef)12563	2
(filmRef)12564	2
(filmRef)12565	2
(filmRef)12566	14
(filmRef)12567	2
(filmRef)12568	3
(filmRef)1257	11
(filmRef)1258	14
(filmRef)1259	11
(filmRef)1260	11
(filmRef)12609	3
(filmRef)12610	14
(filmRef)12611	14
(filmRef)12612	2
(filmRef)12613	11
(filmRef)12614	14
(filmRef)12616	6
(filmRef)12617	14
(filmRef)12618	8
(filmRef)12619	8
(filmRef)12620	8
(filmRef)12621	8
(filmRef)12622	8
(filmRef)12623	8
(filmRef)12624	8
(filmRef)12625	8
(filmRef)12626	8
(filmRef)12627	8
(filmRef)12628	8
(filmRef)12629	8
(filmRef)1263	11
(filmRef)12630	8
(filmRef)12631	8
(filmRef)12632	8
(filmRef)12633	8
(filmRef)12634	8
(filmRef)12635	8
(filmRef)12636	8
(filmRef)12637	8
(filmRef)12638	8
(filmRef)12639	8
(filmRef)1264	10
(filmRef)12640	8
(filmRef)12641	8
(filmRef)12642	8
(filmRef)12643	8
(filmRef)12644	8
(filmRef)12645	8
(filmRef)12646	8
(filmRef)12647	8
(filmRef)12648	8
(filmRef)12649	8
(filmRef)1265	2
(filmRef)12650	8
(filmRef)12651	8
(filmRef)12652	8
(filmRef)12653	8
(filmRef)12654	8
(filmRef)12655	8
(filmRef)12656	8
(filmRef)12657	8
(filmRef)12658	8
(filmRef)12659	8
(filmRef)1266	14
(filmRef)12660	8
(filmRef)12661	8
(filmRef)12662	8
(filmRef)12663	8
(filmRef)12664	8
(filmRef)12665	8
(filmRef)12666	8
(filmRef)12667	8
(filmRef)12668	8
(filmRef)12669	8
(filmRef)1267	3
(filmRef)12670	8
(filmRef)12671	8
(filmRef)12672	8
(filmRef)12673	8
(filmRef)12674	8
(filmRef)12675	8
(filmRef)12676	8
(filmRef)12677	8
(filmRef)12678	8
(filmRef)12679	8
(filmRef)1268	14
(filmRef)12680	8
(filmRef)12681	8
(filmRef)12682	8
(filmRef)12683	8
(filmRef)12684	8
(filmRef)12685	8
(filmRef)12686	8
(filmRef)12687	8
(filmRef)12688	8
(filmRef)12689	8
(filmRef)1269	10
(filmRef)12690	8
(filmRef)12691	8
(filmRef)12692	8
(filmRef)12693	8
(filmRef)12694	8
(filmRef)12695	8
(filmRef)12696	8
(filmRef)12697	8
(filmRef)12698	8
(filmRef)12699	8
(filmRef)1270	18
(filmRef)12700	8
(filmRef)12701	8
(filmRef)12702	8
(filmRef)12703	8
(filmRef)12704	8
(filmRef)12705	8
(filmRef)12706	8
(filmRef)12707	8
(filmRef)12708	8
(filmRef)12709	8
(filmRef)1271	18
(filmRef)12710	1
(filmRef)12711	8
(filmRef)12713	8
(filmRef)12714	8
(filmRef)12715	8
(filmRef)12716	8
(filmRef)12717	8
(filmRef)12718	8
(filmRef)12719	8
(filmRef)1272	2
(filmRef)12720	8
(filmRef)12721	8
(filmRef)12722	8
(filmRef)12723	8
(filmRef)12724	8
(filmRef)12725	8
(filmRef)12726	8
(filmRef)12727	1
(filmRef)12728	4
(filmRef)12729	8
(filmRef)1273	10
(filmRef)12730	8
(filmRef)12731	8
(filmRef)12732	8
(filmRef)12733	8
(filmRef)12734	8
(filmRef)12735	8
(filmRef)12736	8
(filmRef)12737	8
(filmRef)12738	8
(filmRef)12739	8
(filmRef)1274	13
(filmRef)12740	8
(filmRef)12741	8
(filmRef)12742	8
(filmRef)12743	8
(filmRef)12744	8
(filmRef)12745	8
(filmRef)12746	8
(filmRef)12747	8
(filmRef)12748	8
(filmRef)12749	8
(filmRef)1275	10
(filmRef)12750	8
(filmRef)12751	8
(filmRef)12752	8
(filmRef)12753	8
(filmRef)12754	8
(filmRef)12755	8
(filmRef)12756	8
(filmRef)12757	8
(filmRef)12758	8
(filmRef)12759	8
(filmRef)1276	13
(filmRef)12760	8
(filmRef)12761	8
(filmRef)12762	8
(filmRef)12763	8
(filmRef)12764	8
(filmRef)12765	8
(filmRef)12766	8
(filmRef)12767	8
(filmRef)12768	8
(filmRef)12769	8
(filmRef)1277	13
(filmRef)12770	8
(filmRef)12771	8
(filmRef)12772	8
(filmRef)12773	8
(filmRef)12774	4
(filmRef)12775	8
(filmRef)12776	8
(filmRef)12777	8
(filmRef)12778	8
(filmRef)12779	8
(filmRef)1278	14
(filmRef)12780	8
(filmRef)12781	8
(filmRef)12782	8
(filmRef)12783	8
(filmRef)12784	8
(filmRef)12785	8
(filmRef)12786	8
(filmRef)12787	8
(filmRef)12788	8
(filmRef)12789	8
(filmRef)1279	13
(filmRef)12790	8
(filmRef)12791	8
(filmRef)12792	8
(filmRef)12793	8
(filmRef)12794	8
(filmRef)12795	8
(filmRef)12796	8
(filmRef)12797	8
(filmRef)12798	8
(filmRef)12799	8
(filmRef)1280	19
(filmRef)12800	8
(filmRef)12801	8
(filmRef)12802	8
(filmRef)12803	8
(filmRef)12804	8
(filmRef)12805	8
(filmRef)12806	8
(filmRef)12807	8
(filmRef)12808	8
(filmRef)12809	8
(filmRef)1281	19
(filmRef)12810	8
(filmRef)12811	8
(filmRef)12812	8
(filmRef)12813	8
(filmRef)12814	8
(filmRef)12815	8
(filmRef)12816	8
(filmRef)12817	8
(filmRef)12818	8
(filmRef)12819	8
(filmRef)1282	14
(filmRef)12820	8
(filmRef)12821	8
(filmRef)12822	8
(filmRef)12823	8
(filmRef)12824	8
(filmRef)12825	8
(filmRef)12826	8
(filmRef)12827	8
(filmRef)12828	8
(filmRef)12829	8
(filmRef)1283	19
(filmRef)12830	10
(filmRef)12831	8
(filmRef)12832	8
(filmRef)12833	8
(filmRef)12834	8
(filmRef)12835	8
(filmRef)12836	8
(filmRef)12837	8
(filmRef)12838	8
(filmRef)12839	8
(filmRef)1284	19
(filmRef)12840	8
(filmRef)12841	8
(filmRef)12842	8
(filmRef)12843	8
(filmRef)12844	8
(filmRef)12845	8
(filmRef)12846	8
(filmRef)12847	8
(filmRef)12848	8
(filmRef)12849	8
(filmRef)1285	11
(filmRef)12850	8
(filmRef)12852	8
(filmRef)12853	8
(filmRef)12854	8
(filmRef)12855	8
(filmRef)12856	8
(filmRef)12857	8
(filmRef)12858	8
(filmRef)12859	8
(filmRef)12860	8
(filmRef)12861	8
(filmRef)12862	8
(filmRef)12863	8
(filmRef)12864	8
(filmRef)12865	8
(filmRef)12866	8
(filmRef)12867	8
(filmRef)12868	8
(filmRef)12869	8
(filmRef)1287	14
(filmRef)12870	8
(filmRef)12871	8
(filmRef)12872	8
(filmRef)12873	8
(filmRef)12876	8
(filmRef)12877	8
(filmRef)12878	8
(filmRef)12879	8
(filmRef)12880	8
(filmRef)12881	8
(filmRef)12882	8
(filmRef)12883	8
(filmRef)12884	8
(filmRef)12885	8
(filmRef)12886	8
(filmRef)12887	8
(filmRef)12888	8
(filmRef)12889	8
(filmRef)1288A	14
(filmRef)1288B	19
(filmRef)1288C	14
(filmRef)1289	13
(filmRef)12890	8
(filmRef)12891	8
(filmRef)12892	8
(filmRef)12893	8
(filmRef)12894	8
(filmRef)12895	8
(filmRef)12896	8
(filmRef)12897	8
(filmRef)12898	8
(filmRef)12899	8
(filmRef)1290	2
(filmRef)12900	8
(filmRef)12901	8
(filmRef)12902	8
(filmRef)12903	8
(filmRef)12904	8
(filmRef)12905	8
(filmRef)12906	8
(filmRef)12907	8
(filmRef)12908	8
(filmRef)12909	8
(filmRef)1291	19
(filmRef)12910	8
(filmRef)12911	8
(filmRef)12912	8
(filmRef)12913	8
(filmRef)12914	8
(filmRef)12915	8
(filmRef)12916	8
(filmRef)12917	8
(filmRef)12918	8
(filmRef)12919	8
(filmRef)1292	14
(filmRef)12920	8
(filmRef)12921	8
(filmRef)12922	8
(filmRef)12923	8
(filmRef)12924	8
(filmRef)12925	8
(filmRef)12926	8
(filmRef)12927	8
(filmRef)12928	8
(filmRef)12929	8
(filmRef)1293	19
(filmRef)12930	8
(filmRef)12931	8
(filmRef)12932	8
(filmRef)12933	8
(filmRef)12934	8
(filmRef)12935	8
(filmRef)12936	8
(filmRef)12937	8
(filmRef)12938	8
(filmRef)12939	8
(filmRef)1294	19
(filmRef)12940	8
(filmRef)12941	8
(filmRef)12942	8
(filmRef)12943	8
(filmRef)12944	8
(filmRef)12945	8
(filmRef)12946	8
(filmRef)12947	8
(filmRef)12948	8
(filmRef)12949	8
(filmRef)1295	19
(filmRef)12950	8
(filmRef)12951	8
(filmRef)12952	8
(filmRef)12953	8
(filmRef)12954	8
(filmRef)12955	8
(filmRef)12956	8
(filmRef)12957	8
(filmRef)12958	8
(filmRef)12959	8
(filmRef)1296	19
(filmRef)12960	8
(filmRef)12961	8
(filmRef)12962	8
(filmRef)12963	8
(filmRef)12964	8
(filmRef)12965	8
(filmRef)12966	8
(filmRef)12967	8
(filmRef)12968	8
(filmRef)12969	8
(filmRef)1297	19
(filmRef)12970	8
(filmRef)12971	8
(filmRef)12972	8
(filmRef)12973	8
(filmRef)12974	8
(filmRef)12975	8
(filmRef)12976	8
(filmRef)12977	8
(filmRef)12978	8
(filmRef)12979	8
(filmRef)1298	19
(filmRef)12980	8
(filmRef)12981	8
(filmRef)12982	8
(filmRef)12983	8
(filmRef)12984	8
(filmRef)12985	8
(filmRef)12986	8
(filmRef)12987	8
(filmRef)12988	8
(filmRef)12989	8
(filmRef)12990	8
(filmRef)12991	8
(filmRef)12992	8
(filmRef)12993	8
(filmRef)12994	8
(filmRef)12995	8
(filmRef)12996	8
(filmRef)12997	8
(filmRef)12998	8
(filmRef)12999	8
(filmRef)1299A	19
(filmRef)1299B	14
(filmRef)1300	19
(filmRef)13000	8
(filmRef)13001	8
(filmRef)13002	8
(filmRef)13003	8
(filmRef)13004	8
(filmRef)13005	8
(filmRef)13006	8
(filmRef)13007	8
(filmRef)13008	8
(filmRef)13009	8
(filmRef)1301	19
(filmRef)13010	8
(filmRef)13011	8
(filmRef)13012	8
(filmRef)13013	8
(filmRef)13014	8
(filmRef)13015	8
(filmRef)13016	8
(filmRef)13017	8
(filmRef)13018	8
(filmRef)13019	8
(filmRef)1302	19
(filmRef)13020	8
(filmRef)13021	8
(filmRef)13022	8
(filmRef)13023	8
(filmRef)13024	8
(filmRef)13025	8
(filmRef)13026	8
(filmRef)13027	8
(filmRef)13028	8
(filmRef)13029	8
(filmRef)1303	19
(filmRef)13030	8
(filmRef)13031	8
(filmRef)13032	8
(filmRef)13033	8
(filmRef)13034	8
(filmRef)13035	8
(filmRef)13036	8
(filmRef)13037	8
(filmRef)13038	8
(filmRef)13039	8
(filmRef)1304	14
(filmRef)13040	8
(filmRef)13041	8
(filmRef)13042	8
(filmRef)13043	8
(filmRef)13044	8
(filmRef)13045	8
(filmRef)13046	8
(filmRef)13047	8
(filmRef)13048	8
(filmRef)13049	8
(filmRef)1305	14
(filmRef)13050	8
(filmRef)13051	8
(filmRef)13052	8
(filmRef)13053	8
(filmRef)13054	8
(filmRef)13055	8
(filmRef)13056	8
(filmRef)13057	8
(filmRef)13058	8
(filmRef)13059	8
(filmRef)1306	14
(filmRef)13060	8
(filmRef)13061	8
(filmRef)13062	8
(filmRef)13063	8
(filmRef)13064	8
(filmRef)13065	8
(filmRef)13066	8
(filmRef)13067	8
(filmRef)13068	8
(filmRef)13069	8
(filmRef)1307	14
(filmRef)13070	8
(filmRef)13071	8
(filmRef)13072	8
(filmRef)13073	8
(filmRef)13074	8
(filmRef)13075	8
(filmRef)13076	8
(filmRef)13077	8
(filmRef)13078	8
(filmRef)13079	8
(filmRef)1308	13
(filmRef)13080	8
(filmRef)13081	8
(filmRef)13082	8
(filmRef)13083	8
(filmRef)13084	8
(filmRef)13085	8
(filmRef)13086	8
(filmRef)13087	8
(filmRef)13088	8
(filmRef)13089	8
(filmRef)1309	19
(filmRef)13090	8
(filmRef)13091	8
(filmRef)13092	8
(filmRef)13093	8
(filmRef)13094	8
(filmRef)13095	8
(filmRef)13096	8
(filmRef)13097	8
(filmRef)13098	8
(filmRef)13099	8
(filmRef)1310	13
(filmRef)13100	8
(filmRef)13101	8
(filmRef)13102	4
(filmRef)13103	8
(filmRef)13104	8
(filmRef)13105	8
(filmRef)13106	8
(filmRef)13107	8
(filmRef)13108	8
(filmRef)13109	8
(filmRef)1311	3
(filmRef)13110	8
(filmRef)13111	8
(filmRef)13112	8
(filmRef)13113	8
(filmRef)13114	8
(filmRef)13115	8
(filmRef)13116	8
(filmRef)13117	8
(filmRef)13118	8
(filmRef)13119	8
(filmRef)1312	14
(filmRef)13120	8
(filmRef)13121	8
(filmRef)13122	8
(filmRef)13123	8
(filmRef)13124	8
(filmRef)13125	8
(filmRef)13126	8
(filmRef)13127	8
(filmRef)13128	8
(filmRef)13129	8
(filmRef)1313	14
(filmRef)13130	8
(filmRef)13131	8
(filmRef)13132	8
(filmRef)13133	8
(filmRef)13134	8
(filmRef)13135	8
(filmRef)13136	8
(filmRef)13137	8
(filmRef)13138	8
(filmRef)13139	8
(filmRef)1314	3
(filmRef)13140	8
(filmRef)13141	8
(filmRef)13142	8
(filmRef)13143	8
(filmRef)13144	8
(filmRef)13145	8
(filmRef)13146	8
(filmRef)13147	8
(filmRef)13148	8
(filmRef)13149	8
(filmRef)1315	14
(filmRef)13150	8
(filmRef)13151	8
(filmRef)13152	8
(filmRef)13153	8
(filmRef)13154	8
(filmRef)13155	8
(filmRef)13156	8
(filmRef)13157	8
(filmRef)13158	8
(filmRef)13159	8
(filmRef)1316	19
(filmRef)13160	8
(filmRef)13161	8
(filmRef)13162	8
(filmRef)13163	8
(filmRef)13164	8
(filmRef)13165	8
(filmRef)13166	8
(filmRef)13167	8
(filmRef)13168	8
(filmRef)13169	8
(filmRef)1317	14
(filmRef)13170	8
(filmRef)13171	8
(filmRef)13172	8
(filmRef)13173	8
(filmRef)13174	8
(filmRef)13175	8
(filmRef)13176	8
(filmRef)13177	8
(filmRef)13178	8
(filmRef)13179	8
(filmRef)1318	2
(filmRef)13180	8
(filmRef)13181	8
(filmRef)13182	8
(filmRef)13183	8
(filmRef)13184	8
(filmRef)13185	8
(filmRef)13186	8
(filmRef)13187	8
(filmRef)13188	8
(filmRef)13189	8
(filmRef)1319	14
(filmRef)13190	8
(filmRef)13191	8
(filmRef)13192	8
(filmRef)13193	8
(filmRef)13194	8
(filmRef)13195	8
(filmRef)13196	8
(filmRef)13197	8
(filmRef)13198	8
(filmRef)13199	8
(filmRef)1320	14
(filmRef)13200	8
(filmRef)13201	8
(filmRef)13202	8
(filmRef)13203	8
(filmRef)13204	8
(filmRef)13205	8
(filmRef)13206	8
(filmRef)13207	8
(filmRef)13208	8
(filmRef)13209	8
(filmRef)1321	10
(filmRef)13210	8
(filmRef)13211	8
(filmRef)13212	8
(filmRef)13213	8
(filmRef)13214	8
(filmRef)13215	8
(filmRef)13216	8
(filmRef)13217	8
(filmRef)13218	8
(filmRef)13219	8
(filmRef)1322	10
(filmRef)13220	8
(filmRef)13221	8
(filmRef)13222	8
(filmRef)13223	8
(filmRef)13224	8
(filmRef)13225	8
(filmRef)13226	8
(filmRef)13227	8
(filmRef)13228	8
(filmRef)13229	8
(filmRef)1323	10
(filmRef)13230	8
(filmRef)13231	8
(filmRef)13232	8
(filmRef)13233	8
(filmRef)13234	8
(filmRef)13235	8
(filmRef)13236	8
(filmRef)13238	8
(filmRef)13239	8
(filmRef)1324	10
(filmRef)13240	8
(filmRef)13241	8
(filmRef)13242	8
(filmRef)13243	8
(filmRef)13244	8
(filmRef)13245	8
(filmRef)13246	8
(filmRef)13247	8
(filmRef)13248	8
(filmRef)13249	8
(filmRef)1325	6
(filmRef)13250	8
(filmRef)13251	8
(filmRef)13252	8
(filmRef)13253	8
(filmRef)13254	8
(filmRef)13255	8
(filmRef)13256	8
(filmRef)13257	8
(filmRef)13258	8
(filmRef)13259	8
(filmRef)1326	14
(filmRef)13260	8
(filmRef)13261	8
(filmRef)13262	8
(filmRef)13263	8
(filmRef)13264	8
(filmRef)13265	8
(filmRef)13266	8
(filmRef)13267	8
(filmRef)13268	8
(filmRef)13269	8
(filmRef)1327	10
(filmRef)13270	8
(filmRef)13271	8
(filmRef)13272	8
(filmRef)13273	8
(filmRef)13274	8
(filmRef)13275	8
(filmRef)13276	8
(filmRef)13277	8
(filmRef)13278	8
(filmRef)13279	8
(filmRef)1328	2
(filmRef)13280	8
(filmRef)13281	8
(filmRef)13282	8
(filmRef)13283	8
(filmRef)13284	8
(filmRef)13285	8
(filmRef)13286	8
(filmRef)13287	8
(filmRef)13288	8
(filmRef)13289	8
(filmRef)1329	14
(filmRef)13290	8
(filmRef)13291	8
(filmRef)13292	8
(filmRef)13293	8
(filmRef)13294	8
(filmRef)13295	8
(filmRef)13296	8
(filmRef)13297	8
(filmRef)13298	8
(filmRef)13299	8
(filmRef)1330	14
(filmRef)13300	8
(filmRef)13301	8
(filmRef)13302	8
(filmRef)13303	8
(filmRef)13304	8
(filmRef)13305	8
(filmRef)13306	8
(filmRef)13307	8
(filmRef)13308	8
(filmRef)13309	8
(filmRef)1331	11
(filmRef)13310	8
(filmRef)13311	8
(filmRef)13312	8
(filmRef)13313	8
(filmRef)13314	8
(filmRef)13315	8
(filmRef)13316	8
(filmRef)13317	8
(filmRef)13318	8
(filmRef)13319	8
(filmRef)1332	6
(filmRef)13320	8
(filmRef)13321	8
(filmRef)13322	8
(filmRef)13323	8
(filmRef)13324	8
(filmRef)13325	8
(filmRef)13326	8
(filmRef)13327	8
(filmRef)13328	8
(filmRef)13329	8
(filmRef)1333	2
(filmRef)13330	8
(filmRef)13331	8
(filmRef)13332	8
(filmRef)13333	8
(filmRef)13334	8
(filmRef)13335	8
(filmRef)13336	8
(filmRef)13337	8
(filmRef)13338	8
(filmRef)13339	8
(filmRef)1334	18
(filmRef)13340	8
(filmRef)13341	8
(filmRef)13342	8
(filmRef)13343	8
(filmRef)13347	8
(filmRef)13348	8
(filmRef)13349	8
(filmRef)1335	14
(filmRef)13350	8
(filmRef)13351	8
(filmRef)13352	8
(filmRef)13353	8
(filmRef)13354	8
(filmRef)13355	8
(filmRef)13356	8
(filmRef)13357	8
(filmRef)13358	8
(filmRef)13359	8
(filmRef)1336	14
(filmRef)13360	1
(filmRef)13361	8
(filmRef)13362	8
(filmRef)13363	8
(filmRef)13364	8
(filmRef)13365	8
(filmRef)13366	8
(filmRef)13367	8
(filmRef)13368	8
(filmRef)13369	8
(filmRef)1337	6
(filmRef)13370	8
(filmRef)13371	8
(filmRef)13372	8
(filmRef)13373	8
(filmRef)13374	4
(filmRef)13375	8
(filmRef)13376	8
(filmRef)13377	8
(filmRef)13378	8
(filmRef)13379	8
(filmRef)1338	2
(filmRef)13380	8
(filmRef)13381	8
(filmRef)13382	8
(filmRef)13383	8
(filmRef)13384	8
(filmRef)13385	8
(filmRef)13386	8
(filmRef)13387	8
(filmRef)13388	8
(filmRef)13389	8
(filmRef)1339	14
(filmRef)13390	8
(filmRef)13391	8
(filmRef)13392	8
(filmRef)13393	8
(filmRef)13394	8
(filmRef)13395	8
(filmRef)13396	8
(filmRef)13397	8
(filmRef)13398	8
(filmRef)13399	8
(filmRef)1340	6
(filmRef)13400	8
(filmRef)13401	8
(filmRef)13402	8
(filmRef)13403	8
(filmRef)13404	8
(filmRef)13405	8
(filmRef)13406	8
(filmRef)13407	8
(filmRef)13408	8
(filmRef)13409	8
(filmRef)1341	13
(filmRef)13410	8
(filmRef)13411	8
(filmRef)13412	8
(filmRef)13413	8
(filmRef)13414	8
(filmRef)13415	8
(filmRef)13416	8
(filmRef)13417	8
(filmRef)13418	8
(filmRef)13419	8
(filmRef)1342	10
(filmRef)13420	8
(filmRef)13421	8
(filmRef)13422	8
(filmRef)13424	8
(filmRef)13425	8
(filmRef)13426	8
(filmRef)13427	8
(filmRef)13428	8
(filmRef)13429	8
(filmRef)1343	6
(filmRef)13430	8
(filmRef)13431	8
(filmRef)13432	8
(filmRef)13433	8
(filmRef)13434	8
(filmRef)13435	8
(filmRef)13436	8
(filmRef)13437	8
(filmRef)13438	8
(filmRef)13439	8
(filmRef)1344	13
(filmRef)13440	8
(filmRef)13441	8
(filmRef)13442	8
(filmRef)13443	8
(filmRef)13444	8
(filmRef)13445	8
(filmRef)13446	8
(filmRef)13447	8
(filmRef)13448	8
(filmRef)13449	11
(filmRef)1345	3
(filmRef)13450	8
(filmRef)13451	8
(filmRef)13452	8
(filmRef)13453	8
(filmRef)13454	8
(filmRef)13455	8
(filmRef)13456	8
(filmRef)13457	8
(filmRef)13458	8
(filmRef)13459	8
(filmRef)1346	11
(filmRef)13460	8
(filmRef)13461	8
(filmRef)13462	8
(filmRef)13463	8
(filmRef)13464	8
(filmRef)13465	8
(filmRef)13466	8
(filmRef)13467	8
(filmRef)13468	8
(filmRef)13469	8
(filmRef)1347	10
(filmRef)13470	8
(filmRef)13471	8
(filmRef)13472	8
(filmRef)13473	8
(filmRef)13474	8
(filmRef)13475	8
(filmRef)13476	8
(filmRef)13477	8
(filmRef)13478	8
(filmRef)13479	8
(filmRef)1348	13
(filmRef)13480	8
(filmRef)13481	8
(filmRef)13482	8
(filmRef)13483	8
(filmRef)13484	8
(filmRef)13485	8
(filmRef)13486	8
(filmRef)13487	8
(filmRef)13488	8
(filmRef)13489	8
(filmRef)1349	10
(filmRef)13490	8
(filmRef)13491	8
(filmRef)13492	8
(filmRef)13493	8
(filmRef)13494	8
(filmRef)13495	8
(filmRef)13496	8
(filmRef)13497	8
(filmRef)13498	8
(filmRef)13499	8
(filmRef)1350	2
(filmRef)13500	8
(filmRef)13501	8
(filmRef)13502	8
(filmRef)13503	8
(filmRef)13504	8
(filmRef)13505	8
(filmRef)13506	8
(filmRef)13507	8
(filmRef)13508	8
(filmRef)13509	8
(filmRef)1351	10
(filmRef)13510	8
(filmRef)13511	8
(filmRef)13512	8
(filmRef)13513	8
(filmRef)13514	8
(filmRef)13515	8
(filmRef)13516	8
(filmRef)13517	8
(filmRef)13518	8
(filmRef)13519	8
(filmRef)1352	14
(filmRef)13520	8
(filmRef)13521	8
(filmRef)13522	8
(filmRef)13523	8
(filmRef)13524	8
(filmRef)13525	8
(filmRef)13526	8
(filmRef)13527	8
(filmRef)13528	8
(filmRef)13529	8
(filmRef)1353	10
(filmRef)13530	8
(filmRef)13531	8
(filmRef)13532	8
(filmRef)13533	8
(filmRef)13534	8
(filmRef)13535	8
(filmRef)13536	8
(filmRef)13537	8
(filmRef)13538	8
(filmRef)13539	8
(filmRef)1354	13
(filmRef)13540	8
(filmRef)13541	8
(filmRef)13542	8
(filmRef)13543	8
(filmRef)13544	8
(filmRef)13545	8
(filmRef)13546	8
(filmRef)13547	8
(filmRef)13548	8
(filmRef)13549	8
(filmRef)1355	14
(filmRef)13550	8
(filmRef)13551	8
(filmRef)13552	8
(filmRef)13553	8
(filmRef)13554	8
(filmRef)13555	8
(filmRef)13556	8
(filmRef)13557	8
(filmRef)13558	8
(filmRef)13559	4
(filmRef)1356	10
(filmRef)13560	4
(filmRef)13561	4
(filmRef)13562	4
(filmRef)13563	4
(filmRef)13564	4
(filmRef)13565	4
(filmRef)13566	4
(filmRef)13567	4
(filmRef)13568	4
(filmRef)13569	4
(filmRef)13572	4
(filmRef)13573	4
(filmRef)13574	4
(filmRef)13576	4
(filmRef)13577	4
(filmRef)13579	4
(filmRef)1358	19
(filmRef)13584	4
(filmRef)13587	4
(filmRef)13588	4
(filmRef)1359	13
(filmRef)13591	4
(filmRef)13592	4
(filmRef)13594	4
(filmRef)13595	4
(filmRef)13596	4
(filmRef)13597	4
(filmRef)13598	4
(filmRef)13599	4
(filmRef)1360	19
(filmRef)13600	4
(filmRef)13601	4
(filmRef)13602	4
(filmRef)13603	4
(filmRef)13604	4
(filmRef)13605	4
(filmRef)13606	4
(filmRef)13607	4
(filmRef)13608	4
(filmRef)13609	4
(filmRef)1361	19
(filmRef)13610	4
(filmRef)1362	19
(filmRef)13622	4
(filmRef)13623	8
(filmRef)13624	8
(filmRef)13625	8
(filmRef)13626	8
(filmRef)13627	8
(filmRef)13628	8
(filmRef)13629	8
(filmRef)1363	19
(filmRef)13630	4
(filmRef)13631	8
(filmRef)13632	8
(filmRef)13633	8
(filmRef)13634	8
(filmRef)13635	8
(filmRef)13636	8
(filmRef)1364	19
(filmRef)1365	19
(filmRef)1366	19
(filmRef)1367	19
(filmRef)1368	19
(filmRef)13686	8
(filmRef)13687	8
(filmRef)13688	8
(filmRef)13689	11
(filmRef)1369	7
(filmRef)13690	11
(filmRef)13691	11
(filmRef)13692	11
(filmRef)13693	11
(filmRef)13694	11
(filmRef)13695	11
(filmRef)13696	11
(filmRef)13697	11
(filmRef)13698	11
(filmRef)13699	11
(filmRef)1370	7
(filmRef)13700	11
(filmRef)13701	11
(filmRef)13703	11
(filmRef)13704	11
(filmRef)13705	11
(filmRef)13706	11
(filmRef)13707	11
(filmRef)13708	11
(filmRef)13709	11
(filmRef)1371	10
(filmRef)13710	11
(filmRef)13711	11
(filmRef)13712	11
(filmRef)13713	19
(filmRef)13714	11
(filmRef)13715	11
(filmRef)13717	11
(filmRef)13718	11
(filmRef)13719	11
(filmRef)1372	19
(filmRef)13720	11
(filmRef)13721	11
(filmRef)13722	11
(filmRef)13723	11
(filmRef)13724	11
(filmRef)13727	11
(filmRef)13728	11
(filmRef)13729	11
(filmRef)1373	19
(filmRef)13730	11
(filmRef)13731	11
(filmRef)13732	11
(filmRef)13733	11
(filmRef)13734	11
(filmRef)13735	11
(filmRef)13736	11
(filmRef)13737	11
(filmRef)13738	11
(filmRef)13739	11
(filmRef)1374	14
(filmRef)13740	11
(filmRef)13741	11
(filmRef)13742	11
(filmRef)13743	11
(filmRef)13744	11
(filmRef)13745	11
(filmRef)13746	11
(filmRef)13747	11
(filmRef)13748	11
(filmRef)13749	11
(filmRef)1375	14
(filmRef)13753	11
(filmRef)13754	11
(filmRef)13755	11
(filmRef)13756	11
(filmRef)13757	11
(filmRef)1376	14
(filmRef)13764	11
(filmRef)13765	19
(filmRef)13766	3
(filmRef)13769	14
(filmRef)1377	19
(filmRef)13770	14
(filmRef)13771	3
(filmRef)13772	14
(filmRef)13773	14
(filmRef)13774	14
(filmRef)13777	3
(filmRef)13778	7
(filmRef)13779	19
(filmRef)1378	1
(filmRef)13780	19
(filmRef)13781	19
(filmRef)13782	1
(filmRef)13785	11
(filmRef)13786	14
(filmRef)1379	19
(filmRef)13790	3
(filmRef)13791	19
(filmRef)13794	2
(filmRef)13796	19
(filmRef)13797	5
(filmRef)13798	5
(filmRef)13799	5
(filmRef)1380	14
(filmRef)13800	5
(filmRef)13801	5
(filmRef)13804	5
(filmRef)13805	5
(filmRef)13806	5
(filmRef)13807	5
(filmRef)13808	5
(filmRef)13809	5
(filmRef)13810	5
(filmRef)13811	5
(filmRef)13812	5
(filmRef)13813	5
(filmRef)13814	5
(filmRef)13815	5
(filmRef)13816	5
(filmRef)13817	5
(filmRef)13818	5
(filmRef)13819	5
(filmRef)1381A	14
(filmRef)1381B	14
(filmRef)1382	6
(filmRef)13820	5
(filmRef)13821	5
(filmRef)13822	5
(filmRef)13823	5
(filmRef)13824	5
(filmRef)13825	5
(filmRef)13826	5
(filmRef)13827	5
(filmRef)13828	5
(filmRef)13829	5
(filmRef)1383	14
(filmRef)13830	5
(filmRef)13831	5
(filmRef)13832	5
(filmRef)13833	5
(filmRef)13834	5
(filmRef)13835	5
(filmRef)13836	5
(filmRef)13837	5
(filmRef)13838	5
(filmRef)13839	5
(filmRef)1384	14
(filmRef)13840	5
(filmRef)13841	5
(filmRef)13842	5
(filmRef)13843	5
(filmRef)13844	5
(filmRef)13845	5
(filmRef)13846	5
(filmRef)13847	5
(filmRef)13848	5
(filmRef)13849	5
(filmRef)1385	14
(filmRef)13850	5
(filmRef)13851	5
(filmRef)13852	5
(filmRef)13853	5
(filmRef)13854	5
(filmRef)13856	5
(filmRef)13857	5
(filmRef)13858	5
(filmRef)13859	5
(filmRef)1386	10
(filmRef)13860	5
(filmRef)13861	5
(filmRef)13863	5
(filmRef)13864	5
(filmRef)13865	5
(filmRef)13866	5
(filmRef)13867	5
(filmRef)13868	5
(filmRef)13869	5
(filmRef)1387	14
(filmRef)13870	5
(filmRef)13871	5
(filmRef)13872	5
(filmRef)13873	5
(filmRef)13874	11
(filmRef)13876	11
(filmRef)13878	11
(filmRef)13879	11
(filmRef)1388	14
(filmRef)13880	11
(filmRef)13881	0
(filmRef)13882	11
(filmRef)13883	0
(filmRef)13884	11
(filmRef)13885	0
(filmRef)13886	0
(filmRef)13887	11
(filmRef)13888	0
(filmRef)13889	11
(filmRef)1389	14
(filmRef)13891	11
(filmRef)13892	0
(filmRef)13893	11
(filmRef)13894	11
(filmRef)13895	11
(filmRef)13896	0
(filmRef)13897	0
(filmRef)13898	0
(filmRef)13899	11
(filmRef)1390	14
(filmRef)13901	0
(filmRef)13904	11
(filmRef)13905	11
(filmRef)13906	0
(filmRef)13907	11
(filmRef)13908	0
(filmRef)13909	11
(filmRef)1391	2
(filmRef)13910	0
(filmRef)13912	0
(filmRef)13913	11
(filmRef)13914	0
(filmRef)13915	11
(filmRef)13916	11
(filmRef)13917	0
(filmRef)13918	0
(filmRef)13919	0
(filmRef)1392	14
(filmRef)13920	11
(filmRef)13921	11
(filmRef)13922	11
(filmRef)13923	11
(filmRef)13924	11
(filmRef)13925	11
(filmRef)13926	11
(filmRef)13928	11
(filmRef)13929	11
(filmRef)1393	14
(filmRef)13930	0
(filmRef)13932	11
(filmRef)13933	11
(filmRef)13934	11
(filmRef)13935	11
(filmRef)13936	11
(filmRef)13937	11
(filmRef)13938	11
(filmRef)13939	11
(filmRef)1394	11
(filmRef)13940	11
(filmRef)13942	11
(filmRef)13943	11
(filmRef)13944	11
(filmRef)1395	1
(filmRef)1396	10
(filmRef)1397	2
(filmRef)13974	11
(filmRef)13975	11
(filmRef)13976	14
(filmRef)13977	2
(filmRef)13978	11
(filmRef)13979	11
(filmRef)1398	14
(filmRef)13980	2
(filmRef)13981	11
(filmRef)13982	6
(filmRef)13983	11
(filmRef)13984	11
(filmRef)1399	2
(filmRef)13991	11
(filmRef)13992	11
(filmRef)13993	11
(filmRef)13994	11
(filmRef)13995	11
(filmRef)13996	11
(filmRef)13997	11
(filmRef)13998	11
(filmRef)13999	11
(filmRef)1400	2
(filmRef)14000	11
(filmRef)14001	11
(filmRef)14002	11
(filmRef)14003	11
(filmRef)14004	11
(filmRef)14005	11
(filmRef)14006	11
(filmRef)14007	11
(filmRef)14008	11
(filmRef)14009	11
(filmRef)1401	14
(filmRef)14010	14
(filmRef)14011	11
(filmRef)14012	11
(filmRef)14013	11
(filmRef)14014	11
(filmRef)14015	11
(filmRef)14016	11
(filmRef)14017	11
(filmRef)14018	11
(filmRef)1402	19
(filmRef)1403	19
(filmRef)14034	11
(filmRef)14035	14
(filmRef)1404	14
(filmRef)1405	2
(filmRef)14052	2
(filmRef)1406	2
(filmRef)14065	11
(filmRef)1407	11
(filmRef)14072	14
(filmRef)1408	1
(filmRef)14082	11
(filmRef)14083	11
(filmRef)14084	11
(filmRef)14085	11
(filmRef)14086	11
(filmRef)14088	11
(filmRef)1409	11
(filmRef)14090	11
(filmRef)14091	11
(filmRef)14094	11
(filmRef)1410	11
(filmRef)14104	17
(filmRef)14105	11
(filmRef)1412	13
(filmRef)1413	11
(filmRef)14139	11
(filmRef)1414	11
(filmRef)14147	17
(filmRef)1415	11
(filmRef)14152	17
(filmRef)14153	17
(filmRef)1416	11
(filmRef)14165	11
(filmRef)1417	11
(filmRef)14174	17
(filmRef)14185	11
(filmRef)1419	11
(filmRef)14197	11
(filmRef)1420	11
(filmRef)1421	11
(filmRef)14215	11
(filmRef)1422	11
(filmRef)1423	11
(filmRef)14231	17
(filmRef)14232	17
(filmRef)14233	17
(filmRef)14234	17
(filmRef)14235	17
(filmRef)14236	17
(filmRef)14237	1
(filmRef)1424	1
(filmRef)14244	17
(filmRef)14245	17
(filmRef)1425	11
(filmRef)14254	11
(filmRef)1426	11
(filmRef)1427	11
(filmRef)14270	17
(filmRef)1428	11
(filmRef)1429	11
(filmRef)1430	2
(filmRef)1432	2
(filmRef)14328	17
(filmRef)14329	11
(filmRef)1433	13
(filmRef)1434	18
(filmRef)1435	14
(filmRef)1436	2
(filmRef)1437	10
(filmRef)14372	-1
(filmRef)14375	11
(filmRef)14378	11
(filmRef)14379	11
(filmRef)1438	11
(filmRef)14380	11
(filmRef)14385	1
(filmRef)14386	11
(filmRef)1439	14
(filmRef)1440	11
(filmRef)1441	14
(filmRef)1442	14
(filmRef)14424	17
(filmRef)14425	17
(filmRef)14426	17
(filmRef)1443	14
(filmRef)1444	14
(filmRef)14449	11
(filmRef)1445	13
(filmRef)14456	11
(filmRef)1446	14
(filmRef)1447	1
(filmRef)1448	14
(filmRef)1449	11
(filmRef)1450	13
(filmRef)1451	13
(filmRef)1452	2
(filmRef)14526	17
(filmRef)14527	17
(filmRef)14529	17
(filmRef)14531	17
(filmRef)14532	17
(filmRef)14533	17
(filmRef)1454	10
(filmRef)14547	11
(filmRef)14548	17
(filmRef)14549	17
(filmRef)1455	14
(filmRef)14550	11
(filmRef)1456	14
(filmRef)14566	11
(filmRef)1457	11
(filmRef)14577	11
(filmRef)14578	11
(filmRef)1458	14
(filmRef)1459	14
(filmRef)1460	14
(filmRef)1461	1
(filmRef)14610	11
(filmRef)14619	11
(filmRef)1462	11
(filmRef)14620	11
(filmRef)14623	17
(filmRef)14624	11
(filmRef)14625	11
(filmRef)14626	11
(filmRef)1463	7
(filmRef)14637	11
(filmRef)1464	14
(filmRef)14642	11
(filmRef)14643	1
(filmRef)14644	17
(filmRef)14645	17
(filmRef)1465	7
(filmRef)1466	19
(filmRef)1467	19
(filmRef)14676	11
(filmRef)1468	19
(filmRef)1469	14
(filmRef)1470	2
(filmRef)1471	14
(filmRef)14717	11
(filmRef)14718	11
(filmRef)1472	19
(filmRef)14730	11
(filmRef)1474	14
(filmRef)14742	11
(filmRef)14744	11
(filmRef)14747	17
(filmRef)1475	14
(filmRef)14752	11
(filmRef)14755	11
(filmRef)14756	17
(filmRef)14757	11
(filmRef)14758	17
(filmRef)1476	19
(filmRef)14761	11
(filmRef)1477	19
(filmRef)1478	6
(filmRef)1479	13
(filmRef)1480	13
(filmRef)1481	2
(filmRef)14813	11
(filmRef)14814	11
(filmRef)14815	11
(filmRef)14817	17
(filmRef)1482	9
(filmRef)1483	6
(filmRef)14831	11
(filmRef)14839	11
(filmRef)1484	10
(filmRef)14846	17
(filmRef)14847	17
(filmRef)1485	3
(filmRef)14854	11
(filmRef)1486	14
(filmRef)14863	11
(filmRef)1487	10
(filmRef)14879	11
(filmRef)1488	14
(filmRef)1489	14
(filmRef)1490	14
(filmRef)14904	17
(filmRef)1491	14
(filmRef)14919	17
(filmRef)1492	14
(filmRef)1493	14
(filmRef)14932	11
(filmRef)14933	11
(filmRef)14934	11
(filmRef)1494	14
(filmRef)14942	17
(filmRef)1495	13
(filmRef)1496	11
(filmRef)1497	10
(filmRef)1498	14
(filmRef)14981	11
(filmRef)14982	11
(filmRef)14983	11
(filmRef)14984	11
(filmRef)14986	11
(filmRef)1499	14
(filmRef)1500	11
(filmRef)15003	17
(filmRef)15004	11
(filmRef)15007	17
(filmRef)1501	10
(filmRef)15010	17
(filmRef)15011	17
(filmRef)15012	17
(filmRef)15013	17
(filmRef)15014	17
(filmRef)15015	17
(filmRef)1502	13
(filmRef)1503	13
(filmRef)15034	11
(filmRef)15035	11
(filmRef)15036	11
(filmRef)15037	11
(filmRef)15038	11
(filmRef)15039	11
(filmRef)1504	13
(filmRef)1505	13
(filmRef)15050	11
(filmRef)1506	1
(filmRef)15068	17
(filmRef)1507	13
(filmRef)1508	13
(filmRef)15088	17
(filmRef)15089	17
(filmRef)1509	13
(filmRef)15092	17
(filmRef)15094	17
(filmRef)15095	1
(filmRef)1510	19
(filmRef)15104	17
(filmRef)15105	17
(filmRef)1511	10
(filmRef)1512	11
(filmRef)1513	14
(filmRef)15134	17
(filmRef)1514	14
(filmRef)1515	14
(filmRef)15154	17
(filmRef)1516	19
(filmRef)15162	17
(filmRef)1517	13
(filmRef)15175	11
(filmRef)15178	11
(filmRef)15179	11
(filmRef)1518	13
(filmRef)15180	11
(filmRef)15181	11
(filmRef)15182	11
(filmRef)15183	11
(filmRef)15189	11
(filmRef)1519	13
(filmRef)15190	11
(filmRef)15191	11
(filmRef)15192	11
(filmRef)15199	11
(filmRef)1520	13
(filmRef)1521	13
(filmRef)1522	13
(filmRef)1523	13
(filmRef)1524	13
(filmRef)1525	13
(filmRef)15250	11
(filmRef)15254	17
(filmRef)15255	17
(filmRef)15256	17
(filmRef)15257	17
(filmRef)15258	17
(filmRef)1526	13
(filmRef)15261	17
(filmRef)15262	17
(filmRef)1527	13
(filmRef)1528	13
(filmRef)1529	13
(filmRef)1530	13
(filmRef)15304	17
(filmRef)15305	17
(filmRef)15308	11
(filmRef)15309	17
(filmRef)1531	13
(filmRef)15317	11
(filmRef)1532	13
(filmRef)15321	11
(filmRef)15322	11
(filmRef)15323	11
(filmRef)15324	11
(filmRef)15325	11
(filmRef)15326	11
(filmRef)1533	13
(filmRef)15331	1
(filmRef)15332	11
(filmRef)15333	11
(filmRef)1534	11
(filmRef)15341	17
(filmRef)15347	17
(filmRef)1535	14
(filmRef)15355	11
(filmRef)1536	6
(filmRef)15362	17
(filmRef)1537	11
(filmRef)1538	2
(filmRef)1539	2
(filmRef)1540	2
(filmRef)1541	14
(filmRef)15413	17
(filmRef)1542	2
(filmRef)15425	11
(filmRef)15426	11
(filmRef)15427	11
(filmRef)15428	11
(filmRef)1543	18
(filmRef)15433	11
(filmRef)1544	1
(filmRef)15443	11
(filmRef)1545	14
(filmRef)1546	14
(filmRef)15462	17
(filmRef)15463	17
(filmRef)15464	11
(filmRef)15465	17
(filmRef)1547	19
(filmRef)1548	19
(filmRef)1549	13
(filmRef)15490	17
(filmRef)15497	17
(filmRef)15498	17
(filmRef)15499	17
(filmRef)1550	14
(filmRef)15500	17
(filmRef)1552	7
(filmRef)1553	14
(filmRef)15533	17
(filmRef)15534	17
(filmRef)15537	17
(filmRef)1555	19
(filmRef)15554	17
(filmRef)15559	17
(filmRef)1556	11
(filmRef)15560	17
(filmRef)15562	11
(filmRef)15565	17
(filmRef)1557	14
(filmRef)15574	11
(filmRef)15575	11
(filmRef)15577	11
(filmRef)15578	17
(filmRef)15579	17
(filmRef)1558	11
(filmRef)15580	11
(filmRef)15588	11
(filmRef)1559	11
(filmRef)15592	11
(filmRef)1560	11
(filmRef)1562	19
(filmRef)1563	7
(filmRef)1564	14
(filmRef)15649	11
(filmRef)1565	11
(filmRef)15657	17
(filmRef)15658	11
(filmRef)1566	14
(filmRef)15660	11
(filmRef)15663	17
(filmRef)1567	11
(filmRef)1568	13
(filmRef)15682	11
(filmRef)15688	11
(filmRef)1569	13
(filmRef)1570	2
(filmRef)1571	10
(filmRef)1572	13
(filmRef)15725	17
(filmRef)15726	17
(filmRef)15728	11
(filmRef)15729	11
(filmRef)1573	10
(filmRef)15730	11
(filmRef)15740	17
(filmRef)15743	17
(filmRef)1575	10
(filmRef)1576	7
(filmRef)15765	17
(filmRef)15768	11
(filmRef)1577A	14
(filmRef)1577B	14
(filmRef)1578	2
(filmRef)15783	17
(filmRef)15787	17
(filmRef)15789	17
(filmRef)1579	10
(filmRef)15797	17
(filmRef)1580	10
(filmRef)15803	17
(filmRef)15808	11
(filmRef)15809	11
(filmRef)1581	2
(filmRef)1582	2
(filmRef)15824	11
(filmRef)15825	17
(filmRef)15826	17
(filmRef)15827	17
(filmRef)15828	17
(filmRef)15829	17
(filmRef)1583	6
(filmRef)15830	17
(filmRef)15831	17
(filmRef)15832	17
(filmRef)1584	19
(filmRef)1585	19
(filmRef)1586	19
(filmRef)15868	17
(filmRef)1587	19
(filmRef)15872	17
(filmRef)15873	17
(filmRef)15874	17
(filmRef)15875	11
(filmRef)1588	14
(filmRef)15881	17
(filmRef)15888	11
(filmRef)15889	17
(filmRef)1589	19
(filmRef)15890	17
(filmRef)1590	13
(filmRef)1591	13
(filmRef)1592	13
(filmRef)15920	11
(filmRef)15921	17
(filmRef)15922	11
(filmRef)15923	17
(filmRef)15924	17
(filmRef)15925	17
(filmRef)15926	17
(filmRef)15927	17
(filmRef)15928	17
(filmRef)15929	17
(filmRef)1593	13
(filmRef)15930	17
(filmRef)15931	11
(filmRef)1594	14
(filmRef)15947	17
(filmRef)15948	11
(filmRef)15949	17
(filmRef)1595	2
(filmRef)15950	17
(filmRef)15951	17
(filmRef)15952	17
(filmRef)15953	17
(filmRef)15954	17
(filmRef)15957	-1
(filmRef)1596	13
(filmRef)1597	18
(filmRef)15973	17
(filmRef)15974	17
(filmRef)15976	17
(filmRef)15977	17
(filmRef)15978	17
(filmRef)15979	17
(filmRef)1598	14
(filmRef)15980	17
(filmRef)1599	14
(filmRef)1600	14
(filmRef)1601	14
(filmRef)1602	10
(filmRef)16026	11
(filmRef)16028	17
(filmRef)16029	17
(filmRef)1603	14
(filmRef)16030	17
(filmRef)16038	17
(filmRef)16039	17
(filmRef)1604	13
(filmRef)16040	17
(filmRef)16045	11
(filmRef)16046	17
(filmRef)16047	17
(filmRef)16048	17
(filmRef)16049	17
(filmRef)1605	6
(filmRef)16050	17
(filmRef)16051	17
(filmRef)16052	17
(filmRef)16053	17
(filmRef)16054	11
(filmRef)16055	11
(filmRef)1606	14
(filmRef)1607	14
(filmRef)16072	17
(filmRef)1608	1
(filmRef)16083	17
(filmRef)16084	17
(filmRef)16085	17
(filmRef)16086	17
(filmRef)16087	11
(filmRef)16088	17
(filmRef)16089	17
(filmRef)1609	14
(filmRef)16090	17
(filmRef)16091	17
(filmRef)16098	17
(filmRef)1610	10
(filmRef)1611	6
(filmRef)1612	6
(filmRef)1613	6
(filmRef)1614	10
(filmRef)16144	17
(filmRef)1615	2
(filmRef)16155	17
(filmRef)1616	2
(filmRef)1617	2
(filmRef)16175	17
(filmRef)16176	17
(filmRef)1618	10
(filmRef)16189	17
(filmRef)1619	14
(filmRef)16190	17
(filmRef)16191	17
(filmRef)16195	17
(filmRef)16196	17
(filmRef)16198	17
(filmRef)16199	17
(filmRef)1620	14
(filmRef)16200	17
(filmRef)16201	17
(filmRef)16202	17
(filmRef)16204	17
(filmRef)16205	17
(filmRef)16206	17
(filmRef)16207	17
(filmRef)16208	17
(filmRef)16209	17
(filmRef)1621	10
(filmRef)16210	17
(filmRef)16211	17
(filmRef)16212	17
(filmRef)16213	17
(filmRef)16214	17
(filmRef)16215	17
(filmRef)16217	17
(filmRef)1622	14
(filmRef)16236	17
(filmRef)16237	17
(filmRef)1624	6
(filmRef)1625	6
(filmRef)16253	11
(filmRef)1626	13
(filmRef)16263	17
(filmRef)16264	17
(filmRef)16265	17
(filmRef)16266	17
(filmRef)16267	17
(filmRef)16268	17
(filmRef)16269	17
(filmRef)1627	6
(filmRef)16270	17
(filmRef)16272	17
(filmRef)16273	17
(filmRef)16274	17
(filmRef)16276	17
(filmRef)16277	17
(filmRef)16278	17
(filmRef)16279	17
(filmRef)1628	14
(filmRef)16280	17
(filmRef)1629	3
(filmRef)1630	11
(filmRef)1631	10
(filmRef)16314	11
(filmRef)1632	14
(filmRef)1633	14
(filmRef)1634	19
(filmRef)1635	13
(filmRef)1636	10
(filmRef)16369	17
(filmRef)1637	13
(filmRef)1638	13
(filmRef)1639	13
(filmRef)16394	11
(filmRef)16395	11
(filmRef)16396	11
(filmRef)16397	11
(filmRef)1640	11
(filmRef)16403	17
(filmRef)16404	17
(filmRef)16405	17
(filmRef)16406	17
(filmRef)16407	17
(filmRef)16408	17
(filmRef)1641	2
(filmRef)16411	17
(filmRef)16412	17
(filmRef)16418	17
(filmRef)16419	17
(filmRef)1642	11
(filmRef)16421	17
(filmRef)16422	17
(filmRef)16423	17
(filmRef)16424	17
(filmRef)16425	17
(filmRef)16426	11
(filmRef)16428	17
(filmRef)16429	17
(filmRef)1643	10
(filmRef)16430	17
(filmRef)16431	17
(filmRef)16432	17
(filmRef)16433	17
(filmRef)16434	17
(filmRef)16435	17
(filmRef)16436	17
(filmRef)16437	17
(filmRef)16438	17
(filmRef)16439	17
(filmRef)1644	14
(filmRef)16440	17
(filmRef)16442	11
(filmRef)16446	17
(filmRef)1645	19
(filmRef)16458	11
(filmRef)1646	19
(filmRef)16460	17
(filmRef)16463	17
(filmRef)16464	17
(filmRef)16467	17
(filmRef)16469	17
(filmRef)1647	19
(filmRef)16470	17
(filmRef)16472	17
(filmRef)16475	17
(filmRef)16476	17
(filmRef)16477	11
(filmRef)16479	11
(filmRef)1648	19
(filmRef)16480	11
(filmRef)16481	11
(filmRef)16487	17
(filmRef)16488	17
(filmRef)1649	3
(filmRef)16498	17
(filmRef)16499	17
(filmRef)1650	2
(filmRef)16500	17
(filmRef)16501	17
(filmRef)16502	17
(filmRef)16503	17
(filmRef)16504	17
(filmRef)16505	17
(filmRef)1651	10
(filmRef)16516	11
(filmRef)16517	17
(filmRef)16518	11
(filmRef)16519	17
(filmRef)1652	3
(filmRef)16520	11
(filmRef)16521	11
(filmRef)16522	11
(filmRef)16523	11
(filmRef)16524	11
(filmRef)1653	10
(filmRef)16531	17
(filmRef)16532	17
(filmRef)16533	17
(filmRef)16534	17
(filmRef)16535	17
(filmRef)16536	17
(filmRef)16537	17
(filmRef)16538	17
(filmRef)16539	17
(filmRef)1654	10
(filmRef)16540	17
(filmRef)16541	17
(filmRef)16542	17
(filmRef)16543	17
(filmRef)16544	17
(filmRef)1655	2
(filmRef)16551	17
(filmRef)16552	17
(filmRef)16553	17
(filmRef)16554	17
(filmRef)16558	17
(filmRef)16559	17
(filmRef)1656	11
(filmRef)16561	17
(filmRef)16562	17
(filmRef)16565	11
(filmRef)16566	11
(filmRef)16567	17
(filmRef)16568	17
(filmRef)16569	11
(filmRef)1657	11
(filmRef)16570	11
(filmRef)16572	17
(filmRef)16573	17
(filmRef)16574	17
(filmRef)16575	17
(filmRef)16576	17
(filmRef)16577	17
(filmRef)1658	14
(filmRef)16582	11
(filmRef)16583	11
(filmRef)1659	14
(filmRef)1660	14
(filmRef)16605	11
(filmRef)1661	14
(filmRef)1662	14
(filmRef)1663	10
(filmRef)16636	11
(filmRef)16637	11
(filmRef)16638	11
(filmRef)16649	1
(filmRef)1666	11
(filmRef)1668	3
(filmRef)1670	11
(filmRef)1671	11
(filmRef)16715	11
(filmRef)16716	11
(filmRef)1672	10
(filmRef)1673	10
(filmRef)1674	10
(filmRef)1675	10
(filmRef)1676	10
(filmRef)16764	11
(filmRef)1678	11
(filmRef)1679	10
(filmRef)16791	17
(filmRef)16795	17
(filmRef)16796	17
(filmRef)16797	17
(filmRef)16798	17
(filmRef)16799	17
(filmRef)1680	2
(filmRef)16800	17
(filmRef)16801	17
(filmRef)16802	17
(filmRef)16803	17
(filmRef)16804	17
(filmRef)16805	17
(filmRef)16806	17
(filmRef)16807	17
(filmRef)16808	17
(filmRef)1681	2
(filmRef)16815	17
(filmRef)16817	17
(filmRef)1682	3
(filmRef)1683	10
(filmRef)16830	11
(filmRef)16832	11
(filmRef)16835	17
(filmRef)16836	17
(filmRef)16837	17
(filmRef)16838	17
(filmRef)16839	17
(filmRef)1684	10
(filmRef)16840	17
(filmRef)16841	17
(filmRef)16842	17
(filmRef)16843	17
(filmRef)16844	17
(filmRef)16846	17
(filmRef)16848	17
(filmRef)16849	17
(filmRef)1685	14
(filmRef)16850	17
(filmRef)16852	17
(filmRef)1686	2
(filmRef)1687	2
(filmRef)16876	17
(filmRef)1688	14
(filmRef)1689	14
(filmRef)16895	17
(filmRef)16896	17
(filmRef)16897	17
(filmRef)16898	17
(filmRef)1690	1
(filmRef)1691	10
(filmRef)16916	1
(filmRef)16919	17
(filmRef)1692	10
(filmRef)16920	17
(filmRef)16921	17
(filmRef)16922	17
(filmRef)16923	17
(filmRef)16924	17
(filmRef)16927	17
(filmRef)16928	17
(filmRef)1693	14
(filmRef)16930	17
(filmRef)16931	17
(filmRef)16932	17
(filmRef)16933	11
(filmRef)16938	11
(filmRef)16939	11
(filmRef)1694	13
(filmRef)16944	11
(filmRef)16945	11
(filmRef)16946	11
(filmRef)16947	11
(filmRef)16948	11
(filmRef)1695	13
(filmRef)1696	6
(filmRef)16962	17
(filmRef)16963	17
(filmRef)16964	17
(filmRef)16965	17
(filmRef)16966	17
(filmRef)16967	17
(filmRef)16968	17
(filmRef)1697	19
(filmRef)16975	0
(filmRef)16976	17
(filmRef)16977	-1
(filmRef)16978	-1
(filmRef)16979	-1
(filmRef)1698	14
(filmRef)16988	17
(filmRef)1699	14
(filmRef)1700	14
(filmRef)1701	10
(filmRef)17010	17
(filmRef)17011	17
(filmRef)1702	14
(filmRef)1703	13
(filmRef)1704	6
(filmRef)1705	14
(filmRef)1706	11
(filmRef)1707	14
(filmRef)17071	17
(filmRef)17072	17
(filmRef)17073	17
(filmRef)17074	17
(filmRef)17075	17
(filmRef)17076	17
(filmRef)17077	17
(filmRef)17078	17
(filmRef)17079	17
(filmRef)1708	1
(filmRef)17080	17
(filmRef)17081	17
(filmRef)17082	17
(filmRef)17083	17
(filmRef)17084	17
(filmRef)17085	17
(filmRef)17086	17
(filmRef)17087	11
(filmRef)17088	11
(filmRef)17089	17
(filmRef)1709	14
(filmRef)17090	17
(filmRef)17091	17
(filmRef)17092	17
(filmRef)17097	17
(filmRef)17098	17
(filmRef)17099	17
(filmRef)1710	6
(filmRef)17100	17
(filmRef)17101	17
(filmRef)17102	17
(filmRef)17103	17
(filmRef)17104	17
(filmRef)17105	17
(filmRef)17106	17
(filmRef)17107	17
(filmRef)17108	17
(filmRef)17109	17
(filmRef)1711	14
(filmRef)17116	17
(filmRef)17117	17
(filmRef)17118	11
(filmRef)1712	14
(filmRef)17127	17
(filmRef)17129	17
(filmRef)1713	6
(filmRef)17131	17
(filmRef)17132	17
(filmRef)1714	6
(filmRef)17141	17
(filmRef)17143	17
(filmRef)17144	17
(filmRef)17145	17
(filmRef)17146	17
(filmRef)17147	17
(filmRef)17149	17
(filmRef)1715	14
(filmRef)17151	17
(filmRef)17153	17
(filmRef)1716	14
(filmRef)17168	17
(filmRef)1717	14
(filmRef)17170	17
(filmRef)17171	17
(filmRef)17172	17
(filmRef)17173	17
(filmRef)17175	17
(filmRef)17177	17
(filmRef)17178	11
(filmRef)17179	17
(filmRef)1718	14
(filmRef)17181	17
(filmRef)17182	17
(filmRef)17183	17
(filmRef)17184	17
(filmRef)17185	17
(filmRef)17186	17
(filmRef)17187	17
(filmRef)17188	17
(filmRef)1719	14
(filmRef)17192	17
(filmRef)1720	14
(filmRef)1721	10
(filmRef)17212	11
(filmRef)1722	19
(filmRef)17220	17
(filmRef)17221	17
(filmRef)17224	17
(filmRef)17225	17
(filmRef)1723	14
(filmRef)1724	12
(filmRef)17242	11
(filmRef)1725	10
(filmRef)17255	17
(filmRef)1726	14
(filmRef)17262	17
(filmRef)1727	6
(filmRef)1728	14
(filmRef)17281	17
(filmRef)1729	14
(filmRef)1730	10
(filmRef)1731	11
(filmRef)1732	13
(filmRef)1733	14
(filmRef)1734	14
(filmRef)1735	14
(filmRef)1737	1
(filmRef)17375	17
(filmRef)17376	17
(filmRef)17377	17
(filmRef)1738	1
(filmRef)17380	11
(filmRef)17382	11
(filmRef)17389	11
(filmRef)1739	1
(filmRef)17393	11
(filmRef)17394	11
(filmRef)17395	17
(filmRef)17396	17
(filmRef)17397	17
(filmRef)17398	17
(filmRef)17399	17
(filmRef)1740	14
(filmRef)17400	17
(filmRef)17407	17
(filmRef)17408	17
(filmRef)17409	17
(filmRef)1741	14
(filmRef)17410	17
(filmRef)17411	17
(filmRef)17412	17
(filmRef)17413	17
(filmRef)17414	17
(filmRef)17417	17
(filmRef)17418	17
(filmRef)17419	17
(filmRef)1742	2
(filmRef)17420	17
(filmRef)17423	17
(filmRef)17425	17
(filmRef)17426	11
(filmRef)17427	17
(filmRef)17428	11
(filmRef)1743	3
(filmRef)17432	11
(filmRef)1744	14
(filmRef)17441	17
(filmRef)17442	17
(filmRef)17443	17
(filmRef)17444	17
(filmRef)17447	17
(filmRef)17448	17
(filmRef)17449	17
(filmRef)1745	2
(filmRef)17450	17
(filmRef)17451	17
(filmRef)17452	17
(filmRef)17453	17
(filmRef)17454	17
(filmRef)17455	17
(filmRef)17456	17
(filmRef)17457	17
(filmRef)17458	17
(filmRef)17459	17
(filmRef)1746	13
(filmRef)17460	17
(filmRef)17462	17
(filmRef)17463	17
(filmRef)17464	17
(filmRef)17465	17
(filmRef)17466	17
(filmRef)17467	17
(filmRef)17468	17
(filmRef)1747	13
(filmRef)17470	17
(filmRef)17471	17
(filmRef)17473	11
(filmRef)17475	17
(filmRef)17476	17
(filmRef)17477	17
(filmRef)17478	17
(filmRef)17479	17
(filmRef)1748	14
(filmRef)17480	17
(filmRef)17481	17
(filmRef)17482	17
(filmRef)17483	17
(filmRef)17484	17
(filmRef)17485	17
(filmRef)17486	17
(filmRef)17487	17
(filmRef)17488	17
(filmRef)17489	17
(filmRef)1749	3
(filmRef)17490	17
(filmRef)17491	17
(filmRef)17493	17
(filmRef)17494	17
(filmRef)17495	17
(filmRef)17496	17
(filmRef)17497	17
(filmRef)17498	17
(filmRef)17499	17
(filmRef)1750	14
(filmRef)17500	17
(filmRef)17501	17
(filmRef)17502	17
(filmRef)17505	17
(filmRef)17506	11
(filmRef)1751	7
(filmRef)17512	17
(filmRef)17513	17
(filmRef)17514	17
(filmRef)17515	17
(filmRef)17516	17
(filmRef)17517	17
(filmRef)1752	13
(filmRef)17524	17
(filmRef)17525	17
(filmRef)17526	17
(filmRef)17527	17
(filmRef)17528	17
(filmRef)17531	17
(filmRef)17532	17
(filmRef)17533	17
(filmRef)17534	17
(filmRef)17536	17
(filmRef)1754	13
(filmRef)17540	17
(filmRef)17542	17
(filmRef)17543	17
(filmRef)17546	11
(filmRef)17547	17
(filmRef)17548	17
(filmRef)17549	11
(filmRef)1755	19
(filmRef)17555	17
(filmRef)17556	17
(filmRef)17557	17
(filmRef)17559	17
(filmRef)1756	19
(filmRef)17562	17
(filmRef)17563	17
(filmRef)17565	17
(filmRef)17566	17
(filmRef)1757	19
(filmRef)17570	17
(filmRef)17571	17
(filmRef)17572	17
(filmRef)17573	17
(filmRef)17574	17
(filmRef)17575	17
(filmRef)17576	17
(filmRef)17577	17
(filmRef)17578	17
(filmRef)1758	13
(filmRef)17580	17
(filmRef)17583	17
(filmRef)17584	17
(filmRef)17585	17
(filmRef)1759	10
(filmRef)1760	13
(filmRef)1761	10
(filmRef)17611	17
(filmRef)17612	17
(filmRef)17613	17
(filmRef)17614	17
(filmRef)1762	10
(filmRef)17620	11
(filmRef)17621	17
(filmRef)17622	17
(filmRef)17623	17
(filmRef)17624	17
(filmRef)17625	17
(filmRef)17626	17
(filmRef)17627	17
(filmRef)17628	17
(filmRef)17629	17
(filmRef)1763	10
(filmRef)17630	17
(filmRef)17637	17
(filmRef)17639	17
(filmRef)1764	13
(filmRef)1765	13
(filmRef)17650	17
(filmRef)17651	17
(filmRef)17652	17
(filmRef)17653	17
(filmRef)17656	17
(filmRef)17657	17
(filmRef)17658	17
(filmRef)17659	11
(filmRef)1766	2
(filmRef)17660	17
(filmRef)17661	17
(filmRef)17662	17
(filmRef)17663	11
(filmRef)17664	1
(filmRef)17665	17
(filmRef)1767	13
(filmRef)1769	13
(filmRef)1770	13
(filmRef)1771	14
(filmRef)17719	17
(filmRef)1772	3
(filmRef)17720	17
(filmRef)17721	17
(filmRef)17722	17
(filmRef)17723	17
(filmRef)1773	14
(filmRef)17731	17
(filmRef)17732	17
(filmRef)17734	17
(filmRef)1774	18
(filmRef)17747	17
(filmRef)17748	17
(filmRef)17749	17
(filmRef)1775	14
(filmRef)17753	17
(filmRef)17759	11
(filmRef)1776	14
(filmRef)17762	11
(filmRef)17763	17
(filmRef)17764	17
(filmRef)17765	17
(filmRef)17766	17
(filmRef)17767	11
(filmRef)1777	10
(filmRef)17771	17
(filmRef)17772	17
(filmRef)17777	17
(filmRef)17778	17
(filmRef)1778	14
(filmRef)1779	2
(filmRef)17794	17
(filmRef)17795	17
(filmRef)17796	17
(filmRef)17797	17
(filmRef)17798	17
(filmRef)17799	17
(filmRef)1780	3
(filmRef)17800	17
(filmRef)17801	17
(filmRef)17802	17
(filmRef)17803	17
(filmRef)17804	17
(filmRef)17805	17
(filmRef)17806	17
(filmRef)17807	11
(filmRef)17808	11
(filmRef)1781	2
(filmRef)1782	13
(filmRef)17823	17
(filmRef)17829	17
(filmRef)1783	2
(filmRef)17830	17
(filmRef)17831	17
(filmRef)17832	17
(filmRef)17833	17
(filmRef)17834	17
(filmRef)17835	17
(filmRef)17836	17
(filmRef)17837	17
(filmRef)17838	17
(filmRef)17839	17
(filmRef)1784	10
(filmRef)17840	17
(filmRef)17841	17
(filmRef)17842	17
(filmRef)17843	17
(filmRef)17844	17
(filmRef)17845	17
(filmRef)17846	17
(filmRef)17847	17
(filmRef)17848	17
(filmRef)17849	17
(filmRef)1785	11
(filmRef)17850	17
(filmRef)17851	17
(filmRef)17852	17
(filmRef)17853	17
(filmRef)17854	17
(filmRef)17855	17
(filmRef)17856	17
(filmRef)1786	14
(filmRef)17860	17
(filmRef)17861	17
(filmRef)17863	17
(filmRef)17864	17
(filmRef)17866	17
(filmRef)17868	17
(filmRef)17869	17
(filmRef)1787	2
(filmRef)17870	17
(filmRef)1788	13
(filmRef)17892	17
(filmRef)17896	17
(filmRef)17897	17
(filmRef)17898	17
(filmRef)17899	17
(filmRef)1790	14
(filmRef)17900	17
(filmRef)17901	17
(filmRef)17902	17
(filmRef)17903	17
(filmRef)1791	14
(filmRef)17910	17
(filmRef)17911	17
(filmRef)17912	17
(filmRef)17913	17
(filmRef)17914	17
(filmRef)1792	13
(filmRef)1793	13
(filmRef)17932	17
(filmRef)17933	17
(filmRef)17934	17
(filmRef)17935	17
(filmRef)17936	17
(filmRef)17937	17
(filmRef)17938	17
(filmRef)17939	17
(filmRef)1794	1
(filmRef)17940	17
(filmRef)17948	17
(filmRef)1795	1
(filmRef)17951	17
(filmRef)17952	17
(filmRef)17953	17
(filmRef)17954	17
(filmRef)17955	17
(filmRef)17956	17
(filmRef)17957	17
(filmRef)17958	17
(filmRef)17959	17
(filmRef)1796	6
(filmRef)17960	17
(filmRef)17961	17
(filmRef)17964	17
(filmRef)17969	11
(filmRef)17970	11
(filmRef)17974	17
(filmRef)17975	17
(filmRef)1798	14
(filmRef)1799	14
(filmRef)17991	17
(filmRef)17992	11
(filmRef)17993	17
(filmRef)17994	17
(filmRef)17995	17
(filmRef)17996	17
(filmRef)17997	17
(filmRef)17998	17
(filmRef)17999	17
(filmRef)1800	3
(filmRef)18000	17
(filmRef)18005	11
(filmRef)18006	11
(filmRef)1801	3
(filmRef)1802	2
(filmRef)1803	14
(filmRef)1804	2
(filmRef)1805	2
(filmRef)1807	10
(filmRef)1808	3
(filmRef)1809	11
(filmRef)1810	10
(filmRef)18102	17
(filmRef)18104	17
(filmRef)18105	17
(filmRef)18106	17
(filmRef)1811	10
(filmRef)18116	17
(filmRef)18117	17
(filmRef)18118	17
(filmRef)1812	2
(filmRef)1813	10
(filmRef)18131	17
(filmRef)18132	17
(filmRef)18133	17
(filmRef)18134	17
(filmRef)18135	17
(filmRef)18136	17
(filmRef)18137	17
(filmRef)18138	17
(filmRef)18139	17
(filmRef)1814	1
(filmRef)18140	17
(filmRef)18144	17
(filmRef)18145	17
(filmRef)18146	17
(filmRef)18147	17
(filmRef)18148	11
(filmRef)18149	11
(filmRef)1815	10
(filmRef)18158	17
(filmRef)18159	17
(filmRef)1816	11
(filmRef)18160	17
(filmRef)18161	11
(filmRef)18162	17
(filmRef)18163	17
(filmRef)18164	17
(filmRef)18165	17
(filmRef)18166	17
(filmRef)18167	17
(filmRef)1817	18
(filmRef)18174	17
(filmRef)18175	17
(filmRef)18176	17
(filmRef)18177	17
(filmRef)18178	17
(filmRef)1818	10
(filmRef)18180	11
(filmRef)18184	17
(filmRef)18185	17
(filmRef)1819	11
(filmRef)18190	17
(filmRef)18193	17
(filmRef)1820	10
(filmRef)1821	11
(filmRef)18211	11
(filmRef)18212	11
(filmRef)18213	17
(filmRef)18214	17
(filmRef)18215	17
(filmRef)18216	17
(filmRef)1822	11
(filmRef)18220	17
(filmRef)18221	17
(filmRef)18222	17
(filmRef)18223	17
(filmRef)18224	17
(filmRef)18225	17
(filmRef)18226	17
(filmRef)18227	17
(filmRef)1823	11
(filmRef)18237	17
(filmRef)1824	10
(filmRef)18242	17
(filmRef)18243	17
(filmRef)18245	17
(filmRef)18246	17
(filmRef)18247	17
(filmRef)18248	17
(filmRef)18249	17
(filmRef)1825	10
(filmRef)18250	17
(filmRef)18251	17
(filmRef)18252	17
(filmRef)18253	17
(filmRef)18254	17
(filmRef)18255	17
(filmRef)1826	10
(filmRef)18260	11
(filmRef)18261	11
(filmRef)18262	11
(filmRef)18263	11
(filmRef)18264	11
(filmRef)18265	11
(filmRef)18266	11
(filmRef)18267	11
(filmRef)18269	17
(filmRef)1827	10
(filmRef)18270	17
(filmRef)18271	17
(filmRef)18272	17
(filmRef)18273	17
(filmRef)18275	17
(filmRef)18276	17
(filmRef)18277	17
(filmRef)1828	11
(filmRef)1829	14
(filmRef)18294	17
(filmRef)18295	17
(filmRef)18296	17
(filmRef)18297	17
(filmRef)18298	17
(filmRef)18299	17
(filmRef)1830	10
(filmRef)18300	17
(filmRef)18301	17
(filmRef)18302	17
(filmRef)18303	17
(filmRef)18304	17
(filmRef)18305	17
(filmRef)18306	17
(filmRef)18307	17
(filmRef)18308	17
(filmRef)18309	17
(filmRef)1831	11
(filmRef)18312	17
(filmRef)18313	17
(filmRef)18314	17
(filmRef)18315	17
(filmRef)18316	11
(filmRef)18317	17
(filmRef)18318	17
(filmRef)18319	11
(filmRef)1832	10
(filmRef)18320	17
(filmRef)18321	17
(filmRef)18322	17
(filmRef)18327	11
(filmRef)18328	11
(filmRef)18329	17
(filmRef)1833	3
(filmRef)18330	17
(filmRef)18335	17
(filmRef)18337	17
(filmRef)18339	17
(filmRef)1834	3
(filmRef)18341	17
(filmRef)18342	17
(filmRef)18343	17
(filmRef)1835	14
(filmRef)1836	6
(filmRef)18365	17
(filmRef)18368	17
(filmRef)18369	17
(filmRef)1837	14
(filmRef)18370	17
(filmRef)18371	17
(filmRef)1838	14
(filmRef)1839	6
(filmRef)1840	10
(filmRef)1841	11
(filmRef)18412	17
(filmRef)18417	17
(filmRef)18418	17
(filmRef)18419	17
(filmRef)1842	11
(filmRef)18420	17
(filmRef)18421	17
(filmRef)18422	17
(filmRef)18423	17
(filmRef)18424	17
(filmRef)18425	17
(filmRef)18426	17
(filmRef)18427	17
(filmRef)18428	17
(filmRef)18429	17
(filmRef)1843	11
(filmRef)18430	17
(filmRef)18431	11
(filmRef)18432	11
(filmRef)18433	11
(filmRef)18434	17
(filmRef)18435	17
(filmRef)18438	11
(filmRef)18439	11
(filmRef)1844	1
(filmRef)18440	17
(filmRef)18441	17
(filmRef)18442	17
(filmRef)18443	17
(filmRef)18444	17
(filmRef)18445	11
(filmRef)18446	11
(filmRef)18447	11
(filmRef)18448	11
(filmRef)18449	17
(filmRef)1845	1
(filmRef)18450	17
(filmRef)18451	17
(filmRef)18452	11
(filmRef)18453	11
(filmRef)18455	11
(filmRef)18456	11
(filmRef)18458	11
(filmRef)18459	11
(filmRef)1846	10
(filmRef)18460	17
(filmRef)18461	17
(filmRef)1847	1
(filmRef)18474	17
(filmRef)18477	11
(filmRef)18478	17
(filmRef)18479	17
(filmRef)1848	11
(filmRef)18480	17
(filmRef)18481	17
(filmRef)18482	17
(filmRef)18483	17
(filmRef)1849	2
(filmRef)18499	11
(filmRef)1850	11
(filmRef)18507	17
(filmRef)18509	17
(filmRef)1851	11
(filmRef)18510	17
(filmRef)18511	17
(filmRef)18512	17
(filmRef)18513	17
(filmRef)18514	17
(filmRef)18516	17
(filmRef)18517	17
(filmRef)18518	17
(filmRef)1852	11
(filmRef)18522	11
(filmRef)18523	11
(filmRef)18524	11
(filmRef)18525	11
(filmRef)18526	11
(filmRef)18527	11
(filmRef)1853	14
(filmRef)18530	17
(filmRef)18531	17
(filmRef)18532	17
(filmRef)1854	14
(filmRef)18541	11
(filmRef)18542	11
(filmRef)18543	17
(filmRef)18544	17
(filmRef)18545	17
(filmRef)18546	17
(filmRef)18547	17
(filmRef)18548	17
(filmRef)18549	17
(filmRef)1855	1
(filmRef)18550	17
(filmRef)18551	17
(filmRef)18552	17
(filmRef)18553	17
(filmRef)1856	3
(filmRef)18562	17
(filmRef)18563	17
(filmRef)18564	17
(filmRef)18565	17
(filmRef)18568	17
(filmRef)1857	14
(filmRef)18573	17
(filmRef)18574	17
(filmRef)18576	11
(filmRef)18577	17
(filmRef)18578	17
(filmRef)18579	17
(filmRef)1858	10
(filmRef)18580	17
(filmRef)18581	1
(filmRef)18582	11
(filmRef)18583	17
(filmRef)18584	11
(filmRef)18585	17
(filmRef)18586	11
(filmRef)18587	11
(filmRef)18588	11
(filmRef)18589	17
(filmRef)1859	10
(filmRef)18590	11
(filmRef)18591	17
(filmRef)18592	11
(filmRef)18593	17
(filmRef)18594	17
(filmRef)18595	17
(filmRef)1860	13
(filmRef)18602	17
(filmRef)18603	11
(filmRef)18604	-1
(filmRef)18605	11
(filmRef)18606	11
(filmRef)18607	11
(filmRef)18608	17
(filmRef)18609	11
(filmRef)1861	14
(filmRef)18610	17
(filmRef)18611	17
(filmRef)18612	17
(filmRef)18613	17
(filmRef)18614	17
(filmRef)1862	13
(filmRef)18627	17
(filmRef)18628	17
(filmRef)18629	17
(filmRef)1863	11
(filmRef)18630	17
(filmRef)18631	17
(filmRef)18632	17
(filmRef)18633	17
(filmRef)18634	17
(filmRef)18635	17
(filmRef)18636	17
(filmRef)1864	10
(filmRef)18642	11
(filmRef)18644	17
(filmRef)18645	17
(filmRef)18646	17
(filmRef)1865	10
(filmRef)18651	17
(filmRef)1866	10
(filmRef)1867	11
(filmRef)18674	17
(filmRef)18678	17
(filmRef)1868	10
(filmRef)18687	11
(filmRef)18688	17
(filmRef)18689	17
(filmRef)1869	10
(filmRef)18693	11
(filmRef)18698	17
(filmRef)18699	11
(filmRef)1870	11
(filmRef)18701	11
(filmRef)18703	11
(filmRef)18704	11
(filmRef)18707	11
(filmRef)1871	14
(filmRef)18711	11
(filmRef)1872	19
(filmRef)1873	19
(filmRef)18730	17
(filmRef)18732	11
(filmRef)18735	17
(filmRef)18736	17
(filmRef)18737	17
(filmRef)18738	17
(filmRef)18739	17
(filmRef)1874	3
(filmRef)18740	17
(filmRef)18741	17
(filmRef)18742	17
(filmRef)18743	17
(filmRef)1875	14
(filmRef)18757	17
(filmRef)1876	19
(filmRef)18769	11
(filmRef)1877	14
(filmRef)18770	17
(filmRef)18771	17
(filmRef)18772	17
(filmRef)18773	17
(filmRef)18774	17
(filmRef)18778	17
(filmRef)1878	19
(filmRef)18781	17
(filmRef)18782	17
(filmRef)18783	17
(filmRef)18784	17
(filmRef)18785	17
(filmRef)18786	17
(filmRef)18787	17
(filmRef)18788	17
(filmRef)1879	19
(filmRef)18792	17
(filmRef)18793	17
(filmRef)18795	17
(filmRef)18796	17
(filmRef)1880	10
(filmRef)18804	17
(filmRef)1881	14
(filmRef)18811	17
(filmRef)18812	17
(filmRef)18813	17
(filmRef)18814	17
(filmRef)1882	14
(filmRef)18826	17
(filmRef)18827	17
(filmRef)18828	17
(filmRef)18829	17
(filmRef)1883	14
(filmRef)18831	17
(filmRef)18832	17
(filmRef)18833	17
(filmRef)18834	17
(filmRef)18835	17
(filmRef)18836	17
(filmRef)18837	17
(filmRef)18838	17
(filmRef)18839	17
(filmRef)1884	14
(filmRef)18840	17
(filmRef)18841	17
(filmRef)18842	17
(filmRef)18843	17
(filmRef)18844	17
(filmRef)18845	17
(filmRef)18846	17
(filmRef)1885	14
(filmRef)18857	17
(filmRef)18858	17
(filmRef)18859	17
(filmRef)1886	14
(filmRef)18860	17
(filmRef)1887	14
(filmRef)1888	10
(filmRef)18888	17
(filmRef)18889	17
(filmRef)1889	14
(filmRef)18890	17
(filmRef)18891	17
(filmRef)18892	17
(filmRef)18893	17
(filmRef)18894	17
(filmRef)18895	17
(filmRef)18896	17
(filmRef)18897	17
(filmRef)18898	17
(filmRef)18899	17
(filmRef)1890	2
(filmRef)18900	17
(filmRef)18901	17
(filmRef)18902	17
(filmRef)18903	17
(filmRef)18904	17
(filmRef)1891	14
(filmRef)18910	17
(filmRef)18914	-1
(filmRef)18915	-1
(filmRef)18916	-1
(filmRef)18917	-1
(filmRef)1892	14
(filmRef)18921	-1
(filmRef)18922	-1
(filmRef)18923	17
(filmRef)18924	17
(filmRef)18925	17
(filmRef)18926	17
(filmRef)18927	17
(filmRef)18928	17
(filmRef)18929	17
(filmRef)1893	1
(filmRef)18930	11
(filmRef)18931	11
(filmRef)18932	11
(filmRef)18935	11
(filmRef)18936	11
(filmRef)18937	11
(filmRef)18938	11
(filmRef)18939	11
(filmRef)18940	11
(filmRef)18941	11
(filmRef)18942	17
(filmRef)18943	17
(filmRef)18944	17
(filmRef)18945	17
(filmRef)18946	17
(filmRef)1895	2
(filmRef)18950	17
(filmRef)18951	17
(filmRef)1896	2
(filmRef)18961	17
(filmRef)18962	17
(filmRef)18965	17
(filmRef)18966	11
(filmRef)18967	11
(filmRef)18968	11
(filmRef)18969	11
(filmRef)1897	11
(filmRef)18970	11
(filmRef)18971	11
(filmRef)18972	11
(filmRef)18973	11
(filmRef)18974	11
(filmRef)18975	11
(filmRef)18976	11
(filmRef)18977	11
(filmRef)18978	17
(filmRef)18979	17
(filmRef)18990	11
(filmRef)1900	14
(filmRef)19009	17
(filmRef)1901	13
(filmRef)19013	17
(filmRef)19014	17
(filmRef)19015	17
(filmRef)19016	17
(filmRef)1902	13
(filmRef)19020	11
(filmRef)19022	11
(filmRef)19025	11
(filmRef)19026	11
(filmRef)19027	17
(filmRef)1903	13
(filmRef)19034	17
(filmRef)19035	17
(filmRef)19036	17
(filmRef)19037	17
(filmRef)1904	13
(filmRef)19040	11
(filmRef)19041	11
(filmRef)19046	11
(filmRef)19047	11
(filmRef)19049	17
(filmRef)1905	10
(filmRef)19050	17
(filmRef)19051	17
(filmRef)19053	17
(filmRef)19054	17
(filmRef)19055	17
(filmRef)1906	13
(filmRef)19069	17
(filmRef)1907	10
(filmRef)19070	17
(filmRef)19071	17
(filmRef)19072	17
(filmRef)19073	17
(filmRef)19074	17
(filmRef)19075	17
(filmRef)19076	17
(filmRef)19077	17
(filmRef)19078	17
(filmRef)19079	11
(filmRef)1908	11
(filmRef)19080	11
(filmRef)19081	11
(filmRef)19082	11
(filmRef)19083	11
(filmRef)19084	11
(filmRef)1909	11
(filmRef)19090	17
(filmRef)19091	17
(filmRef)19092	17
(filmRef)19093	17
(filmRef)19094	17
(filmRef)19095	17
(filmRef)19096	17
(filmRef)19097	17
(filmRef)19098	17
(filmRef)19099	17
(filmRef)1910	1
(filmRef)19103	17
(filmRef)19104	17
(filmRef)1911	11
(filmRef)19110	11
(filmRef)19111	11
(filmRef)19112	11
(filmRef)19113	11
(filmRef)19114	11
(filmRef)19115	17
(filmRef)19116	17
(filmRef)19117	17
(filmRef)19118	17
(filmRef)19119	17
(filmRef)1912	14
(filmRef)19120	17
(filmRef)19121	17
(filmRef)1913	13
(filmRef)19133	17
(filmRef)19135	17
(filmRef)19136	17
(filmRef)19137	17
(filmRef)19138	17
(filmRef)19139	11
(filmRef)1914	1
(filmRef)19141	11
(filmRef)19143	11
(filmRef)19146	17
(filmRef)19147	17
(filmRef)19149	17
(filmRef)1915	13
(filmRef)19153	11
(filmRef)19155	11
(filmRef)19156	11
(filmRef)19159	17
(filmRef)1916	13
(filmRef)19160	17
(filmRef)19161	17
(filmRef)19162	17
(filmRef)19163	17
(filmRef)19164	17
(filmRef)19165	17
(filmRef)19166	17
(filmRef)19167	17
(filmRef)19168	17
(filmRef)19169	17
(filmRef)1917	13
(filmRef)19170	11
(filmRef)19171	17
(filmRef)19172	17
(filmRef)19173	17
(filmRef)19174	17
(filmRef)19175	17
(filmRef)19176	17
(filmRef)1918	13
(filmRef)19183	11
(filmRef)19184	11
(filmRef)19185	11
(filmRef)19186	11
(filmRef)19187	11
(filmRef)1919	6
(filmRef)19194	17
(filmRef)19196	11
(filmRef)19197	17
(filmRef)19198	17
(filmRef)19199	17
(filmRef)1920	19
(filmRef)19200	17
(filmRef)19201	17
(filmRef)19202	17
(filmRef)19203	17
(filmRef)19204	17
(filmRef)19205	17
(filmRef)19206	11
(filmRef)19207	11
(filmRef)19208	11
(filmRef)19209	11
(filmRef)1921	19
(filmRef)19210	11
(filmRef)19211	11
(filmRef)19212	11
(filmRef)19213	11
(filmRef)19214	17
(filmRef)19215	17
(filmRef)19216	17
(filmRef)19217	17
(filmRef)19218	11
(filmRef)19219	11
(filmRef)1922	19
(filmRef)19220	11
(filmRef)19221	11
(filmRef)19222	11
(filmRef)19223	11
(filmRef)19224	11
(filmRef)19225	11
(filmRef)19226	1
(filmRef)19228	11
(filmRef)1923	19
(filmRef)19232	11
(filmRef)1924	19
(filmRef)19246	17
(filmRef)1925	19
(filmRef)19250	17
(filmRef)19255	17
(filmRef)19256	17
(filmRef)19257	17
(filmRef)19258	17
(filmRef)19260	17
(filmRef)19261	17
(filmRef)19262	17
(filmRef)19263	17
(filmRef)19264	17
(filmRef)19265	17
(filmRef)19266	17
(filmRef)19267	17
(filmRef)19268	17
(filmRef)1927	10
(filmRef)19270	11
(filmRef)19274	17
(filmRef)19276	11
(filmRef)19277	11
(filmRef)1928	2
(filmRef)19281	17
(filmRef)19282	17
(filmRef)19283	17
(filmRef)19284	17
(filmRef)19285	17
(filmRef)19286	17
(filmRef)19287	17
(filmRef)19288	17
(filmRef)19289	17
(filmRef)1929	19
(filmRef)19290	17
(filmRef)19291	17
(filmRef)19292	17
(filmRef)19293	11
(filmRef)19294	11
(filmRef)19295	11
(filmRef)19296	11
(filmRef)19297	11
(filmRef)19298	11
(filmRef)19299	11
(filmRef)1930	18
(filmRef)19302	17
(filmRef)19303	17
(filmRef)19304	17
(filmRef)19305	17
(filmRef)19306	17
(filmRef)19307	17
(filmRef)19308	17
(filmRef)19309	17
(filmRef)1931	13
(filmRef)19310	17
(filmRef)19311	17
(filmRef)19314	11
(filmRef)19315	11
(filmRef)19316	11
(filmRef)19317	11
(filmRef)19318	11
(filmRef)1932	13
(filmRef)19324	17
(filmRef)19325	17
(filmRef)19326	17
(filmRef)19327	17
(filmRef)19328	17
(filmRef)19329	17
(filmRef)1933	14
(filmRef)19330	17
(filmRef)19331	17
(filmRef)19332	17
(filmRef)19333	17
(filmRef)19334	17
(filmRef)19335	17
(filmRef)19336	17
(filmRef)19337	17
(filmRef)19338	17
(filmRef)19339	17
(filmRef)1934	11
(filmRef)19340	17
(filmRef)19341	17
(filmRef)19344	17
(filmRef)19345	17
(filmRef)19346	17
(filmRef)1935	13
(filmRef)1937	11
(filmRef)19379	17
(filmRef)19380	17
(filmRef)19381	11
(filmRef)19382	11
(filmRef)19383	11
(filmRef)19384	11
(filmRef)19385	11
(filmRef)19386	11
(filmRef)19387	11
(filmRef)19388	11
(filmRef)19389	11
(filmRef)1939	10
(filmRef)19390	11
(filmRef)19391	11
(filmRef)19392	11
(filmRef)19393	11
(filmRef)19394	11
(filmRef)19395	11
(filmRef)19396	11
(filmRef)1940	11
(filmRef)19400	11
(filmRef)19401	17
(filmRef)19402	17
(filmRef)19403	17
(filmRef)19404	17
(filmRef)19405	17
(filmRef)19406	17
(filmRef)19407	17
(filmRef)19408	17
(filmRef)19409	17
(filmRef)19410	17
(filmRef)19411	17
(filmRef)19412	-1
(filmRef)19413	17
(filmRef)19414	17
(filmRef)19415	17
(filmRef)19416	11
(filmRef)19417	17
(filmRef)19418	17
(filmRef)19419	17
(filmRef)1942	10
(filmRef)19420	17
(filmRef)19421	17
(filmRef)19422	17
(filmRef)19423	17
(filmRef)19424	17
(filmRef)19425	17
(filmRef)19426	17
(filmRef)19427	-1
(filmRef)19428	17
(filmRef)19429	-1
(filmRef)1943	2
(filmRef)19430	17
(filmRef)19431	17
(filmRef)19432	11
(filmRef)19433	17
(filmRef)19434	11
(filmRef)19435	17
(filmRef)19436	11
(filmRef)19437	17
(filmRef)19438	17
(filmRef)19439	17
(filmRef)1944	11
(filmRef)19440	17
(filmRef)19441	17
(filmRef)19442	17
(filmRef)19443	17
(filmRef)19444	17
(filmRef)19445	17
(filmRef)1945	11
(filmRef)19458	17
(filmRef)19459	11
(filmRef)19464	17
(filmRef)19468	11
(filmRef)19469	11
(filmRef)1947	13
(filmRef)19470	17
(filmRef)19471	17
(filmRef)19472	17
(filmRef)19473	17
(filmRef)19474	17
(filmRef)19475	11
(filmRef)19476	17
(filmRef)19477	17
(filmRef)19478	17
(filmRef)19479	17
(filmRef)1948	19
(filmRef)19480	17
(filmRef)19481	17
(filmRef)19482	17
(filmRef)19483	17
(filmRef)19484	17
(filmRef)1949	10
(filmRef)1950	6
(filmRef)1951	14
(filmRef)1952	19
(filmRef)1953	6
(filmRef)1954	11
(filmRef)1955	11
(filmRef)1956	13
(filmRef)1957	19
(filmRef)19571	11
(filmRef)19574	11
(filmRef)19575	1
(filmRef)19576	11
(filmRef)1958	11
(filmRef)1959	10
(filmRef)19598	11
(filmRef)19599	11
(filmRef)1960	10
(filmRef)19600	11
(filmRef)19601	11
(filmRef)19602	13
(filmRef)19603	1
(filmRef)19606	11
(filmRef)19608	1
(filmRef)1961	10
(filmRef)19616	10
(filmRef)1962	10
(filmRef)19624	11
(filmRef)19626	11
(filmRef)19628	14
(filmRef)1963	2
(filmRef)19637	1
(filmRef)19638	1
(filmRef)1964	13
(filmRef)1965	10
(filmRef)19658	13
(filmRef)1966	19
(filmRef)1967	14
(filmRef)19672	11
(filmRef)19673	10
(filmRef)19676	4
(filmRef)19677	10
(filmRef)19678	10
(filmRef)19679	1
(filmRef)1968	2
(filmRef)19680	11
(filmRef)19681	10
(filmRef)19682	11
(filmRef)19685	11
(filmRef)19686	11
(filmRef)19687	11
(filmRef)19688	11
(filmRef)19689	11
(filmRef)1969	14
(filmRef)19690	11
(filmRef)19691	11
(filmRef)19692	11
(filmRef)19693	11
(filmRef)19694	11
(filmRef)19695	11
(filmRef)19696	11
(filmRef)19697	11
(filmRef)19698	11
(filmRef)19699	11
(filmRef)1970	11
(filmRef)19700	11
(filmRef)19701	11
(filmRef)19702	11
(filmRef)19703	11
(filmRef)19704	0
(filmRef)19707	11
(filmRef)1971	11
(filmRef)1972	7
(filmRef)1974	14
(filmRef)1975	19
(filmRef)1976	14
(filmRef)1977	3
(filmRef)1978	11
(filmRef)1979	13
(filmRef)19793	-1
(filmRef)1980	13
(filmRef)1981	11
(filmRef)1982	11
(filmRef)19821	11
(filmRef)19822	11
(filmRef)19823	11
(filmRef)1983	14
(filmRef)1984	2
(filmRef)1985	11
(filmRef)19857	11
(filmRef)19858	11
(filmRef)19859	11
(filmRef)1986	11
(filmRef)19865	11
(filmRef)1987	14
(filmRef)19876	0
(filmRef)1988	11
(filmRef)19888	11
(filmRef)1989	3
(filmRef)1990	18
(filmRef)19900	11
(filmRef)19901	11
(filmRef)19902	11
(filmRef)19903	11
(filmRef)19904	11
(filmRef)19907	1
(filmRef)19908	4
(filmRef)1991	18
(filmRef)1992	18
(filmRef)1993	18
(filmRef)19930	11
(filmRef)1994	11
(filmRef)1995	14
(filmRef)1996	10
(filmRef)1997	10
(filmRef)19979	11
(filmRef)1998	18
(filmRef)19984	11
(filmRef)1999	14
(filmRef)19995	11
(filmRef)19999	11
(filmRef)2000A	10
(filmRef)2001	11
(filmRef)2002	10
(filmRef)20026	11
(filmRef)2003	10
(filmRef)20032	11
(filmRef)2004	10
(filmRef)20042	1
(filmRef)20049	11
(filmRef)2005	6
(filmRef)20056	11
(filmRef)2006	13
(filmRef)2007	10
(filmRef)20071	11
(filmRef)20074	0
(filmRef)20075	17
(filmRef)20076	1
(filmRef)2008	13
(filmRef)2009	10
(filmRef)2011	11
(filmRef)20112	11
(filmRef)20114	11
(filmRef)2012	13
(filmRef)2016	14
(filmRef)2017	11
(filmRef)2018	3
(filmRef)20184	11
(filmRef)20186	11
(filmRef)2020	14
(filmRef)20207	1
(filmRef)2021	1
(filmRef)2022	19
(filmRef)20223	17
(filmRef)20227	11
(filmRef)2023	13
(filmRef)20234	1
(filmRef)2024	0
(filmRef)20246	11
(filmRef)2025	10
(filmRef)20259	11
(filmRef)2026	10
(filmRef)20261	17
(filmRef)2027	19
(filmRef)20273	17
(filmRef)20274	11
(filmRef)20275	11
(filmRef)20289	17
(filmRef)2029	11
(filmRef)20291	11
(filmRef)2031	10
(filmRef)2032	11
(filmRef)2034	6
(filmRef)20354	11
(filmRef)2036	10
(filmRef)2037	2
(filmRef)2038	11
(filmRef)20386	11
(filmRef)2039	11
(filmRef)2040	10
(filmRef)20419	11
(filmRef)2042	13
(filmRef)2043	14
(filmRef)2044	13
(filmRef)2046	13
(filmRef)20460	17
(filmRef)2049	10
(filmRef)2050	11
(filmRef)20503	11
(filmRef)2053	2
(filmRef)20532	11
(filmRef)20535	17
(filmRef)2054	10
(filmRef)20542	11
(filmRef)20545	11
(filmRef)20549	11
(filmRef)2055	13
(filmRef)20556	11
(filmRef)2056	11
(filmRef)2057	1
(filmRef)2058	10
(filmRef)20585	11
(filmRef)20591	17
(filmRef)2061	11
(filmRef)2062	11
(filmRef)2063	11
(filmRef)2064	11
(filmRef)2065	11
(filmRef)2066	1
(filmRef)20669	11
(filmRef)2067	11
(filmRef)2068	11
(filmRef)2069	11
(filmRef)2070	19
(filmRef)20706	11
(filmRef)20709	11
(filmRef)2071	13
(filmRef)20714	11
(filmRef)20717	11
(filmRef)20718	11
(filmRef)2072	13
(filmRef)20728	11
(filmRef)2073	3
(filmRef)20734	11
(filmRef)2074	14
(filmRef)2075	3
(filmRef)20756	11
(filmRef)20757	11
(filmRef)2076	7
(filmRef)20761	11
(filmRef)20767	11
(filmRef)2077	11
(filmRef)2078	11
(filmRef)2079	14
(filmRef)20792	11
(filmRef)20793	11
(filmRef)20794	11
(filmRef)20795	11
(filmRef)20796	11
(filmRef)20797	11
(filmRef)20798	11
(filmRef)20799	11
(filmRef)2080	11
(filmRef)20800	11
(filmRef)20801	11
(filmRef)20802	11
(filmRef)20803	11
(filmRef)20804	11
(filmRef)20805	11
(filmRef)20806	11
(filmRef)20807	11
(filmRef)20808	11
(filmRef)20809	11
(filmRef)2081	1
(filmRef)20810	11
(filmRef)20811	11
(filmRef)20812	11
(filmRef)20813	11
(filmRef)20814	11
(filmRef)20818	9
(filmRef)2082	10
(filmRef)20820	11
(filmRef)20823	1
(filmRef)20824	1
(filmRef)20825	11
(filmRef)20829	7
(filmRef)2083	1
(filmRef)20830	7
(filmRef)20831	7
(filmRef)20832	14
(filmRef)20833	3
(filmRef)20837	15
(filmRef)20838	15
(filmRef)20839	15
(filmRef)2084	14
(filmRef)20840	15
(filmRef)20841	15
(filmRef)20842	15
(filmRef)20843	15
(filmRef)20844	15
(filmRef)20845	15
(filmRef)20846	15
(filmRef)20847	15
(filmRef)20848	15
(filmRef)20849	15
(filmRef)2085	3
(filmRef)20850	15
(filmRef)20851	15
(filmRef)20852	15
(filmRef)20853	15
(filmRef)20854	1
(filmRef)20855	1
(filmRef)20856	1
(filmRef)20857	11
(filmRef)20859	3
(filmRef)2086	14
(filmRef)20860	14
(filmRef)2087	1
(filmRef)20879	11
(filmRef)2088	13
(filmRef)20880	1
(filmRef)20882	11
(filmRef)20883	11
(filmRef)20884	11
(filmRef)2089	11
(filmRef)2090	11
(filmRef)2091	1
(filmRef)2092	14
(filmRef)2093	7
(filmRef)2094	6
(filmRef)2095	14
(filmRef)2096	14
(filmRef)2097	14
(filmRef)2098	14
(filmRef)2099	3
(filmRef)2100	1
(filmRef)2101	10
(filmRef)21018	11
(filmRef)2102	10
(filmRef)2103	14
(filmRef)21036	11
(filmRef)21037	11
(filmRef)21038	10
(filmRef)2104	10
(filmRef)21040	11
(filmRef)21044	11
(filmRef)21048	11
(filmRef)21049	11
(filmRef)2105	11
(filmRef)21050	11
(filmRef)21051	11
(filmRef)2106	3
(filmRef)21062	11
(filmRef)2107	11
(filmRef)2108	3
(filmRef)21089	11
(filmRef)2109	13
(filmRef)21091	11
(filmRef)21092	11
(filmRef)21095	11
(filmRef)2110	11
(filmRef)2111	11
(filmRef)21117	11
(filmRef)2112	14
(filmRef)2113	11
(filmRef)21134	11
(filmRef)21135	11
(filmRef)21136	11
(filmRef)21137	11
(filmRef)21138	11
(filmRef)2114	10
(filmRef)2115	18
(filmRef)21153	11
(filmRef)21155	11
(filmRef)21156	11
(filmRef)21157	11
(filmRef)21158	11
(filmRef)21159	11
(filmRef)2116	11
(filmRef)21160	11
(filmRef)21161	11
(filmRef)21162	11
(filmRef)21163	11
(filmRef)21164	11
(filmRef)21165	11
(filmRef)21166	11
(filmRef)21167	11
(filmRef)21168	11
(filmRef)21169	11
(filmRef)2117	11
(filmRef)21170	11
(filmRef)21171	11
(filmRef)21172	11
(filmRef)21173	11
(filmRef)21174	11
(filmRef)21175	11
(filmRef)21177	0
(filmRef)21178	11
(filmRef)21179	11
(filmRef)2118	11
(filmRef)21180	11
(filmRef)21185	11
(filmRef)21186	11
(filmRef)21187	11
(filmRef)21188	11
(filmRef)21189	10
(filmRef)2119	14
(filmRef)21190	11
(filmRef)21191	11
(filmRef)21192	13
(filmRef)21193	13
(filmRef)21194	13
(filmRef)21195	11
(filmRef)21196	11
(filmRef)21197	1
(filmRef)21198	2
(filmRef)2120	14
(filmRef)21200	6
(filmRef)21201	6
(filmRef)21202	6
(filmRef)21203	6
(filmRef)21204	11
(filmRef)21205	11
(filmRef)21206	14
(filmRef)21208	11
(filmRef)21209	11
(filmRef)2121	14
(filmRef)21210	2
(filmRef)21211	11
(filmRef)21212	11
(filmRef)21213	11
(filmRef)21214	11
(filmRef)21215	11
(filmRef)21216	11
(filmRef)21217	11
(filmRef)21218	11
(filmRef)2122	2
(filmRef)21221	11
(filmRef)21222	11
(filmRef)21223	11
(filmRef)21224	11
(filmRef)21225	11
(filmRef)21226	11
(filmRef)21227	11
(filmRef)21228	11
(filmRef)21229	11
(filmRef)2123	6
(filmRef)21230	11
(filmRef)21231	13
(filmRef)21232	13
(filmRef)21233	11
(filmRef)21234	13
(filmRef)21235	13
(filmRef)21236	11
(filmRef)21237	14
(filmRef)21238	11
(filmRef)21239	11
(filmRef)2124	14
(filmRef)21240	11
(filmRef)21241	11
(filmRef)21242	11
(filmRef)21243	11
(filmRef)21244	11
(filmRef)21245	11
(filmRef)21246	11
(filmRef)21247	14
(filmRef)21248	11
(filmRef)21249	11
(filmRef)2125	14
(filmRef)21250	11
(filmRef)21251	11
(filmRef)21252	11
(filmRef)21253	11
(filmRef)21254	11
(filmRef)21255	10
(filmRef)21256	11
(filmRef)21257	11
(filmRef)21258	11
(filmRef)21259	11
(filmRef)2126	10
(filmRef)21260	11
(filmRef)21261	13
(filmRef)21262	11
(filmRef)21263	11
(filmRef)21266	11
(filmRef)21267	11
(filmRef)2127	13
(filmRef)21270	9
(filmRef)21276	11
(filmRef)21277	11
(filmRef)21278	11
(filmRef)21279	11
(filmRef)2128	14
(filmRef)21280	11
(filmRef)21281	11
(filmRef)21282	11
(filmRef)21283	11
(filmRef)21284	11
(filmRef)2129	2
(filmRef)2130	10
(filmRef)2131	11
(filmRef)21311	11
(filmRef)21314	11
(filmRef)2132	6
(filmRef)2133	14
(filmRef)2134	14
(filmRef)2135	10
(filmRef)21355	11
(filmRef)21356	11
(filmRef)21357	11
(filmRef)21358	11
(filmRef)21359	11
(filmRef)2136	14
(filmRef)21360	11
(filmRef)21361	11
(filmRef)21362	11
(filmRef)21363	11
(filmRef)21364	11
(filmRef)2137	13
(filmRef)21375	11
(filmRef)21376	11
(filmRef)21377	11
(filmRef)21378	11
(filmRef)21379	11
(filmRef)2138	13
(filmRef)21380	11
(filmRef)21381	11
(filmRef)21382	11
(filmRef)21383	11
(filmRef)21384	11
(filmRef)21385	0
(filmRef)21386	11
(filmRef)21387	-1
(filmRef)21389	11
(filmRef)2139	11
(filmRef)21390	11
(filmRef)21393	11
(filmRef)2140	11
(filmRef)2141	11
(filmRef)21411	11
(filmRef)21412	6
(filmRef)21413	10
(filmRef)21415	11
(filmRef)21416	14
(filmRef)2142	14
(filmRef)2143	14
(filmRef)2144	11
(filmRef)2145	19
(filmRef)21454	11
(filmRef)21455	11
(filmRef)2146	14
(filmRef)2147	14
(filmRef)2148	14
(filmRef)21485	11
(filmRef)21486	11
(filmRef)21487	11
(filmRef)21488	11
(filmRef)21489	11
(filmRef)2149	14
(filmRef)21490	11
(filmRef)21491	11
(filmRef)21492	11
(filmRef)21493	11
(filmRef)21495	11
(filmRef)21496	11
(filmRef)21497	11
(filmRef)21498	11
(filmRef)21499	11
(filmRef)2150	14
(filmRef)21501	11
(filmRef)21502	11
(filmRef)21503	11
(filmRef)2151	11
(filmRef)2152	14
(filmRef)2154	14
(filmRef)2155	14
(filmRef)2156	1
(filmRef)2157	18
(filmRef)2158	11
(filmRef)21585	14
(filmRef)21586	14
(filmRef)21588	11
(filmRef)2159	13
(filmRef)21592	11
(filmRef)21593	11
(filmRef)2160	11
(filmRef)2161	13
(filmRef)2162	11
(filmRef)21624	11
(filmRef)21628	3
(filmRef)21629	14
(filmRef)2163	11
(filmRef)21630	14
(filmRef)21631	11
(filmRef)21632	3
(filmRef)21633	11
(filmRef)21634	14
(filmRef)21635	6
(filmRef)21636	3
(filmRef)21637	11
(filmRef)21638	13
(filmRef)2164	11
(filmRef)2165	11
(filmRef)2166	13
(filmRef)2167	13
(filmRef)2168	13
(filmRef)21685	11
(filmRef)21686	11
(filmRef)21687	11
(filmRef)21688	11
(filmRef)21689	11
(filmRef)2169	13
(filmRef)21690	11
(filmRef)21691	11
(filmRef)21692	11
(filmRef)21693	11
(filmRef)21694	11
(filmRef)21695	11
(filmRef)21696	11
(filmRef)21697	11
(filmRef)21698	11
(filmRef)21699	11
(filmRef)2170	13
(filmRef)21700	11
(filmRef)21701	11
(filmRef)21702	11
(filmRef)21703	11
(filmRef)21704	11
(filmRef)21705	11
(filmRef)21706	11
(filmRef)21707	11
(filmRef)2171	11
(filmRef)21714	11
(filmRef)21715	11
(filmRef)21716	11
(filmRef)21717	11
(filmRef)21718	11
(filmRef)21719	11
(filmRef)2172	13
(filmRef)21720	11
(filmRef)21721	11
(filmRef)21722	11
(filmRef)21723	11
(filmRef)21724	11
(filmRef)21725	11
(filmRef)21726	11
(filmRef)21727	11
(filmRef)21728	11
(filmRef)21729	11
(filmRef)2173	1
(filmRef)21730	11
(filmRef)21731	11
(filmRef)21732	11
(filmRef)21733	11
(filmRef)21734	11
(filmRef)21735	11
(filmRef)21736	11
(filmRef)21737	11
(filmRef)21738	11
(filmRef)21739	11
(filmRef)2174	14
(filmRef)21740	11
(filmRef)21741	11
(filmRef)21742	11
(filmRef)21743	11
(filmRef)21744	11
(filmRef)21745	11
(filmRef)21746	11
(filmRef)21747	11
(filmRef)21748	11
(filmRef)21749	11
(filmRef)2175	11
(filmRef)21750	11
(filmRef)21751	11
(filmRef)21752	11
(filmRef)21753	11
(filmRef)21754	11
(filmRef)21755	11
(filmRef)21756	11
(filmRef)21757	11
(filmRef)21758	11
(filmRef)21759	11
(filmRef)2176	1
(filmRef)21760	11
(filmRef)21761	11
(filmRef)21762	11
(filmRef)21763	11
(filmRef)21764	11
(filmRef)21765	11
(filmRef)21766	11
(filmRef)21767	11
(filmRef)21768	11
(filmRef)21769	11
(filmRef)2177	14
(filmRef)21770	11
(filmRef)21771	11
(filmRef)21772	11
(filmRef)21773	11
(filmRef)21774	11
(filmRef)21775	11
(filmRef)21776	11
(filmRef)21777	11
(filmRef)21778	11
(filmRef)21779	11
(filmRef)2178	14
(filmRef)21780	11
(filmRef)21787	1
(filmRef)21788	1
(filmRef)21789	11
(filmRef)2179	11
(filmRef)21790	11
(filmRef)21791	11
(filmRef)2180	14
(filmRef)21802	11
(filmRef)21803	11
(filmRef)21804	11
(filmRef)2181	14
(filmRef)21813	11
(filmRef)21815	13
(filmRef)21817	14
(filmRef)21818	7
(filmRef)2182	13
(filmRef)21820	14
(filmRef)2183	13
(filmRef)21838	15
(filmRef)21839	15
(filmRef)2184	14
(filmRef)21841	15
(filmRef)21844	15
(filmRef)2185	11
(filmRef)21850	15
(filmRef)21851	15
(filmRef)21852	15
(filmRef)21853	15
(filmRef)21854	15
(filmRef)21855	15
(filmRef)21856	15
(filmRef)21857	15
(filmRef)21858	15
(filmRef)21859	15
(filmRef)2186	2
(filmRef)21864	14
(filmRef)21865	11
(filmRef)2187	14
(filmRef)21873	3
(filmRef)21874	3
(filmRef)21875	3
(filmRef)21876	1
(filmRef)21877	2
(filmRef)2188	2
(filmRef)21885	1
(filmRef)21886	1
(filmRef)21888	3
(filmRef)2189	2
(filmRef)21892	1
(filmRef)2190	2
(filmRef)2191	14
(filmRef)2192	13
(filmRef)2193	14
(filmRef)2194	18
(filmRef)2195	14
(filmRef)2196	19
(filmRef)2197	14
(filmRef)2198	14
(filmRef)21985	16
(filmRef)2199	2
(filmRef)21995	16
(filmRef)21996	16
(filmRef)21997	16
(filmRef)22000	16
(filmRef)22001	16
(filmRef)22008	16
(filmRef)22009	16
(filmRef)2201	10
(filmRef)22010	16
(filmRef)22011	16
(filmRef)22012	16
(filmRef)22013	16
(filmRef)22014	16
(filmRef)22017	16
(filmRef)22018	16
(filmRef)22019	16
(filmRef)2202	10
(filmRef)22020	16
(filmRef)22023	16
(filmRef)22024	16
(filmRef)22025	16
(filmRef)22026	16
(filmRef)22027	16
(filmRef)22028	16
(filmRef)22029	16
(filmRef)2203	10
(filmRef)22030	16
(filmRef)22031	16
(filmRef)22032	16
(filmRef)22036	16
(filmRef)22037	16
(filmRef)22038	16
(filmRef)22039	16
(filmRef)2204	10
(filmRef)22040	16
(filmRef)22041	16
(filmRef)22042	16
(filmRef)22043	16
(filmRef)22044	16
(filmRef)22045	16
(filmRef)22046	16
(filmRef)22047	18
(filmRef)22048	16
(filmRef)22049	18
(filmRef)2205	10
(filmRef)22050	18
(filmRef)22051	16
(filmRef)22052	16
(filmRef)22053	16
(filmRef)22054	16
(filmRef)22055	16
(filmRef)22056	16
(filmRef)22057	16
(filmRef)22059	16
(filmRef)2206	10
(filmRef)22062	16
(filmRef)22068	11
(filmRef)22069	16
(filmRef)2207	6
(filmRef)22072	16
(filmRef)22073	16
(filmRef)22076	16
(filmRef)22077	16
(filmRef)22078	16
(filmRef)22079	16
(filmRef)2208	10
(filmRef)22080	16
(filmRef)22083	16
(filmRef)22084	16
(filmRef)22085	5
(filmRef)22086	5
(filmRef)22087	5
(filmRef)22088	5
(filmRef)22089	5
(filmRef)2209	10
(filmRef)22090	5
(filmRef)22091	5
(filmRef)22092	5
(filmRef)22093	5
(filmRef)22094	5
(filmRef)22095	5
(filmRef)22096	5
(filmRef)22097	5
(filmRef)22098	5
(filmRef)22099	5
(filmRef)2210	10
(filmRef)22100	5
(filmRef)22101	5
(filmRef)22102	5
(filmRef)22103	5
(filmRef)22104	5
(filmRef)22105	5
(filmRef)22106	5
(filmRef)22107	5
(filmRef)22108	5
(filmRef)22109	5
(filmRef)2211	10
(filmRef)22110	5
(filmRef)22111	5
(filmRef)22112	5
(filmRef)22113	5
(filmRef)22114	5
(filmRef)22115	5
(filmRef)2212	2
(filmRef)2213	10
(filmRef)2214	10
(filmRef)2215	10
(filmRef)2216	10
(filmRef)2217	10
(filmRef)2218	14
(filmRef)22189	11
(filmRef)2219	10
(filmRef)22190	14
(filmRef)2220	7
(filmRef)22203	11
(filmRef)22205	11
(filmRef)22206	15
(filmRef)22207	15
(filmRef)22208	15
(filmRef)2221	6
(filmRef)2222	10
(filmRef)2223	10
(filmRef)2224	6
(filmRef)2225	10
(filmRef)2226	10
(filmRef)2227	10
(filmRef)2228	10
(filmRef)2229	10
(filmRef)2230	18
(filmRef)2231	10
(filmRef)2232	9
(filmRef)2233	10
(filmRef)2234	11
(filmRef)2235	11
(filmRef)2236	10
(filmRef)2237	10
(filmRef)2238	11
(filmRef)22385	16
(filmRef)22386	16
(filmRef)22387	16
(filmRef)22388	16
(filmRef)22389	16
(filmRef)2239	13
(filmRef)22390	16
(filmRef)22391	16
(filmRef)22392	16
(filmRef)22393	16
(filmRef)22394	16
(filmRef)22395	16
(filmRef)22396	16
(filmRef)22397	16
(filmRef)22398	16
(filmRef)22399	16
(filmRef)2240	10
(filmRef)22400	16
(filmRef)22401	16
(filmRef)22402	16
(filmRef)22403	16
(filmRef)22404	16
(filmRef)22405	16
(filmRef)22406	16
(filmRef)22407	16
(filmRef)22408	16
(filmRef)22409	16
(filmRef)2241	10
(filmRef)22410	16
(filmRef)22411	16
(filmRef)22412	16
(filmRef)22413	16
(filmRef)22414	16
(filmRef)22415	16
(filmRef)22416	16
(filmRef)22417	16
(filmRef)22418	16
(filmRef)22419	16
(filmRef)2242	2
(filmRef)22420	16
(filmRef)22421	16
(filmRef)22422	16
(filmRef)22423	16
(filmRef)22424	16
(filmRef)22426	16
(filmRef)22427	16
(filmRef)22428	16
(filmRef)22429	16
(filmRef)2243	10
(filmRef)22430	16
(filmRef)22431	16
(filmRef)22432	16
(filmRef)22433	16
(filmRef)22434	16
(filmRef)22435	16
(filmRef)22436	16
(filmRef)22437	16
(filmRef)22438	16
(filmRef)22439	16
(filmRef)2244	13
(filmRef)22440	16
(filmRef)22441	16
(filmRef)22442	16
(filmRef)22443	16
(filmRef)22444	16
(filmRef)22449	16
(filmRef)2245	13
(filmRef)22450	16
(filmRef)22451	16
(filmRef)22452	16
(filmRef)22454	16
(filmRef)22455	16
(filmRef)22457	16
(filmRef)22458	16
(filmRef)22459	16
(filmRef)2246	10
(filmRef)22460	16
(filmRef)22461	16
(filmRef)22462	16
(filmRef)22463	16
(filmRef)22464	16
(filmRef)22469	16
(filmRef)2247	10
(filmRef)22470	16
(filmRef)22471	16
(filmRef)22472	16
(filmRef)22474	16
(filmRef)22475	16
(filmRef)22476	16
(filmRef)22477	16
(filmRef)22478	16
(filmRef)22479	16
(filmRef)2248	11
(filmRef)22480	16
(filmRef)22481	16
(filmRef)22482	16
(filmRef)22483	16
(filmRef)22484	16
(filmRef)22485	16
(filmRef)22486	16
(filmRef)22487	16
(filmRef)22488	16
(filmRef)22489	16
(filmRef)2249	2
(filmRef)22490	16
(filmRef)22491	16
(filmRef)22495	16
(filmRef)22496	16
(filmRef)22497	16
(filmRef)22498	16
(filmRef)22499	16
(filmRef)2250	10
(filmRef)22500	16
(filmRef)22501	16
(filmRef)22502	16
(filmRef)22503	16
(filmRef)22504	16
(filmRef)22505	16
(filmRef)22506	16
(filmRef)22507	16
(filmRef)22508	16
(filmRef)22509	16
(filmRef)2251	10
(filmRef)22510	16
(filmRef)22511	16
(filmRef)22515	16
(filmRef)22516	16
(filmRef)22517	16
(filmRef)22518	16
(filmRef)22519	16
(filmRef)22520	16
(filmRef)22521	16
(filmRef)22522	16
(filmRef)22523	16
(filmRef)22524	16
(filmRef)22525	16
(filmRef)22528	16
(filmRef)22529	16
(filmRef)2253	10
(filmRef)22530	16
(filmRef)22531	16
(filmRef)22532	16
(filmRef)22533	16
(filmRef)22534	16
(filmRef)22536	16
(filmRef)22537	16
(filmRef)22539	16
(filmRef)2254	10
(filmRef)22540	16
(filmRef)22541	16
(filmRef)22542	16
(filmRef)22543	16
(filmRef)22544	16
(filmRef)22545	16
(filmRef)22546	16
(filmRef)22547	16
(filmRef)22548	16
(filmRef)22549	16
(filmRef)2255	10
(filmRef)22550	16
(filmRef)22552	16
(filmRef)22553	16
(filmRef)22554	16
(filmRef)22555	16
(filmRef)22556	16
(filmRef)22558	16
(filmRef)22559	16
(filmRef)2256	10
(filmRef)22561	16
(filmRef)22564	16
(filmRef)22565	16
(filmRef)22566	16
(filmRef)22567	16
(filmRef)2257	10
(filmRef)22571	16
(filmRef)22572	16
(filmRef)22573	16
(filmRef)22574	16
(filmRef)22575	16
(filmRef)22576	16
(filmRef)22577	16
(filmRef)22578	16
(filmRef)22579	16
(filmRef)2258	10
(filmRef)22580	16
(filmRef)22583	16
(filmRef)22584	16
(filmRef)22585	16
(filmRef)22588	16
(filmRef)22589	16
(filmRef)2259	2
(filmRef)22590	16
(filmRef)22591	16
(filmRef)22592	16
(filmRef)22593	16
(filmRef)22594	16
(filmRef)22595	16
(filmRef)22596	16
(filmRef)22597	16
(filmRef)2260	10
(filmRef)22600	16
(filmRef)22601	16
(filmRef)22602	16
(filmRef)22603	16
(filmRef)22606	16
(filmRef)22607	16
(filmRef)22609	16
(filmRef)2261	10
(filmRef)22610	16
(filmRef)22611	16
(filmRef)22612	16
(filmRef)22614	16
(filmRef)22615	16
(filmRef)22616	16
(filmRef)22617	16
(filmRef)2262	10
(filmRef)22620	16
(filmRef)22621	16
(filmRef)22622	16
(filmRef)22623	16
(filmRef)22625	16
(filmRef)22627	16
(filmRef)22628	16
(filmRef)22629	16
(filmRef)2263	10
(filmRef)22630	16
(filmRef)22632	16
(filmRef)22633	16
(filmRef)22634	16
(filmRef)22635	16
(filmRef)22636	16
(filmRef)22639	11
(filmRef)2264	10
(filmRef)22640	16
(filmRef)22641	16
(filmRef)22644	16
(filmRef)22645	16
(filmRef)22646	16
(filmRef)22647	16
(filmRef)22648	16
(filmRef)22649	16
(filmRef)2265	10
(filmRef)22650	16
(filmRef)22651	16
(filmRef)22652	16
(filmRef)22653	16
(filmRef)22654	16
(filmRef)22655	16
(filmRef)22656	16
(filmRef)22657	16
(filmRef)22658	16
(filmRef)22659	16
(filmRef)2266	10
(filmRef)22660	16
(filmRef)22661	16
(filmRef)22662	16
(filmRef)22663	16
(filmRef)22664	16
(filmRef)22665	16
(filmRef)22666	16
(filmRef)22667	16
(filmRef)22668	16
(filmRef)22669	16
(filmRef)2267	10
(filmRef)22670	16
(filmRef)22671	16
(filmRef)22672	16
(filmRef)22674	16
(filmRef)22675	16
(filmRef)22676	16
(filmRef)22677	16
(filmRef)22678	16
(filmRef)22679	16
(filmRef)2268	2
(filmRef)22680	16
(filmRef)22681	16
(filmRef)22682	16
(filmRef)22683	16
(filmRef)22684	16
(filmRef)22685	16
(filmRef)22686	16
(filmRef)22687	16
(filmRef)22688	16
(filmRef)22689	16
(filmRef)2269	18
(filmRef)22690	16
(filmRef)22691	16
(filmRef)22692	16
(filmRef)22693	16
(filmRef)22694	16
(filmRef)22695	16
(filmRef)22696	16
(filmRef)22697	16
(filmRef)22698	16
(filmRef)22699	16
(filmRef)2270	14
(filmRef)22700	16
(filmRef)22701	16
(filmRef)22702	16
(filmRef)22703	16
(filmRef)22704	16
(filmRef)22705	16
(filmRef)22706	16
(filmRef)22707	16
(filmRef)22708	16
(filmRef)2271	14
(filmRef)22711	16
(filmRef)22712	16
(filmRef)22713	16
(filmRef)22714	16
(filmRef)22715	16
(filmRef)22718	16
(filmRef)22719	11
(filmRef)2272	3
(filmRef)22720	16
(filmRef)22721	16
(filmRef)22722	16
(filmRef)22723	11
(filmRef)22724	11
(filmRef)22725	16
(filmRef)22726	16
(filmRef)22727	16
(filmRef)22728	16
(filmRef)2273	3
(filmRef)22731	16
(filmRef)22732	16
(filmRef)22733	16
(filmRef)22734	16
(filmRef)22736	16
(filmRef)22737	16
(filmRef)22738	16
(filmRef)22739	11
(filmRef)2274	13
(filmRef)22740	16
(filmRef)22741	16
(filmRef)22742	16
(filmRef)22743	16
(filmRef)22744	16
(filmRef)22745	16
(filmRef)22746	16
(filmRef)22747	16
(filmRef)22748	16
(filmRef)22749	16
(filmRef)2275	14
(filmRef)22750	16
(filmRef)22751	16
(filmRef)22752	16
(filmRef)22753	16
(filmRef)22754	16
(filmRef)22755	16
(filmRef)22756	16
(filmRef)22757	16
(filmRef)22758	16
(filmRef)22759	16
(filmRef)2276	2
(filmRef)22760	16
(filmRef)22762	16
(filmRef)22763	16
(filmRef)22764	16
(filmRef)22765	16
(filmRef)22766	16
(filmRef)22767	16
(filmRef)22768	16
(filmRef)22769	16
(filmRef)2277	6
(filmRef)22770	16
(filmRef)22771	16
(filmRef)22772	16
(filmRef)22773	16
(filmRef)22774	16
(filmRef)22775	16
(filmRef)22776	16
(filmRef)22779	16
(filmRef)2278	13
(filmRef)22780	16
(filmRef)22781	11
(filmRef)22782	16
(filmRef)22785	16
(filmRef)22786	16
(filmRef)22787	16
(filmRef)22788	16
(filmRef)22789	16
(filmRef)2279	2
(filmRef)22790	16
(filmRef)22791	16
(filmRef)22792	16
(filmRef)22793	16
(filmRef)22794	16
(filmRef)22795	16
(filmRef)22796	16
(filmRef)22797	16
(filmRef)22798	16
(filmRef)22799	16
(filmRef)2280	6
(filmRef)22802	16
(filmRef)22803	16
(filmRef)22804	16
(filmRef)22805	16
(filmRef)22806	16
(filmRef)22807	16
(filmRef)22808	16
(filmRef)22809	16
(filmRef)2281	9
(filmRef)22810	16
(filmRef)22811	16
(filmRef)22812	16
(filmRef)22813	16
(filmRef)22814	16
(filmRef)22815	16
(filmRef)22816	16
(filmRef)22817	16
(filmRef)22818	16
(filmRef)22819	16
(filmRef)2282	11
(filmRef)22820	16
(filmRef)22821	16
(filmRef)22822	16
(filmRef)22823	16
(filmRef)22824	16
(filmRef)22825	16
(filmRef)22826	16
(filmRef)22827	16
(filmRef)22828	16
(filmRef)22829	16
(filmRef)2283	11
(filmRef)22830	16
(filmRef)22831	16
(filmRef)22832	16
(filmRef)22833	16
(filmRef)22834	16
(filmRef)22835	16
(filmRef)22836	16
(filmRef)22837	16
(filmRef)22838	16
(filmRef)22839	16
(filmRef)2284	11
(filmRef)22840	16
(filmRef)22841	16
(filmRef)22842	16
(filmRef)22843	3
(filmRef)22844	16
(filmRef)22845	16
(filmRef)22846	16
(filmRef)22847	16
(filmRef)22848	16
(filmRef)22849	16
(filmRef)2285	11
(filmRef)22850	16
(filmRef)22851	16
(filmRef)22852	16
(filmRef)22853	16
(filmRef)22854	16
(filmRef)22855	16
(filmRef)22856	16
(filmRef)22857	16
(filmRef)22858	16
(filmRef)22859	16
(filmRef)2286	11
(filmRef)22860	16
(filmRef)22861	16
(filmRef)22862	16
(filmRef)22863	16
(filmRef)22864	16
(filmRef)22866	16
(filmRef)22868	16
(filmRef)22869	11
(filmRef)2287	11
(filmRef)22870	16
(filmRef)22871	16
(filmRef)22872	16
(filmRef)22873	16
(filmRef)22874	16
(filmRef)22875	16
(filmRef)22876	16
(filmRef)22877	16
(filmRef)22878	16
(filmRef)22879	16
(filmRef)2288	14
(filmRef)22880	16
(filmRef)22881	16
(filmRef)22882	16
(filmRef)22883	13
(filmRef)22884	16
(filmRef)22885	16
(filmRef)22886	16
(filmRef)22889	16
(filmRef)2289	14
(filmRef)22890	16
(filmRef)22891	16
(filmRef)22892	16
(filmRef)22893	16
(filmRef)22894	16
(filmRef)22895	16
(filmRef)22896	16
(filmRef)22897	16
(filmRef)22898	16
(filmRef)22899	16
(filmRef)2290	14
(filmRef)22902	16
(filmRef)22903	16
(filmRef)22904	16
(filmRef)22905	16
(filmRef)22906	16
(filmRef)22907	16
(filmRef)22908	16
(filmRef)22909	16
(filmRef)2291	19
(filmRef)22910	16
(filmRef)22911	16
(filmRef)22912	16
(filmRef)22913	16
(filmRef)22914	16
(filmRef)22915	16
(filmRef)22916	16
(filmRef)22917	16
(filmRef)22918	16
(filmRef)22919	16
(filmRef)2292	14
(filmRef)22920	16
(filmRef)22921	16
(filmRef)22922	16
(filmRef)22923	16
(filmRef)22924	16
(filmRef)22925	16
(filmRef)22926	16
(filmRef)22927	16
(filmRef)22928	16
(filmRef)2293	14
(filmRef)22931	16
(filmRef)22933	16
(filmRef)22934	16
(filmRef)22935	16
(filmRef)22937	16
(filmRef)22938	16
(filmRef)2294	6
(filmRef)22942	16
(filmRef)22944	16
(filmRef)22945	16
(filmRef)22946	16
(filmRef)22947	16
(filmRef)2295	6
(filmRef)22950	16
(filmRef)22953	16
(filmRef)22954	16
(filmRef)22955	16
(filmRef)22956	16
(filmRef)22957	16
(filmRef)22958	16
(filmRef)2296	13
(filmRef)22962	16
(filmRef)22964	16
(filmRef)22965	16
(filmRef)22966	16
(filmRef)22967	16
(filmRef)22968	16
(filmRef)22969	16
(filmRef)2297	13
(filmRef)22970	16
(filmRef)22971	16
(filmRef)22972	16
(filmRef)22973	16
(filmRef)22974	16
(filmRef)22975	16
(filmRef)22976	16
(filmRef)22977	16
(filmRef)22978	16
(filmRef)22979	16
(filmRef)2298	13
(filmRef)22980	16
(filmRef)22981	16
(filmRef)22982	16
(filmRef)22983	16
(filmRef)22984	16
(filmRef)22985	16
(filmRef)22986	16
(filmRef)2299	19
(filmRef)22990	16
(filmRef)22991	16
(filmRef)22992	16
(filmRef)22993	16
(filmRef)22994	16
(filmRef)2300	14
(filmRef)2301	3
(filmRef)2302	14
(filmRef)2303	14
(filmRef)2304	19
(filmRef)2307	14
(filmRef)2308	2
(filmRef)2309	2
(filmRef)2310	14
(filmRef)2311	11
(filmRef)2312	13
(filmRef)2313	10
(filmRef)2314	6
(filmRef)2315	3
(filmRef)2317	10
(filmRef)2318	10
(filmRef)2319	10
(filmRef)2320	10
(filmRef)2321	10
(filmRef)2322	11
(filmRef)2323	11
(filmRef)2324	11
(filmRef)2325	11
(filmRef)2326	11
(filmRef)2327	11
(filmRef)2328	11
(filmRef)2329	11
(filmRef)2331	11
(filmRef)2332	14
(filmRef)2333	2
(filmRef)2334	2
(filmRef)2335	19
(filmRef)2336	14
(filmRef)2337	14
(filmRef)2338	14
(filmRef)2339	14
(filmRef)2340	14
(filmRef)2341	14
(filmRef)2342	11
(filmRef)2343	11
(filmRef)2344	11
(filmRef)2345	10
(filmRef)2346	11
(filmRef)2347	11
(filmRef)2348	1
(filmRef)2349	10
(filmRef)2350	11
(filmRef)2351	14
(filmRef)2352	14
(filmRef)2353	11
(filmRef)2354	6
(filmRef)2355	14
(filmRef)2356	19
(filmRef)2357	19
(filmRef)2358	11
(filmRef)2359	11
(filmRef)2360	11
(filmRef)2361	11
(filmRef)2362	14
(filmRef)2363	14
(filmRef)2364	11
(filmRef)2365	11
(filmRef)2366	11
(filmRef)2367	10
(filmRef)2368	14
(filmRef)2369	1
(filmRef)2370	13
(filmRef)2371	7
(filmRef)2372	14
(filmRef)2373	14
(filmRef)2374	19
(filmRef)2375	19
(filmRef)2376	19
(filmRef)2377	11
(filmRef)2378	14
(filmRef)2379	10
(filmRef)2380	10
(filmRef)23805	10
(filmRef)23806	10
(filmRef)23807	10
(filmRef)23808	11
(filmRef)23809	11
(filmRef)2381	13
(filmRef)23810	11
(filmRef)23811	10
(filmRef)23812	11
(filmRef)23813	10
(filmRef)23814	10
(filmRef)23815	11
(filmRef)23816	11
(filmRef)23817	10
(filmRef)23818	10
(filmRef)23819	11
(filmRef)2382	1
(filmRef)23820	11
(filmRef)23821	14
(filmRef)23822	11
(filmRef)23824	11
(filmRef)23825	10
(filmRef)23826	11
(filmRef)23827	11
(filmRef)23828	11
(filmRef)23829	11
(filmRef)2383	2
(filmRef)23830	11
(filmRef)23831	11
(filmRef)23832	11
(filmRef)23833	11
(filmRef)23834	11
(filmRef)23835	11
(filmRef)23836	11
(filmRef)23837	11
(filmRef)23838	10
(filmRef)23839	11
(filmRef)2384	13
(filmRef)23840	11
(filmRef)23841	11
(filmRef)23842	11
(filmRef)23843	11
(filmRef)23844	11
(filmRef)23845	11
(filmRef)23846	11
(filmRef)23847	10
(filmRef)23848	11
(filmRef)23849	11
(filmRef)2385	18
(filmRef)23850	10
(filmRef)23851	10
(filmRef)23852	10
(filmRef)23853	11
(filmRef)23854	11
(filmRef)23855	11
(filmRef)23856	11
(filmRef)23857	11
(filmRef)23858	10
(filmRef)23859	11
(filmRef)2386	13
(filmRef)23860	11
(filmRef)23861	11
(filmRef)23862	11
(filmRef)23863	11
(filmRef)23864	10
(filmRef)23865	9
(filmRef)23866	10
(filmRef)23867	11
(filmRef)23869	11
(filmRef)2387	18
(filmRef)23870	10
(filmRef)23871	11
(filmRef)23872	11
(filmRef)23873	11
(filmRef)23874	11
(filmRef)23875	10
(filmRef)23876	10
(filmRef)23878	10
(filmRef)23879	10
(filmRef)2388	3
(filmRef)23880	11
(filmRef)23881	14
(filmRef)23882	11
(filmRef)23883	10
(filmRef)23884	10
(filmRef)23885	10
(filmRef)23886	10
(filmRef)23887	10
(filmRef)23888	11
(filmRef)23889	11
(filmRef)2389	11
(filmRef)23890	11
(filmRef)23891	11
(filmRef)23892	11
(filmRef)23893	11
(filmRef)23894	11
(filmRef)23895	11
(filmRef)23896	10
(filmRef)23897	11
(filmRef)23898	11
(filmRef)23899	10
(filmRef)2390	2
(filmRef)23900	11
(filmRef)23902	11
(filmRef)23903	11
(filmRef)23904	11
(filmRef)23905	11
(filmRef)23906	11
(filmRef)23908	11
(filmRef)23909	11
(filmRef)2391	7
(filmRef)23913	11
(filmRef)23914	11
(filmRef)23915	1
(filmRef)23916	11
(filmRef)23918	1
(filmRef)23919	11
(filmRef)2392	14
(filmRef)23920	11
(filmRef)23925	11
(filmRef)23926	11
(filmRef)23927	11
(filmRef)23928	11
(filmRef)23929	11
(filmRef)2393	2
(filmRef)23930	11
(filmRef)2394	14
(filmRef)2395	3
(filmRef)2396	2
(filmRef)2397	14
(filmRef)2398	10
(filmRef)2399	10
(filmRef)2400	10
(filmRef)2401	11
(filmRef)2402	11
(filmRef)2403	11
(filmRef)2404	11
(filmRef)2405	11
(filmRef)2406	11
(filmRef)2407	11
(filmRef)2408	10
(filmRef)2409	10
(filmRef)2410	11
(filmRef)2411	11
(filmRef)2412	10
(filmRef)2413	10
(filmRef)2414	1
(filmRef)2415	2
(filmRef)2416	1
(filmRef)2418	6
(filmRef)2422	14
(filmRef)2423	14
(filmRef)2424	14
(filmRef)2425	14
(filmRef)2426	14
(filmRef)2427	14
(filmRef)2428	2
(filmRef)2429	2
(filmRef)2430	14
(filmRef)2431	18
(filmRef)2432	18
(filmRef)2433	18
(filmRef)2434	18
(filmRef)2435	18
(filmRef)2436	18
(filmRef)2437	6
(filmRef)2438	18
(filmRef)2439	18
(filmRef)2440	18
(filmRef)2441	18
(filmRef)2442	18
(filmRef)2443	18
(filmRef)2444	18
(filmRef)2445	18
(filmRef)2446	11
(filmRef)2447	18
(filmRef)2448	18
(filmRef)2449	13
(filmRef)2450	1
(filmRef)2451	13
(filmRef)2452	7
(filmRef)2453	14
(filmRef)2454	13
(filmRef)2455	13
(filmRef)2456	11
(filmRef)2457	11
(filmRef)2458	1
(filmRef)2459	1
(filmRef)2460	6
(filmRef)2461	14
(filmRef)2462	13
(filmRef)2463	11
(filmRef)2464	11
(filmRef)2465A	11
(filmRef)2465B	11
(filmRef)2466	11
(filmRef)2467	13
(filmRef)2468	11
(filmRef)2469	11
(filmRef)2470	11
(filmRef)2471	10
(filmRef)2472	1
(filmRef)2473	10
(filmRef)2474	7
(filmRef)2475	11
(filmRef)2476A	11
(filmRef)2476B	11
(filmRef)2476C	13
(filmRef)2478	1
(filmRef)2479	10
(filmRef)2480	1
(filmRef)2481	1
(filmRef)2482	14
(filmRef)2483	1
(filmRef)2484	14
(filmRef)2485	1
(filmRef)2486	3
(filmRef)2487	10
(filmRef)2488	13
(filmRef)2489	13
(filmRef)2491	6
(filmRef)2492	13
(filmRef)2493	11
(filmRef)2494	1
(filmRef)2495	19
(filmRef)2496	2
(filmRef)2497	18
(filmRef)2498	14
(filmRef)2499	3
(filmRef)2500	19
(filmRef)2501	1
(filmRef)2502	3
(filmRef)2503	3
(filmRef)2504	14
(filmRef)2505	13
(filmRef)2506	14
(filmRef)2507	14
(filmRef)2508	14
(filmRef)2509	11
(filmRef)2510	11
(filmRef)2511	14
(filmRef)2512	13
(filmRef)2513	3
(filmRef)2514	2
(filmRef)2515	14
(filmRef)2516	3
(filmRef)2517	3
(filmRef)2518	2
(filmRef)2519	3
(filmRef)2520	2
(filmRef)2521	14
(filmRef)2522	3
(filmRef)2523	18
(filmRef)2524	3
(filmRef)2527	6
(filmRef)2528	3
(filmRef)2529	3
(filmRef)2532	14
(filmRef)2533	3
(filmRef)2535	14
(filmRef)2536	14
(filmRef)2537	10
(filmRef)2538	10
(filmRef)2539	10
(filmRef)2540	10
(filmRef)2541	3
(filmRef)2542	14
(filmRef)2543	14
(filmRef)2544	14
(filmRef)2545	14
(filmRef)2546	3
(filmRef)2547	3
(filmRef)2548	14
(filmRef)2549	3
(filmRef)2550	2
(filmRef)2551	2
(filmRef)2552	3
(filmRef)2553	2
(filmRef)2554	2
(filmRef)2555	14
(filmRef)2556	3
(filmRef)2557	3
(filmRef)2558	2
(filmRef)2559	3
(filmRef)2560	18
(filmRef)2561	2
(filmRef)2562	14
(filmRef)2563	13
(filmRef)2564	2
(filmRef)2565	18
(filmRef)2566	18
(filmRef)2567	18
(filmRef)2568	13
(filmRef)2569	14
(filmRef)2570	10
(filmRef)2572	2
(filmRef)2573	2
(filmRef)2574	2
(filmRef)2575	2
(filmRef)2576	3
(filmRef)2577A	3
(filmRef)2577B	11
(filmRef)2578	14
(filmRef)2579	11
(filmRef)2580	14
(filmRef)2581	11
(filmRef)2582	0
(filmRef)2583	14
(filmRef)2584	9
(filmRef)2585	1
(filmRef)2586	14
(filmRef)2587	11
(filmRef)2588	3
(filmRef)2589	14
(filmRef)2590	11
(filmRef)2591	10
(filmRef)2592	2
(filmRef)2593	2
(filmRef)2594	1
(filmRef)2595	14
(filmRef)2596	13
(filmRef)2597	14
(filmRef)2598	11
(filmRef)2599	14
(filmRef)2600	11
(filmRef)2601	10
(filmRef)2602	10
(filmRef)2603	6
(filmRef)2604	9
(filmRef)2605	10
(filmRef)2606	13
(filmRef)2607	14
(filmRef)2608	1
(filmRef)2609	6
(filmRef)2611	14
(filmRef)2612	14
(filmRef)2613	14
(filmRef)2614	10
(filmRef)2615	10
(filmRef)2616	11
(filmRef)2617	14
(filmRef)2618A	3
(filmRef)2618B	3
(filmRef)2619	10
(filmRef)2620	3
(filmRef)2621	14
(filmRef)2622	13
(filmRef)2623	13
(filmRef)2624	13
(filmRef)2625	14
(filmRef)2626	14
(filmRef)2627	14
(filmRef)2628	14
(filmRef)2629	14
(filmRef)2630	3
(filmRef)2631	2
(filmRef)2632	14
(filmRef)2633	14
(filmRef)2634	13
(filmRef)2635	3
(filmRef)2636	3
(filmRef)2637	2
(filmRef)2638	14
(filmRef)2639	6
(filmRef)2640	14
(filmRef)2641	13
(filmRef)2642	1
(filmRef)2643	13
(filmRef)2644	13
(filmRef)2645	13
(filmRef)2646	13
(filmRef)2647	2
(filmRef)2648	14
(filmRef)2649	11
(filmRef)2650	2
(filmRef)2651	14
(filmRef)2652	19
(filmRef)2653	14
(filmRef)2654	3
(filmRef)2655	19
(filmRef)2656	3
(filmRef)2657	19
(filmRef)2658	14
(filmRef)2659	14
(filmRef)2660	7
(filmRef)2661	19
(filmRef)2662	19
(filmRef)2663	14
(filmRef)2664	14
(filmRef)2665	14
(filmRef)2666	11
(filmRef)2667	2
(filmRef)2668	14
(filmRef)2670	14
(filmRef)2671	2
(filmRef)2672	10
(filmRef)2673	14
(filmRef)2674	2
(filmRef)2675	14
(filmRef)2676	3
(filmRef)2677	10
(filmRef)2678	10
(filmRef)2679	14
(filmRef)2680	10
(filmRef)2681	14
(filmRef)2681A	10
(filmRef)2682	10
(filmRef)2683	14
(filmRef)2684	3
(filmRef)2685	14
(filmRef)2686	11
(filmRef)2687	10
(filmRef)2688	10
(filmRef)2689	10
(filmRef)2690	1
(filmRef)2691	2
(filmRef)2692	2
(filmRef)2693	2
(filmRef)2694	1
(filmRef)2695	2
(filmRef)2696	2
(filmRef)2697	14
(filmRef)2698	10
(filmRef)2699	1
(filmRef)2700	11
(filmRef)2701	11
(filmRef)2702	14
(filmRef)2703	13
(filmRef)2704	14
(filmRef)2705	3
(filmRef)2706	3
(filmRef)2707	7
(filmRef)2708	14
(filmRef)2709	14
(filmRef)2710	14
(filmRef)2711	14
(filmRef)2712	14
(filmRef)2713	6
(filmRef)2714	13
(filmRef)2715	11
(filmRef)2716	10
(filmRef)2717	10
(filmRef)2718	3
(filmRef)2719	10
(filmRef)2720	14
(filmRef)2721	2
(filmRef)2722	9
(filmRef)2723	1
(filmRef)2724	14
(filmRef)2725	14
(filmRef)2726	14
(filmRef)2727	14
(filmRef)2728	10
(filmRef)2729	2
(filmRef)2730	2
(filmRef)2731	10
(filmRef)2732	14
(filmRef)2733	2
(filmRef)2734	3
(filmRef)2735	3
(filmRef)2736	3
(filmRef)2738	11
(filmRef)2739	1
(filmRef)2741	3
(filmRef)2742	10
(filmRef)2743	3
(filmRef)2744	13
(filmRef)2745	2
(filmRef)2746	2
(filmRef)2747	11
(filmRef)2748	13
(filmRef)2749	13
(filmRef)2750	1
(filmRef)2751	11
(filmRef)2752	14
(filmRef)2753	11
(filmRef)2754	10
(filmRef)2755	10
(filmRef)2756	10
(filmRef)2757	11
(filmRef)2758	11
(filmRef)2759	11
(filmRef)2760	14
(filmRef)2761	10
(filmRef)2762	11
(filmRef)2763	11
(filmRef)2764	10
(filmRef)2765	14
(filmRef)2766	10
(filmRef)2767	2
(filmRef)2768	3
(filmRef)2769	10
(filmRef)2770	11
(filmRef)2771	11
(filmRef)2772	11
(filmRef)2773	1
(filmRef)2774	13
(filmRef)2775	10
(filmRef)2776	11
(filmRef)2777	10
(filmRef)2778	2
(filmRef)2779	10
(filmRef)2780	13
(filmRef)2781	13
(filmRef)2782	13
(filmRef)2783	14
(filmRef)2784	3
(filmRef)2785	6
(filmRef)2786	6
(filmRef)2789	18
(filmRef)2790	13
(filmRef)2791	11
(filmRef)2792	10
(filmRef)2793	14
(filmRef)2794	13
(filmRef)2795	10
(filmRef)2796	10
(filmRef)2797	14
(filmRef)2798	14
(filmRef)2799	14
(filmRef)2800	14
(filmRef)2801	3
(filmRef)2802	11
(filmRef)2803	11
(filmRef)2804	10
(filmRef)2805	2
(filmRef)2806	7
(filmRef)2807	10
(filmRef)2808	14
(filmRef)2809	11
(filmRef)2810	11
(filmRef)2812	14
(filmRef)2813	14
(filmRef)2814	14
(filmRef)2815	14
(filmRef)2816	2
(filmRef)2817	3
(filmRef)2818	2
(filmRef)2819	14
(filmRef)2820	2
(filmRef)2821	3
(filmRef)2822	14
(filmRef)2823	14
(filmRef)2824	3
(filmRef)2825	3
(filmRef)2826	3
(filmRef)2827	14
(filmRef)2828	19
(filmRef)2829	3
(filmRef)2830	3
(filmRef)2831	3
(filmRef)2832	3
(filmRef)2833	11
(filmRef)2834	10
(filmRef)2835	19
(filmRef)2836	19
(filmRef)2837	19
(filmRef)2838	6
(filmRef)2839	11
(filmRef)2840	11
(filmRef)2841	14
(filmRef)2842	3
(filmRef)2843	14
(filmRef)2844	14
(filmRef)2845	19
(filmRef)2846	11
(filmRef)2847	19
(filmRef)2848	19
(filmRef)2849	3
(filmRef)2850	18
(filmRef)2851	2
(filmRef)2852	19
(filmRef)2852A	19
(filmRef)2853	11
(filmRef)2854	11
(filmRef)2855	11
(filmRef)2856	11
(filmRef)2857	11
(filmRef)2858	13
(filmRef)2859	11
(filmRef)2860	13
(filmRef)2861	14
(filmRef)2862	14
(filmRef)2863	2
(filmRef)2864	11
(filmRef)2865	2
(filmRef)2866	14
(filmRef)2868	13
(filmRef)2869	14
(filmRef)2870	3
(filmRef)2871	2
(filmRef)2872	6
(filmRef)2873	2
(filmRef)2874	11
(filmRef)2875	14
(filmRef)2876	11
(filmRef)2877	11
(filmRef)2878	11
(filmRef)2879	14
(filmRef)2880	14
(filmRef)2881	11
(filmRef)2882	10
(filmRef)2883	10
(filmRef)2884	14
(filmRef)2885	3
(filmRef)2886	10
(filmRef)2887	14
(filmRef)2888	14
(filmRef)2889	14
(filmRef)2890	11
(filmRef)2891	11
(filmRef)2892	2
(filmRef)2893	2
(filmRef)2894	2
(filmRef)2895	13
(filmRef)2896	13
(filmRef)2897	13
(filmRef)2898	13
(filmRef)2899	13
(filmRef)2900	13
(filmRef)2901	13
(filmRef)2902	13
(filmRef)2903	13
(filmRef)2904	13
(filmRef)2905	13
(filmRef)2906	13
(filmRef)2907	10
(filmRef)2908	13
(filmRef)2909	13
(filmRef)2910	13
(filmRef)2911	13
(filmRef)2912	11
(filmRef)2913	2
(filmRef)2914	10
(filmRef)2915	2
(filmRef)2916	13
(filmRef)2917	10
(filmRef)2922	6
(filmRef)2924	11
(filmRef)2929	10
(filmRef)2930	14
(filmRef)2931	14
(filmRef)2932	14
(filmRef)2933	2
(filmRef)2934	14
(filmRef)2935	14
(filmRef)2936	14
(filmRef)2937	14
(filmRef)2938	14
(filmRef)2940	2
(filmRef)2941	10
(filmRef)2942	14
(filmRef)2943	2
(filmRef)2944	14
(filmRef)2947	2
(filmRef)2948	11
(filmRef)2949	10
(filmRef)2950	14
(filmRef)2951	14
(filmRef)2952	14
(filmRef)2953	11
(filmRef)2954	11
(filmRef)2955	11
(filmRef)2956	1
(filmRef)2957	11
(filmRef)2958	11
(filmRef)2959	9
(filmRef)2960	11
(filmRef)2961	11
(filmRef)2962	11
(filmRef)2963	11
(filmRef)2964	11
(filmRef)2965	3
(filmRef)2966	11
(filmRef)2967	11
(filmRef)2968	11
(filmRef)2969	11
(filmRef)2970	11
(filmRef)2971	11
(filmRef)2972	11
(filmRef)2973	11
(filmRef)2974	1
(filmRef)2975	1
(filmRef)2976	11
(filmRef)2977	11
(filmRef)2978	1
(filmRef)2981	11
(filmRef)2982	11
(filmRef)2983	9
(filmRef)2984	10
(filmRef)2985	13
(filmRef)2986	14
(filmRef)2987	3
(filmRef)2988	11
(filmRef)2989	14
(filmRef)2990	10
(filmRef)2991	10
(filmRef)2992	6
(filmRef)2993	13
(filmRef)2994	1
(filmRef)2995	13
(filmRef)2996	14
(filmRef)2997	11
(filmRef)2998	11
(filmRef)2999	10
(filmRef)3000	10
(filmRef)3001	2
(filmRef)3002	6
(filmRef)3003	14
(filmRef)3004	19
(filmRef)3005	19
(filmRef)3006	14
(filmRef)3007	2
(filmRef)3008	10
(filmRef)3009	2
(filmRef)3010	3
(filmRef)3011	14
(filmRef)3012	3
(filmRef)3013	2
(filmRef)3014	3
(filmRef)3015	13
(filmRef)3016	14
(filmRef)3017	11
(filmRef)3018	11
(filmRef)3019	10
(filmRef)3020	10
(filmRef)3021	10
(filmRef)3022	13
(filmRef)3023	2
(filmRef)3027	1
(filmRef)3028	14
(filmRef)3029	11
(filmRef)3030	7
(filmRef)3031	10
(filmRef)3032	1
(filmRef)3033	14
(filmRef)3034	2
(filmRef)3035	14
(filmRef)3036	3
(filmRef)3038	14
(filmRef)3039	3
(filmRef)3040	10
(filmRef)3041	2
(filmRef)3042	10
(filmRef)3043	10
(filmRef)3044	2
(filmRef)3045	10
(filmRef)3046	2
(filmRef)3047	10
(filmRef)3048	13
(filmRef)3049	19
(filmRef)3050	14
(filmRef)3051	14
(filmRef)3052	2
(filmRef)3053	10
(filmRef)3054	10
(filmRef)3055	11
(filmRef)3056	11
(filmRef)3057	3
(filmRef)3058	3
(filmRef)3059	13
(filmRef)3060	3
(filmRef)3061	10
(filmRef)3062	14
(filmRef)3063	10
(filmRef)3064	2
(filmRef)3065	2
(filmRef)3067	10
(filmRef)3068	2
(filmRef)3069	10
(filmRef)3070	10
(filmRef)3071	11
(filmRef)3072	14
(filmRef)3073	2
(filmRef)3074	3
(filmRef)3075	14
(filmRef)3076	13
(filmRef)3077	2
(filmRef)3078	13
(filmRef)3079	11
(filmRef)3080	13
(filmRef)3081	10
(filmRef)3082	13
(filmRef)3083	10
(filmRef)3084	10
(filmRef)3085	10
(filmRef)3086	3
(filmRef)3087	14
(filmRef)3088	14
(filmRef)3088A	14
(filmRef)3089	14
(filmRef)3090	10
(filmRef)3091	10
(filmRef)3092	10
(filmRef)3093	13
(filmRef)3094	10
(filmRef)3095	10
(filmRef)3096	10
(filmRef)3097	2
(filmRef)3098	10
(filmRef)3099	11
(filmRef)3100	10
(filmRef)3101	13
(filmRef)3102	11
(filmRef)3103	14
(filmRef)3104	18
(filmRef)3105	13
(filmRef)3106	14
(filmRef)3107	2
(filmRef)3108	14
(filmRef)3109	10
(filmRef)3110	2
(filmRef)3111	14
(filmRef)3112	3
(filmRef)3113	6
(filmRef)3114	3
(filmRef)3115	3
(filmRef)3116	3
(filmRef)3117	3
(filmRef)3118	3
(filmRef)3119	3
(filmRef)3120	6
(filmRef)3121	2
(filmRef)3122	3
(filmRef)3123	11
(filmRef)3124	10
(filmRef)3125	18
(filmRef)3126	10
(filmRef)3127	10
(filmRef)3128	14
(filmRef)3129	14
(filmRef)3130	14
(filmRef)3131	14
(filmRef)3132	14
(filmRef)3133	19
(filmRef)3134	2
(filmRef)3135	19
(filmRef)3136	2
(filmRef)3137	3
(filmRef)3138	10
(filmRef)3139	11
(filmRef)3140	11
(filmRef)3141	10
(filmRef)3142	10
(filmRef)3145	3
(filmRef)3146	3
(filmRef)3147	6
(filmRef)3148	10
(filmRef)3149	10
(filmRef)3150	10
(filmRef)3151	19
(filmRef)3152	13
(filmRef)3153	10
(filmRef)3154	0
(filmRef)3155	9
(filmRef)3156	10
(filmRef)3158	10
(filmRef)3159	7
(filmRef)3160	14
(filmRef)3161	3
(filmRef)3162	2
(filmRef)3163	10
(filmRef)3164	2
(filmRef)3165	10
(filmRef)3166	14
(filmRef)3167	13
(filmRef)3168	6
(filmRef)3169	2
(filmRef)3170	10
(filmRef)3171	14
(filmRef)3172	14
(filmRef)3173	14
(filmRef)3174	14
(filmRef)3175	14
(filmRef)3176	14
(filmRef)3177	1
(filmRef)3178	2
(filmRef)3179	11
(filmRef)3180	1
(filmRef)3181	14
(filmRef)3182	10
(filmRef)3183	14
(filmRef)3184	1
(filmRef)3185	10
(filmRef)3186	1
(filmRef)3187	14
(filmRef)3188	7
(filmRef)3189	14
(filmRef)3190	2
(filmRef)3190A	2
(filmRef)3191	1
(filmRef)3192	13
(filmRef)3193	11
(filmRef)3194	19
(filmRef)3195	19
(filmRef)3196	1
(filmRef)3197	1
(filmRef)3198	2
(filmRef)3199	14
(filmRef)3200	1
(filmRef)3201	13
(filmRef)3202	18
(filmRef)3203	2
(filmRef)3204	14
(filmRef)3205	11
(filmRef)3206	14
(filmRef)3207	2
(filmRef)3208	10
(filmRef)3209	14
(filmRef)3210	11
(filmRef)3211	1
(filmRef)3212	1
(filmRef)3213	14
(filmRef)3214	13
(filmRef)3215	1
(filmRef)3216	14
(filmRef)3217	14
(filmRef)3218	13
(filmRef)3219	14
(filmRef)3220	14
(filmRef)3221	10
(filmRef)3222	10
(filmRef)3223	13
(filmRef)3224	14
(filmRef)3225	3
(filmRef)3226	3
(filmRef)3227	3
(filmRef)3228	3
(filmRef)3229	3
(filmRef)3230	3
(filmRef)3231	3
(filmRef)3232	3
(filmRef)3233	3
(filmRef)3234	3
(filmRef)3235	6
(filmRef)3236	3
(filmRef)3237	3
(filmRef)3238	3
(filmRef)3239	3
(filmRef)3240	3
(filmRef)3241	3
(filmRef)3242	3
(filmRef)3243	3
(filmRef)3244	3
(filmRef)3245	14
(filmRef)3246	10
(filmRef)3247	10
(filmRef)3248	10
(filmRef)3249	14
(filmRef)3250	3
(filmRef)3251	2
(filmRef)3254	14
(filmRef)3255	14
(filmRef)3256	14
(filmRef)3257	6
(filmRef)3258	3
(filmRef)3259	14
(filmRef)3260	3
(filmRef)3261	3
(filmRef)3262	14
(filmRef)3263	9
(filmRef)3264	11
(filmRef)3265	2
(filmRef)3266	2
(filmRef)3267	1
(filmRef)3268	2
(filmRef)3269	10
(filmRef)3270	10
(filmRef)3271	0
(filmRef)3272	10
(filmRef)3273	10
(filmRef)3274	14
(filmRef)3275	14
(filmRef)3276	14
(filmRef)3277	3
(filmRef)3278	14
(filmRef)3279	14
(filmRef)3280	3
(filmRef)3281	3
(filmRef)3282	14
(filmRef)3283	14
(filmRef)3284	11
(filmRef)3285	14
(filmRef)3286	14
(filmRef)3287	11
(filmRef)3288	14
(filmRef)3289	14
(filmRef)3290	14
(filmRef)3291	14
(filmRef)3292	14
(filmRef)3293	14
(filmRef)3294	11
(filmRef)3295	14
(filmRef)3296	10
(filmRef)3298	11
(filmRef)3299	10
(filmRef)3300	13
(filmRef)3301	10
(filmRef)3302	10
(filmRef)3303	11
(filmRef)3308	2
(filmRef)3309	6
(filmRef)3310	14
(filmRef)3311	11
(filmRef)3312	3
(filmRef)3313	2
(filmRef)3314	3
(filmRef)3315	3
(filmRef)3316	11
(filmRef)3317	11
(filmRef)3318	10
(filmRef)3319	3
(filmRef)3320	3
(filmRef)3321	3
(filmRef)3322	3
(filmRef)3323	3
(filmRef)3324	3
(filmRef)3325	3
(filmRef)3326	3
(filmRef)3327	3
(filmRef)3330	14
(filmRef)3331	3
(filmRef)3334	3
(filmRef)3335	14
(filmRef)3336	3
(filmRef)3337	14
(filmRef)3338	3
(filmRef)3339	10
(filmRef)3340	10
(filmRef)3343	11
(filmRef)3344	11
(filmRef)3345	3
(filmRef)3346	3
(filmRef)3347	14
(filmRef)3348	14
(filmRef)3349	14
(filmRef)3350	14
(filmRef)3351	3
(filmRef)3352	11
(filmRef)3353	11
(filmRef)3354	14
(filmRef)3355	7
(filmRef)3356	7
(filmRef)3357	7
(filmRef)3358	14
(filmRef)3359	14
(filmRef)3360	6
(filmRef)3361	14
(filmRef)3362	6
(filmRef)3363	3
(filmRef)3364	6
(filmRef)3365	3
(filmRef)3366	11
(filmRef)3367	3
(filmRef)3368	2
(filmRef)3369	2
(filmRef)3370	11
(filmRef)3371	10
(filmRef)3372	3
(filmRef)3373	14
(filmRef)3375	11
(filmRef)3376	11
(filmRef)3376A	11
(filmRef)3377	11
(filmRef)3378	13
(filmRef)3379	13
(filmRef)3380	13
(filmRef)3381	10
(filmRef)3382	13
(filmRef)3383	11
(filmRef)3384	10
(filmRef)3385	11
(filmRef)3386	11
(filmRef)3387	11
(filmRef)3388	10
(filmRef)3389	13
(filmRef)3390	10
(filmRef)3391	10
(filmRef)3392	10
(filmRef)3393	1
(filmRef)3394	2
(filmRef)3395	11
(filmRef)3396	10
(filmRef)3397	2
(filmRef)3398	3
(filmRef)3399	14
(filmRef)3400	11
(filmRef)3401	14
(filmRef)3402	14
(filmRef)3403	11
(filmRef)3404	14
(filmRef)3405	14
(filmRef)3406	7
(filmRef)3407	14
(filmRef)3408	3
(filmRef)3409	3
(filmRef)3410	3
(filmRef)3411	14
(filmRef)3412	11
(filmRef)3413	3
(filmRef)3414	3
(filmRef)3415	11
(filmRef)3416	11
(filmRef)3417	10
(filmRef)3418	6
(filmRef)3419	6
(filmRef)3420	14
(filmRef)3421	10
(filmRef)3422	11
(filmRef)3423	14
(filmRef)3424	10
(filmRef)3425	11
(filmRef)3426	11
(filmRef)3427	2
(filmRef)3428	13
(filmRef)3429	14
(filmRef)3430	10
(filmRef)3431	3
(filmRef)3432	14
(filmRef)3433	11
(filmRef)3434	13
(filmRef)3435	14
(filmRef)3436	11
(filmRef)3437	11
(filmRef)3438	14
(filmRef)3439	2
(filmRef)3440	11
(filmRef)3441	6
(filmRef)3442	14
(filmRef)3443	3
(filmRef)3444	14
(filmRef)3445	6
(filmRef)3446	6
(filmRef)3447	11
(filmRef)3448	11
(filmRef)3449	11
(filmRef)3450	3
(filmRef)3451	2
(filmRef)3452	7
(filmRef)3453	13
(filmRef)3454	13
(filmRef)3455	10
(filmRef)3456	10
(filmRef)3457	2
(filmRef)3458	14
(filmRef)3459	14
(filmRef)3460	14
(filmRef)3461	6
(filmRef)3462	6
(filmRef)3463	7
(filmRef)3466	11
(filmRef)3467	11
(filmRef)3469	14
(filmRef)3470	14
(filmRef)3472	19
(filmRef)3473	14
(filmRef)3474	13
(filmRef)3475	11
(filmRef)3476	2
(filmRef)3477	2
(filmRef)3478	2
(filmRef)3479	3
(filmRef)3480	2
(filmRef)3481	2
(filmRef)3482	3
(filmRef)3483	13
(filmRef)3484	11
(filmRef)3485	10
(filmRef)3486	2
(filmRef)3487	6
(filmRef)3488	10
(filmRef)3489	14
(filmRef)3490	3
(filmRef)3491	3
(filmRef)3492	14
(filmRef)3493	14
(filmRef)3494	13
(filmRef)3495	10
(filmRef)3496	10
(filmRef)3497	3
(filmRef)3498	3
(filmRef)3499	3
(filmRef)3500	14
(filmRef)3501	3
(filmRef)3502	3
(filmRef)3503	3
(filmRef)3504	3
(filmRef)3505	3
(filmRef)3506	3
(filmRef)3507	3
(filmRef)3508	3
(filmRef)3509	3
(filmRef)3510	3
(filmRef)3511	3
(filmRef)3512	2
(filmRef)3513	3
(filmRef)3514	3
(filmRef)3515	3
(filmRef)3516	3
(filmRef)3517	14
(filmRef)3518	3
(filmRef)3519	3
(filmRef)3520	13
(filmRef)3521	10
(filmRef)3522	10
(filmRef)3523	3
(filmRef)3524	3
(filmRef)3525	3
(filmRef)3526	3
(filmRef)3527	3
(filmRef)3528	3
(filmRef)3529	3
(filmRef)3530	3
(filmRef)3531	10
(filmRef)3532	2
(filmRef)3533	11
(filmRef)3534	11
(filmRef)3535	3
(filmRef)3536	3
(filmRef)3537	18
(filmRef)3538	10
(filmRef)3539	6
(filmRef)3540	2
(filmRef)3541	13
(filmRef)3542	6
(filmRef)3543	14
(filmRef)3544	14
(filmRef)3545	13
(filmRef)3546	2
(filmRef)3547	18
(filmRef)3548	1
(filmRef)3549	14
(filmRef)3551	14
(filmRef)3552	14
(filmRef)3553	14
(filmRef)3554	10
(filmRef)3555	19
(filmRef)3556	14
(filmRef)3557	11
(filmRef)3558	3
(filmRef)3559	14
(filmRef)3560	14
(filmRef)3561	13
(filmRef)3563	3
(filmRef)3564	3
(filmRef)3565	3
(filmRef)3566	3
(filmRef)3567	14
(filmRef)3568	3
(filmRef)3569	14
(filmRef)3570	13
(filmRef)3571	2
(filmRef)3572	2
(filmRef)3573	13
(filmRef)3574	3
(filmRef)3575	13
(filmRef)3576	3
(filmRef)3577	14
(filmRef)3578	14
(filmRef)3580	2
(filmRef)3581	18
(filmRef)3582	3
(filmRef)3583	11
(filmRef)3584	3
(filmRef)3585	14
(filmRef)3586	19
(filmRef)3587	19
(filmRef)3588	1
(filmRef)3589	13
(filmRef)3590	2
(filmRef)3591	11
(filmRef)3592	10
(filmRef)3593	11
(filmRef)3594	14
(filmRef)3595	10
(filmRef)3597	10
(filmRef)3598	14
(filmRef)3599	10
(filmRef)3600	10
(filmRef)3601	10
(filmRef)3602	14
(filmRef)3603	11
(filmRef)3604	10
(filmRef)3605	11
(filmRef)3606	10
(filmRef)3607	10
(filmRef)3608	11
(filmRef)3609	2
(filmRef)3610	14
(filmRef)3611	11
(filmRef)3612	2
(filmRef)3613	2
(filmRef)3614	6
(filmRef)3615	2
(filmRef)3616	14
(filmRef)3617	14
(filmRef)3618	2
(filmRef)3619	10
(filmRef)3620	10
(filmRef)3621	13
(filmRef)3622	13
(filmRef)3623	10
(filmRef)3624	10
(filmRef)3625	13
(filmRef)3626	10
(filmRef)3627	13
(filmRef)3628	3
(filmRef)3629	10
(filmRef)3630	10
(filmRef)3631	11
(filmRef)3633	18
(filmRef)3634	11
(filmRef)3635	18
(filmRef)3636	10
(filmRef)3637	11
(filmRef)3638	2
(filmRef)3639	2
(filmRef)3640	10
(filmRef)3641	6
(filmRef)3642	7
(filmRef)3643	18
(filmRef)3644	18
(filmRef)3645	18
(filmRef)3646	18
(filmRef)3647	3
(filmRef)3648	14
(filmRef)3649	2
(filmRef)3650	11
(filmRef)3651	14
(filmRef)3652	11
(filmRef)3653	11
(filmRef)3654	3
(filmRef)3655	3
(filmRef)3656	3
(filmRef)3657	3
(filmRef)3658	11
(filmRef)3659	14
(filmRef)3660	6
(filmRef)3661	18
(filmRef)3662	3
(filmRef)3663	3
(filmRef)3664	11
(filmRef)3665	10
(filmRef)3666	10
(filmRef)3667	14
(filmRef)3668	10
(filmRef)3669	18
(filmRef)3670	18
(filmRef)3671	10
(filmRef)3672	14
(filmRef)3673	3
(filmRef)3674	10
(filmRef)3675	10
(filmRef)3676	3
(filmRef)3677	2
(filmRef)3678	2
(filmRef)3679	2
(filmRef)3680	3
(filmRef)3681	3
(filmRef)3682	2
(filmRef)3683	2
(filmRef)3684	13
(filmRef)3685	2
(filmRef)3686	6
(filmRef)3687	2
(filmRef)3688	2
(filmRef)3689	13
(filmRef)3690	13
(filmRef)3691	14
(filmRef)3692	2
(filmRef)3694	2
(filmRef)3695	13
(filmRef)3696	2
(filmRef)3697	11
(filmRef)3698	11
(filmRef)3699	11
(filmRef)3700	10
(filmRef)3701	10
(filmRef)3702	10
(filmRef)3703	10
(filmRef)3704	10
(filmRef)3705	10
(filmRef)3706	3
(filmRef)3707	14
(filmRef)3708	10
(filmRef)3709	3
(filmRef)3710	3
(filmRef)3711	3
(filmRef)3712	13
(filmRef)3713	2
(filmRef)3714	10
(filmRef)3715	3
(filmRef)3716	2
(filmRef)3717	11
(filmRef)3718	13
(filmRef)3719	2
(filmRef)3720	2
(filmRef)3721	19
(filmRef)3722	10
(filmRef)3723	10
(filmRef)3724	3
(filmRef)3725	2
(filmRef)3726	2
(filmRef)3727	2
(filmRef)3728	2
(filmRef)3729	2
(filmRef)3730	2
(filmRef)3731	2
(filmRef)3732	2
(filmRef)3733	2
(filmRef)3734	2
(filmRef)3735	10
(filmRef)3736	19
(filmRef)3737	19
(filmRef)3738	19
(filmRef)3739	14
(filmRef)3740	19
(filmRef)3741	14
(filmRef)3742	14
(filmRef)3743	11
(filmRef)3745	14
(filmRef)3746	11
(filmRef)3747	11
(filmRef)3748	11
(filmRef)3749	11
(filmRef)3750	14
(filmRef)3751	10
(filmRef)3752	14
(filmRef)3753	14
(filmRef)3754	18
(filmRef)3755	6
(filmRef)3756	11
(filmRef)3757	10
(filmRef)3758	13
(filmRef)3759	13
(filmRef)3760	16
(filmRef)3761	13
(filmRef)3762	11
(filmRef)3763	1
(filmRef)3764	11
(filmRef)3765	18
(filmRef)3766	11
(filmRef)3767	11
(filmRef)3768	14
(filmRef)3769	7
(filmRef)3770	2
(filmRef)3771	2
(filmRef)3772	2
(filmRef)3773	2
(filmRef)3774	2
(filmRef)3775	3
(filmRef)3776	2
(filmRef)3777	2
(filmRef)3778	3
(filmRef)3779	18
(filmRef)3780	2
(filmRef)3781	2
(filmRef)3782	13
(filmRef)3783	3
(filmRef)3784	14
(filmRef)3785	3
(filmRef)3786	14
(filmRef)3787	3
(filmRef)3788	14
(filmRef)3789	10
(filmRef)3790	11
(filmRef)3791	11
(filmRef)3792	11
(filmRef)3793	13
(filmRef)3794	10
(filmRef)3795	10
(filmRef)3796	11
(filmRef)3797	11
(filmRef)3798	11
(filmRef)3799	11
(filmRef)3800	14
(filmRef)3801	3
(filmRef)3802	3
(filmRef)3803	10
(filmRef)3804	10
(filmRef)3805	10
(filmRef)3806	10
(filmRef)3807	10
(filmRef)3808	11
(filmRef)3809	3
(filmRef)3810	3
(filmRef)3811	10
(filmRef)3812	10
(filmRef)3813	3
(filmRef)3814	3
(filmRef)3815	3
(filmRef)3816	6
(filmRef)3817	2
(filmRef)3818	11
(filmRef)3819	3
(filmRef)3820	3
(filmRef)3821	2
(filmRef)3822	3
(filmRef)3823	10
(filmRef)3824	3
(filmRef)3825	13
(filmRef)3826	10
(filmRef)3827	10
(filmRef)3828	11
(filmRef)3829	2
(filmRef)3830	2
(filmRef)3831	3
(filmRef)3832	11
(filmRef)3833	2
(filmRef)3834	14
(filmRef)3835	2
(filmRef)3836	3
(filmRef)3837	3
(filmRef)3838	13
(filmRef)3839	10
(filmRef)3840	3
(filmRef)3841	11
(filmRef)3842	13
(filmRef)3843	2
(filmRef)3845	18
(filmRef)3846	11
(filmRef)3847	14
(filmRef)3848	10
(filmRef)3850	2
(filmRef)3851	13
(filmRef)3852	2
(filmRef)3853	11
(filmRef)3854	11
(filmRef)3855	2
(filmRef)3857	2
(filmRef)3858	2
(filmRef)3859	11
(filmRef)3860	11
(filmRef)3861	11
(filmRef)3862	11
(filmRef)3863	11
(filmRef)3864	11
(filmRef)3865	11
(filmRef)3866	14
(filmRef)3867	11
(filmRef)3868	10
(filmRef)3869	10
(filmRef)3870	10
(filmRef)3871	11
(filmRef)3872	13
(filmRef)3873	3
(filmRef)3874	14
(filmRef)3875	13
(filmRef)3876A	13
(filmRef)3876B	11
(filmRef)3877	10
(filmRef)3878	13
(filmRef)3879	7
(filmRef)3880	11
(filmRef)3881	11
(filmRef)3883	10
(filmRef)3884	13
(filmRef)3885	10
(filmRef)3886	14
(filmRef)3887	10
(filmRef)3888	10
(filmRef)3889	10
(filmRef)3890	14
(filmRef)3891	13
(filmRef)3892	11
(filmRef)3893	2
(filmRef)3894	10
(filmRef)3896	13
(filmRef)3897	11
(filmRef)3898	10
(filmRef)3899	11
(filmRef)3900	3
(filmRef)3901	11
(filmRef)3902	13
(filmRef)3903	11
(filmRef)3904	10
(filmRef)3905	11
(filmRef)3906	11
(filmRef)3907	3
(filmRef)3908	16
(filmRef)3909	13
(filmRef)3910	11
(filmRef)3911	10
(filmRef)3912	11
(filmRef)3913	13
(filmRef)3914	2
(filmRef)3915	13
(filmRef)3916	11
(filmRef)3917	13
(filmRef)3918	13
(filmRef)3919	11
(filmRef)3920	10
(filmRef)3921	10
(filmRef)3922	11
(filmRef)3923	11
(filmRef)3924	6
(filmRef)3925	10
(filmRef)3926	14
(filmRef)3927	11
(filmRef)3928	11
(filmRef)3929	1
(filmRef)3930	14
(filmRef)3931	14
(filmRef)3932	14
(filmRef)3933	3
(filmRef)3934	13
(filmRef)3935	3
(filmRef)3936	10
(filmRef)3937	14
(filmRef)3938	13
(filmRef)3939	13
(filmRef)3940	10
(filmRef)3941	10
(filmRef)3942	13
(filmRef)3943	10
(filmRef)3944	13
(filmRef)3945	11
(filmRef)3946	11
(filmRef)3947	11
(filmRef)3948	2
(filmRef)3949	1
(filmRef)3950	13
(filmRef)3952	10
(filmRef)3953	11
(filmRef)3954	14
(filmRef)3955	14
(filmRef)3958	11
(filmRef)3959	18
(filmRef)3960	13
(filmRef)3961	10
(filmRef)3962	10
(filmRef)3963	13
(filmRef)3964	2
(filmRef)3965	10
(filmRef)3966	13
(filmRef)3967	11
(filmRef)3969	11
(filmRef)3970	11
(filmRef)3971	10
(filmRef)3972	1
(filmRef)3973	14
(filmRef)3974	18
(filmRef)3975	14
(filmRef)3976	14
(filmRef)3977	13
(filmRef)3978	10
(filmRef)3979	14
(filmRef)3980	14
(filmRef)3981	10
(filmRef)3982	14
(filmRef)3983	10
(filmRef)3984	6
(filmRef)3985	6
(filmRef)3986	14
(filmRef)3987	14
(filmRef)3988	11
(filmRef)3989	1
(filmRef)3990	11
(filmRef)3991	10
(filmRef)3992	13
(filmRef)3993	3
(filmRef)3994	10
(filmRef)3995	13
(filmRef)3996	1
(filmRef)3997	6
(filmRef)3998	7
(filmRef)3999	2
(filmRef)4000	13
(filmRef)4001	11
(filmRef)4002	10
(filmRef)4003	11
(filmRef)4004	14
(filmRef)4005	14
(filmRef)4006	13
(filmRef)4007	13
(filmRef)4008	11
(filmRef)4009	14
(filmRef)4010	3
(filmRef)4011	10
(filmRef)4012	14
(filmRef)4013	14
(filmRef)4014	14
(filmRef)4015	13
(filmRef)4016	10
(filmRef)4017	3
(filmRef)4018	13
(filmRef)4020	18
(filmRef)4021	14
(filmRef)4022	6
(filmRef)4023	14
(filmRef)4024	14
(filmRef)4025	14
(filmRef)4027	7
(filmRef)4028	6
(filmRef)4030	10
(filmRef)4031	14
(filmRef)4032	11
(filmRef)4033	14
(filmRef)4034	10
(filmRef)4035	11
(filmRef)4036	10
(filmRef)4037	10
(filmRef)4039	14
(filmRef)4040	3
(filmRef)4041	11
(filmRef)4042	10
(filmRef)4043	13
(filmRef)4045	10
(filmRef)4046	10
(filmRef)4048	11
(filmRef)4049	1
(filmRef)4050	14
(filmRef)4051	10
(filmRef)4052	13
(filmRef)4053	10
(filmRef)4055	14
(filmRef)4056	10
(filmRef)4057	3
(filmRef)4058	11
(filmRef)4059	6
(filmRef)4060	10
(filmRef)4061	10
(filmRef)4062	10
(filmRef)4063	10
(filmRef)4064	3
(filmRef)4065	10
(filmRef)4066	11
(filmRef)4067	13
(filmRef)4069	14
(filmRef)4070	11
(filmRef)4071	11
(filmRef)4072	13
(filmRef)4073	11
(filmRef)4074	10
(filmRef)4075	13
(filmRef)4076	13
(filmRef)4077	6
(filmRef)4078	11
(filmRef)4079	11
(filmRef)4080	10
(filmRef)4081	13
(filmRef)4083	10
(filmRef)4084	1
(filmRef)4085	2
(filmRef)4086	14
(filmRef)4087	10
(filmRef)4088	13
(filmRef)4089	10
(filmRef)4090	11
(filmRef)4091	11
(filmRef)4093	13
(filmRef)4094	13
(filmRef)4095	10
(filmRef)4096	3
(filmRef)4097	10
(filmRef)4099	11
(filmRef)4100	11
(filmRef)4101	13
(filmRef)4102	11
(filmRef)4103	10
(filmRef)4104	10
(filmRef)4105	11
(filmRef)4106	13
(filmRef)4107	10
(filmRef)4108	10
(filmRef)4109	2
(filmRef)4110	10
(filmRef)4111	3
(filmRef)4112	13
(filmRef)4114	11
(filmRef)4115	13
(filmRef)4116	13
(filmRef)4117	10
(filmRef)4118	10
(filmRef)4119	10
(filmRef)4120	13
(filmRef)4121	11
(filmRef)4122	2
(filmRef)4123	10
(filmRef)4124	10
(filmRef)4125	11
(filmRef)4126	11
(filmRef)4132	11
(filmRef)4133	10
(filmRef)4134	13
(filmRef)4135	13
(filmRef)4136	11
(filmRef)4137	10
(filmRef)4138	11
(filmRef)4139	11
(filmRef)4140	11
(filmRef)4141	13
(filmRef)4142	13
(filmRef)4143	10
(filmRef)4144	18
(filmRef)4145	10
(filmRef)4146	11
(filmRef)4147	10
(filmRef)4148	13
(filmRef)4149	11
(filmRef)4150	10
(filmRef)4151	11
(filmRef)4152	13
(filmRef)4153	11
(filmRef)4154	18
(filmRef)4156	11
(filmRef)4157	9
(filmRef)4158	11
(filmRef)4159	1
(filmRef)4160	11
(filmRef)4161	13
(filmRef)4162	13
(filmRef)4163	10
(filmRef)4164	11
(filmRef)4165	9
(filmRef)4166	11
(filmRef)4167	11
(filmRef)4168	13
(filmRef)4169	10
(filmRef)4171	11
(filmRef)4172	10
(filmRef)4173	13
(filmRef)4174	9
(filmRef)4175	6
(filmRef)4176	11
(filmRef)4177	11
(filmRef)4178	10
(filmRef)4179	11
(filmRef)4180	10
(filmRef)4181	11
(filmRef)4183	11
(filmRef)4184	2
(filmRef)4185	11
(filmRef)4186	11
(filmRef)4188	13
(filmRef)4189	9
(filmRef)4190	3
(filmRef)4191	9
(filmRef)4192	11
(filmRef)4193	11
(filmRef)4194	10
(filmRef)4195	10
(filmRef)4196	10
(filmRef)4197	11
(filmRef)4198	11
(filmRef)4199	1
(filmRef)4200	11
(filmRef)4201	10
(filmRef)4203	10
(filmRef)4204	11
(filmRef)4205	10
(filmRef)4206	2
(filmRef)4207	19
(filmRef)4208	11
(filmRef)4209	13
(filmRef)4210	13
(filmRef)4212	13
(filmRef)4213	14
(filmRef)4214	14
(filmRef)4215	13
(filmRef)4216	7
(filmRef)4217	2
(filmRef)4219	13
(filmRef)4220	10
(filmRef)4221	2
(filmRef)4222	2
(filmRef)4223	1
(filmRef)4224	1
(filmRef)4225	10
(filmRef)4226	11
(filmRef)4227	10
(filmRef)4228	18
(filmRef)4229	1
(filmRef)4230	1
(filmRef)4232	1
(filmRef)4233	10
(filmRef)4234	11
(filmRef)4235	11
(filmRef)4237	13
(filmRef)4238	10
(filmRef)4239	14
(filmRef)4240	14
(filmRef)4241	11
(filmRef)4242	1
(filmRef)4243	11
(filmRef)4244	1
(filmRef)4245	1
(filmRef)4246	13
(filmRef)4247	2
(filmRef)4248	1
(filmRef)4249	14
(filmRef)4250	11
(filmRef)4251	3
(filmRef)4252	1
(filmRef)4253	11
(filmRef)4254	13
(filmRef)4255	14
(filmRef)4256	2
(filmRef)4258	13
(filmRef)4259	13
(filmRef)4260	14
(filmRef)4261	11
(filmRef)4262	10
(filmRef)4263	3
(filmRef)4264	6
(filmRef)4265	10
(filmRef)4266	14
(filmRef)4267	11
(filmRef)4268	13
(filmRef)4269	10
(filmRef)4270	13
(filmRef)4271	14
(filmRef)4273	13
(filmRef)4274	13
(filmRef)4275	13
(filmRef)4276	11
(filmRef)4277	2
(filmRef)4278	2
(filmRef)4279	11
(filmRef)4280	10
(filmRef)4283	2
(filmRef)4284	11
(filmRef)4285	10
(filmRef)4286	11
(filmRef)4287	11
(filmRef)4288	13
(filmRef)4289	10
(filmRef)4290	1
(filmRef)4291	1
(filmRef)4292	14
(filmRef)4293	10
(filmRef)4294	0
(filmRef)4295	13
(filmRef)4296	10
(filmRef)4297	2
(filmRef)4298	14
(filmRef)4299	11
(filmRef)4300	11
(filmRef)4301	14
(filmRef)4302	6
(filmRef)4303	1
(filmRef)4304	11
(filmRef)4305	11
(filmRef)4306	11
(filmRef)4307	11
(filmRef)4308	11
(filmRef)4309	11
(filmRef)4311	11
(filmRef)4312	13
(filmRef)4313	14
(filmRef)4316	11
(filmRef)4317	11
(filmRef)4318	3
(filmRef)4319	0
(filmRef)4320	14
(filmRef)4321	14
(filmRef)4322	13
(filmRef)4323	13
(filmRef)4324	10
(filmRef)4325	13
(filmRef)4326	10
(filmRef)4327	10
(filmRef)4328	14
(filmRef)4329	0
(filmRef)4330	1
(filmRef)4331	3
(filmRef)4332	3
(filmRef)4333	3
(filmRef)4334	3
(filmRef)4335	10
(filmRef)4336	3
(filmRef)4337	3
(filmRef)4338	3
(filmRef)4339	14
(filmRef)4340	3
(filmRef)4341	14
(filmRef)4342	11
(filmRef)4343	2
(filmRef)4344	10
(filmRef)4345	14
(filmRef)4346	2
(filmRef)4347	2
(filmRef)4348	3
(filmRef)4349	3
(filmRef)4350	10
(filmRef)4351	3
(filmRef)4352	14
(filmRef)4355	3
(filmRef)4358	3
(filmRef)4360	14
(filmRef)4361	11
(filmRef)4363	10
(filmRef)4364	10
(filmRef)4365	13
(filmRef)4366	11
(filmRef)4367	13
(filmRef)4368	13
(filmRef)4369	13
(filmRef)4370	13
(filmRef)4371	2
(filmRef)4372	10
(filmRef)4373	10
(filmRef)4374	3
(filmRef)4375	3
(filmRef)4376	2
(filmRef)4377	2
(filmRef)4380	3
(filmRef)4383	10
(filmRef)4386	1
(filmRef)4387	14
(filmRef)4388	2
(filmRef)4389	14
(filmRef)4390	11
(filmRef)4391	10
(filmRef)4393	13
(filmRef)4407	13
(filmRef)4408	13
(filmRef)4409	13
(filmRef)4410	13
(filmRef)4411	13
(filmRef)4412	14
(filmRef)4413	11
(filmRef)4414	11
(filmRef)4415	10
(filmRef)4416	11
(filmRef)4417	11
(filmRef)4418	6
(filmRef)4419	6
(filmRef)4420	14
(filmRef)4422	2
(filmRef)4423	11
(filmRef)4424	2
(filmRef)4425	14
(filmRef)4426	11
(filmRef)4427	11
(filmRef)4429	11
(filmRef)4430	11
(filmRef)4431	11
(filmRef)4432	6
(filmRef)4433	11
(filmRef)4434	13
(filmRef)4435	10
(filmRef)4436	10
(filmRef)4437	10
(filmRef)4438	10
(filmRef)4439	10
(filmRef)4440	10
(filmRef)4441	11
(filmRef)4442	10
(filmRef)4443	11
(filmRef)4444	11
(filmRef)4444A	11
(filmRef)4446	11
(filmRef)4447	11
(filmRef)4448	10
(filmRef)4449	10
(filmRef)4450	11
(filmRef)4451	9
(filmRef)4452	9
(filmRef)4453	9
(filmRef)4454	10
(filmRef)4455	11
(filmRef)4456	0
(filmRef)4457	1
(filmRef)4458	3
(filmRef)4459	14
(filmRef)4460	0
(filmRef)4461	13
(filmRef)4462	13
(filmRef)4463	13
(filmRef)4464	2
(filmRef)4465	11
(filmRef)4466	2
(filmRef)4467	6
(filmRef)4468	18
(filmRef)4469	6
(filmRef)4470	10
(filmRef)4471	11
(filmRef)4472	13
(filmRef)4473	11
(filmRef)4474	2
(filmRef)4475	11
(filmRef)4476	11
(filmRef)4477	2
(filmRef)4478	11
(filmRef)4479	2
(filmRef)4480	2
(filmRef)4481	14
(filmRef)4482	14
(filmRef)4483	14
(filmRef)4484	14
(filmRef)4485	3
(filmRef)4486	3
(filmRef)4487	11
(filmRef)4488	13
(filmRef)4489	3
(filmRef)4490	14
(filmRef)4491	19
(filmRef)4492	6
(filmRef)4493	2
(filmRef)4494	2
(filmRef)4495	14
(filmRef)4496	14
(filmRef)4497	2
(filmRef)4498	19
(filmRef)4499	3
(filmRef)4500	19
(filmRef)4501	10
(filmRef)4502	14
(filmRef)4503	14
(filmRef)4504	13
(filmRef)4505	13
(filmRef)4506	19
(filmRef)4507	13
(filmRef)4508	1
(filmRef)4509	3
(filmRef)4510	10
(filmRef)4511	2
(filmRef)4512	2
(filmRef)4513	13
(filmRef)4514	13
(filmRef)4515	2
(filmRef)4516	14
(filmRef)4517	10
(filmRef)4518	11
(filmRef)4519	3
(filmRef)4520	14
(filmRef)4522	6
(filmRef)4523	14
(filmRef)4524	3
(filmRef)4525	10
(filmRef)4526	11
(filmRef)4528	11
(filmRef)4529	10
(filmRef)4530	10
(filmRef)4531	10
(filmRef)4532	10
(filmRef)4533	10
(filmRef)4534	10
(filmRef)4535	10
(filmRef)4536	10
(filmRef)4537	10
(filmRef)4538	10
(filmRef)4539	10
(filmRef)4540	10
(filmRef)4541	10
(filmRef)4542	2
(filmRef)4543	13
(filmRef)4544	14
(filmRef)4545	18
(filmRef)4546	14
(filmRef)4547	10
(filmRef)4548	2
(filmRef)4549	14
(filmRef)4550	10
(filmRef)4551	6
(filmRef)4552	10
(filmRef)4553	10
(filmRef)4554	10
(filmRef)4555	2
(filmRef)4556	13
(filmRef)4557	3
(filmRef)4558	13
(filmRef)4559	19
(filmRef)4560	14
(filmRef)4561	2
(filmRef)4562	14
(filmRef)4563	14
(filmRef)4564	14
(filmRef)4565	3
(filmRef)4567	14
(filmRef)4568	10
(filmRef)4569	3
(filmRef)4570	6
(filmRef)4571	3
(filmRef)4572	7
(filmRef)4573	10
(filmRef)4574	2
(filmRef)4575	6
(filmRef)4576	2
(filmRef)4577	13
(filmRef)4578	2
(filmRef)4579	2
(filmRef)4580	2
(filmRef)4581	2
(filmRef)4582	2
(filmRef)4583	2
(filmRef)4584	2
(filmRef)4585	2
(filmRef)4586	2
(filmRef)4587	2
(filmRef)4588	2
(filmRef)4589	2
(filmRef)4590	2
(filmRef)4591	2
(filmRef)4592	2
(filmRef)4593	2
(filmRef)4594	2
(filmRef)4595	13
(filmRef)4596	6
(filmRef)4597	2
(filmRef)4598	2
(filmRef)4599	2
(filmRef)4600	2
(filmRef)4601	2
(filmRef)4602	3
(filmRef)4603	2
(filmRef)4604	10
(filmRef)4605	19
(filmRef)4606	3
(filmRef)4607	2
(filmRef)4608	3
(filmRef)4609	3
(filmRef)4610	6
(filmRef)4611	10
(filmRef)4612	10
(filmRef)4613	14
(filmRef)4614	13
(filmRef)4615	2
(filmRef)4616	2
(filmRef)4617	2
(filmRef)4618	2
(filmRef)4619	2
(filmRef)4620	19
(filmRef)4621	14
(filmRef)4622	19
(filmRef)4623	2
(filmRef)4624	19
(filmRef)4625	2
(filmRef)4626	19
(filmRef)4627	2
(filmRef)4632	6
(filmRef)4633	14
(filmRef)4634	3
(filmRef)4635	10
(filmRef)4636	10
(filmRef)4637	10
(filmRef)4638	2
(filmRef)4639	14
(filmRef)4640	14
(filmRef)4641	13
(filmRef)4642	13
(filmRef)4643	3
(filmRef)4644	13
(filmRef)4645	10
(filmRef)4646	13
(filmRef)4647	14
(filmRef)4648	3
(filmRef)4649	13
(filmRef)4650	10
(filmRef)4651	14
(filmRef)4652	10
(filmRef)4653	10
(filmRef)4654	14
(filmRef)4655	14
(filmRef)4656	14
(filmRef)4657	14
(filmRef)4658	14
(filmRef)4659	14
(filmRef)4660	14
(filmRef)4665	10
(filmRef)4667	2
(filmRef)4671	14
(filmRef)4672	14
(filmRef)4673	11
(filmRef)4674	10
(filmRef)4675	11
(filmRef)4676	11
(filmRef)4677	14
(filmRef)4678	10
(filmRef)4679	10
(filmRef)4680	11
(filmRef)4682	10
(filmRef)4683	10
(filmRef)4684	10
(filmRef)4685	10
(filmRef)4686	13
(filmRef)4687	10
(filmRef)4688	10
(filmRef)4689	10
(filmRef)4690	10
(filmRef)4691	10
(filmRef)4693	3
(filmRef)4694	3
(filmRef)4695	3
(filmRef)4696	10
(filmRef)4697	11
(filmRef)4698	2
(filmRef)4702	10
(filmRef)4703	11
(filmRef)4704	11
(filmRef)4705	10
(filmRef)4706	11
(filmRef)4707	10
(filmRef)4708	9
(filmRef)4713	10
(filmRef)4714	10
(filmRef)4715	0
(filmRef)4716	14
(filmRef)4717	10
(filmRef)4718	10
(filmRef)4719	10
(filmRef)4720	0
(filmRef)4721	10
(filmRef)4722	11
(filmRef)4723	11
(filmRef)4724	11
(filmRef)4725	11
(filmRef)4726	11
(filmRef)4727	11
(filmRef)4728	1
(filmRef)4729	10
(filmRef)4730	10
(filmRef)4731	11
(filmRef)4732	11
(filmRef)4733	11
(filmRef)4734	11
(filmRef)4735	11
(filmRef)4736	11
(filmRef)4737	11
(filmRef)4738	2
(filmRef)4739	11
(filmRef)4740	10
(filmRef)4741	10
(filmRef)4742	10
(filmRef)4743	10
(filmRef)4744	10
(filmRef)4745	11
(filmRef)4746	11
(filmRef)4747	0
(filmRef)4748	11
(filmRef)4749	11
(filmRef)4750	10
(filmRef)4751	10
(filmRef)4752	11
(filmRef)4753	10
(filmRef)4754	1
(filmRef)4755	18
(filmRef)4756	18
(filmRef)4757	18
(filmRef)4760	18
(filmRef)4762	18
(filmRef)4763	18
(filmRef)4764	18
(filmRef)4765	18
(filmRef)4766	18
(filmRef)4767	18
(filmRef)4768	14
(filmRef)4769	1
(filmRef)4770	18
(filmRef)4771	18
(filmRef)4772	18
(filmRef)4773	18
(filmRef)4774	18
(filmRef)4775	18
(filmRef)4776	18
(filmRef)4777	18
(filmRef)4778	13
(filmRef)4779	18
(filmRef)4780	18
(filmRef)4781	18
(filmRef)4782	18
(filmRef)4783	18
(filmRef)4784	11
(filmRef)4785	18
(filmRef)4786	18
(filmRef)4787	18
(filmRef)4788	18
(filmRef)4789	18
(filmRef)4790	14
(filmRef)4791	18
(filmRef)4792	18
(filmRef)4793	1
(filmRef)4794	1
(filmRef)4795	1
(filmRef)4796	18
(filmRef)4797	18
(filmRef)4798	18
(filmRef)4799	18
(filmRef)4800	18
(filmRef)4801	18
(filmRef)4802	18
(filmRef)4803	18
(filmRef)4804	18
(filmRef)4805	13
(filmRef)4806	18
(filmRef)4807	18
(filmRef)4808	18
(filmRef)4809	11
(filmRef)4810	11
(filmRef)4811	18
(filmRef)4812	18
(filmRef)4813	18
(filmRef)4814	1
(filmRef)4815	18
(filmRef)4816	18
(filmRef)4817	11
(filmRef)4818	10
(filmRef)4819	10
(filmRef)4820	10
(filmRef)4821	0
(filmRef)4822	18
(filmRef)4823	11
(filmRef)4824	1
(filmRef)4825	18
(filmRef)4828	9
(filmRef)4829	1
(filmRef)4830	11
(filmRef)4831	1
(filmRef)4832	9
(filmRef)4833	1
(filmRef)4834	9
(filmRef)4835	11
(filmRef)4836	9
(filmRef)4837	7
(filmRef)4838	7
(filmRef)4839	1
(filmRef)4840	1
(filmRef)4841	1
(filmRef)4842	1
(filmRef)4843	1
(filmRef)4845	1
(filmRef)4846	1
(filmRef)4847	9
(filmRef)4848	9
(filmRef)4849	9
(filmRef)4850	9
(filmRef)4851	18
(filmRef)4852	9
(filmRef)4853	9
(filmRef)4854	9
(filmRef)4855	9
(filmRef)4856	11
(filmRef)4857	7
(filmRef)4858	1
(filmRef)4859	1
(filmRef)4860	1
(filmRef)4861	1
(filmRef)4863	1
(filmRef)4864	1
(filmRef)4865	1
(filmRef)4866	9
(filmRef)4867	18
(filmRef)4868	1
(filmRef)4869	10
(filmRef)4870	1
(filmRef)4871	1
(filmRef)4872	1
(filmRef)4875	9
(filmRef)4876	9
(filmRef)4877	7
(filmRef)4878	9
(filmRef)4881	1
(filmRef)4883	9
(filmRef)4885	1
(filmRef)4888	1
(filmRef)4889	1
(filmRef)4890	9
(filmRef)4891	1
(filmRef)4892	1
(filmRef)4893	1
(filmRef)4894	1
(filmRef)4895	9
(filmRef)4896	1
(filmRef)4897	14
(filmRef)4898	14
(filmRef)4899	1
(filmRef)4900	1
(filmRef)4901	9
(filmRef)4902	1
(filmRef)4903	1
(filmRef)4904	1
(filmRef)4906	1
(filmRef)4907	1
(filmRef)4908	9
(filmRef)4909	1
(filmRef)4910	13
(filmRef)4911	1
(filmRef)4912	9
(filmRef)4913	9
(filmRef)4914	1
(filmRef)4915	1
(filmRef)4916	1
(filmRef)4917	1
(filmRef)4918	11
(filmRef)4919	11
(filmRef)4920	11
(filmRef)4921	9
(filmRef)4922	1
(filmRef)4925	1
(filmRef)4926	9
(filmRef)4927	11
(filmRef)4929	18
(filmRef)4930	1
(filmRef)4931	18
(filmRef)4932	18
(filmRef)4933	18
(filmRef)4934	18
(filmRef)4935	18
(filmRef)4936	18
(filmRef)4937	13
(filmRef)4938	18
(filmRef)4939	18
(filmRef)4940	18
(filmRef)4941	10
(filmRef)4942	11
(filmRef)4943	18
(filmRef)4944	18
(filmRef)4945	18
(filmRef)4946	18
(filmRef)4947	1
(filmRef)4948	18
(filmRef)4949	18
(filmRef)4950	18
(filmRef)4951	18
(filmRef)4952	13
(filmRef)4953	18
(filmRef)4954	18
(filmRef)4955	13
(filmRef)4956	18
(filmRef)4957	18
(filmRef)4958	18
(filmRef)4959	11
(filmRef)4960	18
(filmRef)4961	18
(filmRef)4962	18
(filmRef)4963	18
(filmRef)4964	18
(filmRef)4966	18
(filmRef)4967	7
(filmRef)4968	0
(filmRef)4969	11
(filmRef)4970	6
(filmRef)4971	13
(filmRef)4972	13
(filmRef)4973	13
(filmRef)4974	13
(filmRef)4975	13
(filmRef)4976	10
(filmRef)4977	2
(filmRef)4978	10
(filmRef)4979	13
(filmRef)4980	11
(filmRef)4981	11
(filmRef)4982	12
(filmRef)4983	11
(filmRef)4984	11
(filmRef)4985	13
(filmRef)4987	10
(filmRef)4988	10
(filmRef)4989	3
(filmRef)4990	3
(filmRef)4991	3
(filmRef)4992	3
(filmRef)4993	13
(filmRef)4994	10
(filmRef)4995	10
(filmRef)4996	18
(filmRef)4997	10
(filmRef)4998	13
(filmRef)4999	11
(filmRef)5000	13
(filmRef)5001	3
(filmRef)5002	14
(filmRef)5003	3
(filmRef)5004	11
(filmRef)5005	14
(filmRef)5006	13
(filmRef)5007	1
(filmRef)5008	13
(filmRef)5009	13
(filmRef)5010	1
(filmRef)5011	11
(filmRef)5012	11
(filmRef)5013	13
(filmRef)5014	11
(filmRef)5015	13
(filmRef)5016	10
(filmRef)5017	1
(filmRef)5018	18
(filmRef)5019	18
(filmRef)5020	1
(filmRef)5021	13
(filmRef)5022	13
(filmRef)5023	13
(filmRef)5024	1
(filmRef)5025	3
(filmRef)5026	1
(filmRef)5027	1
(filmRef)5029	18
(filmRef)5030	18
(filmRef)5031	14
(filmRef)5032	14
(filmRef)5034	14
(filmRef)5035	7
(filmRef)5036	13
(filmRef)5037	13
(filmRef)5038	13
(filmRef)5039	10
(filmRef)5040	10
(filmRef)5041	11
(filmRef)5042	10
(filmRef)5043	6
(filmRef)5046	3
(filmRef)5047	14
(filmRef)5048	1
(filmRef)5049	13
(filmRef)5050	18
(filmRef)5051	7
(filmRef)5052	18
(filmRef)5053	1
(filmRef)5054	7
(filmRef)5055	7
(filmRef)5056	18
(filmRef)5057	11
(filmRef)5060	1
(filmRef)5061	19
(filmRef)5062	11
(filmRef)5063	11
(filmRef)5064	11
(filmRef)5065	11
(filmRef)5066	11
(filmRef)5067	13
(filmRef)5068	18
(filmRef)5069	18
(filmRef)5070	13
(filmRef)5071	6
(filmRef)5072	11
(filmRef)5073	14
(filmRef)5074	18
(filmRef)5075	14
(filmRef)5076	2
(filmRef)5077	1
(filmRef)5078	1
(filmRef)5079	1
(filmRef)5080	6
(filmRef)5085	6
(filmRef)5086	1
(filmRef)5087	13
(filmRef)5088	13
(filmRef)5089	13
(filmRef)5090	13
(filmRef)5091	18
(filmRef)5092	18
(filmRef)5093	10
(filmRef)5094	11
(filmRef)5095	3
(filmRef)5096	14
(filmRef)5097	3
(filmRef)5098	1
(filmRef)5099	10
(filmRef)5101	13
(filmRef)5102	10
(filmRef)5103	10
(filmRef)5104	10
(filmRef)5106	10
(filmRef)5107	10
(filmRef)5108	10
(filmRef)5111	10
(filmRef)5112	11
(filmRef)5113	1
(filmRef)5114	1
(filmRef)5115	13
(filmRef)5116	13
(filmRef)5117	13
(filmRef)5118	13
(filmRef)5119	1
(filmRef)5120	1
(filmRef)5121	11
(filmRef)5122	1
(filmRef)5123	1
(filmRef)5124	1
(filmRef)5125	1
(filmRef)5126	1
(filmRef)5127	1
(filmRef)5128	13
(filmRef)5129	1
(filmRef)5130	13
(filmRef)5131	1
(filmRef)5132	1
(filmRef)5133	14
(filmRef)5134	1
(filmRef)5136	1
(filmRef)5137	1
(filmRef)5138	1
(filmRef)5139	13
(filmRef)5140	13
(filmRef)5141	13
(filmRef)5142	13
(filmRef)5143	1
(filmRef)5144	13
(filmRef)5145	13
(filmRef)5147	13
(filmRef)5148	13
(filmRef)5149	13
(filmRef)5150	13
(filmRef)5151	1
(filmRef)5152	13
(filmRef)5153	18
(filmRef)5154	1
(filmRef)5155	10
(filmRef)5156	10
(filmRef)5157	1
(filmRef)5158	1
(filmRef)5159	18
(filmRef)5160	1
(filmRef)5161	1
(filmRef)5162	1
(filmRef)5163	1
(filmRef)5164	1
(filmRef)5165	13
(filmRef)5166	18
(filmRef)5167	1
(filmRef)5168	1
(filmRef)5169	1
(filmRef)5170	1
(filmRef)5171	1
(filmRef)5172	1
(filmRef)5173	13
(filmRef)5174	1
(filmRef)5175	1
(filmRef)5176	1
(filmRef)5177	1
(filmRef)5178	18
(filmRef)5179	1
(filmRef)5180	18
(filmRef)5181	1
(filmRef)5182	13
(filmRef)5183	1
(filmRef)5184	1
(filmRef)5185	18
(filmRef)5187	1
(filmRef)5188	18
(filmRef)5189	1
(filmRef)5190	1
(filmRef)5192	1
(filmRef)5193	14
(filmRef)5194	1
(filmRef)5195	1
(filmRef)5196	18
(filmRef)5197	1
(filmRef)5198	1
(filmRef)5199	1
(filmRef)5200	18
(filmRef)5201	1
(filmRef)5202	1
(filmRef)5203	1
(filmRef)5204	1
(filmRef)5205	1
(filmRef)5206	18
(filmRef)5207	2
(filmRef)5208	1
(filmRef)5209	1
(filmRef)5210	1
(filmRef)5211	1
(filmRef)5212	1
(filmRef)5213	1
(filmRef)5214	1
(filmRef)5215	1
(filmRef)5216	13
(filmRef)5217	2
(filmRef)5218	1
(filmRef)5219	1
(filmRef)5220	1
(filmRef)5221	18
(filmRef)5222	1
(filmRef)5223	1
(filmRef)5224	2
(filmRef)5225	1
(filmRef)5226	1
(filmRef)5227	1
(filmRef)5228	13
(filmRef)5229	13
(filmRef)5230	1
(filmRef)5231	13
(filmRef)5234	18
(filmRef)5236	18
(filmRef)5237	2
(filmRef)5238	1
(filmRef)5239	1
(filmRef)5241	18
(filmRef)5242	1
(filmRef)5245	1
(filmRef)5248	1
(filmRef)5250	18
(filmRef)5251	18
(filmRef)5252	18
(filmRef)5253	1
(filmRef)5255	18
(filmRef)5259	18
(filmRef)5260	6
(filmRef)5261	18
(filmRef)5262	18
(filmRef)5263	18
(filmRef)5266	1
(filmRef)5269	18
(filmRef)5270	18
(filmRef)5271	18
(filmRef)5272	1
(filmRef)5274	18
(filmRef)5276	18
(filmRef)5278	18
(filmRef)5279	18
(filmRef)5280	14
(filmRef)5282	2
(filmRef)5283	10
(filmRef)5284	14
(filmRef)5285	1
(filmRef)5287	13
(filmRef)5288	13
(filmRef)5289	1
(filmRef)5290	10
(filmRef)5291	10
(filmRef)5292	11
(filmRef)5293	13
(filmRef)5294	10
(filmRef)5295	6
(filmRef)5296	13
(filmRef)5298	1
(filmRef)5299	1
(filmRef)5300	1
(filmRef)5301	1
(filmRef)5303	2
(filmRef)5304	6
(filmRef)5305	1
(filmRef)5306	1
(filmRef)5308	7
(filmRef)5309	1
(filmRef)5310	2
(filmRef)5311	1
(filmRef)5314	1
(filmRef)5315	13
(filmRef)5316	1
(filmRef)5317	1
(filmRef)5318	3
(filmRef)5319	7
(filmRef)5320	18
(filmRef)5321	10
(filmRef)5322	13
(filmRef)5323	1
(filmRef)5324	1
(filmRef)5325	13
(filmRef)5327	7
(filmRef)5328	7
(filmRef)5329	11
(filmRef)5330	13
(filmRef)5331	1
(filmRef)5332	6
(filmRef)5333	6
(filmRef)5334	6
(filmRef)5335	1
(filmRef)5336	1
(filmRef)5337	6
(filmRef)5338	14
(filmRef)5339	10
(filmRef)5340	14
(filmRef)5341	3
(filmRef)5342	6
(filmRef)5343	1
(filmRef)5344	1
(filmRef)5345	13
(filmRef)5346	2
(filmRef)5347	10
(filmRef)5348	13
(filmRef)5349	6
(filmRef)5350	18
(filmRef)5351	18
(filmRef)5352	3
(filmRef)5353	14
(filmRef)5354	6
(filmRef)5355	6
(filmRef)5356	18
(filmRef)5357	6
(filmRef)5358	1
(filmRef)5359	3
(filmRef)5360	1
(filmRef)5361	1
(filmRef)5362	1
(filmRef)5363	1
(filmRef)5364	11
(filmRef)5365	13
(filmRef)5366	1
(filmRef)5367	1
(filmRef)5368	1
(filmRef)5369	1
(filmRef)5370	1
(filmRef)5371	1
(filmRef)5372	1
(filmRef)5373	13
(filmRef)5374	13
(filmRef)5376	13
(filmRef)5377	18
(filmRef)5378	18
(filmRef)5379	6
(filmRef)5380	1
(filmRef)5381	2
(filmRef)5382	1
(filmRef)5383	14
(filmRef)5384	13
(filmRef)5385	1
(filmRef)5386	13
(filmRef)5387	1
(filmRef)5388	18
(filmRef)5389	7
(filmRef)5390	1
(filmRef)5391	1
(filmRef)5392	1
(filmRef)5393	1
(filmRef)5394	1
(filmRef)5395	14
(filmRef)5396	1
(filmRef)5397	1
(filmRef)5398	1
(filmRef)5399	1
(filmRef)5400	11
(filmRef)5401	11
(filmRef)5402	1
(filmRef)5403	1
(filmRef)5404	1
(filmRef)5405	1
(filmRef)5406	13
(filmRef)5407	1
(filmRef)5408	1
(filmRef)5409	13
(filmRef)5410	13
(filmRef)5411	1
(filmRef)5412	1
(filmRef)5413	13
(filmRef)5414	1
(filmRef)5415	6
(filmRef)5416	18
(filmRef)5417	1
(filmRef)5418	1
(filmRef)5419	14
(filmRef)5420	1
(filmRef)5421	1
(filmRef)5422	14
(filmRef)5423	1
(filmRef)5424	7
(filmRef)5426	13
(filmRef)5427	13
(filmRef)5428	13
(filmRef)5429	1
(filmRef)5430	6
(filmRef)5431	14
(filmRef)5432	18
(filmRef)5433	2
(filmRef)5434	13
(filmRef)5435	14
(filmRef)5436	1
(filmRef)5437	1
(filmRef)5438	1
(filmRef)5439	1
(filmRef)5440	1
(filmRef)5441	1
(filmRef)5442	1
(filmRef)5443	1
(filmRef)5444	1
(filmRef)5445	1
(filmRef)5446	1
(filmRef)5447	10
(filmRef)5448	18
(filmRef)5449	7
(filmRef)5451	6
(filmRef)5452	14
(filmRef)5453	1
(filmRef)5454	1
(filmRef)5455	2
(filmRef)5456	1
(filmRef)5457	1
(filmRef)5458	1
(filmRef)5459	1
(filmRef)5460	1
(filmRef)5461	1
(filmRef)5463	13
(filmRef)5464	1
(filmRef)5465	1
(filmRef)5467	1
(filmRef)5469	11
(filmRef)5470	18
(filmRef)5471	6
(filmRef)5472	7
(filmRef)5473	10
(filmRef)5474	14
(filmRef)5475	1
(filmRef)5476	1
(filmRef)5477	1
(filmRef)5478	1
(filmRef)5479	1
(filmRef)5480	1
(filmRef)5481	1
(filmRef)5482	11
(filmRef)5483	1
(filmRef)5484	1
(filmRef)5485	13
(filmRef)5486	13
(filmRef)5487	18
(filmRef)5488	1
(filmRef)5489	14
(filmRef)5491	2
(filmRef)5492	1
(filmRef)5493	1
(filmRef)5494	1
(filmRef)5495	1
(filmRef)5496	1
(filmRef)5497	1
(filmRef)5498	19
(filmRef)5499	1
(filmRef)5500	1
(filmRef)5501	1
(filmRef)5502	1
(filmRef)5503	1
(filmRef)5504	1
(filmRef)5505	1
(filmRef)5506	1
(filmRef)5507	1
(filmRef)5508	14
(filmRef)5509	1
(filmRef)5510	1
(filmRef)5511	1
(filmRef)5512	1
(filmRef)5513	1
(filmRef)5514	6
(filmRef)5515	1
(filmRef)5516	1
(filmRef)5517	14
(filmRef)5518	18
(filmRef)5519	14
(filmRef)5520	2
(filmRef)5521	1
(filmRef)5522	1
(filmRef)5524	13
(filmRef)5525	14
(filmRef)5526	1
(filmRef)5528	1
(filmRef)5529	10
(filmRef)5530	13
(filmRef)5531	14
(filmRef)5533	14
(filmRef)5534	14
(filmRef)5535	10
(filmRef)5536	10
(filmRef)5537	13
(filmRef)5538	10
(filmRef)5540	1
(filmRef)5541	10
(filmRef)5542	1
(filmRef)5543	11
(filmRef)5544	14
(filmRef)5546	14
(filmRef)5547	11
(filmRef)5548	2
(filmRef)5549	11
(filmRef)5550	14
(filmRef)5551	11
(filmRef)5552	1
(filmRef)5554	11
(filmRef)5555	1
(filmRef)5556	11
(filmRef)5557	10
(filmRef)5559	7
(filmRef)5560	6
(filmRef)5561	1
(filmRef)5562	10
(filmRef)5563	10
(filmRef)5564	10
(filmRef)5565	18
(filmRef)5566	10
(filmRef)5567	13
(filmRef)5568	7
(filmRef)5569	1
(filmRef)5570	1
(filmRef)5571	1
(filmRef)5572	13
(filmRef)5573	14
(filmRef)5574	11
(filmRef)5576	10
(filmRef)5577	1
(filmRef)5578	11
(filmRef)5579	1
(filmRef)5580	10
(filmRef)5581	1
(filmRef)5582	1
(filmRef)5583	1
(filmRef)5584	1
(filmRef)5585	14
(filmRef)5586	13
(filmRef)5587	13
(filmRef)5588	13
(filmRef)5589	13
(filmRef)5590	13
(filmRef)5591	10
(filmRef)5592	11
(filmRef)5594	18
(filmRef)5595	13
(filmRef)5596	18
(filmRef)5598	11
(filmRef)5599	11
(filmRef)5600	13
(filmRef)5601	10
(filmRef)5602	14
(filmRef)5603	10
(filmRef)5604	3
(filmRef)5605	11
(filmRef)5606	10
(filmRef)5607	10
(filmRef)5608	11
(filmRef)5609	3
(filmRef)5610	11
(filmRef)5611	11
(filmRef)5612	11
(filmRef)5613	11
(filmRef)5614	10
(filmRef)5615	3
(filmRef)5616	2
(filmRef)5618	14
(filmRef)5619	1
(filmRef)5620	10
(filmRef)5621	11
(filmRef)5622	2
(filmRef)5623	2
(filmRef)5624	18
(filmRef)5625	3
(filmRef)5626	11
(filmRef)5627	2
(filmRef)5628	13
(filmRef)5629	13
(filmRef)5630	10
(filmRef)5631	1
(filmRef)5632	7
(filmRef)5633	3
(filmRef)5634	10
(filmRef)5635	10
(filmRef)5636	10
(filmRef)5637	11
(filmRef)5638	10
(filmRef)5639	3
(filmRef)5640	2
(filmRef)5641	11
(filmRef)5642	1
(filmRef)5643	10
(filmRef)5645	14
(filmRef)5647	10
(filmRef)5649	14
(filmRef)5650	7
(filmRef)5651	14
(filmRef)5652	3
(filmRef)5653	14
(filmRef)5654	13
(filmRef)5655	7
(filmRef)5656	7
(filmRef)5657	7
(filmRef)5658	7
(filmRef)5659	7
(filmRef)5660	7
(filmRef)5661	2
(filmRef)5662	13
(filmRef)5663	13
(filmRef)5664	13
(filmRef)5665	13
(filmRef)5666	13
(filmRef)5667	3
(filmRef)5668	14
(filmRef)5669	3
(filmRef)5671	6
(filmRef)5672	11
(filmRef)5673	1
(filmRef)5674	11
(filmRef)5675	13
(filmRef)5676	13
(filmRef)5677	13
(filmRef)5678	13
(filmRef)5679	13
(filmRef)5680	13
(filmRef)5681	13
(filmRef)5682	13
(filmRef)5683	13
(filmRef)5684	13
(filmRef)5685	13
(filmRef)5686	14
(filmRef)5687	13
(filmRef)5688	13
(filmRef)5689	13
(filmRef)5690	6
(filmRef)5691	13
(filmRef)5692	13
(filmRef)5693	13
(filmRef)5694	13
(filmRef)5695	13
(filmRef)5696	13
(filmRef)5697	13
(filmRef)5698	13
(filmRef)5699	13
(filmRef)5700	13
(filmRef)5701	13
(filmRef)5702	13
(filmRef)5703	13
(filmRef)5704	13
(filmRef)5705	13
(filmRef)5706	13
(filmRef)5707	13
(filmRef)5708	13
(filmRef)5709	13
(filmRef)5710	13
(filmRef)5711	10
(filmRef)5712	13
(filmRef)5713	13
(filmRef)5714	13
(filmRef)5715	13
(filmRef)5716	13
(filmRef)5717	13
(filmRef)5718	3
(filmRef)5719	13
(filmRef)5720	13
(filmRef)5721	13
(filmRef)5722	13
(filmRef)5723	13
(filmRef)5724	13
(filmRef)5725	13
(filmRef)5726	13
(filmRef)5727	3
(filmRef)5728	14
(filmRef)5729	19
(filmRef)5730	11
(filmRef)5732	19
(filmRef)5733	10
(filmRef)5734	10
(filmRef)5735	2
(filmRef)5736	14
(filmRef)5737	14
(filmRef)5738	10
(filmRef)5739	10
(filmRef)5740	7
(filmRef)5741	11
(filmRef)5742	13
(filmRef)5744	11
(filmRef)5745	2
(filmRef)5746	2
(filmRef)5747	14
(filmRef)5749	14
(filmRef)5752	14
(filmRef)5753	14
(filmRef)5754	6
(filmRef)5756	2
(filmRef)5757	14
(filmRef)5758	3
(filmRef)5759	6
(filmRef)5761	13
(filmRef)5762	11
(filmRef)5763	3
(filmRef)5764	14
(filmRef)5765	13
(filmRef)5766	10
(filmRef)5767	0
(filmRef)5768	14
(filmRef)5769	19
(filmRef)5770	14
(filmRef)5771	2
(filmRef)5772	3
(filmRef)5773	14
(filmRef)5774	14
(filmRef)5775	10
(filmRef)5777	10
(filmRef)5778	11
(filmRef)5779	11
(filmRef)5780	10
(filmRef)5781	11
(filmRef)5782	10
(filmRef)5783	1
(filmRef)5784	1
(filmRef)5785	10
(filmRef)5786	10
(filmRef)5787	11
(filmRef)5788	10
(filmRef)5789	11
(filmRef)5790	11
(filmRef)5791	10
(filmRef)5792	11
(filmRef)5793	14
(filmRef)5794	10
(filmRef)5795	10
(filmRef)5796	13
(filmRef)5797	10
(filmRef)5798	10
(filmRef)5799	1
(filmRef)5800	14
(filmRef)5801	13
(filmRef)5803	14
(filmRef)5804	10
(filmRef)5805	3
(filmRef)5806	3
(filmRef)5807	2
(filmRef)5809	11
(filmRef)5810	11
(filmRef)5811	6
(filmRef)5812	11
(filmRef)5814	11
(filmRef)5815	11
(filmRef)5816	11
(filmRef)5817	10
(filmRef)5818	10
(filmRef)5819	7
(filmRef)5820	11
(filmRef)5821	13
(filmRef)5822	13
(filmRef)5823	13
(filmRef)5824	13
(filmRef)5825	10
(filmRef)5826	13
(filmRef)5828	14
(filmRef)5829	14
(filmRef)5830	7
(filmRef)5831	3
(filmRef)5832	13
(filmRef)5833	3
(filmRef)5834	14
(filmRef)5835	13
(filmRef)5836	14
(filmRef)5837	13
(filmRef)5838	13
(filmRef)5839	13
(filmRef)5840	3
(filmRef)5841	11
(filmRef)5842	13
(filmRef)5843	14
(filmRef)5845	3
(filmRef)5846	3
(filmRef)5847	3
(filmRef)5848	3
(filmRef)5849	11
(filmRef)5850	10
(filmRef)5851	11
(filmRef)5852	11
(filmRef)5853	14
(filmRef)5854	14
(filmRef)5855	3
(filmRef)5856	13
(filmRef)5857	19
(filmRef)5858	3
(filmRef)5859	3
(filmRef)5860	11
(filmRef)5861	11
(filmRef)5862	3
(filmRef)5863	6
(filmRef)5864	11
(filmRef)5865	11
(filmRef)5866	14
(filmRef)5867	11
(filmRef)5868	14
(filmRef)5869	14
(filmRef)5870	14
(filmRef)5871	14
(filmRef)5872	14
(filmRef)5873	2
(filmRef)5874	10
(filmRef)5876	19
(filmRef)5877	3
(filmRef)5878	2
(filmRef)5879	2
(filmRef)5880	10
(filmRef)5882	2
(filmRef)5883	14
(filmRef)5884	11
(filmRef)5885	10
(filmRef)5886	10
(filmRef)5887	14
(filmRef)5888	11
(filmRef)5890	11
(filmRef)5893	14
(filmRef)5894	13
(filmRef)5895	1
(filmRef)5896	10
(filmRef)5897	14
(filmRef)5898	11
(filmRef)5899	10
(filmRef)5900	11
(filmRef)5902	13
(filmRef)5903	13
(filmRef)5904	7
(filmRef)5905	10
(filmRef)5906	11
(filmRef)5907	11
(filmRef)5908	11
(filmRef)5909	11
(filmRef)5910	11
(filmRef)5911	11
(filmRef)5912	10
(filmRef)5913	18
(filmRef)5914	13
(filmRef)5915	13
(filmRef)5916	11
(filmRef)5917	1
(filmRef)5918	13
(filmRef)5919	11
(filmRef)5920	13
(filmRef)5921	13
(filmRef)5922	13
(filmRef)5923	13
(filmRef)5924	10
(filmRef)5925	13
(filmRef)5926	18
(filmRef)5927	1
(filmRef)5928	13
(filmRef)5929	2
(filmRef)5930	6
(filmRef)5931	13
(filmRef)5932	1
(filmRef)5933	13
(filmRef)5934	1
(filmRef)5935	1
(filmRef)5936	14
(filmRef)5938	14
(filmRef)5939	18
(filmRef)5940	10
(filmRef)5941	13
(filmRef)5942	13
(filmRef)5944	1
(filmRef)5945	1
(filmRef)5947	1
(filmRef)5948	1
(filmRef)5949	1
(filmRef)5950	1
(filmRef)5952	19
(filmRef)5953	14
(filmRef)5954	14
(filmRef)5955	11
(filmRef)5956	10
(filmRef)5957	10
(filmRef)5958	10
(filmRef)5959	10
(filmRef)5960	10
(filmRef)5961	10
(filmRef)5962	11
(filmRef)5963	10
(filmRef)5964	11
(filmRef)5965	0
(filmRef)5966	0
(filmRef)5967	0
(filmRef)5968	0
(filmRef)5969	0
(filmRef)5970	10
(filmRef)5971	10
(filmRef)5972	2
(filmRef)5973	10
(filmRef)5974	10
(filmRef)5975	10
(filmRef)5976	14
(filmRef)5977	14
(filmRef)5978	14
(filmRef)5979	14
(filmRef)5980	14
(filmRef)5981	14
(filmRef)5982	14
(filmRef)5983	2
(filmRef)5984	14
(filmRef)5985	14
(filmRef)5986	7
(filmRef)5987	14
(filmRef)5988	18
(filmRef)5989	18
(filmRef)5990	14
(filmRef)5991	0
(filmRef)5994	14
(filmRef)5995	14
(filmRef)5996	14
(filmRef)5997	14
(filmRef)5998	14
(filmRef)5999	10
(filmRef)6000	3
(filmRef)6001	19
(filmRef)6002	14
(filmRef)6003	3
(filmRef)6004	10
(filmRef)6005	2
(filmRef)6006	10
(filmRef)6007	3
(filmRef)6008	3
(filmRef)6009	3
(filmRef)6010	2
(filmRef)6011	13
(filmRef)6012	13
(filmRef)6013	3
(filmRef)6014	10
(filmRef)6015	3
(filmRef)6016	10
(filmRef)6017	2
(filmRef)6018	2
(filmRef)6019	13
(filmRef)6020	13
(filmRef)6021	10
(filmRef)6022	10
(filmRef)6023	2
(filmRef)6024	10
(filmRef)6025	10
(filmRef)6026	6
(filmRef)6027	13
(filmRef)6028	14
(filmRef)6029	6
(filmRef)6030	14
(filmRef)6031	10
(filmRef)6032	13
(filmRef)6033	2
(filmRef)6034	10
(filmRef)6035	2
(filmRef)6036	2
(filmRef)6037	10
(filmRef)6038	10
(filmRef)6039	13
(filmRef)6040	14
(filmRef)6041	14
(filmRef)6042	13
(filmRef)6043	14
(filmRef)6044	18
(filmRef)6045	14
(filmRef)6046	14
(filmRef)6047	14
(filmRef)6048	14
(filmRef)6049	14
(filmRef)6050	13
(filmRef)6051	2
(filmRef)6052	10
(filmRef)6053	9
(filmRef)6054	2
(filmRef)6055	10
(filmRef)6056	2
(filmRef)6057	0
(filmRef)6058	11
(filmRef)6059	10
(filmRef)6060	2
(filmRef)6061	10
(filmRef)6062	3
(filmRef)6063	13
(filmRef)6064	2
(filmRef)6065	3
(filmRef)6066	14
(filmRef)6067	10
(filmRef)6068	10
(filmRef)6069	10
(filmRef)6070	3
(filmRef)6071	2
(filmRef)6072	13
(filmRef)6073	13
(filmRef)6074	13
(filmRef)6075	1
(filmRef)6076	2
(filmRef)6077	13
(filmRef)6078	13
(filmRef)6079	13
(filmRef)6080	18
(filmRef)6081	11
(filmRef)6082	13
(filmRef)6083	14
(filmRef)6084	18
(filmRef)6085	13
(filmRef)6086	14
(filmRef)6087	2
(filmRef)6088	18
(filmRef)6089	2
(filmRef)6090	13
(filmRef)6091	14
(filmRef)6092	18
(filmRef)6093	14
(filmRef)6094	3
(filmRef)6095	3
(filmRef)6096	11
(filmRef)6097	14
(filmRef)6098	14
(filmRef)6099	2
(filmRef)6100	13
(filmRef)6101	10
(filmRef)6103	13
(filmRef)6104	10
(filmRef)6105	3
(filmRef)6106	14
(filmRef)6107	3
(filmRef)6108	10
(filmRef)6109	13
(filmRef)6110	1
(filmRef)6111	2
(filmRef)6112	2
(filmRef)6113	3
(filmRef)6114	14
(filmRef)6115	10
(filmRef)6116	10
(filmRef)6117	6
(filmRef)6118	10
(filmRef)6119	10
(filmRef)6120	10
(filmRef)6121	10
(filmRef)6122	14
(filmRef)6123	16
(filmRef)6124	13
(filmRef)6125	13
(filmRef)6126	10
(filmRef)6127	10
(filmRef)6128	11
(filmRef)6129	10
(filmRef)6130	10
(filmRef)6131	7
(filmRef)6132	11
(filmRef)6133	10
(filmRef)6134	10
(filmRef)6135	13
(filmRef)6136	13
(filmRef)6137	13
(filmRef)6138	13
(filmRef)6139	13
(filmRef)6140	13
(filmRef)6141	13
(filmRef)6142	13
(filmRef)6143	13
(filmRef)6144	13
(filmRef)6145	13
(filmRef)6146	10
(filmRef)6147	10
(filmRef)6148	11
(filmRef)6149	11
(filmRef)6150	11
(filmRef)6151	11
(filmRef)6152	14
(filmRef)6153	0
(filmRef)6154	11
(filmRef)6156	2
(filmRef)6157	1
(filmRef)6158	10
(filmRef)6159	10
(filmRef)6160	10
(filmRef)6161	10
(filmRef)6162	0
(filmRef)6163	10
(filmRef)6164	10
(filmRef)6165	10
(filmRef)6166	10
(filmRef)6167	11
(filmRef)6168	6
(filmRef)6169	10
(filmRef)6170	10
(filmRef)6171	11
(filmRef)6172	11
(filmRef)6173	10
(filmRef)6175	13
(filmRef)6176	14
(filmRef)6177	14
(filmRef)6178	14
(filmRef)6179	14
(filmRef)6180	14
(filmRef)6181	14
(filmRef)6182	14
(filmRef)6183	14
(filmRef)6184	14
(filmRef)6185	14
(filmRef)6186	14
(filmRef)6187	14
(filmRef)6188	7
(filmRef)6189	14
(filmRef)6190	14
(filmRef)6191	19
(filmRef)6192	11
(filmRef)6193	14
(filmRef)6194	14
(filmRef)6195	19
(filmRef)6196	14
(filmRef)6197	14
(filmRef)6198	14
(filmRef)6199	7
(filmRef)6200	14
(filmRef)6201	14
(filmRef)6202	14
(filmRef)6203	14
(filmRef)6204	14
(filmRef)6205	1
(filmRef)6206	14
(filmRef)6207	14
(filmRef)6208	11
(filmRef)6209	10
(filmRef)6210	2
(filmRef)6211	10
(filmRef)6212	10
(filmRef)6213	11
(filmRef)6214	11
(filmRef)6215	11
(filmRef)6216	11
(filmRef)6217	11
(filmRef)6218	10
(filmRef)6219	11
(filmRef)6220	10
(filmRef)6221	10
(filmRef)6222	10
(filmRef)6224	10
(filmRef)6225	10
(filmRef)6226	11
(filmRef)6227	11
(filmRef)6228	3
(filmRef)6229	10
(filmRef)6230	3
(filmRef)6231	11
(filmRef)6232	3
(filmRef)6233	10
(filmRef)6234	10
(filmRef)6235	11
(filmRef)6236	13
(filmRef)6237	3
(filmRef)6238	14
(filmRef)6240	2
(filmRef)6241	14
(filmRef)6242	3
(filmRef)6243	6
(filmRef)6244	14
(filmRef)6245	13
(filmRef)6246	3
(filmRef)6247	2
(filmRef)6248	3
(filmRef)6249	2
(filmRef)6250	14
(filmRef)6251	14
(filmRef)6252	14
(filmRef)6253	14
(filmRef)6254	14
(filmRef)6255	14
(filmRef)6256	3
(filmRef)6257	3
(filmRef)6258	14
(filmRef)6259	14
(filmRef)6260	10
(filmRef)6261	14
(filmRef)6262	2
(filmRef)6263	3
(filmRef)6264	3
(filmRef)6265	3
(filmRef)6266	14
(filmRef)6267	14
(filmRef)6268	3
(filmRef)6269	14
(filmRef)6270	14
(filmRef)6271	14
(filmRef)6272	14
(filmRef)6273	10
(filmRef)6274	14
(filmRef)6275	14
(filmRef)6276	3
(filmRef)6277	3
(filmRef)6278	10
(filmRef)6279	2
(filmRef)6280	14
(filmRef)6281	14
(filmRef)6282	6
(filmRef)6283	6
(filmRef)6284	6
(filmRef)6285	10
(filmRef)6286	13
(filmRef)6287	11
(filmRef)6288	14
(filmRef)6289	11
(filmRef)6290	11
(filmRef)6291	10
(filmRef)6292	3
(filmRef)6293	3
(filmRef)6294	13
(filmRef)6295	13
(filmRef)6296	13
(filmRef)6297	18
(filmRef)6298	18
(filmRef)6299	10
(filmRef)6300	13
(filmRef)6301	13
(filmRef)6302	13
(filmRef)6303	18
(filmRef)6304	11
(filmRef)6305	6
(filmRef)6306	13
(filmRef)6307	10
(filmRef)6308	13
(filmRef)6309	13
(filmRef)6310	1
(filmRef)6311	18
(filmRef)6312	13
(filmRef)6313	18
(filmRef)6314	13
(filmRef)6315	11
(filmRef)6316	13
(filmRef)6317	2
(filmRef)6318	18
(filmRef)6319	10
(filmRef)6320	10
(filmRef)6321	13
(filmRef)6322	6
(filmRef)6323	13
(filmRef)6324	13
(filmRef)6325	13
(filmRef)6326	11
(filmRef)6327	11
(filmRef)6328	18
(filmRef)6329	19
(filmRef)6331	14
(filmRef)6332	3
(filmRef)6333	6
(filmRef)6334	3
(filmRef)6335	3
(filmRef)6336	10
(filmRef)6337	3
(filmRef)6338	3
(filmRef)6339	3
(filmRef)6340	2
(filmRef)6341	13
(filmRef)6342	3
(filmRef)6343	3
(filmRef)6344	3
(filmRef)6345	3
(filmRef)6346	10
(filmRef)6346B	10
(filmRef)6346C	10
(filmRef)6347	10
(filmRef)6348	10
(filmRef)6349	10
(filmRef)6350	2
(filmRef)6351	2
(filmRef)6352	2
(filmRef)6353	14
(filmRef)6354	19
(filmRef)6355	19
(filmRef)6356	6
(filmRef)6357	19
(filmRef)6358	19
(filmRef)6359	19
(filmRef)6360	19
(filmRef)6361	19
(filmRef)6362	14
(filmRef)6363	14
(filmRef)6364	14
(filmRef)6365	2
(filmRef)6366	2
(filmRef)6367	11
(filmRef)6368	2
(filmRef)6369	2
(filmRef)6370	2
(filmRef)6371	2
(filmRef)6372	14
(filmRef)6373	3
(filmRef)6374	13
(filmRef)6375	2
(filmRef)6376	10
(filmRef)6377	11
(filmRef)6378	10
(filmRef)6379	10
(filmRef)6380	3
(filmRef)6382	10
(filmRef)6383	19
(filmRef)6384	19
(filmRef)6386	11
(filmRef)6387	13
(filmRef)6388	3
(filmRef)6389	3
(filmRef)6390	10
(filmRef)6391	16
(filmRef)6392	13
(filmRef)6393	7
(filmRef)6394	11
(filmRef)6395	11
(filmRef)6396	0
(filmRef)6397	10
(filmRef)6398	11
(filmRef)6399	2
(filmRef)6400	11
(filmRef)6401	11
(filmRef)6402	14
(filmRef)6403	3
(filmRef)6404	14
(filmRef)6405	3
(filmRef)6406	11
(filmRef)6407	10
(filmRef)6408	14
(filmRef)6409	10
(filmRef)6410	14
(filmRef)6411	3
(filmRef)6412	3
(filmRef)6413	14
(filmRef)6414	3
(filmRef)6415	11
(filmRef)6416	10
(filmRef)6417	11
(filmRef)6418	14
(filmRef)6419	3
(filmRef)6420	10
(filmRef)6421	3
(filmRef)6422	14
(filmRef)6423	11
(filmRef)6424	11
(filmRef)6425	3
(filmRef)6426	3
(filmRef)6427	14
(filmRef)6428	2
(filmRef)6429	14
(filmRef)6430	10
(filmRef)6431	14
(filmRef)6432	11
(filmRef)6433	3
(filmRef)6434	11
(filmRef)6435	11
(filmRef)6436	11
(filmRef)6437	10
(filmRef)6438	11
(filmRef)6439	14
(filmRef)6440	3
(filmRef)6441	11
(filmRef)6442	14
(filmRef)6443	14
(filmRef)6444	10
(filmRef)6445	10
(filmRef)6446	10
(filmRef)6447	19
(filmRef)6448	10
(filmRef)6449	14
(filmRef)6450	3
(filmRef)6451	2
(filmRef)6452	11
(filmRef)6453	2
(filmRef)6454	2
(filmRef)6455	3
(filmRef)6456	2
(filmRef)6457	11
(filmRef)6458	3
(filmRef)6459	2
(filmRef)6460	3
(filmRef)6461	3
(filmRef)6462	11
(filmRef)6463	14
(filmRef)6464	14
(filmRef)6465	14
(filmRef)6466	3
(filmRef)6467	6
(filmRef)6468	3
(filmRef)6469	14
(filmRef)6470	6
(filmRef)6472	11
(filmRef)6473	3
(filmRef)6474	3
(filmRef)6475	3
(filmRef)6476	14
(filmRef)6477	3
(filmRef)6478	3
(filmRef)6479	14
(filmRef)6480	6
(filmRef)6481	3
(filmRef)6482	14
(filmRef)6483	3
(filmRef)6484	11
(filmRef)6485	14
(filmRef)6486	14
(filmRef)6487	3
(filmRef)6488	3
(filmRef)6489	3
(filmRef)6490	14
(filmRef)6491	11
(filmRef)6492	3
(filmRef)6493	14
(filmRef)6494	11
(filmRef)6495	3
(filmRef)6496	14
(filmRef)6497	14
(filmRef)6498	3
(filmRef)6499	14
(filmRef)6500	3
(filmRef)6501	3
(filmRef)6502	14
(filmRef)6503	10
(filmRef)6504	14
(filmRef)6505	2
(filmRef)6509	14
(filmRef)6510	3
(filmRef)6511	14
(filmRef)6512	3
(filmRef)6513	14
(filmRef)6514	14
(filmRef)6515	14
(filmRef)6516	14
(filmRef)6517	14
(filmRef)6518	3
(filmRef)6519	3
(filmRef)6520	14
(filmRef)6521	14
(filmRef)6522	14
(filmRef)6523	14
(filmRef)6524	3
(filmRef)6525	14
(filmRef)6526	14
(filmRef)6527	14
(filmRef)6528	11
(filmRef)6529	14
(filmRef)6530	14
(filmRef)6531	3
(filmRef)6532	14
(filmRef)6533	14
(filmRef)6534	2
(filmRef)6535	3
(filmRef)6536	3
(filmRef)6537	2
(filmRef)6538	14
(filmRef)6539	3
(filmRef)6540	14
(filmRef)6541	14
(filmRef)6542	14
(filmRef)6543	14
(filmRef)6544	14
(filmRef)6545	3
(filmRef)6546	14
(filmRef)6547	11
(filmRef)6548	3
(filmRef)6549	13
(filmRef)6550	14
(filmRef)6551	14
(filmRef)6552	3
(filmRef)6553	11
(filmRef)6554	3
(filmRef)6555	3
(filmRef)6556	14
(filmRef)6558	3
(filmRef)6559	14
(filmRef)6560	14
(filmRef)6561	3
(filmRef)6562	3
(filmRef)6563	3
(filmRef)6564	3
(filmRef)6565	10
(filmRef)6566	11
(filmRef)6567	6
(filmRef)6568	14
(filmRef)6569	14
(filmRef)6570	11
(filmRef)6571	14
(filmRef)6572	14
(filmRef)6573	14
(filmRef)6574	14
(filmRef)6575	3
(filmRef)6576	11
(filmRef)6577	11
(filmRef)6578	3
(filmRef)6579	14
(filmRef)6580	13
(filmRef)6581	13
(filmRef)6582	13
(filmRef)6585	3
(filmRef)6586	19
(filmRef)6587	14
(filmRef)6589	11
(filmRef)6590	2
(filmRef)6591	6
(filmRef)6592	14
(filmRef)6593	14
(filmRef)6594	11
(filmRef)6595	11
(filmRef)6596	10
(filmRef)6597	14
(filmRef)6598	14
(filmRef)6599	11
(filmRef)6600	3
(filmRef)6601	3
(filmRef)6602	11
(filmRef)6603	10
(filmRef)6604	14
(filmRef)6605	11
(filmRef)6606	11
(filmRef)6607	11
(filmRef)6608	11
(filmRef)6609	10
(filmRef)6610	11
(filmRef)6611	10
(filmRef)6612	10
(filmRef)6613	2
(filmRef)6614	3
(filmRef)6615	3
(filmRef)6616	3
(filmRef)6617	3
(filmRef)6618	3
(filmRef)6619	3
(filmRef)6620	3
(filmRef)6622	11
(filmRef)6623	11
(filmRef)6624	3
(filmRef)6625	10
(filmRef)6626	10
(filmRef)6627	3
(filmRef)6628	14
(filmRef)6629	2
(filmRef)6630	6
(filmRef)6631	3
(filmRef)6632	3
(filmRef)6633	10
(filmRef)6634	10
(filmRef)6635	11
(filmRef)6636	3
(filmRef)6637	3
(filmRef)6638	10
(filmRef)6639	3
(filmRef)6640	19
(filmRef)6641	3
(filmRef)6642	3
(filmRef)6643	3
(filmRef)6644	2
(filmRef)6645	14
(filmRef)6646	3
(filmRef)6647	3
(filmRef)6648	3
(filmRef)6649	3
(filmRef)6650	14
(filmRef)6651	14
(filmRef)6652	3
(filmRef)6653	14
(filmRef)6654	14
(filmRef)6655	14
(filmRef)6656	3
(filmRef)6657	3
(filmRef)6658	3
(filmRef)6660	3
(filmRef)6661	14
(filmRef)6662	6
(filmRef)6663	3
(filmRef)6664	6
(filmRef)6665	10
(filmRef)6666	10
(filmRef)6667	10
(filmRef)6668	3
(filmRef)6669	10
(filmRef)6670	3
(filmRef)6671	14
(filmRef)6672	14
(filmRef)6674	3
(filmRef)6675	14
(filmRef)6676	14
(filmRef)6677	14
(filmRef)6678	14
(filmRef)6679	14
(filmRef)6680	18
(filmRef)6681	14
(filmRef)6682	3
(filmRef)6683	14
(filmRef)6684	14
(filmRef)6685	14
(filmRef)6686	18
(filmRef)6687	14
(filmRef)6688	14
(filmRef)6689	11
(filmRef)6690	10
(filmRef)6691	10
(filmRef)6692	10
(filmRef)6693	3
(filmRef)6694	3
(filmRef)6695	3
(filmRef)6696	3
(filmRef)6697	13
(filmRef)6698	3
(filmRef)6699	10
(filmRef)6700	10
(filmRef)6701	2
(filmRef)6702	13
(filmRef)6703	13
(filmRef)6704	13
(filmRef)6705	13
(filmRef)6706	14
(filmRef)6707	6
(filmRef)6708	10
(filmRef)6709	19
(filmRef)6710	10
(filmRef)6711	2
(filmRef)6712	14
(filmRef)6713	14
(filmRef)6714	14
(filmRef)6715	10
(filmRef)6716	13
(filmRef)6717	13
(filmRef)6718	13
(filmRef)6719	14
(filmRef)6720	14
(filmRef)6721	10
(filmRef)6722	7
(filmRef)6723	3
(filmRef)6724	14
(filmRef)6725	2
(filmRef)6726	2
(filmRef)6727	3
(filmRef)6728	2
(filmRef)6729	3
(filmRef)6730	2
(filmRef)6731	14
(filmRef)6732	2
(filmRef)6733	3
(filmRef)6734	6
(filmRef)6735	2
(filmRef)6736	3
(filmRef)6737	19
(filmRef)6738	3
(filmRef)6739	3
(filmRef)6740	10
(filmRef)6741	2
(filmRef)6742	3
(filmRef)6743	2
(filmRef)6744	10
(filmRef)6745	6
(filmRef)6746	2
(filmRef)6747	3
(filmRef)6748	3
(filmRef)6749	3
(filmRef)6750	10
(filmRef)6751	10
(filmRef)6752	10
(filmRef)6753	13
(filmRef)6754	19
(filmRef)6755	10
(filmRef)6756	10
(filmRef)6757	10
(filmRef)6758	0
(filmRef)6759	10
(filmRef)6760	11
(filmRef)6761	6
(filmRef)6762	11
(filmRef)6763	10
(filmRef)6764	11
(filmRef)6765	0
(filmRef)6766	14
(filmRef)6767	11
(filmRef)6769	18
(filmRef)6770	14
(filmRef)6771	10
(filmRef)6772	10
(filmRef)6773	14
(filmRef)6774	14
(filmRef)6776	10
(filmRef)6777	10
(filmRef)6778	11
(filmRef)6779	18
(filmRef)6781	3
(filmRef)6782	3
(filmRef)6783	3
(filmRef)6784	6
(filmRef)6785	14
(filmRef)6786	14
(filmRef)6787	10
(filmRef)6788	3
(filmRef)6789	3
(filmRef)6790	2
(filmRef)6791	2
(filmRef)6792	13
(filmRef)6793	13
(filmRef)6794	14
(filmRef)6795	14
(filmRef)6796	14
(filmRef)6797	14
(filmRef)6798	14
(filmRef)6799	3
(filmRef)6800	19
(filmRef)6801	14
(filmRef)6802	14
(filmRef)6803	19
(filmRef)6804	14
(filmRef)6805	14
(filmRef)6806	19
(filmRef)6807	3
(filmRef)6808	14
(filmRef)6809	14
(filmRef)681	10
(filmRef)6810	14
(filmRef)6811	14
(filmRef)6812	14
(filmRef)6813	7
(filmRef)6815	10
(filmRef)6817	10
(filmRef)6818	10
(filmRef)6819	11
(filmRef)6820	14
(filmRef)6821	13
(filmRef)6822	11
(filmRef)6823	13
(filmRef)6824	14
(filmRef)6825	11
(filmRef)6826	10
(filmRef)6827	10
(filmRef)6828	10
(filmRef)6829	10
(filmRef)6830	13
(filmRef)6831	14
(filmRef)6832	13
(filmRef)6833	11
(filmRef)6834	2
(filmRef)6835	0
(filmRef)6836	10
(filmRef)6837	11
(filmRef)6838	10
(filmRef)6839	0
(filmRef)6840	10
(filmRef)6841	14
(filmRef)6842	10
(filmRef)6843	14
(filmRef)6844	10
(filmRef)6846	0
(filmRef)6847	7
(filmRef)6848	7
(filmRef)6849	10
(filmRef)6850	10
(filmRef)6851	10
(filmRef)6852	1
(filmRef)6854	10
(filmRef)6856	14
(filmRef)6857	10
(filmRef)6858	10
(filmRef)6859	11
(filmRef)6860	11
(filmRef)6861	10
(filmRef)6862	13
(filmRef)6863	1
(filmRef)6864	14
(filmRef)6865	14
(filmRef)6866	14
(filmRef)6867	19
(filmRef)6868	14
(filmRef)6869	14
(filmRef)6870	14
(filmRef)6871	14
(filmRef)6872	14
(filmRef)6873	19
(filmRef)6874	14
(filmRef)6875	19
(filmRef)6876	14
(filmRef)6877	14
(filmRef)6878	14
(filmRef)6879	14
(filmRef)6880	19
(filmRef)6881	14
(filmRef)6882	14
(filmRef)6883	19
(filmRef)6884	19
(filmRef)6885	19
(filmRef)6886	14
(filmRef)6887	11
(filmRef)6888	11
(filmRef)6889	11
(filmRef)6890	11
(filmRef)6891	11
(filmRef)6893	11
(filmRef)6894	13
(filmRef)6895	10
(filmRef)6895A	14
(filmRef)6899	10
(filmRef)6900	10
(filmRef)6901	10
(filmRef)6902	0
(filmRef)6903	11
(filmRef)6904	3
(filmRef)6905	3
(filmRef)6906	3
(filmRef)6908	14
(filmRef)6909	3
(filmRef)6910	3
(filmRef)6911	2
(filmRef)6912	10
(filmRef)6913	10
(filmRef)6914	10
(filmRef)6916	7
(filmRef)6917	7
(filmRef)6918	7
(filmRef)6919	7
(filmRef)6920	7
(filmRef)6921	7
(filmRef)6922	7
(filmRef)6923	14
(filmRef)6924	14
(filmRef)6925	10
(filmRef)6928	10
(filmRef)6929	14
(filmRef)6930	14
(filmRef)6931	14
(filmRef)6932	14
(filmRef)6933	14
(filmRef)6934	14
(filmRef)6935	3
(filmRef)6944	10
(filmRef)6947	14
(filmRef)6948	13
(filmRef)6949	11
(filmRef)6950	10
(filmRef)6951	10
(filmRef)6952	10
(filmRef)6954	11
(filmRef)6955	10
(filmRef)6956	11
(filmRef)6957	10
(filmRef)6958	10
(filmRef)6959	10
(filmRef)6960	11
(filmRef)6964	11
(filmRef)6965	11
(filmRef)6966	11
(filmRef)6967	11
(filmRef)6968	11
(filmRef)6969	11
(filmRef)6970	11
(filmRef)6971	11
(filmRef)6972	11
(filmRef)6973	11
(filmRef)6974	11
(filmRef)6975	11
(filmRef)6976	11
(filmRef)6977	11
(filmRef)6978	11
(filmRef)6979	11
(filmRef)6980	11
(filmRef)6981	11
(filmRef)6982	11
(filmRef)6983	11
(filmRef)6985	10
(filmRef)6986	13
(filmRef)6987	2
(filmRef)6988	14
(filmRef)6989	14
(filmRef)6990	13
(filmRef)6991	1
(filmRef)6992	13
(filmRef)6993	13
(filmRef)6995	10
(filmRef)6996	10
(filmRef)6997	2
(filmRef)6998	3
(filmRef)6999	3
(filmRef)7000	11
(filmRef)7001	7
(filmRef)7003	2
(filmRef)7004	2
(filmRef)7007	7
(filmRef)7009	7
(filmRef)7010	10
(filmRef)7011	13
(filmRef)7012	14
(filmRef)7014	11
(filmRef)7015	13
(filmRef)7016	13
(filmRef)7018	11
(filmRef)7019	11
(filmRef)7046	1
(filmRef)7048	1
(filmRef)7049	18
(filmRef)7050	13
(filmRef)7051	13
(filmRef)7052	14
(filmRef)7053	10
(filmRef)7054	11
(filmRef)7055	10
(filmRef)7056	7
(filmRef)7057	11
(filmRef)7058	0
(filmRef)7059	0
(filmRef)7060	13
(filmRef)7061	11
(filmRef)7063	0
(filmRef)7064	0
(filmRef)7065	3
(filmRef)7066	2
(filmRef)7067	2
(filmRef)7068	2
(filmRef)7069	3
(filmRef)7070	0
(filmRef)7071	11
(filmRef)7072	13
(filmRef)7073	9
(filmRef)7074	0
(filmRef)7075	10
(filmRef)7076	0
(filmRef)7077	0
(filmRef)7078	0
(filmRef)7079	0
(filmRef)7080	0
(filmRef)7082	0
(filmRef)7083	0
(filmRef)7084	14
(filmRef)7085	0
(filmRef)7086	10
(filmRef)7087	0
(filmRef)7088	11
(filmRef)7089	0
(filmRef)7090	2
(filmRef)7091	11
(filmRef)7092	11
(filmRef)7093	11
(filmRef)7096	14
(filmRef)7097	14
(filmRef)7098	14
(filmRef)7099	14
(filmRef)7100	14
(filmRef)7101	14
(filmRef)7102	14
(filmRef)7103	14
(filmRef)7104	14
(filmRef)7105	14
(filmRef)7106	14
(filmRef)7107	2
(filmRef)7109	10
(filmRef)7110	14
(filmRef)7111	10
(filmRef)7112	6
(filmRef)7113	10
(filmRef)7114	1
(filmRef)7115	6
(filmRef)7116	6
(filmRef)7117	6
(filmRef)7118	14
(filmRef)7119	10
(filmRef)7120	10
(filmRef)7121	3
(filmRef)7122	3
(filmRef)7123	2
(filmRef)7124	2
(filmRef)7125	14
(filmRef)7126	2
(filmRef)7127	2
(filmRef)7128	3
(filmRef)7129	14
(filmRef)7130	3
(filmRef)7131	3
(filmRef)7132	3
(filmRef)7133	14
(filmRef)7134	3
(filmRef)7136	13
(filmRef)7137	13
(filmRef)7138	2
(filmRef)7139	2
(filmRef)7140	19
(filmRef)7142	14
(filmRef)7143	6
(filmRef)7144	6
(filmRef)7145	6
(filmRef)7146	14
(filmRef)7147	13
(filmRef)7148	10
(filmRef)7149	2
(filmRef)7150	2
(filmRef)7151	3
(filmRef)7152	13
(filmRef)7154	14
(filmRef)7155	2
(filmRef)7156	2
(filmRef)7157	2
(filmRef)7158	11
(filmRef)7159	3
(filmRef)7160	2
(filmRef)7161	14
(filmRef)7163	18
(filmRef)7164	2
(filmRef)7165	1
(filmRef)7166	3
(filmRef)7167	14
(filmRef)7168	14
(filmRef)7169	10
(filmRef)7170	14
(filmRef)7171	14
(filmRef)7172	14
(filmRef)7173	2
(filmRef)7174	13
(filmRef)7175	3
(filmRef)7176	2
(filmRef)7177	14
(filmRef)7178	13
(filmRef)7179	2
(filmRef)7180	14
(filmRef)7181	14
(filmRef)7182	14
(filmRef)7183	14
(filmRef)7184	3
(filmRef)7185	19
(filmRef)7186	3
(filmRef)7187	19
(filmRef)7188	14
(filmRef)7189	14
(filmRef)7190	14
(filmRef)7191	19
(filmRef)7192	10
(filmRef)7193	3
(filmRef)7194	11
(filmRef)7195	11
(filmRef)7197	11
(filmRef)7198	2
(filmRef)7199	2
(filmRef)7200	2
(filmRef)7201	14
(filmRef)7202	14
(filmRef)7203	2
(filmRef)7204	18
(filmRef)7205	3
(filmRef)7206	11
(filmRef)7207	10
(filmRef)7208	10
(filmRef)7209	11
(filmRef)7210	11
(filmRef)7211	6
(filmRef)7212	3
(filmRef)7214	10
(filmRef)7215	3
(filmRef)7216	19
(filmRef)7217	3
(filmRef)7218	2
(filmRef)7219	2
(filmRef)7220	3
(filmRef)7221	11
(filmRef)7222	11
(filmRef)7223	11
(filmRef)7224	3
(filmRef)7225	2
(filmRef)7226	11
(filmRef)7227	10
(filmRef)7228	10
(filmRef)7229	3
(filmRef)7230	3
(filmRef)7231	2
(filmRef)7232	13
(filmRef)7233	14
(filmRef)7234	13
(filmRef)7235	13
(filmRef)7236	14
(filmRef)7237	10
(filmRef)7238	10
(filmRef)7239	14
(filmRef)7240	19
(filmRef)7241	11
(filmRef)7242	13
(filmRef)7243	10
(filmRef)7245	14
(filmRef)7246	14
(filmRef)7247	3
(filmRef)7248	14
(filmRef)7249	14
(filmRef)7250	2
(filmRef)7251	3
(filmRef)7252	2
(filmRef)7253	3
(filmRef)7255	0
(filmRef)7256	11
(filmRef)7257	13
(filmRef)7258	0
(filmRef)7259	0
(filmRef)7260	0
(filmRef)7261	0
(filmRef)7263	10
(filmRef)7264	10
(filmRef)7266	0
(filmRef)7267	0
(filmRef)7268	0
(filmRef)7269	0
(filmRef)7270	0
(filmRef)7271	0
(filmRef)7272	11
(filmRef)7273	0
(filmRef)7274	0
(filmRef)7275	11
(filmRef)7276	0
(filmRef)7277	0
(filmRef)7278	0
(filmRef)7279	0
(filmRef)7280	0
(filmRef)7281	0
(filmRef)7282	11
(filmRef)7283	0
(filmRef)7284	0
(filmRef)7285	0
(filmRef)7286	0
(filmRef)7287	0
(filmRef)7288	0
(filmRef)7289	0
(filmRef)7290	0
(filmRef)7291	0
(filmRef)7292	0
(filmRef)7293	0
(filmRef)7294	3
(filmRef)7295	3
(filmRef)7296	13
(filmRef)7297	10
(filmRef)7298	2
(filmRef)7299	3
(filmRef)7300	3
(filmRef)7301	14
(filmRef)7302	14
(filmRef)7303	14
(filmRef)7304	10
(filmRef)7305	3
(filmRef)7306	3
(filmRef)7307	14
(filmRef)7308	19
(filmRef)7309	3
(filmRef)7310	14
(filmRef)7311	3
(filmRef)7312	2
(filmRef)7313	2
(filmRef)7314	2
(filmRef)7315	2
(filmRef)7316	10
(filmRef)7317	2
(filmRef)7318	2
(filmRef)7319	13
(filmRef)7320	2
(filmRef)7321	10
(filmRef)7322	13
(filmRef)7323	2
(filmRef)7324	2
(filmRef)7325	2
(filmRef)7326	2
(filmRef)7327	2
(filmRef)7328	19
(filmRef)7329	2
(filmRef)7330	14
(filmRef)7331	3
(filmRef)7332	3
(filmRef)7333	18
(filmRef)7334	14
(filmRef)7335	3
(filmRef)7336	19
(filmRef)7337	3
(filmRef)7338	3
(filmRef)7340	10
(filmRef)7341	13
(filmRef)7342	10
(filmRef)7343	10
(filmRef)7344	10
(filmRef)7345	13
(filmRef)7346	13
(filmRef)7347	13
(filmRef)7348	2
(filmRef)7349	13
(filmRef)7350	10
(filmRef)7351	10
(filmRef)7352	13
(filmRef)7353	18
(filmRef)7354	10
(filmRef)7355	6
(filmRef)7356	2
(filmRef)7357	14
(filmRef)7358	14
(filmRef)7359	3
(filmRef)7360	19
(filmRef)7361	14
(filmRef)7362	0
(filmRef)7363	10
(filmRef)7364	14
(filmRef)7365	14
(filmRef)7366	2
(filmRef)7367	14
(filmRef)7368	2
(filmRef)7369	3
(filmRef)7370	3
(filmRef)7371	6
(filmRef)7372	19
(filmRef)7373	19
(filmRef)7374	19
(filmRef)7375	10
(filmRef)7376	10
(filmRef)7377	10
(filmRef)7378	2
(filmRef)7379	9
(filmRef)7380	19
(filmRef)7381	19
(filmRef)7382	19
(filmRef)7383	14
(filmRef)7384	14
(filmRef)7385	19
(filmRef)7386	3
(filmRef)7387	3
(filmRef)7388	13
(filmRef)7389	13
(filmRef)7390	3
(filmRef)7391	3
(filmRef)7392	14
(filmRef)7393	14
(filmRef)7394	14
(filmRef)7395	14
(filmRef)7396	11
(filmRef)7397	14
(filmRef)7398	14
(filmRef)7399	14
(filmRef)7400	11
(filmRef)7401	11
(filmRef)7402	11
(filmRef)7403	11
(filmRef)7404	11
(filmRef)7405	3
(filmRef)7406	11
(filmRef)7407	14
(filmRef)7408	13
(filmRef)7409	11
(filmRef)7410	14
(filmRef)7411	6
(filmRef)7412	14
(filmRef)7413	3
(filmRef)7414	3
(filmRef)7415	10
(filmRef)7416	3
(filmRef)7417	19
(filmRef)7418	19
(filmRef)7419	19
(filmRef)7420	19
(filmRef)7421	3
(filmRef)7422	13
(filmRef)7423	7
(filmRef)7424	2
(filmRef)7425	13
(filmRef)7426	3
(filmRef)7427	3
(filmRef)7428	3
(filmRef)7429	3
(filmRef)7430	3
(filmRef)7431	3
(filmRef)7432	3
(filmRef)7433	3
(filmRef)7434	10
(filmRef)7435	2
(filmRef)7436	11
(filmRef)7437	3
(filmRef)7438	14
(filmRef)7439	11
(filmRef)7440	11
(filmRef)7441	2
(filmRef)7442	14
(filmRef)7443	11
(filmRef)7444	3
(filmRef)7445	2
(filmRef)7446	10
(filmRef)7447	11
(filmRef)7448	11
(filmRef)7449	11
(filmRef)7450	11
(filmRef)7451	11
(filmRef)7452	11
(filmRef)7453	11
(filmRef)7454	11
(filmRef)7455	3
(filmRef)7456	11
(filmRef)7457	11
(filmRef)7458	14
(filmRef)7459	14
(filmRef)7460	11
(filmRef)7461	14
(filmRef)7462	19
(filmRef)7463	19
(filmRef)7464	11
(filmRef)7465	11
(filmRef)7466	14
(filmRef)7467	11
(filmRef)7468	11
(filmRef)7469	3
(filmRef)7470	14
(filmRef)7471	14
(filmRef)7472	11
(filmRef)7473	10
(filmRef)7474	2
(filmRef)7475	11
(filmRef)7476	11
(filmRef)7477	14
(filmRef)7478	14
(filmRef)7479	11
(filmRef)7480	3
(filmRef)7481	3
(filmRef)7482	13
(filmRef)7483	11
(filmRef)7484	11
(filmRef)7485	3
(filmRef)7486	3
(filmRef)7487	2
(filmRef)7488	2
(filmRef)7489	3
(filmRef)7490	3
(filmRef)7491	19
(filmRef)7492	19
(filmRef)7493	3
(filmRef)7494	0
(filmRef)7495	0
(filmRef)7496	0
(filmRef)7497	0
(filmRef)7498	0
(filmRef)7499	0
(filmRef)7500	0
(filmRef)7501	11
(filmRef)7502	0
(filmRef)7503	0
(filmRef)7504	0
(filmRef)7505	0
(filmRef)7506	14
(filmRef)7507	11
(filmRef)7508	0
(filmRef)7509	0
(filmRef)7510	0
(filmRef)7511	0
(filmRef)7512	0
(filmRef)7513	0
(filmRef)7514	0
(filmRef)7515	0
(filmRef)7516	0
(filmRef)7517	0
(filmRef)7518	0
(filmRef)7519	0
(filmRef)7520	0
(filmRef)7521	0
(filmRef)7522	0
(filmRef)7523	0
(filmRef)7524	0
(filmRef)7525	0
(filmRef)7526	0
(filmRef)7527	0
(filmRef)7528	0
(filmRef)7529	11
(filmRef)7530	0
(filmRef)7531	0
(filmRef)7532	0
(filmRef)7533	0
(filmRef)7534	0
(filmRef)7535	0
(filmRef)7536	11
(filmRef)7537	11
(filmRef)7538	11
(filmRef)7539	11
(filmRef)7540	11
(filmRef)7541	11
(filmRef)7543	11
(filmRef)7545	0
(filmRef)7546	0
(filmRef)7547	0
(filmRef)7548	0
(filmRef)7549	0
(filmRef)7550	11
(filmRef)7551	11
(filmRef)7553	14
(filmRef)7554	3
(filmRef)7555	3
(filmRef)7556	0
(filmRef)7557	0
(filmRef)7558	0
(filmRef)7559	10
(filmRef)7560	0
(filmRef)7561	0
(filmRef)7563	0
(filmRef)7564	0
(filmRef)7565	0
(filmRef)7566	0
(filmRef)7567	0
(filmRef)7568	0
(filmRef)7569	0
(filmRef)7570	0
(filmRef)7571	2
(filmRef)7572	11
(filmRef)7573	13
(filmRef)7574	13
(filmRef)7575	13
(filmRef)7576	13
(filmRef)7577	13
(filmRef)7578	13
(filmRef)7579	0
(filmRef)7580	0
(filmRef)7582	19
(filmRef)7583	11
(filmRef)7584	0
(filmRef)7585	0
(filmRef)7586	0
(filmRef)7589	10
(filmRef)7590	14
(filmRef)7591	14
(filmRef)7592	0
(filmRef)7593	0
(filmRef)7594	0
(filmRef)7595	0
(filmRef)7596	0
(filmRef)7597	0
(filmRef)7598	0
(filmRef)7599	0
(filmRef)7600	0
(filmRef)7601	0
(filmRef)7602	0
(filmRef)7603	0
(filmRef)7604	0
(filmRef)7605	0
(filmRef)7606	11
(filmRef)7607	0
(filmRef)7608	0
(filmRef)7609	0
(filmRef)7610	0
(filmRef)7611	0
(filmRef)7612	0
(filmRef)7613	0
(filmRef)7614	0
(filmRef)7615	0
(filmRef)7616	0
(filmRef)7617	0
(filmRef)7618	0
(filmRef)7619	0
(filmRef)7620	0
(filmRef)7621	0
(filmRef)7622	0
(filmRef)7623	0
(filmRef)7624	0
(filmRef)7625	0
(filmRef)7626	0
(filmRef)7627	0
(filmRef)7628	0
(filmRef)7629	0
(filmRef)7630	0
(filmRef)7631	0
(filmRef)7632	0
(filmRef)7633	0
(filmRef)7634	0
(filmRef)7635	0
(filmRef)7636	0
(filmRef)7637	0
(filmRef)7638	0
(filmRef)7639	0
(filmRef)7640	0
(filmRef)7641	0
(filmRef)7642	0
(filmRef)7643	0
(filmRef)7644	0
(filmRef)7645	0
(filmRef)7646	0
(filmRef)7647	0
(filmRef)7648	0
(filmRef)7649	0
(filmRef)7650	0
(filmRef)7651	0
(filmRef)7652	0
(filmRef)7653	0
(filmRef)7654	0
(filmRef)7655	0
(filmRef)7656	0
(filmRef)7657	0
(filmRef)7658	0
(filmRef)7659	0
(filmRef)7660	0
(filmRef)7661	0
(filmRef)7662	0
(filmRef)7663	0
(filmRef)7664	0
(filmRef)7665	0
(filmRef)7666	2
(filmRef)7667	2
(filmRef)7668	2
(filmRef)7669	0
(filmRef)7670	0
(filmRef)7671	0
(filmRef)7672	0
(filmRef)7673	0
(filmRef)7674	0
(filmRef)7675	0
(filmRef)7676	0
(filmRef)7677	0
(filmRef)7678	0
(filmRef)7679	0
(filmRef)7680	0
(filmRef)7681	0
(filmRef)7682	0
(filmRef)7683	0
(filmRef)7684	11
(filmRef)7685	0
(filmRef)7686	0
(filmRef)7687	0
(filmRef)7688	0
(filmRef)7689	0
(filmRef)7690	0
(filmRef)7691	0
(filmRef)7692	0
(filmRef)7693	0
(filmRef)7694	14
(filmRef)7695	14
(filmRef)7696	6
(filmRef)7697	3
(filmRef)7698	13
(filmRef)7699	18
(filmRef)7700	2
(filmRef)7701	10
(filmRef)7702	14
(filmRef)7703	14
(filmRef)7704	3
(filmRef)7705	2
(filmRef)7706	3
(filmRef)7707	3
(filmRef)7708	13
(filmRef)7709	2
(filmRef)7710	14
(filmRef)7711	13
(filmRef)7712	13
(filmRef)7713	11
(filmRef)7714	14
(filmRef)7715	13
(filmRef)7716	2
(filmRef)7717	3
(filmRef)7718	3
(filmRef)7719	3
(filmRef)7720	14
(filmRef)7721	3
(filmRef)7722	3
(filmRef)7723	19
(filmRef)7724	3
(filmRef)7725	3
(filmRef)7726	14
(filmRef)7727	14
(filmRef)7732	14
(filmRef)7733	14
(filmRef)7734	14
(filmRef)7735	14
(filmRef)7736	14
(filmRef)7737	14
(filmRef)7738	14
(filmRef)7739	14
(filmRef)7740	14
(filmRef)7741	14
(filmRef)7742	14
(filmRef)7743	14
(filmRef)7744	14
(filmRef)7745	14
(filmRef)7746	14
(filmRef)7747	2
(filmRef)7748	13
(filmRef)7749	3
(filmRef)7750	14
(filmRef)7751	14
(filmRef)7752	14
(filmRef)7753	14
(filmRef)7754	19
(filmRef)7755	3
(filmRef)7756	19
(filmRef)7757	14
(filmRef)7758	13
(filmRef)7759	13
(filmRef)7760	19
(filmRef)7761	14
(filmRef)7762	19
(filmRef)7763	19
(filmRef)7764	3
(filmRef)7765	6
(filmRef)7766	11
(filmRef)7767	14
(filmRef)7768	3
(filmRef)7769	14
(filmRef)7770	14
(filmRef)7771	3
(filmRef)7778	13
(filmRef)7779	14
(filmRef)7780	14
(filmRef)7781	2
(filmRef)7782	3
(filmRef)7783	6
(filmRef)7784	2
(filmRef)7785	2
(filmRef)7786	14
(filmRef)7787	6
(filmRef)7788	3
(filmRef)7789	2
(filmRef)7790	2
(filmRef)7791	2
(filmRef)7792	14
(filmRef)7793	19
(filmRef)7794	0
(filmRef)7795	0
(filmRef)7796	11
(filmRef)7797	0
(filmRef)7798	0
(filmRef)7799	11
(filmRef)7800	0
(filmRef)7801	0
(filmRef)7802	0
(filmRef)7803	13
(filmRef)7805	11
(filmRef)7806	18
(filmRef)7807	10
(filmRef)7808	9
(filmRef)7809	11
(filmRef)7811	14
(filmRef)7812	10
(filmRef)7813	9
(filmRef)7814	3
(filmRef)7815	0
(filmRef)7816	0
(filmRef)7817	0
(filmRef)7818	0
(filmRef)7820	3
(filmRef)7821	3
(filmRef)7822	11
(filmRef)7823	11
(filmRef)7824	11
(filmRef)7825	11
(filmRef)7826	11
(filmRef)7827	11
(filmRef)7828	11
(filmRef)7829	11
(filmRef)7830	11
(filmRef)7831	11
(filmRef)7832	11
(filmRef)7833	11
(filmRef)7834	11
(filmRef)7835	11
(filmRef)7836	0
(filmRef)7837	0
(filmRef)7838	0
(filmRef)7839	0
(filmRef)7840	0
(filmRef)7841	0
(filmRef)7842	0
(filmRef)7843	0
(filmRef)7845	0
(filmRef)7846	0
(filmRef)7847	0
(filmRef)7848	0
(filmRef)7849	0
(filmRef)7850	0
(filmRef)7851	0
(filmRef)7853	0
(filmRef)7854	0
(filmRef)7855	0
(filmRef)7856	0
(filmRef)7857	0
(filmRef)7858	0
(filmRef)7859	2
(filmRef)7860	0
(filmRef)7861	0
(filmRef)7862	0
(filmRef)7863	11
(filmRef)7864	0
(filmRef)7865	11
(filmRef)7866	0
(filmRef)7867	0
(filmRef)7868	0
(filmRef)7869	0
(filmRef)7870	0
(filmRef)7871	11
(filmRef)7872	0
(filmRef)7873	0
(filmRef)7874	0
(filmRef)7875	0
(filmRef)7876	0
(filmRef)7877	0
(filmRef)7878	11
(filmRef)7879	11
(filmRef)7880	0
(filmRef)7881	0
(filmRef)7882	3
(filmRef)7883	3
(filmRef)7884	0
(filmRef)7885	11
(filmRef)7886	0
(filmRef)7887	0
(filmRef)7888	0
(filmRef)7889	0
(filmRef)7890	11
(filmRef)7891	0
(filmRef)7892	0
(filmRef)7893	0
(filmRef)7894	0
(filmRef)7895	0
(filmRef)7896	0
(filmRef)7897	11
(filmRef)7898	11
(filmRef)7899	11
(filmRef)7900	11
(filmRef)7901	11
(filmRef)7902	0
(filmRef)7904	11
(filmRef)7905	0
(filmRef)7906	0
(filmRef)7907	11
(filmRef)7908	0
(filmRef)7909	0
(filmRef)7910	0
(filmRef)7911	18
(filmRef)7912	0
(filmRef)7913	0
(filmRef)7914	0
(filmRef)7915	11
(filmRef)7916	0
(filmRef)7917	0
(filmRef)7918	0
(filmRef)7919	0
(filmRef)7920	11
(filmRef)7921	0
(filmRef)7922	0
(filmRef)7923	0
(filmRef)7924	0
(filmRef)7925	11
(filmRef)7926	11
(filmRef)7927	11
(filmRef)7928	0
(filmRef)7929	0
(filmRef)7930	19
(filmRef)7931	11
(filmRef)7933	0
(filmRef)7936	14
(filmRef)7937	0
(filmRef)7938	0
(filmRef)7939	0
(filmRef)7940	0
(filmRef)7941	0
(filmRef)7942	0
(filmRef)7943	6
(filmRef)7944	0
(filmRef)7945	0
(filmRef)7946	0
(filmRef)7947	0
(filmRef)7948	0
(filmRef)7949	0
(filmRef)7950	0
(filmRef)7951	11
(filmRef)7952	14
(filmRef)7953	19
(filmRef)7954	14
(filmRef)7955	3
(filmRef)7956	2
(filmRef)7957	3
(filmRef)7958	3
(filmRef)7959	3
(filmRef)7960	2
(filmRef)7961	19
(filmRef)7962	3
(filmRef)7963	2
(filmRef)7964	0
(filmRef)7965	0
(filmRef)7966	0
(filmRef)7967	0
(filmRef)7968	0
(filmRef)7969	0
(filmRef)7970	0
(filmRef)7971	11
(filmRef)7972	0
(filmRef)7973	0
(filmRef)7974	11
(filmRef)7975	0
(filmRef)7976	19
(filmRef)7977	0
(filmRef)7978	11
(filmRef)7979	0
(filmRef)7980	0
(filmRef)7981	11
(filmRef)7982	11
(filmRef)7984	11
(filmRef)7985	11
(filmRef)7986	11
(filmRef)7987	0
(filmRef)7988	0
(filmRef)7989	11
(filmRef)7990	11
(filmRef)7991	10
(filmRef)7992	9
(filmRef)7993	11
(filmRef)7995	11
(filmRef)7996	11
(filmRef)7997	0
(filmRef)7998	11
(filmRef)7999	0
(filmRef)8000	0
(filmRef)8001	0
(filmRef)8002	11
(filmRef)8003	0
(filmRef)8004	0
(filmRef)8005	11
(filmRef)8006	11
(filmRef)8007	0
(filmRef)8008	6
(filmRef)8009	14
(filmRef)8010	0
(filmRef)8011	0
(filmRef)8012	11
(filmRef)8013	0
(filmRef)8014	0
(filmRef)8015	0
(filmRef)8016	11
(filmRef)8017	0
(filmRef)8018	0
(filmRef)8019	0
(filmRef)8020	11
(filmRef)8021	11
(filmRef)8022	0
(filmRef)8023	11
(filmRef)8024	11
(filmRef)8036	0
(filmRef)8037	0
(filmRef)8038	0
(filmRef)8039	0
(filmRef)8040	0
(filmRef)8041	0
(filmRef)8043	10
(filmRef)8044	0
(filmRef)8045	0
(filmRef)8046	0
(filmRef)8047	0
(filmRef)8048	11
(filmRef)8049	0
(filmRef)8050	0
(filmRef)8051	0
(filmRef)8052	0
(filmRef)8053	0
(filmRef)8054	0
(filmRef)8055	0
(filmRef)8056	0
(filmRef)8057	0
(filmRef)8058	0
(filmRef)8059	0
(filmRef)8060	0
(filmRef)8061	0
(filmRef)8062	0
(filmRef)8064	11
(filmRef)8065	0
(filmRef)8066	0
(filmRef)8067	0
(filmRef)8069	0
(filmRef)8070	0
(filmRef)8071	13
(filmRef)8072	13
(filmRef)8073	0
(filmRef)8074	14
(filmRef)8075	10
(filmRef)8076	0
(filmRef)8077	0
(filmRef)8078	0
(filmRef)8079	0
(filmRef)8080	0
(filmRef)8081	11
(filmRef)8083	11
(filmRef)8084	11
(filmRef)8085	0
(filmRef)8086	0
(filmRef)8087	0
(filmRef)8088	11
(filmRef)8089	11
(filmRef)8091	11
(filmRef)8092	11
(filmRef)8093	11
(filmRef)8094	9
(filmRef)8095	11
(filmRef)8096	9
(filmRef)8097	11
(filmRef)8098	11
(filmRef)8099	11
(filmRef)8100	0
(filmRef)8101	0
(filmRef)8102	0
(filmRef)8107	11
(filmRef)8108	0
(filmRef)8109	0
(filmRef)8110	0
(filmRef)8111	0
(filmRef)8112	0
(filmRef)8113	0
(filmRef)8114	0
(filmRef)8115	0
(filmRef)8116	0
(filmRef)8117	0
(filmRef)8118	11
(filmRef)8119	0
(filmRef)8120	0
(filmRef)8121	11
(filmRef)8122	0
(filmRef)8123	11
(filmRef)8124	0
(filmRef)8125	11
(filmRef)8126	11
(filmRef)8127	0
(filmRef)8128	11
(filmRef)8129	0
(filmRef)8130	0
(filmRef)8132	0
(filmRef)8133	11
(filmRef)8134	11
(filmRef)8135	11
(filmRef)8136	11
(filmRef)8137	0
(filmRef)8138	11
(filmRef)8141	0
(filmRef)8142	0
(filmRef)8144	11
(filmRef)8145	0
(filmRef)8146	0
(filmRef)8148	11
(filmRef)8149	0
(filmRef)8150	11
(filmRef)8152	11
(filmRef)8153	11
(filmRef)8154	11
(filmRef)8155	11
(filmRef)8157	0
(filmRef)8158	11
(filmRef)8159	0
(filmRef)8160	11
(filmRef)8161	11
(filmRef)8162	0
(filmRef)8163	11
(filmRef)8164	0
(filmRef)8165	11
(filmRef)8166	11
(filmRef)8167	0
(filmRef)8169	0
(filmRef)8170	0
(filmRef)8171	11
(filmRef)8172	11
(filmRef)8173	11
(filmRef)8174	11
(filmRef)8175	11
(filmRef)8176	0
(filmRef)8177	11
(filmRef)8178	0
(filmRef)8180	11
(filmRef)8181	11
(filmRef)8182	11
(filmRef)8183	11
(filmRef)8184	11
(filmRef)8185	0
(filmRef)8186	11
(filmRef)8188	11
(filmRef)8189	11
(filmRef)8190	11
(filmRef)8191	11
(filmRef)8192	0
(filmRef)8193	11
(filmRef)8194	11
(filmRef)8195	0
(filmRef)8196	11
(filmRef)8197	14
(filmRef)8198	18
(filmRef)8199	14
(filmRef)8200	2
(filmRef)8201	2
(filmRef)8202	11
(filmRef)8204	0
(filmRef)8207	9
(filmRef)8208	11
(filmRef)8209	11
(filmRef)8210	11
(filmRef)8211	11
(filmRef)8212	11
(filmRef)8213	0
(filmRef)8214	11
(filmRef)8215	11
(filmRef)8216	0
(filmRef)8217	0
(filmRef)8218	0
(filmRef)8219	0
(filmRef)8220	11
(filmRef)8221	0
(filmRef)8222	6
(filmRef)8223	11
(filmRef)8224	11
(filmRef)8225	11
(filmRef)8226	11
(filmRef)8227	11
(filmRef)8228	11
(filmRef)8229	13
(filmRef)8230	11
(filmRef)8231	11
(filmRef)8232	0
(filmRef)8233	0
(filmRef)8234	0
(filmRef)8235	0
(filmRef)8236	0
(filmRef)8237	0
(filmRef)8238	0
(filmRef)8239	0
(filmRef)8240	3
(filmRef)8241	13
(filmRef)8242	13
(filmRef)8243	10
(filmRef)8244	10
(filmRef)8245	10
(filmRef)8246	3
(filmRef)8247	10
(filmRef)8248	3
(filmRef)8249	3
(filmRef)8250	2
(filmRef)8251	10
(filmRef)8252	10
(filmRef)8253	10
(filmRef)8254	10
(filmRef)8255	10
(filmRef)8256	10
(filmRef)8257	19
(filmRef)8258	3
(filmRef)8259	10
(filmRef)8260	10
(filmRef)8261	3
(filmRef)8262	2
(filmRef)8263	10
(filmRef)8264	10
(filmRef)8265	10
(filmRef)8266	0
(filmRef)8267	2
(filmRef)8268	10
(filmRef)8269	0
(filmRef)8270	0
(filmRef)8271	0
(filmRef)8272	0
(filmRef)8274	0
(filmRef)8275	11
(filmRef)8276	11
(filmRef)8277	11
(filmRef)8278	11
(filmRef)8279	11
(filmRef)8280	11
(filmRef)8281	3
(filmRef)8282	3
(filmRef)8283	3
(filmRef)8284	3
(filmRef)8285	3
(filmRef)8286	2
(filmRef)8287	11
(filmRef)8288	10
(filmRef)8289	10
(filmRef)8290	10
(filmRef)8291	14
(filmRef)8293	11
(filmRef)8294	14
(filmRef)8295	13
(filmRef)8296	3
(filmRef)8297	14
(filmRef)8298	18
(filmRef)8299	2
(filmRef)8300	3
(filmRef)8301	3
(filmRef)8302	14
(filmRef)8303	3
(filmRef)8304	14
(filmRef)8305	3
(filmRef)8306	3
(filmRef)8307	14
(filmRef)8308	14
(filmRef)8309	3
(filmRef)8310	14
(filmRef)8311	3
(filmRef)8312	14
(filmRef)8313	14
(filmRef)8314	14
(filmRef)8315	14
(filmRef)8316	2
(filmRef)8317	14
(filmRef)8318	3
(filmRef)8319	2
(filmRef)8320	14
(filmRef)8321	14
(filmRef)8322	14
(filmRef)8323	14
(filmRef)8324	3
(filmRef)8325	14
(filmRef)8326	14
(filmRef)8327	3
(filmRef)8328	2
(filmRef)8329	3
(filmRef)8330	3
(filmRef)8331	13
(filmRef)8332	3
(filmRef)8333	3
(filmRef)8334	14
(filmRef)8335	14
(filmRef)8336	6
(filmRef)8337	3
(filmRef)8338	3
(filmRef)8339	3
(filmRef)8340	3
(filmRef)8341	3
(filmRef)8342	3
(filmRef)8343	3
(filmRef)8344	14
(filmRef)8345	14
(filmRef)8346	14
(filmRef)8347	14
(filmRef)8348	14
(filmRef)8349	14
(filmRef)8350	14
(filmRef)8351	14
(filmRef)8352	14
(filmRef)8353	11
(filmRef)8354	14
(filmRef)8355	-1
(filmRef)8356	19
(filmRef)8357	2
(filmRef)8358	2
(filmRef)8359	2
(filmRef)8360	2
(filmRef)8361	2
(filmRef)8362	2
(filmRef)8363	3
(filmRef)8364	14
(filmRef)8366	2
(filmRef)8367	3
(filmRef)8369	14
(filmRef)8370	10
(filmRef)8371	2
(filmRef)8372	6
(filmRef)8373	10
(filmRef)8374	1
(filmRef)8375	2
(filmRef)8376	11
(filmRef)8377	9
(filmRef)8378	2
(filmRef)8379	2
(filmRef)8380	2
(filmRef)8381	2
(filmRef)8382	2
(filmRef)8383	2
(filmRef)8384	14
(filmRef)8385	11
(filmRef)8386	11
(filmRef)8387	11
(filmRef)8388	13
(filmRef)8389	14
(filmRef)8390	11
(filmRef)8391	10
(filmRef)8392	2
(filmRef)8393	2
(filmRef)8394	11
(filmRef)8397	11
(filmRef)8398	11
(filmRef)8399	11
(filmRef)8400	11
(filmRef)8401	0
(filmRef)8402	11
(filmRef)8403	11
(filmRef)8404	11
(filmRef)8405	0
(filmRef)8406	11
(filmRef)8407	11
(filmRef)8408	11
(filmRef)8409	11
(filmRef)8410	11
(filmRef)8411	11
(filmRef)8412	11
(filmRef)8413	0
(filmRef)8414	11
(filmRef)8415	11
(filmRef)8416	14
(filmRef)8417	10
(filmRef)8418	3
(filmRef)8419	2
(filmRef)8420	14
(filmRef)8421	2
(filmRef)8422	11
(filmRef)8423	3
(filmRef)8424	3
(filmRef)8425	3
(filmRef)8426	2
(filmRef)8427	3
(filmRef)8428	3
(filmRef)8429	2
(filmRef)8430	3
(filmRef)8431	3
(filmRef)8432	3
(filmRef)8433	3
(filmRef)8434	2
(filmRef)8435	3
(filmRef)8436	2
(filmRef)8437	2
(filmRef)8438	3
(filmRef)8439	2
(filmRef)8440	3
(filmRef)8441	3
(filmRef)8442	3
(filmRef)8444	1
(filmRef)8445	1
(filmRef)8446	1
(filmRef)8447	1
(filmRef)8448	1
(filmRef)8449	1
(filmRef)8450	1
(filmRef)8451	1
(filmRef)8452	18
(filmRef)8453	18
(filmRef)8454	1
(filmRef)8455	1
(filmRef)8456	1
(filmRef)8457	18
(filmRef)8458	1
(filmRef)8459	1
(filmRef)8460	1
(filmRef)8461	1
(filmRef)8462	1
(filmRef)8463	6
(filmRef)8464	13
(filmRef)8465	1
(filmRef)8466	1
(filmRef)8467	1
(filmRef)8468	1
(filmRef)8469	1
(filmRef)8470	1
(filmRef)8471	1
(filmRef)8472	18
(filmRef)8473	1
(filmRef)8474	1
(filmRef)8475	1
(filmRef)8476	1
(filmRef)8477	18
(filmRef)8478	1
(filmRef)8479	1
(filmRef)8480	1
(filmRef)8482	1
(filmRef)8483	18
(filmRef)8484	1
(filmRef)8485	1
(filmRef)8486	1
(filmRef)8487	18
(filmRef)8488	1
(filmRef)8489	10
(filmRef)8490	11
(filmRef)8491	10
(filmRef)8492	10
(filmRef)8494	10
(filmRef)8495	11
(filmRef)8496	10
(filmRef)8497	3
(filmRef)8498	3
(filmRef)8499	3
(filmRef)8500	10
(filmRef)8501	10
(filmRef)8502	11
(filmRef)8503	11
(filmRef)8504	11
(filmRef)8505	11
(filmRef)8506	11
(filmRef)8507	11
(filmRef)8508	11
(filmRef)8509	11
(filmRef)8510	11
(filmRef)8514	11
(filmRef)8515	0
(filmRef)8516	0
(filmRef)8517	0
(filmRef)8518	0
(filmRef)8519	11
(filmRef)8520	2
(filmRef)8521	6
(filmRef)8522	3
(filmRef)8523	3
(filmRef)8524	7
(filmRef)8525	10
(filmRef)8526	13
(filmRef)8527	14
(filmRef)8528	7
(filmRef)8529	7
(filmRef)8530	11
(filmRef)8531	11
(filmRef)8532	11
(filmRef)8533	11
(filmRef)8534	11
(filmRef)8535	11
(filmRef)8536	11
(filmRef)8537	11
(filmRef)8538	11
(filmRef)8539	11
(filmRef)8540	10
(filmRef)8541	11
(filmRef)8542	9
(filmRef)8543	11
(filmRef)8544	13
(filmRef)8546	11
(filmRef)8548	11
(filmRef)8550	14
(filmRef)8551	14
(filmRef)8552	14
(filmRef)8553	14
(filmRef)8554	10
(filmRef)8555	3
(filmRef)8556	14
(filmRef)8557	11
(filmRef)8558	11
(filmRef)8559	0
(filmRef)8560	0
(filmRef)8561	11
(filmRef)8562	6
(filmRef)8563	11
(filmRef)8564	0
(filmRef)8565	14
(filmRef)8566	3
(filmRef)8567	13
(filmRef)8568	0
(filmRef)8569	11
(filmRef)8576	11
(filmRef)8577	11
(filmRef)8578	10
(filmRef)8579	11
(filmRef)8580	0
(filmRef)8581	10
(filmRef)8582	10
(filmRef)8583	11
(filmRef)8584	10
(filmRef)8585	10
(filmRef)8586	10
(filmRef)8587	10
(filmRef)8591	13
(filmRef)8592	1
(filmRef)8593	1
(filmRef)8594	1
(filmRef)8595	1
(filmRef)8596	1
(filmRef)8597	1
(filmRef)8598	1
(filmRef)8599	1
(filmRef)8600	1
(filmRef)8601	1
(filmRef)8602	11
(filmRef)8603	10
(filmRef)8604	18
(filmRef)8605	6
(filmRef)8606	11
(filmRef)8608	0
(filmRef)8609	0
(filmRef)8610	14
(filmRef)8611	10
(filmRef)8612	11
(filmRef)8613	11
(filmRef)8614	11
(filmRef)8615	14
(filmRef)8616	11
(filmRef)8617	10
(filmRef)8618	11
(filmRef)8619	14
(filmRef)8620	11
(filmRef)8621	11
(filmRef)8622	11
(filmRef)8623	11
(filmRef)8625	11
(filmRef)8626	11
(filmRef)8627	11
(filmRef)8628	11
(filmRef)8629	14
(filmRef)8630	14
(filmRef)8631	14
(filmRef)8632	14
(filmRef)8633	14
(filmRef)8634	14
(filmRef)8635	14
(filmRef)8636	14
(filmRef)8637	14
(filmRef)8638	14
(filmRef)8639	11
(filmRef)8640	11
(filmRef)8641	1
(filmRef)8642	14
(filmRef)8643	1
(filmRef)8644	11
(filmRef)8645	11
(filmRef)8652	10
(filmRef)8657	10
(filmRef)8658	10
(filmRef)8659	10
(filmRef)8660	11
(filmRef)8664	10
(filmRef)8665	11
(filmRef)8666	11
(filmRef)8667	11
(filmRef)8672	10
(filmRef)8673	13
(filmRef)8674	0
(filmRef)8675	2
(filmRef)8676	2
(filmRef)8677	2
(filmRef)8678	2
(filmRef)8679	2
(filmRef)8680	2
(filmRef)8681	3
(filmRef)8682	2
(filmRef)8683	2
(filmRef)8684	2
(filmRef)8685	3
(filmRef)8686	14
(filmRef)8687	2
(filmRef)8688	2
(filmRef)8689	13
(filmRef)8691	14
(filmRef)8692	14
(filmRef)8693	3
(filmRef)8694	10
(filmRef)8695	14
(filmRef)8696	10
(filmRef)8697	3
(filmRef)8699	6
(filmRef)8700	3
(filmRef)8701	10
(filmRef)8702	10
(filmRef)8703	3
(filmRef)8704	10
(filmRef)8705	3
(filmRef)8706	3
(filmRef)8707	6
(filmRef)8708	14
(filmRef)8709	14
(filmRef)8710	19
(filmRef)8711	10
(filmRef)8712	10
(filmRef)8713	10
(filmRef)8714	10
(filmRef)8715	10
(filmRef)8716	2
(filmRef)8717	14
(filmRef)8718	2
(filmRef)8719	14
(filmRef)8720	10
(filmRef)8721	10
(filmRef)8723	13
(filmRef)8724	2
(filmRef)8725	3
(filmRef)8726	10
(filmRef)8727	14
(filmRef)8728	19
(filmRef)8729	19
(filmRef)8730	10
(filmRef)8731	10
(filmRef)8732	3
(filmRef)8733	2
(filmRef)8734	3
(filmRef)8735	3
(filmRef)8736	3
(filmRef)8737	3
(filmRef)8738	14
(filmRef)8739	6
(filmRef)8740	2
(filmRef)8741	2
(filmRef)8742	2
(filmRef)8743	2
(filmRef)8745	3
(filmRef)8747	3
(filmRef)8748	3
(filmRef)8749	7
(filmRef)8750	10
(filmRef)8751	3
(filmRef)8752	3
(filmRef)8753	3
(filmRef)8754	14
(filmRef)8755	2
(filmRef)8756	2
(filmRef)8757	19
(filmRef)8758	14
(filmRef)8759	14
(filmRef)8760	3
(filmRef)8761	1
(filmRef)8762	11
(filmRef)8765	2
(filmRef)8766	10
(filmRef)8768	3
(filmRef)8770	3
(filmRef)8774	18
(filmRef)8775	2
(filmRef)8776	3
(filmRef)8780	3
(filmRef)8781	3
(filmRef)8782	6
(filmRef)8785	14
(filmRef)8786	19
(filmRef)8787	14
(filmRef)8788	14
(filmRef)8789	14
(filmRef)8790	11
(filmRef)8792	15
(filmRef)8793	13
(filmRef)8794	2
(filmRef)8795	2
(filmRef)8796	2
(filmRef)8797	2
(filmRef)8798	3
(filmRef)8799	2
(filmRef)8800	13
(filmRef)8801	14
(filmRef)8802	18
(filmRef)8803	14
(filmRef)8804	2
(filmRef)8805	2
(filmRef)8806	2
(filmRef)8807	3
(filmRef)8808	2
(filmRef)8809	3
(filmRef)8810	3
(filmRef)8811	3
(filmRef)8812	2
(filmRef)8813	2
(filmRef)8814	11
(filmRef)8817	7
(filmRef)8818	7
(filmRef)8819	7
(filmRef)8820	7
(filmRef)8821	7
(filmRef)8822	7
(filmRef)8823	7
(filmRef)8824	3
(filmRef)8825	3
(filmRef)8826	3
(filmRef)8827	2
(filmRef)8828	10
(filmRef)8829	14
(filmRef)8830	2
(filmRef)8831	3
(filmRef)8832	14
(filmRef)8833	18
(filmRef)8834	18
(filmRef)8835	2
(filmRef)8836	18
(filmRef)8837	1
(filmRef)8838	13
(filmRef)8839	1
(filmRef)8840	18
(filmRef)8841	1
(filmRef)8842	1
(filmRef)8843	14
(filmRef)8844	18
(filmRef)8850	13
(filmRef)8852	2
(filmRef)8853	10
(filmRef)8854	13
(filmRef)8858	11
(filmRef)8859	0
(filmRef)8860	11
(filmRef)8861	11
(filmRef)8862	18
(filmRef)8863	18
(filmRef)8865	3
(filmRef)8866	3
(filmRef)8867	3
(filmRef)8868	3
(filmRef)8869	3
(filmRef)8870	3
(filmRef)8871	3
(filmRef)8872	3
(filmRef)8873	3
(filmRef)8874	14
(filmRef)8875	19
(filmRef)8876	14
(filmRef)8877	3
(filmRef)8878	18
(filmRef)8881	18
(filmRef)8884	2
(filmRef)8892	2
(filmRef)8894	3
(filmRef)8895	2
(filmRef)8896	3
(filmRef)8897	2
(filmRef)8898	10
(filmRef)8899	10
(filmRef)8900	11
(filmRef)8901	11
(filmRef)8902	11
(filmRef)8903	10
(filmRef)8904	11
(filmRef)8905	11
(filmRef)8906	11
(filmRef)8907	10
(filmRef)8909	10
(filmRef)8910	10
(filmRef)8911	10
(filmRef)8912	10
(filmRef)8913	10
(filmRef)8914	10
(filmRef)8917	10
(filmRef)8919	10
(filmRef)8920	10
(filmRef)8921	10
(filmRef)8922	10
(filmRef)8923	10
(filmRef)8924	11
(filmRef)8925	10
(filmRef)8926	10
(filmRef)8927	10
(filmRef)8928	10
(filmRef)8929	10
(filmRef)8930	10
(filmRef)8931	10
(filmRef)8932	10
(filmRef)8933	13
(filmRef)8934	10
(filmRef)8935	10
(filmRef)8936	10
(filmRef)8937	10
(filmRef)8938	10
(filmRef)8940	10
(filmRef)8941	10
(filmRef)8942	11
(filmRef)8943	10
(filmRef)8944	10
(filmRef)8945	10
(filmRef)8946	10
(filmRef)8947	11
(filmRef)8948	10
(filmRef)8949	10
(filmRef)8950	10
(filmRef)8951	13
(filmRef)8952	10
(filmRef)8953	10
(filmRef)8954	10
(filmRef)8955	10
(filmRef)8956	10
(filmRef)8957	11
(filmRef)8958	13
(filmRef)8959	10
(filmRef)8960	10
(filmRef)8961	13
(filmRef)8962	10
(filmRef)8963	10
(filmRef)8964	11
(filmRef)8965	13
(filmRef)8966	10
(filmRef)8967	10
(filmRef)8968	10
(filmRef)8969	3
(filmRef)9020	3
(filmRef)9022	11
(filmRef)9023	14
(filmRef)9024	14
(filmRef)9025	3
(filmRef)9026	11
(filmRef)9027	11
(filmRef)9028	14
(filmRef)9029	3
(filmRef)9030	11
(filmRef)9031	13
(filmRef)9032	3
(filmRef)9033	3
(filmRef)9034	3
(filmRef)9035	3
(filmRef)9036	2
(filmRef)9037	6
(filmRef)9038	3
(filmRef)9039	3
(filmRef)9040	3
(filmRef)9041	3
(filmRef)9042	3
(filmRef)9043	3
(filmRef)9044	3
(filmRef)9045	14
(filmRef)9046	3
(filmRef)9047	11
(filmRef)9049	11
(filmRef)9050	2
(filmRef)9053	13
(filmRef)9054	2
(filmRef)9055	6
(filmRef)9056	11
(filmRef)9057	13
(filmRef)9058	1
(filmRef)9059	14
(filmRef)9060	2
(filmRef)9061	6
(filmRef)9064	2
(filmRef)9065	2
(filmRef)9066	10
(filmRef)9067	2
(filmRef)9068	11
(filmRef)9069	10
(filmRef)9070	10
(filmRef)9071	10
(filmRef)9072	10
(filmRef)9073	10
(filmRef)9075	11
(filmRef)9076	11
(filmRef)9077	0
(filmRef)9078	11
(filmRef)9079	11
(filmRef)9080	10
(filmRef)9081	10
(filmRef)9082	3
(filmRef)9083	0
(filmRef)9084	10
(filmRef)9085	6
(filmRef)9086	10
(filmRef)9087	10
(filmRef)9088	10
(filmRef)9089	10
(filmRef)9090	10
(filmRef)9091	10
(filmRef)9092	10
(filmRef)9093	10
(filmRef)9094	10
(filmRef)9095	10
(filmRef)9096	10
(filmRef)9097	10
(filmRef)9098	10
(filmRef)9100	2
(filmRef)9101	2
(filmRef)9102	2
(filmRef)9103	11
(filmRef)9104	2
(filmRef)9105	2
(filmRef)9106	2
(filmRef)9107	2
(filmRef)9108	2
(filmRef)9109	2
(filmRef)9110	2
(filmRef)9111	2
(filmRef)9112	2
(filmRef)9113	2
(filmRef)9114	2
(filmRef)9115	2
(filmRef)9116	2
(filmRef)9117	2
(filmRef)9118	3
(filmRef)9119	2
(filmRef)9120	1
(filmRef)9121	14
(filmRef)9122	3
(filmRef)9125	14
(filmRef)9128	2
(filmRef)9130	13
(filmRef)9131	3
(filmRef)9134	3
(filmRef)9135	3
(filmRef)9136	3
(filmRef)9137	14
(filmRef)9138	13
(filmRef)9157	13
(filmRef)9167	14
(filmRef)9174	11
(filmRef)9176	11
(filmRef)9177	0
(filmRef)9179	19
(filmRef)9201	10
(filmRef)9202	10
(filmRef)9203	10
(filmRef)9204	10
(filmRef)9205	10
(filmRef)9206	10
(filmRef)9207	10
(filmRef)9208	10
(filmRef)9209	10
(filmRef)9210	10
(filmRef)9211	10
(filmRef)9212	10
(filmRef)9213	11
(filmRef)9214	10
(filmRef)9215	10
(filmRef)9216	18
(filmRef)9217	10
(filmRef)9218	10
(filmRef)9219	10
(filmRef)9220	2
(filmRef)9221	19
(filmRef)9222	18
(filmRef)9223	10
(filmRef)9224	10
(filmRef)9225	13
(filmRef)9226	10
(filmRef)9227	10
(filmRef)9228	10
(filmRef)9229	10
(filmRef)9230	10
(filmRef)9231	10
(filmRef)9232	10
(filmRef)9233	10
(filmRef)9234	10
(filmRef)9235	10
(filmRef)9236	2
(filmRef)9237	10
(filmRef)9238	13
(filmRef)9239	10
(filmRef)9240	14
(filmRef)9241	10
(filmRef)9242	10
(filmRef)9243	10
(filmRef)9244	10
(filmRef)9245	10
(filmRef)9246	10
(filmRef)9247	10
(filmRef)9248	10
(filmRef)9249	10
(filmRef)9250	10
(filmRef)9251	10
(filmRef)9252	10
(filmRef)9253	10
(filmRef)9254	19
(filmRef)9255	19
(filmRef)9256	3
(filmRef)9257	3
(filmRef)9258	3
(filmRef)9259	3
(filmRef)9260	3
(filmRef)9261	14
(filmRef)9262	3
(filmRef)9263	3
(filmRef)9264	14
(filmRef)9265	3
(filmRef)9266	2
(filmRef)9267	3
(filmRef)9269	2
(filmRef)9272	14
(filmRef)9273	2
(filmRef)9274	6
(filmRef)9275	6
(filmRef)9276	11
(filmRef)9277	2
(filmRef)9278	2
(filmRef)9279	10
(filmRef)9280	2
(filmRef)9281	3
(filmRef)9282	3
(filmRef)9283	2
(filmRef)9284	3
(filmRef)9285	10
(filmRef)9286	2
(filmRef)9287	2
(filmRef)9288	3
(filmRef)9289	3
(filmRef)9290	13
(filmRef)9291	3
(filmRef)9292	3
(filmRef)9293	2
(filmRef)9298	11
(filmRef)9299	3
(filmRef)9301	3
(filmRef)9303	11
(filmRef)9304	3
(filmRef)9305	2
(filmRef)9306	3
(filmRef)9307	11
(filmRef)9308	3
(filmRef)9309	3
(filmRef)9310	13
(filmRef)9313	11
(filmRef)9314	6
(filmRef)9315	14
(filmRef)9316	13
(filmRef)9317	13
(filmRef)9318	6
(filmRef)9341	13
(filmRef)9342	11
(filmRef)9346	14
(filmRef)9347	2
(filmRef)9348	6
(filmRef)9349	14
(filmRef)9350	14
(filmRef)9351	14
(filmRef)9352	14
(filmRef)9353	14
(filmRef)9354	3
(filmRef)9355	14
(filmRef)9357	3
(filmRef)9358	2
(filmRef)9359	3
(filmRef)9360	11
(filmRef)9361	14
(filmRef)9362	13
(filmRef)9363	14
(filmRef)9364	6
(filmRef)9366	3
(filmRef)9367	13
(filmRef)9368	3
(filmRef)9369	3
(filmRef)9370	14
(filmRef)9371	13
(filmRef)9372	3
(filmRef)9374	7
(filmRef)9378	3
(filmRef)9379	3
(filmRef)9392	14
(filmRef)9393	14
(filmRef)9394	11
(filmRef)9395	11
(filmRef)9396	2
(filmRef)9397	14
(filmRef)9398	2
(filmRef)9399	11
(filmRef)9400	11
(filmRef)9401	11
(filmRef)9402	1
(filmRef)9403	14
(filmRef)9404	11
(filmRef)9405	1
(filmRef)9406	11
(filmRef)9407	14
(filmRef)9408	14
(filmRef)9409	3
(filmRef)9410	11
(filmRef)9411	1
(filmRef)9412	14
(filmRef)9413	3
(filmRef)9414	13
(filmRef)9415	3
(filmRef)9416	3
(filmRef)9417	3
(filmRef)9418	3
(filmRef)9419	3
(filmRef)9420	2
(filmRef)9421	3
(filmRef)9422	2
(filmRef)9423	2
(filmRef)9424	3
(filmRef)9425	3
(filmRef)9426	3
(filmRef)9427	3
(filmRef)9428	3
(filmRef)9429	14
(filmRef)9430	3
(filmRef)9431	2
(filmRef)9432	14
(filmRef)9433	3
(filmRef)9434	3
(filmRef)9435	3
(filmRef)9436	3
(filmRef)9437	2
(filmRef)9438	2
(filmRef)9439	2
(filmRef)9440	2
(filmRef)9441	2
(filmRef)9442	3
(filmRef)9450	3
(filmRef)9451	3
(filmRef)9452	3
(filmRef)9453	3
(filmRef)9454	3
(filmRef)9455	3
(filmRef)9456	14
(filmRef)9457	14
(filmRef)9458	14
(filmRef)9459	14
(filmRef)9460	14
(filmRef)9461	14
(filmRef)9462	14
(filmRef)9463	15
(filmRef)9465	2
(filmRef)9466	3
(filmRef)9467	9
(filmRef)9468	3
(filmRef)9472	3
(filmRef)9473	14
(filmRef)9474	3
(filmRef)9475	2
(filmRef)9476	2
(filmRef)9477	2
(filmRef)9478	2
(filmRef)9479	3
(filmRef)9480	3
(filmRef)9481	3
(filmRef)9482	3
(filmRef)9483	14
(filmRef)9484	14
(filmRef)9485	1
(filmRef)9486	14
(filmRef)9487	19
(filmRef)9488	14
(filmRef)9489	13
(filmRef)9490	2
(filmRef)9491	2
(filmRef)9492	2
(filmRef)9493	6
(filmRef)9494	14
(filmRef)9495	14
(filmRef)9496	11
(filmRef)9497	14
(filmRef)9498	14
(filmRef)9499	1
(filmRef)9503	2
(filmRef)9504	3
(filmRef)9505	6
(filmRef)9510	6
(filmRef)9511	2
(filmRef)9512	3
(filmRef)9513	14
(filmRef)9514	14
(filmRef)9515	14
(filmRef)9516	14
(filmRef)9517	2
(filmRef)9518	14
(filmRef)9519	14
(filmRef)9520	14
(filmRef)9521	14
(filmRef)9522	14
(filmRef)9523	14
(filmRef)9524	14
(filmRef)9525	2
(filmRef)9526	6
(filmRef)9527	6
(filmRef)9528	14
(filmRef)9532	2
(filmRef)9533	3
(filmRef)9534	1
(filmRef)9535	14
(filmRef)9536	1
(filmRef)9537	1
(filmRef)9538	2
(filmRef)9540	13
(filmRef)9542	18
(filmRef)9543	14
(filmRef)9544	11
(filmRef)9545	14
(filmRef)9546	14
(filmRef)9547	14
(filmRef)9552	14
(filmRef)9553	2
(filmRef)9554	14
(filmRef)9555	14
(filmRef)9556	2
(filmRef)9557	2
(filmRef)9558	2
(filmRef)9559	2
(filmRef)9560	3
(filmRef)9561	14
(filmRef)9562	3
(filmRef)9563	3
(filmRef)9564	14
(filmRef)9565	2
(filmRef)9566	2
(filmRef)9567	2
(filmRef)9568	2
(filmRef)9631	14
(filmRef)9632	2
(filmRef)9633	3
(filmRef)9634	14
(filmRef)9635	3
(filmRef)9636	14
(filmRef)9637	3
(filmRef)9638	3
(filmRef)9640	3
(filmRef)9641	3
(filmRef)9642	3
(filmRef)9643	3
(filmRef)9644	2
(filmRef)9645	3
(filmRef)9646	3
(filmRef)9647	3
(filmRef)9648	2
(filmRef)9649	2
(filmRef)9653	3
(filmRef)9656	14
(filmRef)9665	14
(filmRef)9666	6
(filmRef)9674	11
(filmRef)9675	11
(filmRef)9713	3
(filmRef)9714	2
(filmRef)9715	11
(filmRef)9716	11
(filmRef)9717	14
(filmRef)9718	11
(filmRef)9719	14
(filmRef)9760	3
(filmRef)9761	3
(filmRef)9762	3
(filmRef)9763	3
(filmRef)9764	3
(filmRef)9765	3
(filmRef)9766	14
(filmRef)9767	11
(filmRef)9768	11
(filmRef)9769	14
(filmRef)9770	2
(filmRef)9771	2
(filmRef)9772	2
(filmRef)9773	2
(filmRef)9774	2
(filmRef)9779	3
(filmRef)9780	3
(filmRef)9781	14
(filmRef)9782	3
(filmRef)9843	2
(filmRef)9844	11
(filmRef)9845	3
(filmRef)9846	2
(filmRef)9847	14
(filmRef)9848	14
(filmRef)9849	13
(filmRef)9852	2
(filmRef)9853	14
(filmRef)9854	14
(filmRef)9855	14
(filmRef)9856	14
(filmRef)9857	3
(filmRef)9858	2
(filmRef)9859	1
(filmRef)9860	1
(filmRef)9861	9
(filmRef)9862	3
(filmRef)9884	11
(filmRef)9885	7
(filmRef)9886	13
(filmRef)9898	1
(filmRef)9899	11
(filmRef)9900	14
(filmRef)9904	11
(filmRef)9905	11
(filmRef)9906	14
(filmRef)9907	13
(filmRef)9908	13
(filmRef)9909	13
(filmRef)9910	2
(filmRef)9911	14
(filmRef)9912	14
(filmRef)9913	11
(filmRef)9914	3
(filmRef)9915	14
(filmRef)9916	3
(filmRef)9917	3
(filmRef)9918	3
(filmRef)9919	2
(filmRef)9920	3
(filmRef)9926	13
(filmRef)9927	3
(filmRef)9928	14
(filmRef)9929	11
(filmRef)9930	11
(filmRef)9931	2
(filmRef)9932	2
(filmRef)9933	2
(filmRef)9936	6
(filmRef)9937	14
(filmRef)9938	1
(filmRef)9939	14
(filmRef)9940	14
(filmRef)9941	14
(filmRef)9942	6
(filmRef)9945	3
(filmRef)9946	11
(filmRef)9947	11
(filmRef)9948	10
(filmRef)9955	13
(filmRef)9956	9
(filmRef)9957	11
(filmRef)9958	13
(filmRef)9959	14
(filmRef)9960	14
(filmRef)9961	18
(filmRef)9963	1
(filmRef)9964	3
(filmRef)9965	2
(filmRef)9966	14
(filmRef)9967	11
(filmRef)9968	14
(filmRef)9969	11
(filmRef)9970	11
(filmRef)9971	11
(filmRef)9972	14
(filmRef)9973	14
(filmRef)9974	3
(filmRef)9975	3
(filmRef)9976	3
(filmRef)9977	11
(filmRef)9978	2
(filmRef)9981	13
(filmRef)9982	19
(filmRef)9983	19
(filmRef)9985	11
(filmRef)9986	14
(filmRef)9987	11
(filmRef)9988	14
(filmRef)N0001	1
(filmRef)N0002	9
(filmRef)N0003	9
(filmRef)N0004	1
(filmRef)N0005	9
(filmRef)N0006	1
(filmRef)N0007	9
(filmRef)N0008	1
(filmRef)N0009	1
(filmRef)N0010	7
(filmRef)N0011	1
(filmRef)N0012	9
(filmRef)N0014	7
(filmRef)N0015	9
(filmRef)N0016	9
(filmRef)N0017	9
(filmRef)N0018	9
(filmRef)N0019	9
(filmRef)N0020	9
(filmRef)N0021	1
(filmRef)N0022	9
(filmRef)N0023	9
(filmRef)N0025	1
(filmRef)N0026	9
(filmRef)N0027	9
(filmRef)N0028	18
(filmRef)N0029	1
(filmRef)N0030	9
(filmRef)N0031	9
(filmRef)N0032	9
(filmRef)N0033	9
(filmRef)N0034	1
(filmRef)N0035	9
(filmRef)N0036	9
(filmRef)N0037	1
(filmRef)N0038	9
(filmRef)N0039	9
(filmRef)N0040	9
(filmRef)N0041	1
(filmRef)N0042	1
(filmRef)N0043	7
(filmRef)N0044	9
(filmRef)N0045	1
(filmRef)N0047	1
(filmRef)N0048	1
(filmRef)N0049	9
(filmRef)N0050	9
(filmRef)N0052	9
(filmRef)N0055	9
(filmRef)N0056	2
(filmRef)N0060	9
(filmRef)N0061	1
(filmRef)N0062	9
(filmRef)N0063	1
(filmRef)N0064	1
(filmRef)N0065	1
(filmRef)N0066	9
(filmRef)N0067	9
(filmRef)N0068	1
(filmRef)N0069	1
(filmRef)N0070	9
(filmRef)N0071	9
(filmRef)N0072	1
(filmRef)N0073	9
(filmRef)N0074	9
(filmRef)N0075	7
(filmRef)N0076	1
(filmRef)N0077	9
(filmRef)N0078	9
(filmRef)N0079	9
(filmRef)N0080	1
(filmRef)N0081	9
(filmRef)N0082	1
(filmRef)N0083	1
(filmRef)N0084	9
(filmRef)N0088	1
(filmRef)N0089	1
(filmRef)N0090	9
(filmRef)N0091	1
(filmRef)N0092	1
(filmRef)N0093	9
(filmRef)N0094	9
(filmRef)N0095	1
(filmRef)N0096	9
(filmRef)N0097	1
(filmRef)N0098	9
(filmRef)N0099	1
(filmRef)N0100	1
(filmRef)N0101	1
(filmRef)N0102	1
(filmRef)N0103	9
(filmRef)N0104	9
(filmRef)N0106	1
(filmRef)N0107	9
(filmRef)N0108	9
(filmRef)N0109	9
(filmRef)N0110	9
(filmRef)N0111	9
(filmRef)N0112	7
(filmRef)N0113	1
(filmRef)N0114	9
(filmRef)N0115	1
(filmRef)N0116	1
(filmRef)N0117	9
(filmRef)N0118	1
(filmRef)N0119	9
(filmRef)N0120	1
(filmRef)N0121	1
(filmRef)N0122	1
(filmRef)N0123	1
(filmRef)N0124	1
(filmRef)N0125	1
(filmRef)N0126	1
(filmRef)N0127	1
(filmRef)N0128	1
(filmRef)N0129	9
(filmRef)N0130	1
(filmRef)N0131	9
(filmRef)N0132	9
(filmRef)N0133	9
(filmRef)N0134	1
(filmRef)N0135	9
(filmRef)N0136	9
(filmRef)N0137	13
(filmRef)N0138	7
(filmRef)N0139	1
(filmRef)N0140	9
(filmRef)N0141	9
(filmRef)N0142	1
(filmRef)N0143	9
(filmRef)N0144	9
(filmRef)N0145	7
(filmRef)N0146	9
(filmRef)N0147	1
(filmRef)N0148	9
(filmRef)N0149	9
(filmRef)N0151	9
(filmRef)N0153	9
(filmRef)N0154	9
(filmRef)N0155	9
(filmRef)N0156	7
(filmRef)N0157	1
(filmRef)N0158	9
(filmRef)N0159	1
(filmRef)N0160	1
(filmRef)N0161	9
(filmRef)N0162	7
(filmRef)N0163	9
(filmRef)N0164	9
(filmRef)N0165	1
(filmRef)N0166	1
(filmRef)N0167	1
(filmRef)N0168	9
(filmRef)N0169	9
(filmRef)N0170	1
(filmRef)N0171	1
(filmRef)N0172	9
(filmRef)N0173	1
(filmRef)N0174	1
(filmRef)N0175	1
(filmRef)N0176	9
(filmRef)N0180	1
(filmRef)N0181	11
(filmRef)N0182	9
(filmRef)N0183	1
(filmRef)N0184	9
(filmRef)N0185	9
(filmRef)N0186	1
(filmRef)N0187	9
(filmRef)N0188	1
(filmRef)N0189	1
(filmRef)N0190	9
(filmRef)N0191	9
(filmRef)N0192	9
(filmRef)N0193	9
(filmRef)N0194	9
(filmRef)N0195	9
(filmRef)N0196	1
(filmRef)N0197	9
(filmRef)N0198	9
(filmRef)N0199	9
(filmRef)N0200	1
(filmRef)N0201	2
(filmRef)N0202	1
(filmRef)N0203	9
(filmRef)N0204	1
(filmRef)N0205	11
(filmRef)N0206	1
(filmRef)N0207	1
(filmRef)N0208	1
(filmRef)N0209	1
(filmRef)N0210	9
(filmRef)N0211	11
(filmRef)N0212	11
(filmRef)N0213	11
(filmRef)N0214	9
(filmRef)N0215	2
(filmRef)N0216	9
(filmRef)N0217	1
(filmRef)N0218	1
(filmRef)N0219	1
(filmRef)N0220	9
(filmRef)N0221	1
(filmRef)N0222	1
(filmRef)N0223	1
(filmRef)N0224	1
(filmRef)N0225	9
(filmRef)N0226	1
(filmRef)N0227	1
(filmRef)N0228	1
(filmRef)N0229	13
(filmRef)N0230	9
(filmRef)N0231	9
(filmRef)N0233	9
(filmRef)N0234	2
(filmRef)N0235	1
(filmRef)N0236	1
(filmRef)N0237	11
(filmRef)N0238	10
(filmRef)N0239	9
(filmRef)N0240	9
(filmRef)N0241	1
(filmRef)N0242	9
(filmRef)N0243	3
(filmRef)N0244	9
(filmRef)N0245	9
(filmRef)N0246	1
(filmRef)N0247	1
(filmRef)N0248	14
(filmRef)N0249	9
(filmRef)N0250	1
(filmRef)N0251	9
(filmRef)N0252	1
(filmRef)N0253	9
(filmRef)N0254	7
(filmRef)N0255	1
(filmRef)N0256	10
(filmRef)N0257	9
(filmRef)N0258	1
(filmRef)N0259	9
(filmRef)N0260	14
(filmRef)N0261	2
(filmRef)N0262	7
(filmRef)N0263	9
(filmRef)N0264	18
(filmRef)N0265	9
(filmRef)N0266	9
(filmRef)N0268	9
(filmRef)N0269	9
(filmRef)N0270	1
(filmRef)N0271	1
(filmRef)N0272	13
(filmRef)N0273	9
(filmRef)N0274	1
(filmRef)N0275	1
(filmRef)N0276	9
(filmRef)N0277	1
(filmRef)N0278	9
(filmRef)N0279	1
(filmRef)N0280	9
(filmRef)N0281	9
(filmRef)N0282	1
(filmRef)N0283	1
(filmRef)N0284	1
(filmRef)N0285	9
(filmRef)N0286	1
(filmRef)N0287	9
(filmRef)N0288	9
(filmRef)N0289	1
(filmRef)N0290	9
(filmRef)N0291	13
(filmRef)N0292	7
(filmRef)N0293	1
(filmRef)N0294	9
(filmRef)N0295	1
(filmRef)N0296	1
(filmRef)N0297	9
(filmRef)N0298	1
(filmRef)N0299	9
(filmRef)N0300	1
(filmRef)N0301	9
(filmRef)N0302	9
(filmRef)N0303	11
(filmRef)N0304	7
(filmRef)N0305	1
(filmRef)N0306	1
(filmRef)N0307	9
(filmRef)N0308	9
(filmRef)N0310	9
(filmRef)N0311	1
(filmRef)N0312	1
(filmRef)N0313	1
(filmRef)N0314	9
(filmRef)N0315	1
(filmRef)N0317	9
(filmRef)N0318	1
(filmRef)N0319	2
(filmRef)N0320	1
(filmRef)N0321	1
(filmRef)N0322	9
(filmRef)N0323	9
(filmRef)N0324	9
(filmRef)N0325	1
(filmRef)N0326	9
(filmRef)N0327	9
(filmRef)N0328	1
(filmRef)N0329	7
(filmRef)N0330	1
(filmRef)N0331	9
(filmRef)N0332	9
(filmRef)N0333	1
(filmRef)N0334	1
(filmRef)N0335	1
(filmRef)N0336	1
(filmRef)N0337	9
(filmRef)N0338	1
(filmRef)N0339	1
(filmRef)N0340	1
(filmRef)N0341	1
(filmRef)N0342	9
(filmRef)N0343	9
(filmRef)N0344	1
(filmRef)N0345	1
(filmRef)N0346	1
(filmRef)N0347	1
(filmRef)N0348	13
(filmRef)N0349	9
(filmRef)N0350	1
(filmRef)N0351	1
(filmRef)N0352	1
(filmRef)N0353	1
(filmRef)N0354	11
(filmRef)N0355	1
(filmRef)N0356	7
(filmRef)N0357	9
(filmRef)N0358	9
(filmRef)N0359	13
(filmRef)N0360	9
(filmRef)N0361	18
(filmRef)N0362	9
(filmRef)N0363	9
(filmRef)N0364	9
(filmRef)N0365	1
(filmRef)N0366	1
(filmRef)N0367	1
(filmRef)N0369	1
(filmRef)N0370	9
(filmRef)N0371	1
(filmRef)N0372	7
(filmRef)N0373	1
(filmRef)N0374	9
(filmRef)N0375	9
(filmRef)N0376	1
(filmRef)N0377	1
(filmRef)N0378	1
(filmRef)N0379	1
(filmRef)N0380	9
(filmRef)N0381	1
(filmRef)N0383	9
(filmRef)N0384	9
(filmRef)N0385	1
(filmRef)N0386	1
(filmRef)N0387	1
(filmRef)N0388	1
(filmRef)N0389	9
(filmRef)N0391	1
(filmRef)N0392	1
(filmRef)N0395	9
(filmRef)N0396	1
(filmRef)N0397	1
(filmRef)N0398	1
(filmRef)N0399	1
(filmRef)N0400	1
(filmRef)N0401	1
(filmRef)N0402	9
(filmRef)N0403	1
(filmRef)N0405	1
(filmRef)N0406	1
(filmRef)N0407	9
(filmRef)N0408	1
(filmRef)N0409	9
(filmRef)N0410	9
(filmRef)N0411	9
(filmRef)N0413	1
(filmRef)N0414	1
(filmRef)N0415	1
(filmRef)N0416	1
(filmRef)N0417	7
(filmRef)N0418	2
(filmRef)N0419	9
(filmRef)N0420	9
(filmRef)N0422	9
(filmRef)N0423	1
(filmRef)N0424	1
(filmRef)N0425	9
(filmRef)N0426	1
(filmRef)N0427	9
(filmRef)N0428	9
(filmRef)N0429	9
(filmRef)N0430	1
(filmRef)N0431	9
(filmRef)N0432	1
(filmRef)N0433	1
(filmRef)N0434	9
(filmRef)N0436	1
(filmRef)N0437	1
(filmRef)N0438	1
(filmRef)N0439	9
(filmRef)N0440	7
(filmRef)N0441	1
(filmRef)N0442	9
(filmRef)N0443	9
(filmRef)N0444	9
(filmRef)N0445	1
(filmRef)N0446	13
(filmRef)N0447	9
(filmRef)N0448	1
(filmRef)N0449	9
(filmRef)N0450	11
(filmRef)N0451	9
(filmRef)N0452	9
(filmRef)N0453	9
(filmRef)N0454	1
(filmRef)N0456	9
(filmRef)N0459	9
(filmRef)N0460	9
(filmRef)N0461	9
(filmRef)N0462	1
(filmRef)N0463	1
(filmRef)N0464	9
(filmRef)N0465	9
(filmRef)N0466	9
(filmRef)N0467	1
(filmRef)N0468	9
(filmRef)N0469	1
(filmRef)N0470	1
(filmRef)N0471	1
(filmRef)N0472	9
(filmRef)N0474	9
(filmRef)N0475	9
(filmRef)N0476	1
(filmRef)N0477	1
(filmRef)N0478	1
(filmRef)N0479	1
(filmRef)N0480	1
(filmRef)N0481	9
(filmRef)N0482	9
(filmRef)N0483	9
(filmRef)N0484	1
(filmRef)N0485	9
(filmRef)N0486	1
(filmRef)N0487	1
(filmRef)N0488	1
(filmRef)N0489	1
(filmRef)N0490	1
(filmRef)N0491	9
(filmRef)N0492	1
(filmRef)N0493	9
(filmRef)N0494	13
(filmRef)N0496	9
(filmRef)N0497	9
(filmRef)N0498	1
(filmRef)N0499	9
(filmRef)N0500	9
(filmRef)N0501	1
(filmRef)N0502	9
(filmRef)N0503	1
(filmRef)N0504	1
(filmRef)N0505	1
(filmRef)N0506	1
(filmRef)N0507	1
(filmRef)N0508	1
(filmRef)N0509	1
(filmRef)N0510	2
(filmRef)N0513	9
(filmRef)N0514	1
(filmRef)N0515	1
(filmRef)N0516	1
(filmRef)N0517	1
(filmRef)N0518	9
(filmRef)N0519	1
(filmRef)N0520	9
(filmRef)N0521	11
(filmRef)N0522	1
(filmRef)N0523	9
(filmRef)N0524	1
(filmRef)N0525	18
(filmRef)N0526	1
(filmRef)N0527	1
(filmRef)N0528	1
(filmRef)N0530	11
(filmRef)N0531	1
(filmRef)N0532	9
(filmRef)N0533	9
(filmRef)N0534	1
(filmRef)N0535	1
(filmRef)N0536	9
(filmRef)N0537	7
(filmRef)N0538	1
(filmRef)N0539	9
(filmRef)N0540	1
(filmRef)N0541	1
(filmRef)N0542	9
(filmRef)N0543	1
(filmRef)N0544	1
(filmRef)N0545	9
(filmRef)N0546	1
(filmRef)N0549	1
(filmRef)N0550	1
(filmRef)N0551	9
(filmRef)N0552	1
(filmRef)N0553	1
(filmRef)N0554	9
(filmRef)N0555	1
(filmRef)N0556	1
(filmRef)N0557	1
(filmRef)N0558	1
(filmRef)N0560	9
(filmRef)N0561	9
(filmRef)N0562	1
(filmRef)N0563	1
(filmRef)N0564	14
(filmRef)N0565	9
(filmRef)N0566	18
(filmRef)N0567	9
(filmRef)N0568	9
(filmRef)N0569	1
(filmRef)N0570	9
(filmRef)N0571	1
(filmRef)N0572	9
(filmRef)N0573	9
(filmRef)N0574	9
(filmRef)N0576	1
(filmRef)N0577	9
(filmRef)N0578	18
(filmRef)N0579	1
(filmRef)N0580	9
(filmRef)N0581	9
(filmRef)N0582	6
(filmRef)N0583	1
(filmRef)N0584	9
(filmRef)N0585	18
(filmRef)N0586	9
(filmRef)N0587	9
(filmRef)N0589	9
(filmRef)N0591	1
(filmRef)N0592	1
(filmRef)N0593	1
(filmRef)N0594	11
(filmRef)N0595	11
(filmRef)N0596	1
(filmRef)N0597	9
(filmRef)N0598	1
(filmRef)N0599	9
(filmRef)N0600	9
(filmRef)N0601	1
(filmRef)N0602	1
(filmRef)N0603	9
(filmRef)N0604	1
(filmRef)N0605	9
(filmRef)N0606	9
(filmRef)N0607	1
(filmRef)N0608	1
(filmRef)N0609	9
(filmRef)N0610	9
(filmRef)N0611	9
(filmRef)N0612	9
(filmRef)N0613	1
(filmRef)N0614	11
(filmRef)N0615	9
(filmRef)N0616	1
(filmRef)N0617	1
(filmRef)N0618	1
(filmRef)N0619	7
(filmRef)N0620	9
(filmRef)N0621	1
(filmRef)N0622	9
(filmRef)N0623	13
(filmRef)N0624	9
(filmRef)N0625	1
(filmRef)N0626	1
(filmRef)N0627	1
(filmRef)N0628	13
(filmRef)N0629	9
(filmRef)N0630	9
(filmRef)N0631	9
(filmRef)N0632	1
(filmRef)N0633	1
(filmRef)N0634	1
(filmRef)N0635	1
(filmRef)N0636	13
(filmRef)N0637	9
(filmRef)N0638	1
(filmRef)N0639	13
(filmRef)N0640	9
(filmRef)N0641	1
(filmRef)N0642	9
(filmRef)N0643	9
(filmRef)N0644	9
(filmRef)N0645	1
(filmRef)N0646	13
(filmRef)N0647	1
(filmRef)N0648	9
(filmRef)N0649	1
(filmRef)N0650	9
(filmRef)N0651	1
(filmRef)N0652	9
(filmRef)N0653	9
(filmRef)N0654	9
(filmRef)N0655	9
(filmRef)N0656	9
(filmRef)N0657	1
(filmRef)N0658	6
(filmRef)N0660	9
(filmRef)N0661	7
(filmRef)N0662	1
(filmRef)N0663	9
(filmRef)N0664	1
(filmRef)N0665	9
(filmRef)N0666	1
(filmRef)N0667	10
(filmRef)N0670	9
(filmRef)N0671	9
(filmRef)N0672	9
(filmRef)N0674	1
(filmRef)N0675	10
(filmRef)N0676	9
(filmRef)N0677	1
(filmRef)N0678	9
(filmRef)N0679	9
(filmRef)N0680	1
(filmRef)N0681	9
(filmRef)N0682	1
(filmRef)N0683	10
(filmRef)N0684	9
(filmRef)N0685	1
(filmRef)N0686	1
(filmRef)N0687	9
(filmRef)N0688	9
(filmRef)N0689	1
(filmRef)N0690	9
(filmRef)N0691	9
(filmRef)N0692	1
(filmRef)N0693	9
(filmRef)N0694	13
(filmRef)N0695	1
(filmRef)N0696	18
(filmRef)N0697	9
(filmRef)N0698	9
(filmRef)N0699	1
(filmRef)N0700	2
(filmRef)N0701	1
(filmRef)N0702	9
(filmRef)N0703	9
(filmRef)N0704	1
(filmRef)N0705	1
(filmRef)N0706	1
(filmRef)N0707	9
(filmRef)N0708	1
(filmRef)N0709	1
(filmRef)N0710	9
(filmRef)N0711	9
(filmRef)N0712	9
(filmRef)N0713	1
(filmRef)N0714	9
(filmRef)N0715	1
(filmRef)N0716	1
(filmRef)N0717	1
(filmRef)N0719	13
(filmRef)N0720	1
(filmRef)N0721	9
(filmRef)N0722	1
(filmRef)N0723	9
(filmRef)N0724	9
(filmRef)N0725	9
(filmRef)N0726	9
(filmRef)N0727	9
(filmRef)N0728	9
(filmRef)N0730	1
(filmRef)N0731	9
(filmRef)N0732	1
(filmRef)N0733	1
(filmRef)N0734	1
(filmRef)N0735	1
(filmRef)N0736	1
(filmRef)N0737	9
(filmRef)N0738	1
(filmRef)N0739	9
(filmRef)N0740	1
(filmRef)N0741	1
(filmRef)N0742	9
(filmRef)N0743	1
(filmRef)N0744	1
(filmRef)N0746	1
(filmRef)N0747	9
(filmRef)N0748	9
(filmRef)N0750	1
(filmRef)N0751	9
(filmRef)N0752	9
(filmRef)N0753	9
(filmRef)N0754	9
(filmRef)N0755	9
(filmRef)N0756	9
(filmRef)N0757	18
(filmRef)N0758	9
(filmRef)N0759	9
(filmRef)N0760	9
(filmRef)N0761	1
(filmRef)N0763	1
(filmRef)N0764	13
(filmRef)N0765	9
(filmRef)N0766	9
(filmRef)N0767	9
(filmRef)N0768	1
(filmRef)N0769	9
(filmRef)N0770	9
(filmRef)N0772	9
(filmRef)N0773	1
(filmRef)N0774	9
(filmRef)N0775	9
(filmRef)N0776	18
(filmRef)N0777	1
(filmRef)N0778	1
(filmRef)N0779	9
(filmRef)N0780	1
(filmRef)N0781	9
(filmRef)N0782	1
(filmRef)N0783	9
(filmRef)N0784	13
(filmRef)N0785	7
(filmRef)N0786	1
(filmRef)N0787	9
(filmRef)N0788	9
(filmRef)N0789	9
(filmRef)N0790	9
(filmRef)N0791	9
(filmRef)N0792	1
(filmRef)N0793	1
(filmRef)N0794	9
(filmRef)N0796	1
(filmRef)N0797	1
(filmRef)N0798	9
(filmRef)N0799	9
(filmRef)N0800	13
(filmRef)N0801	1
(filmRef)N0802	9
(filmRef)N0803	9
(filmRef)N0804	1
(filmRef)N0805	1
(filmRef)N0806	9
(filmRef)N0807	1
(filmRef)N0808	1
(filmRef)N0809	9
(filmRef)N0810	9
(filmRef)N0811	13
(filmRef)N0812	7
(filmRef)N0813	9
(filmRef)N0814	1
(filmRef)N0815	9
(filmRef)N0816	9
(filmRef)N0817	9
(filmRef)N0818	7
(filmRef)N0819	9
(filmRef)N0820	9
(filmRef)N0821	7
(filmRef)N0822	1
(filmRef)N0823	1
(filmRef)N0824	9
(filmRef)N0825	1
(filmRef)N0826	1
(filmRef)N0827	1
(filmRef)N0828	1
(filmRef)N0829	1
(filmRef)N0830	1
(filmRef)N0831	9
(filmRef)N0832	13
(filmRef)N0833	9
(filmRef)N0834	1
(filmRef)N0835	1
(filmRef)N0836	9
(filmRef)N0837	1
(filmRef)N0838	1
(filmRef)N0839	18
(filmRef)N0840	1
(filmRef)N0841	1
(filmRef)N0842	13
(filmRef)N0843	1
(filmRef)N0844	1
(filmRef)N0845	1
(filmRef)N0846	1
(filmRef)N0847	1
(filmRef)N0848	1
(filmRef)N0849	9
(filmRef)N0850	1
(filmRef)N0851	9
(filmRef)N0852	9
(filmRef)N0853	1
(filmRef)N0854	1
(filmRef)N0855	1
(filmRef)N0856	1
(filmRef)N0857	9
(filmRef)N0858	9
(filmRef)N0859	1
(filmRef)N0860	1
(filmRef)N0861	9
(filmRef)N0862	1
(filmRef)N0864	1
(filmRef)N0865	9
(filmRef)N0866	1
(filmRef)N0867	1
(filmRef)N0868	1
(filmRef)N0869	1
(filmRef)N0870	13
(filmRef)N0871	7
(filmRef)N0872	1
(filmRef)N0873	9
(filmRef)N0874	1
(filmRef)N0875	1
(filmRef)N0876	9
(filmRef)N0877	9
(filmRef)N0878	18
(filmRef)N0879	1
(filmRef)N0880	1
(filmRef)N0881	1
(filmRef)N0882	18
(filmRef)N0883	1
(filmRef)N0884	1
(filmRef)N0885	1
(filmRef)N0886	1
(filmRef)N0887	1
(filmRef)N0888	1
(filmRef)N0889	18
(filmRef)N0890	1
(filmRef)N0892	18
(filmRef)N0893	1
(filmRef)N0894	1
(filmRef)N0895	3
(filmRef)N0896	1
(filmRef)N0898	7
(filmRef)N0899	18
(filmRef)N0901	1
(filmRef)N0902	7
(filmRef)N0903	1
(filmRef)N0904	1
(filmRef)N0905	1
(filmRef)N0906	18
(filmRef)N0907	1
(filmRef)N0908	1
(filmRef)N0909	1
(filmRef)N0910	14
(filmRef)N0911	9
(filmRef)N0912	9
(filmRef)N0913	18
(filmRef)N0914	18
(filmRef)N0915	1
(filmRef)N0916	1
(filmRef)N0917	1
(filmRef)N0918	1
(filmRef)N0919	1
(filmRef)N0920	1
(filmRef)N0921	18
(filmRef)N0922	14
(filmRef)N0923	1
(filmRef)N0924	18
(filmRef)N0925	9
(filmRef)N0926	18
(filmRef)N0927	18
(filmRef)N0928	18
(filmRef)N0929	18
(filmRef)N0930	1
(filmRef)N0931	1
(filmRef)N0932	9
(filmRef)N0933	9
(filmRef)N0934	1
(filmRef)N0935	1
(filmRef)N0936	1
(filmRef)N0937	9
(filmRef)N0938	1
(filmRef)N0939	9
(filmRef)N0942	9
(filmRef)N0943	1
(filmRef)N0944	9
(filmRef)N0945	9
(filmRef)N0946	9
(filmRef)N0947	9
(filmRef)N0948	9
(filmRef)N0949	9
(filmRef)N0950	1
(filmRef)N0951	11
(filmRef)N0952	9
(filmRef)N0953	9
(filmRef)N0954	9
(filmRef)N0955	2
(filmRef)N0956	9
(filmRef)N0957	9
(filmRef)N0958	1
(filmRef)N0959	1
(filmRef)N0960	9
(filmRef)N0961	1
(filmRef)N0962	9
(filmRef)N0963	1
(filmRef)N0964	1
(filmRef)N0965	1
(filmRef)N0966	9
(filmRef)N0967	1
(filmRef)N0968	1
(filmRef)N0969	9
(filmRef)N0970	1
(filmRef)N0971	9
(filmRef)N0972	9
(filmRef)N0973	1
(filmRef)N0974	1
(filmRef)N0975	1
(filmRef)N0976	1
(filmRef)N0978	9
(filmRef)N0979	9
(filmRef)N0980	9
(filmRef)N0981	9
(filmRef)N0982	1
(filmRef)N0983	7
(filmRef)N0984	9
(filmRef)N0985	1
(filmRef)N0986	9
(filmRef)N0987	9
(filmRef)N0988	9
(filmRef)N0989	1
(filmRef)N0990	1
(filmRef)N0991	9
(filmRef)N0992	1
(filmRef)N0993	9
(filmRef)N0994	14
(filmRef)N0995	9
(filmRef)N0996	9
(filmRef)N0997	1
(filmRef)N0998	1
(filmRef)N0999	1
(filmRef)N1000	9
(filmRef)N1002	9
(filmRef)N1004	1
(filmRef)N1005	1
(filmRef)N1006	18
(filmRef)N1007	9
(filmRef)N1010	1
(filmRef)N1011	1
(filmRef)N1012	9
(filmRef)N1013	1
(filmRef)N1014	2
(filmRef)N1015	1
(filmRef)N1016	9
(filmRef)N1017	9
(filmRef)N1018	9
(filmRef)N1019	9
(filmRef)N1020	9
(filmRef)N1021	9
(filmRef)N1022	18
(filmRef)N1023	9
(filmRef)N1024	9
(filmRef)N1026	9
(filmRef)N1027	9
(filmRef)N1028	9
(filmRef)N1029	9
(filmRef)N1030	9
(filmRef)N1031	9
(filmRef)N1032	9
(filmRef)N1033	9
(filmRef)N1034	9
(filmRef)N1037	9
(filmRef)N1038	1
(filmRef)N1039	9
(filmRef)N1040	1
(filmRef)N1041	9
(filmRef)N1042	9
(filmRef)N1044	1
(filmRef)N1045	9
(filmRef)N1046	1
(filmRef)N1047	1
(filmRef)N1050	9
(filmRef)N1052	1
(filmRef)N1053	9
(filmRef)N1054	9
(filmRef)N1055	1
(filmRef)N1056	9
(filmRef)N1059	1
(filmRef)N1060	1
(filmRef)N1061	1
(filmRef)N1062	1
(filmRef)N1063	10
(filmRef)N1064	10
(filmRef)N1065	10
(filmRef)N1066	10
(filmRef)N1067	10
(filmRef)N1068	10
(filmRef)N1069	10
(filmRef)N1071	10
(filmRef)N1072	10
(filmRef)N1073	14
(filmRef)N1075	14
(filmRef)N1076	14
(filmRef)T0001	1
(filmRef)T0002	1
(filmRef)T0003	1
(filmRef)T0005	1
(filmRef)T0007	9
(filmRef)T0008	1
(filmRef)T0009	9
(filmRef)T0010	1
(filmRef)T0011	1
(filmRef)T0014	1
(filmRef)T0016	9
(filmRef)T0017	18
(filmRef)T0019	1
(filmRef)T0020	1
(filmRef)T0021	1
(filmRef)T0022	1
(filmRef)T0023	6
(filmRef)T0024	1
(filmRef)T0025	9
(filmRef)T0026	9
(filmRef)T0027	1
(filmRef)T0030	1
(filmRef)T0032	10
(filmRef)T0033	10
(filmRef)T0036	11
(filmRef)T0037	11
(filmRef)T0037A	11
(filmRef)T0038	1
(filmRef)T0039	18
(filmRef)T0040	1
(filmRef)T0041	1
(filmRef)T0043	1
(filmRef)T0044	1
(filmRef)T0045	1
(filmRef)T0046	1
(filmRef)T0047	1
(filmRef)T0048	9
(filmRef)T0049	1
(filmRef)T0050	1
(filmRef)T0051	1
(filmRef)T0052	1
(filmRef)T0053	1
(filmRef)T0054	9
(filmRef)T0057	9
(filmRef)T0058	1
(filmRef)T0059	9
(filmRef)T0060	6
(filmRef)T0061	1
(filmRef)T0062	9
(filmRef)T0063	9
(filmRef)T0064	9
(filmRef)T0065	1
(filmRef)T0066	1
(filmRef)T0067	1
(filmRef)T0068	9
(filmRef)T0069	1
(filmRef)T0070	9
(filmRef)T0071	18
(filmRef)T0072	7
(filmRef)T0073	9
(filmRef)T0074	1
(filmRef)T0075	1
(filmRef)T0076	1
(filmRef)T0077	1
(filmRef)T0079	1
(filmRef)T0081	1
(filmRef)T0082	11
(filmRef)T0083	6
(filmRef)T0084	9
(filmRef)T0085	1
(filmRef)T0086	1
(filmRef)T0089	1
(filmRef)T0090	1
(filmRef)T0092	1
(filmRef)T0093	18
(filmRef)T0095	9
(filmRef)T0096	1
(filmRef)T0097	18
(filmRef)T0098	1
(filmRef)T0099	1
(filmRef)T0100	1
(filmRef)T0102	9
(filmRef)T0103	6
(filmRef)T0104	1
(filmRef)T0106	9
(filmRef)T0107	1
(filmRef)T0109	1
(filmRef)T0110	1
(filmRef)T0111	9
(filmRef)T0112	18
(filmRef)T0113	9
(filmRef)T0114	9
(filmRef)T0115	1
(filmRef)T0116	9
(filmRef)T0117	1
(filmRef)T0119	1
(filmRef)T0120	1
(filmRef)T0121	19
(filmRef)T0123	9
(filmRef)T0124	9
(filmRef)T0125	7
(filmRef)T0126	1
(filmRef)T0127	9
(filmRef)T0128	1
(filmRef)T0129	1
(filmRef)T0130	1
(filmRef)T0131	1
(filmRef)T0132	1
(filmRef)T0133	1
(filmRef)T0134	1
(filmRef)T0135	9
(filmRef)T0136	1
(filmRef)T0137	1
(filmRef)T0139	7
(filmRef)T0140	9
(filmRef)T0141	1
(filmRef)T0142	9
(filmRef)T0144	1
(filmRef)T0145	7
(filmRef)T0146	6
(filmRef)T0147	1
(filmRef)T0148	7
(filmRef)T0149	9
(filmRef)T0150	1
(filmRef)T0151	1
(filmRef)T0152	7
(filmRef)T0153	7
(filmRef)T0154	11
(filmRef)T0156	9
(filmRef)T0157	18
(filmRef)T0158	9
(filmRef)T0163	11
(filmRef)T0164	10
(filmRef)T0165	7
(filmRef)T0169	1
(filmRef)T0170	1
(filmRef)T0171	9
(filmRef)T0172	9
(filmRef)T0173	1
(filmRef)T0174	6
(filmRef)T0175	1
(filmRef)T0176	9
(filmRef)T0179	1
(filmRef)T0180	1
(filmRef)T0181	9
(filmRef)T0184	1
(filmRef)T0185	9
(filmRef)T0186	1
(filmRef)T0188	9
(filmRef)T0189	9
(filmRef)T0191	1
(filmRef)T0193	9
(filmRef)T0194	1
(filmRef)T0195	9
(filmRef)T0196	9
(filmRef)T0197	1
(filmRef)T0198	1
(filmRef)T0199	18
(filmRef)T0200	1
(filmRef)T0201	9
(filmRef)T0202	1
(filmRef)T0203	1
(filmRef)T0204	9
(filmRef)T0205	9
(filmRef)T0206	1
(filmRef)T0207	1
(filmRef)T0208	7
(filmRef)T0209	1
(filmRef)T0210	1
(filmRef)T0211	9
(filmRef)T0212	9
(filmRef)T0213	9
(filmRef)T0214	1
(filmRef)T0215	1
(filmRef)T0216	9
(filmRef)T0217	1
(filmRef)T0218	1
(filmRef)T0220	1
(filmRef)T0221	1
(filmRef)T0222	1
(filmRef)T0223	1
(filmRef)T0224	1
(filmRef)T0225	9
(filmRef)T0226	1
(filmRef)T0227	1
(filmRef)T0231	9
(filmRef)T0232	1
(filmRef)T0233	9
(filmRef)T0235	9
(filmRef)T0236	9
(filmRef)T0237	9
(filmRef)T0238	1
(filmRef)T0239	1
(filmRef)T0240	1
(filmRef)T0241	1
(filmRef)T0242	9
(filmRef)T0243	1
(filmRef)T0244	9
(filmRef)T0245	1
(filmRef)T0246	1
(filmRef)T0247	1
(filmRef)T0248	9
(filmRef)T0249	9
(filmRef)T0250	9
(filmRef)T0251	1
(filmRef)T0252	1
(filmRef)T0254	14
(filmRef)T0255	9
(filmRef)T0256	14
(filmRef)T0257	9
(filmRef)T0258	1
(filmRef)T0259	9
(filmRef)T0260	11
(filmRef)T0261	9
(filmRef)T0262	9
(filmRef)T0264	9
(filmRef)T0265	9
(filmRef)T0268	11
(filmRef)T0269	10
(filmRef)T0270	1
(filmRef)T0272	10
(filmRef)T0273	1
(filmRef)T0274	1
(filmRef)T0275	1
(filmRef)T0276	9
(filmRef)T0277	1
(filmRef)T0278	1
(filmRef)T0279	1
(filmRef)T0280	1
(filmRef)T0282	9
(filmRef)T0283	9
(filmRef)T0284	9
(filmRef)T0285	1
(filmRef)T0286	13
(filmRef)T0288	1
(filmRef)T0289	1
(filmRef)T0290	9
(filmRef)T0291	1
(filmRef)T0292	9
(filmRef)T0293	14
(filmRef)T0294	9
(filmRef)T0298	1
(filmRef)T0300	18
(filmRef)T0301	1
(filmRef)T0304	10
(filmRef)T0305	11
(filmRef)T0306	9
(filmRef)T0307	9
(filmRef)T0308	9
(filmRef)T0309	18
(filmRef)T0310	6
(filmRef)T0311	1
(filmRef)T0313	10
(filmRef)T0314	1
(filmRef)T0315	1
(filmRef)T0317	7
(filmRef)T0318	1
(filmRef)T0320	14
(filmRef)T0323	10
(filmRef)T0324	7
(filmRef)T0325	7
(filmRef)T0326	1
(filmRef)T0331	7
(filmRef)T0332	9
(filmRef)T0333	9
(filmRef)T0335	18
(filmRef)T0337	9
(filmRef)T0338	7
(filmRef)T0339	9
(filmRef)T0341	7
(filmRef)T0342	1
(filmRef)T0343	9
(filmRef)T0345	7
(filmRef)T0346	7
(filmRef)T0347	7
(filmRef)T0348	7
(filmRef)T0349	7
(filmRef)T0350	7
(filmRef)T0351	7
(filmRef)T0354	7
(filmRef)T0355	7
(filmRef)T0356	10
(filmRef)T0357	1
(filmRef)T0358	7
(filmRef)T0360	9
(filmRef)T0361	7
(filmRef)T0362	1
(filmRef)T0363	1
(filmRef)T0364	1
(filmRef)T0365	9
(filmRef)T0367	1
(filmRef)T0368	1
(filmRef)T0370	1
(filmRef)T0371	1
(filmRef)T0372	9
(filmRef)T0374	1
(filmRef)T0375	1
(filmRef)T0376	1
(filmRef)T0377	1
(filmRef)T0378	1
(filmRef)T0379	1
(filmRef)T0380	1
(filmRef)T0381	9
(filmRef)T0382	1
(filmRef)T0383	1
(filmRef)T0384	9
(filmRef)T0385	9
(filmRef)T0386	6
(filmRef)T0387	13
(filmRef)T0388	1
(filmRef)T0389	18
(filmRef)T0390	6
(filmRef)T0391	9
(filmRef)T0392	1
(filmRef)T0393	7
(filmRef)T0394	7
(filmRef)T0395	1
(filmRef)T0397	7
(filmRef)T0398	7
(filmRef)T0399	7
(filmRef)T0400	11
(filmRef)T0401	10
(filmRef)T0402	11
(filmRef)T0403	10
(filmRef)T0404	10
(filmRef)T0405	7
(filmRef)T0407	11
(filmRef)T0408	11
(filmRef)T0409	11
(filmRef)T0411	10
(filmRef)T0413	18
(filmRef)T0414	10
(filmRef)T0415	1
(filmRef)T0419	18
(filmRef)T0420	10
(filmRef)T0421	10
(filmRef)T0422	10
(filmRef)T0423	7
(filmRef)T0424	6
(filmRef)T0426	1
(filmRef)T0427	9
(filmRef)T0428	7
(filmRef)T0429	7
(filmRef)T0431	9
(filmRef)T0434	1
(filmRef)T0435	7
(filmRef)T0436	9
(filmRef)T0437	1
(filmRef)T0438	9
(filmRef)T0439	1
(filmRef)T0441	1
(filmRef)T0442	9
(filmRef)T0443	1
(filmRef)T0444	2
(filmRef)T0445	9
(filmRef)T0448	1
(filmRef)T0449	1
(filmRef)T0450	1
(filmRef)T0451	1
(filmRef)T0452	9
(filmRef)T0453	6
(filmRef)T0454	1
(filmRef)T0455	1
(filmRef)T0457	7
(filmRef)T0458	9
(filmRef)T0459	9
(filmRef)T0460	1
(filmRef)T0461	1
(filmRef)T0462	1
(filmRef)T0463	13
(filmRef)T0464	1
(filmRef)T0465	1
(filmRef)T0467	1
(filmRef)T0468	9
(filmRef)T0469	6
(filmRef)T0470	1
(filmRef)T0471	1
(filmRef)T0472	9
(filmRef)T0473	1
(filmRef)T0474	9
(filmRef)T0475	18
(filmRef)T0476	9
(filmRef)T0477	1
(filmRef)T0478	13
(filmRef)T0479	1
(filmRef)T0480	9
(filmRef)T0481	6
(filmRef)T0482	9
(filmRef)T0483	9
(filmRef)T0484	1
(filmRef)T0485	9
(filmRef)T0486	11
(filmRef)T0487	1
(filmRef)T0488	1
(filmRef)T0489	11
(filmRef)T0490	9
(filmRef)T0491	9
(filmRef)T0492	1
(filmRef)T0493	1
(filmRef)T0494	1
(filmRef)T0495	1
(filmRef)T0496	9
(filmRef)T0498	9
(filmRef)T0499	1
(filmRef)T0500	1
(filmRef)T0501	9
(filmRef)T0502	9
(filmRef)T0503	1
(filmRef)T0504	1
(filmRef)T0505	9
(filmRef)T0506	9
(filmRef)T0507	7
(filmRef)T0508	19
(filmRef)T0509	1
(filmRef)T0510	9
(filmRef)T0511	7
(filmRef)T0512	1
(filmRef)T0513	1
(filmRef)T0514	9
(filmRef)T0515	1
(filmRef)T0516	9
(filmRef)T0517	9
(filmRef)T0518	1
(filmRef)T0519	1
(filmRef)T0520	9
(filmRef)T0521	11
(filmRef)T0522	9
(filmRef)T0524	9
(filmRef)T0526	1
(filmRef)T0527	1
(filmRef)T0528	1
(filmRef)T0529	9
(filmRef)T0530	1
(filmRef)T0531	9
(filmRef)T0532	9
(filmRef)T0534	1
(filmRef)T0535	18
(filmRef)T0536	1
(filmRef)T0538	7
(filmRef)T0539	11
(filmRef)T0540	11
(filmRef)T0543	9
(filmRef)T0546	1
(filmRef)T0547	9
(filmRef)T0548	1
(filmRef)T0549	1
(filmRef)T0550	1
(filmRef)T0551	1
(filmRef)T0552	1
(filmRef)T0553	1
(filmRef)T0554	1
(filmRef)T0555	1
(filmRef)T0556	1
(filmRef)T0557	9
(filmRef)T0558	1
(filmRef)T0559	1
(filmRef)T0560	1
(filmRef)T0561	1
(filmRef)T0562	1
(filmRef)T0563	9
(filmRef)T0564	1
(filmRef)T0565	1
(filmRef)T0567	1
(filmRef)T0568	9
(filmRef)T0570	7
(filmRef)T0571	9
(filmRef)T0572	9
(filmRef)T0573	14
(filmRef)T0574	9
(filmRef)T0575	9
(filmRef)T0576	10
(filmRef)T0577	7
(filmRef)T0578	13
(filmRef)T0581	7
(filmRef)T0582	11
(filmRef)T0584	10
(filmRef)T0585	1
(filmRef)T0586	11
(filmRef)T0587	9
(filmRef)T0588	1
(filmRef)T0591	9
(filmRef)T0594	9
(filmRef)T0595	1
(filmRef)T0596	7
(filmRef)T0597	7
(filmRef)T0598	7
(filmRef)T0600	7
(filmRef)T0601	7
(filmRef)T0602	7
(filmRef)T0603	7
(filmRef)T0604	7
(filmRef)T0605	7
(filmRef)T0606	7
(filmRef)T0607	7
(filmRef)T0608	9
(filmRef)T0609	7
(filmRef)T0610	7
(filmRef)T0612	9
(filmRef)T0613	9
(filmRef)T0614	11
(filmRef)T0615	11
(filmRef)T0617	7
(filmRef)T0627	1
(filmRef)T0636	11
(filmRef)T0638	11
(filmRef)T0639	9
(filmRef)T0640	1
(filmRef)T0641	1
(filmRef)T0648	1
(filmRef)T0652	1
(filmRef)T0653	14
(filmRef)T0654	11
(filmRef)T0655	10
(filmRef)T0656	7
(filmRef)T0657	11
(filmRef)T0658	10
(filmRef)T0659	11
(filmRef)T0660	7
(filmRef)T0661	10
(filmRef)T0662	18
(filmRef)T0663	9
(filmRef)T0664	9
(filmRef)T0665	1
(filmRef)T0667	9
(filmRef)T0669	1
(filmRef)T0670	1
(filmRef)T0671	9
(filmRef)T0672	1
(filmRef)T0673	7
(filmRef)T0674	1
(filmRef)T0675	9
(filmRef)T0676	9
(filmRef)T0677	7
(filmRef)T0679	10
(filmRef)T0680	9
(filmRef)T0682	11
(filmRef)T0683	1
(filmRef)T0684	1
(filmRef)T0685	2
(filmRef)T0686	7
(filmRef)T0687	1
(filmRef)T0688	1
(filmRef)T0689	10
(filmRef)T0690	14
(filmRef)T0691	1
(filmRef)T0693	1
(filmRef)T0694	1
(filmRef)T0695	1
(filmRef)T0696	1
(filmRef)T0697	7
(filmRef)T0698	7
(filmRef)T0699	7
(filmRef)T0700	7
(filmRef)T0701	1
(filmRef)T0702	11
(filmRef)T0703	11
(filmRef)T0706	10
(filmRef)T0708	10
(filmRef)T0709	10
(filmRef)T0711	10
(filmRef)T0712	1
(filmRef)T0713	10
(filmRef)T0714	10
(filmRef)T0715	10
(filmRef)T0716	10
(filmRef)T0719	11
(filmRef)T0720	9
(filmRef)T0721	9
(filmRef)T0722	6
(filmRef)T0723	9
(filmRef)T0724	10
(filmRef)T0725	9
(filmRef)T0726	9
(filmRef)T0727	9
(filmRef)T0728	1
(filmRef)T0729	9
(filmRef)T0730	9
(filmRef)T0731	9
(filmRef)T0732	9
(filmRef)T0733	1
(filmRef)T0734	1
(filmRef)T0735	1
(filmRef)T0736	1
(filmRef)T0737	3
(filmRef)T0738	1
(filmRef)T0739	9
(filmRef)T0741	9
(filmRef)T0742	6
(filmRef)T0743	9
(filmRef)T0744	1
(filmRef)T0745	9
(filmRef)T0746	1
(filmRef)T0747	9
(filmRef)T0748	9
(filmRef)T0749	9
(filmRef)T0750	9
(filmRef)T0751	10
(filmRef)T0752	9
(filmRef)T0753	9
(filmRef)T0754	2
(filmRef)T0755	9
(filmRef)T0756	9
(filmRef)T0757	10
(filmRef)T0758	10
(filmRef)T0759	10
(filmRef)T0760	9
(filmRef)T0761	9
(filmRef)T0762	1
(filmRef)T0763	9
(filmRef)T0764	9
(filmRef)T0765	1
(filmRef)T0766	9
(filmRef)T0767	1
(filmRef)T0768	9
(filmRef)T0769	9
(filmRef)T0770	18
(filmRef)T0771	1
(filmRef)T0772	1
(filmRef)T0773	9
(filmRef)T0774	1
(filmRef)T0775	1
(filmRef)T0776	11
(filmRef)T0777	9
(filmRef)T0778	1
(filmRef)T0779	9
(filmRef)T0780	12
(filmRef)T0781	1
(filmRef)T0782	9
(filmRef)T0783	1
(filmRef)T0784	1
(filmRef)T0785	1
(filmRef)T0786	1
(filmRef)T0787	9
(filmRef)T0788	9
(filmRef)T0789	1
(filmRef)T0790	9
(filmRef)T0791	9
(filmRef)T0792	1
(filmRef)T0793	9
(filmRef)T0794	9
(filmRef)T0795	10
(filmRef)T0796	9
(filmRef)T0797	9
(filmRef)T0798	9
(filmRef)T0799	9
(filmRef)T0800	9
(filmRef)T0801	9
(filmRef)T0802	9
(filmRef)T0803	9
(filmRef)T0804	10
(filmRef)T0805	9
(filmRef)T0806	11
(filmRef)T0807	9
(filmRef)T0808	1
(filmRef)T0809	1
(filmRef)T0810	11
(filmRef)T0811	9
(filmRef)T0813	1
(filmRef)T0814	1
(filmRef)T0815	10
(filmRef)T0816	2
(filmRef)T0817	10
(filmRef)T0818	9
(filmRef)T0819	12
(filmRef)T0820	1
(filmRef)T0821	9
(filmRef)T0823	1
(filmRef)T0824	9
(filmRef)T0825	9
(filmRef)T0826	10
(filmRef)T0827	1
(filmRef)T0828	9
(filmRef)T0829	10
(filmRef)T0830	10
(filmRef)T0831	11
(filmRef)T0832	1
(filmRef)T0833	9
(filmRef)T0834	1
(filmRef)T0835	9
(filmRef)T0836	1
(filmRef)T0837	1
(filmRef)T0838	1
(filmRef)T0839	11
(filmRef)T0840	9
(filmRef)T0841	1
(filmRef)T0842	9
(filmRef)T0843	1
(filmRef)T0844	9
(filmRef)T0845	10
(filmRef)T0847	11
(filmRef)T0848	11
(filmRef)T0849	9
(filmRef)T0850	1
(filmRef)T0851	9
(filmRef)T0852	9
(filmRef)T0853	1
(filmRef)T0854	11
(filmRef)T0855	14
(filmRef)T0857	11
(filmRef)T0858	11
(filmRef)T0859	9
(filmRef)T0860	18
(filmRef)T0861	9
(filmRef)T0862	10
(filmRef)T0863	9
(filmRef)T0864	9
(filmRef)T0865	9
(filmRef)T0866	9
(filmRef)T0867	9
(filmRef)T0868	1
(filmRef)T0869	11
(filmRef)T0870	11
(filmRef)T0871	1
(filmRef)T0872	1
(filmRef)T0873	1
(filmRef)T0874	9
(filmRef)T0875	9
(filmRef)T0876	18
(filmRef)T0877	11
(filmRef)T0878	11
(filmRef)T0879	11
(filmRef)T0880	13
(filmRef)T0881	12
(filmRef)T0883	1
(filmRef)T0884	1
(filmRef)T0885	9
(filmRef)T0886	14
(filmRef)T0887	12
(filmRef)T0888	7
(filmRef)T0889	7
(filmRef)T0890	9
(filmRef)T0891	12
(filmRef)T0892	1
(filmRef)T0893	9
(filmRef)T0894	12
(filmRef)T0895	12
(filmRef)T0896	12
(filmRef)T0897	12
(filmRef)T0898	12
(filmRef)T0899	1
(filmRef)T0900	12
(filmRef)T0901	12
(filmRef)T0902	12
(filmRef)T0903	1
(filmRef)T0904	12
(filmRef)T0905	1
(filmRef)T0906	12
(filmRef)T0907	12
(filmRef)T0908	12
(filmRef)T0909	11
(filmRef)T0910	9
(filmRef)T0912	1
(filmRef)T0913	12
(filmRef)T0914	10
(filmRef)T0915	11
(filmRef)T0916	12
(filmRef)T0917	12
(filmRef)T0918	1
(filmRef)T0919	12
(filmRef)T0920	1
(filmRef)T0921	12
(filmRef)T0923	14
(filmRef)T0924	1
(filmRef)T0925	9
(filmRef)T0926	11
(filmRef)T0927	12
(filmRef)T0928	12
(filmRef)T0929	12
(filmRef)T0930	13
(filmRef)T0931	1
(filmRef)T0932	12
(filmRef)T0933	18
(filmRef)T0934	1
(filmRef)T0935	11
(filmRef)T0936	1
(filmRef)T0937	12
(filmRef)T0938	1
(filmRef)T0939	12
(filmRef)T0940	12
(filmRef)T0941	14
(filmRef)T0942	12
(filmRef)T0943	1
(filmRef)T0944	12
(filmRef)T0945	7
(filmRef)T0946	12
(filmRef)T0947	1
(filmRef)T0948	12
(filmRef)T0949	1
(filmRef)T0950	11
(filmRef)T0951	10
(filmRef)T0952	12
(filmRef)T0953	12
(filmRef)T0954	6
(filmRef)T0955	12
(filmRef)T0956	9
(filmRef)T0957	1
(filmRef)T0958	9
(filmRef)T0959	1
(filmRef)T0960	1
(filmRef)T0961	11
(filmRef)T0962	12
(filmRef)T0963	12
(filmRef)T0964	12
(filmRef)T0965	12
(filmRef)T0966	12
(filmRef)T0967	12
(filmRef)T0968	18
(filmRef)T0969	7
(filmRef)T0970	7
(filmRef)T0971	1
(filmRef)T0972	12
(filmRef)T0973	12
(filmRef)T0974	12
(filmRef)T0975	12
(filmRef)T0976	9
(filmRef)T0977	12
(filmRef)T0978	13
(filmRef)T0980	18
(filmRef)T0981	12
(filmRef)T0982	11
(filmRef)T0983	12
(filmRef)T0984	12
(filmRef)T0985	7
(filmRef)T0986	7
(filmRef)T0987	9
(filmRef)T0988	12
(filmRef)T0989	13
(filmRef)T0990	18
(filmRef)T0991	1
(filmRef)T0992	12
(filmRef)T0993	13
(filmRef)T0994	9
(filmRef)T0995	11
(filmRef)T0996	9
(filmRef)T0997	1
(filmRef)T0998	13
(filmRef)T0999	12
(filmRef)T1000	12
(filmRef)T1001	12
(filmRef)T1002	9
(filmRef)T1004	9
(filmRef)T1005	12
(filmRef)T1006	9
(filmRef)T1007	12
(filmRef)T1008	12
(filmRef)T1009	9
(filmRef)T1011	1
(filmRef)T1012	11
(filmRef)T1013	13
(filmRef)T1014	12
(filmRef)T1015	12
(filmRef)T1016	19
(filmRef)T1017	12
(filmRef)T1018	12
(filmRef)T1019	12
(filmRef)T1020	11
(filmRef)T1021	9
(filmRef)T1022	9
(filmRef)T1023	12
(filmRef)T1024	12
(filmRef)T1025	12
(filmRef)T1026	12
(filmRef)T1027	9
(filmRef)T1028	12
(filmRef)T1029	1
(filmRef)T1030	9
(filmRef)T1031	12
(filmRef)T1032	7
(filmRef)T1033	12
(filmRef)T1034	12
(filmRef)T1035	12
(filmRef)T1036	12
(filmRef)T1037	1
(filmRef)T1038	7
(filmRef)T1039	1
(filmRef)T1040	2
(filmRef)T1041	12
(filmRef)T1042	1
(filmRef)T1043	11
(filmRef)T1044	1
(filmRef)T1045	9
(filmRef)T1047	2
(filmRef)T1048	12
(filmRef)T1049	12
(filmRef)T1050	9
(filmRef)T1051	12
(filmRef)T1052	9
(filmRef)T1053	19
(filmRef)T1054	14
(filmRef)T1055	1
(filmRef)T1056	12
(filmRef)T1057	12
(filmRef)T1058	1
(filmRef)T1059	1
(filmRef)T1060	9
(filmRef)T1061	1
(filmRef)T1062	1
(filmRef)T1063	9
(filmRef)T1064	9
(filmRef)T1065	9
(filmRef)T1066	1
(filmRef)T1067	9
(filmRef)T1068	9
(filmRef)T1069	1
(filmRef)T1070	9
(filmRef)T1071	1
(filmRef)T1072	1
(filmRef)T1073	1
(filmRef)T1074	1
(filmRef)T1075	11
(filmRef)T1076	1
(filmRef)T1077	1
(filmRef)T1078	9
(filmRef)T1079	13
(filmRef)T1080	1
(filmRef)T1081	1
(filmRef)T1082	9
(filmRef)T1083	11
(filmRef)T1085	9
(filmRef)T1086	6
(filmRef)T1087	10
(filmRef)T1088	7
(filmRef)T1089	9
(filmRef)T1090	9
(filmRef)T1091	9
(filmRef)T1092	7
(filmRef)T1093	9
(filmRef)T1094	9
(filmRef)T1095	12
(filmRef)T1096	1
(filmRef)T1097	9
(filmRef)T1098	1
(filmRef)T1099	6
(filmRef)T1100	10
(filmRef)T1101	9
(filmRef)T1102	10
(filmRef)T1105	9
(filmRef)T1106	9
(filmRef)T1107	9
(filmRef)T1108	1
(filmRef)T1109	9
(filmRef)T1110	1
(filmRef)T1111	1
(filmRef)T1112	12
(filmRef)T1115	9
(filmRef)T1117	9
(filmRef)T1118	9
(filmRef)T1119	9
(filmRef)T1120	9
(filmRef)T1121	1
(filmRef)T1122	1
(filmRef)T1123	10
(filmRef)T1124	10
(filmRef)T1125	10
(filmRef)T1126	10
(filmRef)T1127	9
(filmRef)T1128	9
(filmRef)T1129	10
(filmRef)T1130	9
(filmRef)T1131	10
(filmRef)T1132	10
(filmRef)T1133	9
(filmRef)T1134	9
(filmRef)T1135	10
(filmRef)T1136	1
(filmRef)T1137	11
(filmRef)T1138	11
(filmRef)T1139	11
(filmRef)T1140	9
(filmRef)T1141	10
(filmRef)T1142	9
(filmRef)T1143	1
(filmRef)T1144	1
(filmRef)T1145	9
(filmRef)T1146	9
(filmRef)T1147	18
(filmRef)T1148	1
(filmRef)T1150	9
(filmRef)T1151	9
(filmRef)T1152	3
(filmRef)T1153	18
(filmRef)T1154	9
(filmRef)T1155	9
(filmRef)T1156	9
(filmRef)T1157	9
(filmRef)T1158	9
(filmRef)T1159	9
(filmRef)T1161	6
(filmRef)T1162	9
(filmRef)T1163	9
(filmRef)T1164	1
(filmRef)T1165	12
(filmRef)T1166	12
(filmRef)T1167	12
(filmRef)T1168	9
(filmRef)T1169	12
(filmRef)T1170	12
(filmRef)T1171	7
(filmRef)T1172	12
(filmRef)T1173	12
(filmRef)T1174	12
(filmRef)T1175	12
(filmRef)T1176	12
(filmRef)T1177	12
(filmRef)T1178	12
(filmRef)T1179	12
(filmRef)T1180	9
(filmRef)T1181	12
(filmRef)T1182	12
(filmRef)T1183	12
(filmRef)T1184	12
(filmRef)T1185	12
(filmRef)T1186	12
(filmRef)T1187	12
(filmRef)T1188	12
(filmRef)T1189	12
(filmRef)T1190	1
(filmRef)T1191	12
(filmRef)T1192	12
(filmRef)T1193	12
(filmRef)T1194	12
(filmRef)T1195	12
(filmRef)T1196	12
(filmRef)T1197	12
(filmRef)T1198	12
(filmRef)T1199	12
(filmRef)T1200	12
(filmRef)T1201	12
(filmRef)T1202	12
(filmRef)T1203	12
(filmRef)T1204	1
(filmRef)T1205	12
(filmRef)T1206	12
(filmRef)T1207	12
(filmRef)T1208	12
(filmRef)T1209	12
(filmRef)T1210	12
(filmRef)T1211	12
(filmRef)T1212	12
(filmRef)T1213	12
(filmRef)T1214	12
(filmRef)T1215	12
(filmRef)T1216	12
(filmRef)T1217	12
(filmRef)T1218	12
(filmRef)T1219	12
(filmRef)T1220	12
(filmRef)T1221	11
(filmRef)T1222	1
(filmRef)T1224	10
(filmRef)T1225	1
(filmRef)T1226	12
(filmRef)T1227	12
(filmRef)T1228	11
(filmRef)T1229	12
(filmRef)T1230	12
(filmRef)T1231	12
(filmRef)T1232	1
(filmRef)T1233	13
(filmRef)T1234	12
(filmRef)T1235	9
(filmRef)T1236	12
(filmRef)T1237	12
(filmRef)T1238	12
(filmRef)T1239	12
(filmRef)T1240	12
(filmRef)T1241	12
(filmRef)T1242	12
(filmRef)T1243	12
(filmRef)T1244	12
(filmRef)T1245	12
(filmRef)T1246	12
(filmRef)T1247	12
(filmRef)T1248	12
(filmRef)T1249	12
(filmRef)T1250	12
(filmRef)T1251	7
(filmRef)T1252	9
(filmRef)T1253	12
(filmRef)T1254	9
(filmRef)T1255	12
(filmRef)T1256	12
(filmRef)T1257	12
(filmRef)T1258	12
(filmRef)T1259	12
(filmRef)T1260	12
(filmRef)T1261	12
(filmRef)T1262	12
(filmRef)T1263	12
(filmRef)T1264	12
(filmRef)T1265	12
(filmRef)T1266	1
(filmRef)T1267	12
(filmRef)T1268	12
(filmRef)T1269	12
(filmRef)T1270	12
(filmRef)T1271	12
(filmRef)T1272	12
(filmRef)T1273	12
(filmRef)T1274	18
(filmRef)T1275	12
(filmRef)T1276	12
(filmRef)T1277	12
(filmRef)T1278	12
(filmRef)T1279	12
(filmRef)T1280	12
(filmRef)T1281	1
(filmRef)T1282	11
(filmRef)T1283	9
(filmRef)T1284	12
(filmRef)T1285	12
(filmRef)T1286	12
(filmRef)T1287	12
(filmRef)T1288	12
(filmRef)T1289	12
(filmRef)T1290	12
(filmRef)T1291	12
(filmRef)T1292	12
(filmRef)T1293	12
(filmRef)T1294	10
(filmRef)T1295	12
(filmRef)T1296	12
(filmRef)T1297	12
(filmRef)T1298	12
(filmRef)T1299	12
(filmRef)T1300	6
(filmRef)T1301	12
(filmRef)T1302	12
(filmRef)T1303	12
(filmRef)T1304	12
(filmRef)T1305	12
(filmRef)T1306	12
(filmRef)T1307	9
(filmRef)T1308	9
(filmRef)T1309	12
(filmRef)T1310	12
(filmRef)T1311	12
(filmRef)T1312	12
(filmRef)T1313	12
(filmRef)T1314	12
(filmRef)T1315	12
(filmRef)T1316	12
(filmRef)T1317	12
(filmRef)T1318	9
(filmRef)T1319	9
(filmRef)T1320	12
(filmRef)T1321	12
(filmRef)T1322	12
(filmRef)T1323	12
(filmRef)T1324	12
(filmRef)T1325	12
(filmRef)T1326	12
(filmRef)T1327	12
(filmRef)T1328	12
(filmRef)T1329	12
(filmRef)T1330	9
(filmRef)T1331	12
(filmRef)T1332	12
(filmRef)T1333	12
(filmRef)T1334	12
(filmRef)T1335	18
(filmRef)T1336	12
(filmRef)T1337	12
(filmRef)T1338	12
(filmRef)T1339	12
(filmRef)T1340	12
(filmRef)T1341	12
(filmRef)T1342	12
(filmRef)T1343	12
(filmRef)T1344	12
(filmRef)T1345	12
(filmRef)T1346	9
(filmRef)T1347	12
(filmRef)T1348	12
(filmRef)T1349	12
(filmRef)T1350	12
(filmRef)T1351	12
(filmRef)T1352	12
(filmRef)T1353	12
(filmRef)T1354	12
(filmRef)T1355	12
(filmRef)T1356	12
(filmRef)T1357	12
(filmRef)T1358	12
(filmRef)T1359	12
(filmRef)T1360	12
(filmRef)T1361	12
(filmRef)T1362	12
(filmRef)T1363	12
(filmRef)T1364	19
(filmRef)T1365	12
(filmRef)T1366	12
(filmRef)T1367	12
(filmRef)T1368	12
(filmRef)T1369	12
(filmRef)T1370	6
(filmRef)T1371	12
(filmRef)T1372	9
(filmRef)T1373	12
(filmRef)T1374	12
(filmRef)T1375	12
(filmRef)T1376	12
(filmRef)T1377	12
(filmRef)T1378	12
(filmRef)T1379	12
(filmRef)T1380	12
(filmRef)T1381	9
(filmRef)T1382	9
(filmRef)T1383	12
(filmRef)T1384	12
(filmRef)T1385	12
(filmRef)T1386	12
(filmRef)T1387	9
(filmRef)T1388	12
(filmRef)T1389	12
(filmRef)T1390	12
(filmRef)T1391	1
(filmRef)T1392	12
(filmRef)T1393	12
(filmRef)T1394	9
(filmRef)T1395	12
(filmRef)T1396	12
(filmRef)T1397	12
(filmRef)T1398	1
(filmRef)T1399	12
(filmRef)T1400	12
(filmRef)T1401	9
(filmRef)T1402	12
(filmRef)T1403	12
(filmRef)T1404	12
(filmRef)T1405	12
(filmRef)T1406	6
(filmRef)T1407	12
(filmRef)T1408	12
(filmRef)T1409	19
(filmRef)T1410	12
(filmRef)T1412	12
(filmRef)T1413	12
(filmRef)T1414	12
(filmRef)T1415	12
(filmRef)T1416	12
(filmRef)T1417	12
(filmRef)T1418	12
(filmRef)T1419	12
(filmRef)T1420	12
(filmRef)T1421	12
(filmRef)T1422	12
(filmRef)T1423	12
(filmRef)T1424 - du	-1
(filmRef)T1424	10
(filmRef)T1424	12
(filmRef)T1425	12
(filmRef)T1426	12
(filmRef)T1427	12
(filmRef)T1428	12
(filmRef)T1429	9
(filmRef)T1430	12
(filmRef)T1431	9
(filmRef)T1432	10
(filmRef)T1433	12
(filmRef)T1434	12
(filmRef)T1435	9
(filmRef)T1436	12
(filmRef)T1437	12
(filmRef)T1438	12
(filmRef)T1439	12
(filmRef)T1440	12
(filmRef)T1441	12
(filmRef)T1442	12
(filmRef)T1443	12
(filmRef)T1445	12
(filmRef)T1446	12
(filmRef)T1447	12
(filmRef)T1448	12
(filmRef)T1449	12
(filmRef)T1450	12
(filmRef)T1451	12
(filmRef)T1452	12
(filmRef)T1453	12
(filmRef)T1454	12
(filmRef)T1455	12
(filmRef)T1456	12
(filmRef)T1457	12
(filmRef)T1458	12
(filmRef)T1459	9
(filmRef)T1460	12
(filmRef)T1461	12
(filmRef)T1462	6
(filmRef)T1463	12
(filmRef)T1464	12
(filmRef)T1465	12
(filmRef)T1466	12
(filmRef)T1467	12
(filmRef)T1468	6
(filmRef)T1469	12
(filmRef)T1470	12
(filmRef)T1471	9
(filmRef)T1472	12
(filmRef)T1473	12
(filmRef)T1474	12
(filmRef)T1475	12
(filmRef)T1476	12
(filmRef)T1477	9
(filmRef)T1478	12
(filmRef)T1479	12
(filmRef)T1480	12
(filmRef)T1481	12
(filmRef)T1482	12
(filmRef)T1483	12
(filmRef)T1484	12
(filmRef)T1485	12
(filmRef)T1486	12
(filmRef)T1487	12
(filmRef)T1488	12
(filmRef)T1489	12
(filmRef)T1490	12
(filmRef)T1491	12
(filmRef)T1492	12
(filmRef)T1493	12
(filmRef)T1494	12
(filmRef)T1495	12
(filmRef)T1496	12
(filmRef)T1498	12
(filmRef)T1499	12
(filmRef)T1500	12
(filmRef)T1501	13
(filmRef)T1502	2
(filmRef)T1503	12
(filmRef)T1504	12
(filmRef)T1505	12
(filmRef)T1506	6
(filmRef)T1507	12
(filmRef)T1508	14
(filmRef)T1509	12
(filmRef)T1510	12
(filmRef)T1511	12
(filmRef)T1512	12
(filmRef)T1513	12
(filmRef)T1514	12
(filmRef)T1516	12
(filmRef)T1517	19
(filmRef)T1518	12
(filmRef)T1519	9
(filmRef)T1520	1
(filmRef)T1521	12
(filmRef)T1522	10
(filmRef)T1523	12
(filmRef)T1524	12
(filmRef)T1525	12
(filmRef)T1526	12
(filmRef)T1527	14
(filmRef)T1528	12
(filmRef)T1529	12
(filmRef)T1530	12
(filmRef)T1531	12
(filmRef)T1532	12
(filmRef)T1533	12
(filmRef)T1534	12
(filmRef)T1535	19
(filmRef)T1536	12
(filmRef)T1537	12
(filmRef)T1538	12
(filmRef)T1539	12
(filmRef)T1540	12
(filmRef)T1541	12
(filmRef)T1542	12
(filmRef)T1543	12
(filmRef)T1544	12
(filmRef)T1545	12
(filmRef)T1546	12
(filmRef)T1547	12
(filmRef)T1548	18
(filmRef)T1549	12
(filmRef)T1550	12
(filmRef)T1551	12
(filmRef)T1552	12
(filmRef)T1553	12
(filmRef)T1554	12
(filmRef)T1555	12
(filmRef)T1556	12
(filmRef)T1557	12
(filmRef)T1558	12
(filmRef)T1559	12
(filmRef)T1560	12
(filmRef)T1561	10
(filmRef)T1562	12
(filmRef)T1563	12
(filmRef)T1565	12
(filmRef)T1566	12
(filmRef)T1567	12
(filmRef)T1568	12
(filmRef)T1569	12
(filmRef)T1570	11
(filmRef)T1571	1
(filmRef)T1572	12
(filmRef)T1573	10
(filmRef)T1574	12
(filmRef)T1575	12
(filmRef)T1576	12
(filmRef)T1577	12
(filmRef)T1578	12
(filmRef)T1579	12
(filmRef)T1580	12
(filmRef)T1581	12
(filmRef)T1582	12
(filmRef)T1583	12
(filmRef)T1584	9
(filmRef)T1585	1
(filmRef)T1586	10
(filmRef)T1587	2
(filmRef)T1588	9
(filmRef)T1589	18
(filmRef)T1590	10
(filmRef)T1591	12
(filmRef)T1592	12
(filmRef)T1593	12
(filmRef)T1594	12
(filmRef)T1595	12
(filmRef)T1596	12
(filmRef)T1597	12
(filmRef)T1598	12
(filmRef)T1599	12
(filmRef)T1600	1
(filmRef)T1601	12
(filmRef)T1602	12
(filmRef)T1603	18
(filmRef)T1604	12
(filmRef)T1605	12
(filmRef)T1606	12
(filmRef)T1607	12
(filmRef)T1608	12
(filmRef)T1609	12
(filmRef)T1610	6
(filmRef)T1611	12
(filmRef)T1612	12
(filmRef)T1613	12
(filmRef)T1614	12
(filmRef)T1615	12
(filmRef)T1616	9
(filmRef)T1617	1
(filmRef)T1618	9
(filmRef)T1619	10
(filmRef)T1620	9
(filmRef)T1621	12
(filmRef)T1622	12
(filmRef)T1623	13
(filmRef)T1624	12
(filmRef)T1625	12
(filmRef)T1626	12
(filmRef)T1627	6
(filmRef)T1628	12
(filmRef)T1629	12
(filmRef)T1630	18
(filmRef)T1631	12
(filmRef)T1632	12
(filmRef)T1633	12
(filmRef)T1634	12
(filmRef)T1635	12
(filmRef)T1637	12
(filmRef)T1638	12
(filmRef)T1639	12
(filmRef)T1640	12
(filmRef)T1641	12
(filmRef)T1642	12
(filmRef)T1643	12
(filmRef)T1644	12
(filmRef)T1645	12
(filmRef)T1646	12
(filmRef)T1647	12
(filmRef)T1648	12
(filmRef)T1649	12
(filmRef)T1651	12
(filmRef)T1652	12
(filmRef)T1653	12
(filmRef)T1654	1
(filmRef)T1655	12
(filmRef)T1656	12
(filmRef)T1657	12
(filmRef)T1658	12
(filmRef)T1659	12
(filmRef)T1660	12
(filmRef)T1661	10
(filmRef)T1662	13
(filmRef)T1663	9
(filmRef)T1664	9
(filmRef)T1665	9
(filmRef)T1666	12
(filmRef)T1667	12
(filmRef)T1668	12
(filmRef)T1669	12
(filmRef)T1670	12
(filmRef)T1671	12
(filmRef)T1672	12
(filmRef)T1673	12
(filmRef)T1674	12
(filmRef)T1675	12
(filmRef)T1676	14
(filmRef)T1677	12
(filmRef)T1678	13
(filmRef)T1679	12
(filmRef)T1680	12
(filmRef)T1681	14
(filmRef)T1682	12
(filmRef)T1683	10
(filmRef)T1684	18
(filmRef)T1685	12
(filmRef)T1686	10
(filmRef)T1687	9
(filmRef)T1688	9
(filmRef)T1689	13
(filmRef)T1690	12
(filmRef)T1691	9
(filmRef)T1692	12
(filmRef)T1693	9
(filmRef)T1694	12
(filmRef)T1695	1
(filmRef)T1696	12
(filmRef)T1697	12
(filmRef)T1698	12
(filmRef)T1699	12
(filmRef)T1700	12
(filmRef)T1701	9
(filmRef)T1702	1
(filmRef)T1703	10
(filmRef)T1704	1
(filmRef)T1705	2
(filmRef)T1706	12
(filmRef)T1707	12
(filmRef)T1708	12
(filmRef)T1709	12
(filmRef)T1710	11
(filmRef)T1711	12
(filmRef)T1712	12
(filmRef)T1713	12
(filmRef)T1714	12
(filmRef)T1715	12
(filmRef)T1716	12
(filmRef)T1717	12
(filmRef)T1718	12
(filmRef)T1719	9
(filmRef)T1720	12
(filmRef)T1721	11
(filmRef)T1722	12
(filmRef)T1723	6
(filmRef)T1724	12
(filmRef)T1725	13
(filmRef)T1726	18
(filmRef)T1727	10
(filmRef)T1728	1
(filmRef)T1729	12
(filmRef)T1730	12
(filmRef)T1731	2
(filmRef)T1732	9
(filmRef)T1733	13
(filmRef)T1734	9
(filmRef)T1735	12
(filmRef)T1736	18
(filmRef)T1737	9
(filmRef)T1738	12
(filmRef)T1739	12
(filmRef)T1740	12
(filmRef)T1741	12
(filmRef)T1742	12
(filmRef)T1743	12
(filmRef)T1744	12
(filmRef)T1745	12
(filmRef)T1746	1
(filmRef)T1748	1
(filmRef)T1751	18
(filmRef)T1752	9
(filmRef)T1753	9
(filmRef)T1754	12
(filmRef)T1755	12
(filmRef)T1756	12
(filmRef)T1757	1
(filmRef)T1758	1
(filmRef)T1759	18
(filmRef)T1760	9
(filmRef)T1761	10
(filmRef)T1762	9
(filmRef)T1763	9
(filmRef)T1764	1
(filmRef)T1765	10
(filmRef)T1766	7
(filmRef)T1767	12
(filmRef)T1768	12
(filmRef)T1769	12
(filmRef)T1770	12
(filmRef)T1771	12
(filmRef)T1772	12
(filmRef)T1773	12
(filmRef)T1774	12
(filmRef)T1775	12
(filmRef)T1776	12
(filmRef)T1777	12
(filmRef)T1778	12
(filmRef)T1779	12
(filmRef)T1780	12
(filmRef)T1781	12
(filmRef)T1782	12
(filmRef)T1783	12
(filmRef)T1784	12
(filmRef)T1785	12
(filmRef)T1786	12
(filmRef)T1787	12
(filmRef)T1788	19
(filmRef)T1789	12
(filmRef)T1790	12
(filmRef)T1791	6
(filmRef)T1792	6
(filmRef)T1793	12
(filmRef)T1794	12
(filmRef)T1795	12
(filmRef)T1796	12
(filmRef)T1797	12
(filmRef)T1798	12
(filmRef)T1799	12
(filmRef)T1800	12
(filmRef)T1801	12
(filmRef)T1802	12
(filmRef)T1803	12
(filmRef)T1804	12
(filmRef)T1805	12
(filmRef)T1806	12
(filmRef)T1807	12
(filmRef)T1808	12
(filmRef)T1809	12
(filmRef)T1810	12
(filmRef)T1811	12
(filmRef)T1812	12
(filmRef)T1813	12
(filmRef)T1814	12
(filmRef)T1815	12
(filmRef)T1816	9
(filmRef)T1817	12
(filmRef)T1818	12
(filmRef)T1819	12
(filmRef)T1820	12
(filmRef)T1821	12
(filmRef)T1822	2
(filmRef)T1823	12
(filmRef)T1824	12
(filmRef)T1825	12
(filmRef)T1826	1
(filmRef)T1827	2
(filmRef)T1828	12
(filmRef)T1829	9
(filmRef)T1830	12
(filmRef)T1831	12
(filmRef)T1832	12
(filmRef)T1833	12
(filmRef)T1834	18
(filmRef)T1835	9
(filmRef)T1836	9
(filmRef)T1837	9
(filmRef)T1838	12
(filmRef)T1839	10
(filmRef)T1840	9
(filmRef)T1841	12
(filmRef)T1842	12
(filmRef)T1843	12
(filmRef)T1844	12
(filmRef)T1845	12
(filmRef)T1846	12
(filmRef)T1847	12
(filmRef)T1848	12
(filmRef)T1849	12
(filmRef)T1850	12
(filmRef)T1851	7
(filmRef)T1852	12
(filmRef)T1853	12
(filmRef)T1854	12
(filmRef)T1855	12
(filmRef)T1857	12
(filmRef)T1859	12
(filmRef)T1861	12
(filmRef)T1862	12
(filmRef)T1863	12
(filmRef)T1864	12
(filmRef)T1865	12
(filmRef)T1866	10
(filmRef)T1867	12
(filmRef)T1868	12
(filmRef)T1869	12
(filmRef)T1870	12
(filmRef)T1871	12
(filmRef)T1873	12
(filmRef)T1874	12
(filmRef)T1875	12
(filmRef)T1876	18
(filmRef)T1877	12
(filmRef)T1878	7
(filmRef)T1879	12
(filmRef)T1880	12
(filmRef)T1881	12
(filmRef)T1882	12
(filmRef)T1884	12
(filmRef)T1886	12
(filmRef)T1887	12
(filmRef)T1888	12
(filmRef)T1889	12
(filmRef)T1890	12
(filmRef)T1891	12
(filmRef)T1892	12
(filmRef)T1893	12
(filmRef)T1894	12
(filmRef)T1895	12
(filmRef)T1896	12
(filmRef)T1897	12
(filmRef)T1898	12
(filmRef)T1899	12
(filmRef)T1900	12
(filmRef)T1901	12
(filmRef)T1902	12
(filmRef)T1903	18
(filmRef)T1904	12
(filmRef)T1905	18
(filmRef)T1908	12
(filmRef)T1909	12
(filmRef)T1910	12
(filmRef)T1911	12
(filmRef)T1912	12
(filmRef)T1913	12
(filmRef)T1914	12
(filmRef)T1915	12
(filmRef)T1917	12
(filmRef)T1918	12
(filmRef)T1919	12
(filmRef)T1920	12
(filmRef)T1921	12
(filmRef)T1922	12
(filmRef)T1923	12
(filmRef)T1924	9
(filmRef)T1925	9
(filmRef)T1926	12
(filmRef)T1927	12
(filmRef)T1928	12
(filmRef)T1929	12
(filmRef)T1930	12
(filmRef)T1931	12
(filmRef)T1932	9
(filmRef)T1933	12
(filmRef)T1934	12
(filmRef)T1935	12
(filmRef)T1936	12
(filmRef)T1937	12
(filmRef)T1938	12
(filmRef)T1939	12
(filmRef)T1940	12
(filmRef)T1941	12
(filmRef)T1943	12
(filmRef)T1945	12
(filmRef)T1946	18
(filmRef)T1947	2
(filmRef)T1948	6
(filmRef)T1950	12
(filmRef)T1951	12
(filmRef)T1952	12
(filmRef)T1953	12
(filmRef)T1955	12
(filmRef)T1956	12
(filmRef)T1957	12
(filmRef)T1958	12
(filmRef)T1959	12
(filmRef)T1960	12
(filmRef)T1961	12
(filmRef)T1962	12
(filmRef)T1963	12
(filmRef)T1964	12
(filmRef)T1965	12
(filmRef)T1966	12
(filmRef)T1967	12
(filmRef)T1968	12
(filmRef)T1969	12
(filmRef)T1970	12
(filmRef)T1971	12
(filmRef)T1972	12
(filmRef)T1973	6
(filmRef)T1975	12
(filmRef)T1976	12
(filmRef)T1977	12
(filmRef)T1978	12
(filmRef)T1979	12
(filmRef)T1980	9
(filmRef)T1981	10
(filmRef)T1982	12
(filmRef)T1983	12
(filmRef)T1984	12
(filmRef)T1985	12
(filmRef)T1986	12
(filmRef)T1987	7
(filmRef)T1989	12
(filmRef)T1990	7
(filmRef)T1991	12
(filmRef)T1993	9
(filmRef)T1994	12
(filmRef)T1995	12
(filmRef)T1996	12
(filmRef)T1997	12
(filmRef)T1999	12
(filmRef)T2000	12
(filmRef)T2001	12
(filmRef)T2002	12
(filmRef)T2004	12
(filmRef)T2005	12
(filmRef)T2006	12
(filmRef)T2007	2
(filmRef)T2008	9
(filmRef)T2009	12
(filmRef)T2010	10
(filmRef)T2011	12
(filmRef)T2012	11
(filmRef)T2013	12
(filmRef)T2014	10
(filmRef)T2015	2
(filmRef)T2016	12
(filmRef)T2017	12
(filmRef)T2018	12
(filmRef)T2019	13
(filmRef)T2020	12
(filmRef)T2021	12
(filmRef)T2022	12
(filmRef)T2023	12
(filmRef)T2025	12
(filmRef)T2026	12
(filmRef)T2027	12
(filmRef)T2028	12
(filmRef)T2030	12
(filmRef)T2031	13
(filmRef)T2032	12
(filmRef)T2033	12
(filmRef)T2034	12
(filmRef)T2035	12
(filmRef)T2036	12
(filmRef)T2037	10
(filmRef)T2038	12
(filmRef)T2039	12
(filmRef)T2040	10
(filmRef)T2041	12
(filmRef)T2043	2
(filmRef)T2044	12
(filmRef)T2045	9
(filmRef)T2046	12
(filmRef)T2047	9
(filmRef)T2048	1
(filmRef)T2049	12
(filmRef)T2050	12
(filmRef)T2051	11
(filmRef)T2052	9
(filmRef)T2053	1
(filmRef)T2054	11
(filmRef)T2055	12
(filmRef)T2056	11
(filmRef)T2057	12
(filmRef)T2058	12
(filmRef)T2059	12
(filmRef)T2060	12
(filmRef)T2061	9
(filmRef)T2062	12
(filmRef)T2063	12
(filmRef)T2064	12
(filmRef)T2065	12
(filmRef)T2066	12
(filmRef)T2067	12
(filmRef)T2068	12
(filmRef)T2069	12
(filmRef)T2070	12
(filmRef)T2071	12
(filmRef)T2072	12
(filmRef)T2073	11
(filmRef)T2074	9
(filmRef)T2075	12
(filmRef)T2076	12
(filmRef)T2077	12
(filmRef)T2078	12
(filmRef)T2079	12
(filmRef)T2080	12
(filmRef)T2081	12
(filmRef)T2082	12
(filmRef)T2083	12
(filmRef)T2084	12
(filmRef)T2085	12
(filmRef)T2086	12
(filmRef)T2087	3
(filmRef)T2088	12
(filmRef)T2089	12
(filmRef)T2090	12
(filmRef)T2091	12
(filmRef)T2092	12
(filmRef)T2093	12
(filmRef)T2094	12
(filmRef)T2095	1
(filmRef)T2096	9
(filmRef)T2097	12
(filmRef)T2098	12
(filmRef)T2099	18
(filmRef)T2100	12
(filmRef)T2101	18
(filmRef)T2102	6
(filmRef)T2103	12
(filmRef)T2104	9
(filmRef)T2105	12
(filmRef)T2106	12
(filmRef)T2107	12
(filmRef)T2108	1
(filmRef)T2109	12
(filmRef)T2110	9
(filmRef)T2111	9
(filmRef)T2113	9
(filmRef)T2114	18
(filmRef)T2115	12
(filmRef)T2116	11
(filmRef)T2117	12
(filmRef)T2118	12
(filmRef)T2119	12
(filmRef)T2120	10
(filmRef)T2121	2
(filmRef)T2122	9
(filmRef)T2123	12
(filmRef)T2124	12
(filmRef)T2125	12
(filmRef)T2126	12
(filmRef)T2127	12
(filmRef)T2128	9
(filmRef)T2129	12
(filmRef)T2130	9
(filmRef)T2131	12
(filmRef)T2132	12
(filmRef)T2133	12
(filmRef)T2134	7
(filmRef)T2135	12
(filmRef)T2136	1
(filmRef)T2137	11
(filmRef)T2138	9
(filmRef)T2139	12
(filmRef)T2140	12
(filmRef)T2141	12
(filmRef)T2142	9
(filmRef)T2143	1
(filmRef)T2144	11
(filmRef)T2145	12
(filmRef)T2146	9
(filmRef)T2147	9
(filmRef)T2148	11
(filmRef)T2149	12
(filmRef)T2150	12
(filmRef)T2151	10
(filmRef)T2152	12
(filmRef)T2153	12
(filmRef)T2154	12
(filmRef)T2155	12
(filmRef)T2156	9
(filmRef)T2157	10
(filmRef)T2158	12
(filmRef)T2159	11
(filmRef)T2160	11
(filmRef)T2161	1
(filmRef)T2162	12
(filmRef)T2163	9
(filmRef)T2164	12
(filmRef)T2165	14
(filmRef)T2166	12
(filmRef)T2167	12
(filmRef)T2168	12
(filmRef)T2169	12
(filmRef)T2171	10
(filmRef)T2172	12
(filmRef)T2173	11
(filmRef)T2174	9
(filmRef)T2176	11
(filmRef)T2177	9
(filmRef)T2178	11
(filmRef)T2180	12
(filmRef)T2181	12
(filmRef)T2182	12
(filmRef)T2183	12
(filmRef)T2184	12
(filmRef)T2185	9
(filmRef)T2186	1
(filmRef)T2187	9
(filmRef)T2188	12
(filmRef)T2189	12
(filmRef)T2190	12
(filmRef)T2191	1
(filmRef)T2192	11
(filmRef)T2193	10
(filmRef)T2194	12
(filmRef)T2195	9
(filmRef)T2196	9
(filmRef)T2197	9
(filmRef)T2198	12
(filmRef)T2199	12
(filmRef)T2200	12
(filmRef)T2201	18
(filmRef)T2202	2
(filmRef)T2203	12
(filmRef)T2207	2
(filmRef)T2208	12
(filmRef)T2209	1
(filmRef)T2210	9
(filmRef)T2211	9
(filmRef)T2212	9
(filmRef)T2213	11
(filmRef)T2214	9
(filmRef)T2216	1
(filmRef)T2217	1
(filmRef)T2218	1
(filmRef)T2219	9
(filmRef)T2220	9
(filmRef)T2221	7
(filmRef)T2222	11
(filmRef)T2223	12
(filmRef)T2224	12
(filmRef)T2225	11
(filmRef)T2226	10
(filmRef)T2227	12
(filmRef)T2228	19
(filmRef)T2229	12
(filmRef)T2230	11
(filmRef)T2231	1
(filmRef)T2232	10
(filmRef)T2233	12
(filmRef)T2234	10
(filmRef)T2237	7
(filmRef)T2238	1
(filmRef)T2239	10
(filmRef)T2240	10
(filmRef)T2241	11
(filmRef)T2242	9
(filmRef)T2243	9
(filmRef)T2244	9
(filmRef)T2245	1
(filmRef)T2246	1
(filmRef)T2247	1
(filmRef)T2248	1
(filmRef)T2249	9
(filmRef)T2250	9
(filmRef)T2251	10
(filmRef)T2252	9
(filmRef)T2253	1
(filmRef)T2254	9
(filmRef)T2255	9
(filmRef)T2256	10
(filmRef)T2258	1
(filmRef)T2259	1
(filmRef)T2260	9
(filmRef)T2261	9
(filmRef)T2262	9
(filmRef)T2263	9
(filmRef)T2264	7
(filmRef)T2265	7
(filmRef)T2266	9
(filmRef)T2267	9
(filmRef)T2268	9
(filmRef)T2269	13
(filmRef)T2270	1
(filmRef)T2271	9
(filmRef)T2272	9
(filmRef)T2273	9
(filmRef)T2274	9
(filmRef)T2275	9
(filmRef)T2276	1
(filmRef)T2277	1
(filmRef)T2278	9
(filmRef)T2279	1
(filmRef)T2280	9
(filmRef)T2281	10
(filmRef)T2282	9
(filmRef)T2284	9
(filmRef)T2285	7
(filmRef)T2286	10
(filmRef)T2287	10
(filmRef)T2288	2
(filmRef)T2289	2
(filmRef)T2290	10
(filmRef)T2291	10
(filmRef)T2292	10
(filmRef)T2293	2
(filmRef)T2294	11
(filmRef)T2295	10
(filmRef)T2296	10
(filmRef)T2297	10
(filmRef)T2298	10
(filmRef)T2299	7
(filmRef)T2300	9
(filmRef)T2301	11
(filmRef)T2302	10
(filmRef)T2304	7
(filmRef)T2305	2
(filmRef)T2306	10
(filmRef)T2307	2
(filmRef)T2308	10
(filmRef)T2309	10
(filmRef)T2310	10
(filmRef)T2311	10
(filmRef)T2312	9
(filmRef)T2313	10
(filmRef)T2314	9
(filmRef)T2315	9
(filmRef)T2316	9
(filmRef)T2318	9
(filmRef)T2319	10
(filmRef)T2320	2
(filmRef)T2322	10
(filmRef)T2323	10
(filmRef)T2324	10
(filmRef)T2325	11
(filmRef)T2326	9
(filmRef)T2327	9
(filmRef)T2328	10
(filmRef)T2329	9
(filmRef)T2330	9
(filmRef)T2331	10
(filmRef)T2332	9
(filmRef)T2333	10
(filmRef)T2334	9
(filmRef)T2335	10
(filmRef)T2336	2
(filmRef)T2337	9
(filmRef)T2338	10
(filmRef)T2339	9
(filmRef)T2340	9
(filmRef)T2341	1
(filmRef)T2342	10
(filmRef)T2344	9
(filmRef)T2345	10
(filmRef)T2346	9
(filmRef)T2348	7
(filmRef)T2349	9
(filmRef)T2350	10
(filmRef)T2353	9
(filmRef)T2355	10
(filmRef)T2356	14
(filmRef)T2358	9
(filmRef)T2359	1
(filmRef)T2360	2
(filmRef)T2361	7
(filmRef)T2362	7
(filmRef)T2363	10
(filmRef)T2364	7
(filmRef)T2365	11
(filmRef)T2366	7
(filmRef)T2367	9
(filmRef)T2368	10
(filmRef)T2369	9
(filmRef)T2370	10
(filmRef)T2371	10
(filmRef)T2372	9
(filmRef)T2377	1
(filmRef)T2378	2
(filmRef)T2382	9
(filmRef)T2383	10
(filmRef)T2384	9
(filmRef)T2385	10
(filmRef)T2386	2
(filmRef)T2389	10
(filmRef)T2395	1
(filmRef)T2396	11
(filmRef)T2397	9
(filmRef)T2398	9
(filmRef)T2399	9
(filmRef)T2400	9
(filmRef)T2401	7
(filmRef)T2402	11
(filmRef)T2404	1
(filmRef)UCS0001	18
(filmRef)UCS0002	18
(filmRef)UCS0003	18
(filmRef)UCS0004	11
(filmRef)UCS0005	11
(filmRef)UCS0006	18
(filmRef)UCS0007	11
(filmRef)UCS0010	18
(filmRef)UCS0016	18
(filmRef)UCS0020	18
(filmRef)UCS0021	18
(filmRef)UCS0025	18
(filmRef)UCS0029	18
(filmRef)UCS0034	18
(filmRef)UCS0041	18
(filmRef)UCS0042	18
(filmRef)UCS0044	18
(filmRef)UCS0045	18
(filmRef)UCS0046	18
(filmRef)UCS0047	18
(filmRef)UCS0049	11
(filmRef)UCS0050	18
(filmRef)UCS0052	18
(filmRef)UCS0053	18
(filmRef)UCS0054	18
(filmRef)UCS0068	18
(filmRef)UCS0072	18
(filmRef)UCS0077	18
(filmRef)UCS0082	18
(filmRef)UCS0086	18
(filmRef)UCS0087	18
(filmRef)UCS0089	18
(filmRef)UCS0091	18
(filmRef)UCS0097	18
(filmRef)UCS0098	18
(filmRef)UCS0101	18
(filmRef)UCS0103	18
(filmRef)UCS0105	18
(filmRef)UCS0106	18
(filmRef)UCS0108	18
(filmRef)UCS0110	18
(filmRef)UCS0112	18
(filmRef)UCS0113	11
(filmRef)UCS0116	18
(filmRef)UCS0119	18
(filmRef)UCS0120	1
(filmRef)UCS0124	18
(filmRef)UCS0126	18
(filmRef)UCS0127	11
(filmRef)UCS0131	18
(filmRef)UCS0132	18
(filmRef)UCS0138	18
(filmRef)UCS0139	18
(filmRef)UCS0142	18
(filmRef)UCS0155	18
(filmRef)UCS0166	18
(filmRef)UCS0167	18
(filmRef)UCS0168	18
(filmRef)UCS0169	18
(filmRef)UCS0171	18
(filmRef)UCS0173	18
(filmRef)UCS0179	6
(filmRef)UCS0180	18
(filmRef)UCS0181	18
(filmRef)UCS0182	13
(filmRef)UCS0183	18
(filmRef)UCS0184	11
(filmRef)UCS0185	1
(filmRef)UCS0187	11
(filmRef)UCS0188	18
(filmRef)UCS0189	11
(filmRef)UCS0191	18
(filmRef)UCS0193	11
(filmRef)UCS0195	18
(filmRef)UCS0196	18
(filmRef)UCS0197	18
(filmRef)UCS0198	18
(filmRef)UCS0199	18
(filmRef)UCS0200	11
(filmRef)UCS0201	1
(filmRef)UCS0204	1
(filmRef)UCS0205	18
(filmRef)UCS0207	18
(filmRef)UCS0208	1
(filmRef)UCS0209	11
(filmRef)UCS0211	11
(filmRef)UCS0212	18
(filmRef)UCS0213	18
(filmRef)UCS0214	18
(filmRef)at catalog	-1
